id,incident_month,incident_week,day,weekend,part_of_the_day,hour,,lat,long,incident_place,incident_district,incident_division,max_temp,avg_temp,min_temp,weather_code,,humidity,visibility,,,season,crime,weight
0,7,29,wednesday,0,morning,6 - 11:59,,23.77456936,90.35529228,adabar,dhaka,dhaka,30,28,26,356,,88,10,,,rainy,murder,10
1,1,2,wednesday,0,night,20 - 5:59,,23.77456936,90.35529228,adabar,dhaka,dhaka,27,23,16,113,,54,10,,,winter,murder,10
2,1,4,tuesday,0,night,20 - 5:59,,23.769808,90.351595,adabor,dhaka,dhaka,32,26,19,113,,43,10,,,winter,murder,10
3,3,9,friday,1,night,20 - 5:59,,23.728907,90.417137,aftabnagar,dhaka,dhaka,35,30,24,113,,52,10,,,hot,murder,10
4,8,34,thursday,0,night,20 - 5:59,,23.847177,90.4041325,airport,dhaka,dhaka,34,32,28,359,,71,9,,,rainy,murder,10
5,8,34,thursday,0,night,20 - 5:59,,23.847177,90.4041325,airport,dhaka,dhaka,34,32,28,359,,71,9,,,rainy,murder,10
6,2,7,sunday,0,night,20 - 5:59,,23.913894,90.320686,ashulia,dhaka,dhaka,27,24,18,386,,53,10,,,winter,murder,10
7,1,1,saturday,1,evening,18 - 19:59,,23.913894,90.320686,ashulia,dhaka,dhaka,29,23,18,116,,49,10,,,winter,murder,10
8,1,2,friday,1,evening,18 - 19:59,,23.913894,90.320686,ashulia,dhaka,dhaka,26,22,15,113,,40,10,,,winter,murder,10
9,2,7,sunday,0,night,20 - 5:59,,23.913894,90.320686,ashulia,dhaka,dhaka,27,24,18,386,,53,10,,,winter,murder,10
10,11,46,monday,0,morning,6 - 11:59,,23.913894,90.320686,ashulia,dhaka,dhaka,32,28,24,113,,57,10,,,winter,murder,10
11,11,45,sunday,0,morning,6 - 11:59,,23.913894,90.320686,ashulia,dhaka,dhaka,34,29,24,113,,54,10,,,winter,murder,10
12,2,7,sunday,0,night,20 - 5:59,,23.913894,90.320686,ashulia,dhaka,dhaka,27,24,18,386,,53,10,,,winter,murder,10
13,2,7,saturday,1,morning,6 - 11:59,,23.913894,90.320686,ashulia,dhaka,dhaka,28,24,21,116,,52,10,,,winter,murder,10
14,9,36,friday,1,night,20 - 5:59,,23.913894,90.320686,ashulia,dhaka,dhaka,35,32,28,356,,73,9,,,rainy,murder,10
15,6,23,monday,0,night,20 - 5:59,,23.913894,90.320686,ashulia,dhaka,dhaka,34,32,28,386,,72,10,,,rainy,murder,10
16,4,14,sunday,0,morning,6 - 11:59,,23.913894,90.320686,ashulia,dhaka,dhaka,43,37,27,113,,55,10,,,hot,murder,10
17,2,7,sunday,0,night,20 - 5:59,,23.913894,90.320686,ashulia,dhaka,dhaka,27,24,18,386,,53,10,,,winter,murder,10
18,7,31,monday,0,evening,18 - 19:59,,23.793708,90.453284,badda,dhaka,dhaka,35,33,29,356,,70,9,,,rainy,murder,10
19,5,19,tuesday,0,night,20 - 5:59,,23.793708,90.453284,badda,dhaka,dhaka,36,33,28,386,,71,10,,,hot,murder,10
20,9,37,sunday,0,noon,12 - 15:59,,23.793708,90.453284,badda,dhaka,dhaka,35,32,28,176,,72,9,,,rainy,murder,10
21,8,31,thursday,0,night,20 - 5:59,,23.793708,90.453284,badda,dhaka,dhaka,33,31,26,386,,78,10,,,rainy,murder,10
22,1,3,thursday,0,night,20 - 5:59,,23.793708,90.453284,badda,dhaka,dhaka,30,25,18,113,,51,10,,,winter,murder,10
23,7,31,monday,0,evening,18 - 19:59,,23.793708,90.453284,badda,dhaka,dhaka,35,33,29,356,,70,9,,,rainy,murder,10
24,7,29,saturday,1,night,20 - 5:59,,23.793708,90.453284,badda,dhaka,dhaka,35,32,28,353,,73,10,,,rainy,murder,10
25,4,16,sunday,0,afternoon,16 - 17:59,,23.793708,90.453284,badda,dhaka,dhaka,35,32,27,356,,69,9,,,hot,murder,10
26,3,12,monday,0,night,20 - 5:59,,23.793708,90.453284,badda,dhaka,dhaka,34,30,24,176,,42,10,,,hot,murder,10
27,11,44,saturday,1,night,20 - 5:59,,23.716838,90.405322,bangshal,dhaka,dhaka,24,24,23,302,,94,8,,,winter,murder,10
28,1,4,monday,0,night,20 - 5:59,,23.81851,90.41513,baridhara,dhaka,dhaka,31,27,21,113,,44,10,,,winter,murder,10
29,1,1,saturday,1,evening,18 - 19:59,,23.913894,90.320686,ashulia,dhaka,dhaka,29,23,18,116,,49,10,,,winter,murder,10
30,1,4,tuesday,0,night,20 - 5:59,,23.784506,90.403409,bhasantek,dhaka,dhaka,32,27,21,113,,43,10,,,winter,murder,10
31,6,26,wednesday,0,night,20 - 5:59,,23.728907,90.417137,bhatara,dhaka,dhaka,36,33,29,119,,69,10,,,rainy,murder,10
32,3,9,sunday,0,night,20 - 5:59,,23.765913,90.426541,banasree,dhaka,dhaka,36,31,24,116,,48,10,,,hot,murder,10
33,8,34,friday,1,night,20 - 5:59,,23.716838,90.405322,bongshal,dhaka,dhaka,34,32,28,353,,73,10,,,rainy,murder,10
34,10,40,sunday,0,night,20 - 5:59,,23.7268465,90.3922105,bangladesh university of engineering and technology,dhaka,dhaka,33,31,27,176,,74,10,,,rainy,murder,10
35,5,21,monday,0,night,20 - 5:59,,23.81039,90.406568,cantonment,dhaka,dhaka,32,31,27,359,,77,7,,,hot,murder,10
36,11,46,tuesday,0,morning,6 - 11:59,,23.717677,90.394341,chawkbazar,dhaka,dhaka,32,29,25,113,,60,10,,,winter,murder,10
37,6,24,saturday,1,noon,12 - 15:59,,23.728907,90.417137,uttarkhan,dhaka,dhaka,37,33,29,386,,77,9,,,rainy,murder,10
38,1,3,tuesday,0,night,20 - 5:59,,23.865506,90.413772,dakkhinkhan,dhaka,dhaka,27,24,20,113,,49,10,,,winter,murder,10
39,8,34,thursday,0,night,20 - 5:59,,23.785337,90.342439,darus salam,dhaka,dhaka,34,32,28,359,,71,8,,,rainy,murder,10
40,3,10,tuesday,0,night,20 - 5:59,,23.785337,90.342439,darus salam,dhaka,dhaka,35,32,26,116,,33,10,,,hot,murder,10
41,2,5,thursday,0,night,20 - 5:59,,23.721686,90.497766,demra,dhaka,dhaka,30,26,19,113,,55,10,,,winter,murder,10
42,2,5,thursday,0,night,20 - 5:59,,23.721686,90.497766,demra,dhaka,dhaka,30,26,19,113,,55,10,,,winter,murder,10
43,3,11,friday,1,morning,6 - 11:59,,23.881433,90.2683015,dhaka university,dhaka,dhaka,36,32,25,113,,41,10,,,hot,murder,10
44,9,35,sunday,0,night,20 - 5:59,,23.90833,90.21667,dhamrai,dhaka,dhaka,37,34,29,176,,67,9,,,rainy,murder,10
45,6,25,friday,1,morning,6 - 11:59,,23.90833,90.21667,dhamrai,dhaka,dhaka,36,33,29,353,,68,10,,,rainy,murder,10
46,7,31,monday,0,night,20 - 5:59,,23.90833,90.21667,dhamrai,dhaka,dhaka,34,32,28,176,,73,10,,,rainy,murder,10
47,6,25,wednesday,0,morning,6 - 11:59,,23.90833,90.21667,dhamrai,dhaka,dhaka,38,35,30,116,,65,10,,,rainy,murder,10
48,6,25,wednesday,0,morning,6 - 11:59,,23.90833,90.21667,dhamrai,dhaka,dhaka,38,35,30,116,,65,10,,,rainy,murder,10
49,2,7,wednesday,0,night,20 - 5:59,,23.90833,90.21667,dhamrai,dhaka,dhaka,32,27,20,113,,37,10,,,winter,murder,10
50,5,19,sunday,0,night,20 - 5:59,,23.744806,90.373922,dhanmondi,dhaka,dhaka,37,34,29,386,,66,9,,,hot,murder,10
51,1,4,friday,1,night,20 - 5:59,,23.744806,90.373922,dhanmondi,dhaka,dhaka,29,25,19,113,,38,10,,,winter,murder,10
52,1,2,monday,0,night,20 - 5:59,,23.5958,90.1222,domar,dhaka,dhaka,30,26,21,113,,47,10,,,winter,murder,10
53,2,8,wednesday,0,evening,18 - 19:59,,23.700508,90.451953,donia,dhaka,dhaka,31,27,22,176,,54,10,,,winter,murder,10
54,7,28,friday,1,night,20 - 5:59,,23.78241147,90.33740957,gabtoli,dhaka,dhaka,34,31,26,353,,77,10,,,rainy,murder,10
55,6,23,saturday,1,morning,6 - 11:59,,23.7917,90.4167,gulshan,dhaka,dhaka,36,34,29,356,,65,9,,,rainy,murder,10
56,10,44,tuesday,0,night,20 - 5:59,,23.740038,90.35886,hazaribagh,dhaka,dhaka,31,27,22,116,,75,10,,,rainy,murder,10
57,9,36,monday,0,evening,18 - 19:59,,23.740038,90.35886,hazaribagh,dhaka,dhaka,35,33,28,356,,68,9,,,rainy,murder,10
58,4,14,wednesday,0,night,20 - 5:59,,23.70637,90.41431,hrishikesh das lane,dhaka,dhaka,37,32,26,386,,75,10,,,hot,murder,10
59,10,40,sunday,0,night,20 - 5:59,,23.728907,90.417137,ibrahimpur,dhaka,dhaka,34,31,26,116,,58,10,,,rainy,murder,10
60,8,32,sunday,0,night,20 - 5:59,,23.784506,90.403409,islambagh,dhaka,dhaka,36,33,28,200,,70,10,,,rainy,murder,10
61,7,30,sunday,0,night,20 - 5:59,,23.714039,90.450656,jatrabari,dhaka,dhaka,33,30,26,353,,79,10,,,rainy,murder,10
62,6,25,friday,1,night,20 - 5:59,,23.714039,90.450656,jatrabari,dhaka,dhaka,35,33,29,119,,69,10,,,rainy,murder,10
63,1,2,monday,0,night,20 - 5:59,,23.714039,90.450656,jatrabari,dhaka,dhaka,31,26,21,113,,48,10,,,winter,murder,10
64,2,6,sunday,0,evening,18 - 19:59,,23.714039,90.450656,jatrabari,dhaka,dhaka,29,24,17,113,,46,10,,,winter,murder,10
65,4,17,thursday,0,night,20 - 5:59,,23.714039,90.450656,jatrabari,dhaka,dhaka,36,32,26,356,,74,9,,,hot,murder,10
66,4,16,thursday,0,evening,18 - 19:59,,23.714039,90.450656,jatrabari,dhaka,dhaka,36,33,27,176,,65,9,,,hot,murder,10
67,2,7,monday,0,noon,12 - 15:59,,23.714039,90.450656,jatrabari,dhaka,dhaka,31,26,19,113,,39,10,,,winter,murder,10
68,5,20,friday,1,night,20 - 5:59,,23.714039,90.450656,jatrabari,dhaka,dhaka,37,34,28,356,,70,9,,,hot,murder,10
69,6,22,thursday,0,morning,6 - 11:59,,23.714039,90.450656,jatrabari,dhaka,dhaka,34,32,28,359,,78,6,,,rainy,murder,10
70,2,7,sunday,0,morning,6 - 11:59,,23.728907,90.417137,jurain,dhaka,dhaka,37,32,25,113,,35,10,,,winter,murder,10
71,8,34,saturday,1,morning,6 - 11:59,,23.7931,90.3861,kafrul,dhaka,dhaka,29,28,26,386,,86,8,,,rainy,murder,10
72,4,17,monday,0,evening,18 - 19:59,,23.747314,90.386673,kalabagan,dhaka,dhaka,37,34,29,386,,65,10,,,hot,murder,10
73,5,18,thursday,0,afternoon,16 - 17:59,,23.777843,90.361078,kalyanpur,dhaka,dhaka,35,33,28,353,,63,9,,,hot,murder,10
74,6,23,sunday,0,morning,6 - 11:59,,23.784506,90.403409,kamrangirchar,dhaka,dhaka,32,31,29,356,,78,9,,,rainy,murder,10
75,12,49,friday,1,night,20 - 5:59,,23.737146,90.410583,karail,dhaka,dhaka,29,26,20,113,,55,10,,,winter,murder,10
76,4,18,monday,0,morning,6 - 11:59,,23.68333,90.33333,keraniganj,dhaka,dhaka,33,30,26,386,,75,8,,,hot,murder,10
77,6,26,friday,1,evening,18 - 19:59,,23.752027,90.421808,khilgaon,dhaka,dhaka,33,31,27,356,,75,9,,,rainy,murder,10
78,1,1,thursday,0,night,20 - 5:59,,23.752027,90.421808,khilgaon,dhaka,dhaka,29,25,20,113,,44,10,,,winter,murder,10
79,5,19,friday,1,morning,6 - 11:59,,23.752027,90.421808,khilgaon,dhaka,dhaka,38,35,29,386,,59,10,,,hot,murder,10
80,1,2,monday,0,night,20 - 5:59,,23.714039,90.450656,jatrabari,dhaka,dhaka,31,26,21,113,,48,10,,,winter,murder,10
81,5,18,wednesday,0,night,20 - 5:59,,23.728907,90.417137,kuril,dhaka,dhaka,34,32,26,356,,63,8,,,hot,murder,10
82,8,35,saturday,1,night,20 - 5:59,,23.721427,90.375435,lalbagh,dhaka,dhaka,35,33,29,356,,70,9,,,rainy,murder,10
83,7,29,friday,1,night,20 - 5:59,,23.721427,90.375435,lalbagh,dhaka,dhaka,34,32,28,356,,73,9,,,rainy,murder,10
84,5,19,saturday,1,night,20 - 5:59,,23.793708,90.453284,badda,dhaka,dhaka,37,34,28,116,,54,10,,,hot,murder,10
85,2,7,wednesday,0,morning,6 - 11:59,,23.728907,90.417137,malibagh,dhaka,dhaka,32,28,20,113,,37,10,,,winter,murder,10
86,8,35,monday,0,morning,6 - 11:59,,23.728907,90.417137,malibagh,dhaka,dhaka,33,31,27,176,,77,10,,,rainy,murder,10
87,8,35,monday,0,morning,6 - 11:59,,23.728907,90.417137,malibagh,dhaka,dhaka,33,31,27,176,,77,10,,,rainy,murder,10
88,12,51,friday,1,evening,18 - 19:59,,23.729159,90.441764,manda,dhaka,dhaka,27,23,18,113,,53,10,,,winter,murder,10
89,3,10,sunday,0,night,20 - 5:59,,23.805381,90.374565,mirpur,dhaka,dhaka,30,27,21,116,,61,10,,,hot,murder,10
90,4,18,monday,0,morning,6 - 11:59,,23.805381,90.374565,mirpur,dhaka,dhaka,33,30,26,386,,75,8,,,hot,murder,10
91,5,18,friday,1,afternoon,16 - 17:59,,23.805381,90.374565,mirpur,dhaka,dhaka,40,34,28,200,,59,10,,,hot,murder,10
92,8,33,tuesday,0,night,20 - 5:59,,23.805381,90.374565,mirpur,dhaka,dhaka,34,32,27,386,,74,10,,,rainy,murder,10
93,9,37,sunday,0,noon,12 - 15:59,,23.805381,90.374565,mirpur,dhaka,dhaka,35,32,28,176,,72,9,,,rainy,murder,10
94,1,2,monday,0,morning,6 - 11:59,,23.805381,90.374565,mirpur,dhaka,dhaka,31,26,21,113,,48,10,,,winter,murder,10
95,9,37,sunday,0,noon,12 - 15:59,,23.805381,90.374565,mirpur,dhaka,dhaka,35,32,28,176,,72,9,,,rainy,murder,10
96,11,46,tuesday,0,night,20 - 5:59,,23.805381,90.374565,mirpur,dhaka,dhaka,32,29,25,113,,60,10,,,winter,murder,10
97,2,5,tuesday,0,night,20 - 5:59,,23.805381,90.374565,mirpur,dhaka,dhaka,29,26,20,113,,55,10,,,winter,murder,10
98,8,31,thursday,0,noon,12 - 15:59,,23.754232,90.410831,moghbazar,dhaka,dhaka,33,31,26,386,,78,10,,,rainy,murder,10
99,2,8,sunday,0,morning,6 - 11:59,,23.784506,90.403409,mohakhali,dhaka,dhaka,36,31,24,113,,43,10,,,winter,murder,10
100,7,29,wednesday,0,morning,6 - 11:59,,23.784506,90.403409,mohakhali,dhaka,dhaka,30,28,26,356,,88,10,,,rainy,murder,10
101,9,36,wednesday,0,night,20 - 5:59,,23.760178,90.355229,mohammadpur,dhaka,dhaka,34,31,27,353,,77,10,,,rainy,murder,10
102,9,37,wednesday,0,night,20 - 5:59,,23.760178,90.355229,mohammadpur,dhaka,dhaka,34,31,27,353,,74,10,,,rainy,murder,10
103,9,36,wednesday,0,night,20 - 5:59,,23.760178,90.355229,mohammadpur,dhaka,dhaka,34,31,27,353,,77,10,,,rainy,murder,10
104,8,33,monday,0,night,20 - 5:59,,23.760178,90.355229,mohammadpur,dhaka,dhaka,34,31,27,386,,77,10,,,rainy,murder,10
105,8,32,thursday,0,night,20 - 5:59,,23.760178,90.355229,mohammadpur,dhaka,dhaka,33,31,27,356,,78,9,,,rainy,murder,10
106,10,43,thursday,0,night,20 - 5:59,,23.760178,90.355229,mohammadpur,dhaka,dhaka,21,21,21,308,,85,8,,,rainy,murder,10
107,1,52,sunday,0,night,20 - 5:59,,23.760178,90.355229,mohammadpur,dhaka,dhaka,32,26,19,113,,57,10,,,winter,murder,10
108,10,43,thursday,0,night,20 - 5:59,,23.760178,90.355229,mohammadpur,dhaka,dhaka,21,21,21,308,,85,8,,,rainy,murder,10
109,9,37,sunday,0,noon,12 - 15:59,,23.800242,90.366958,monipur,dhaka,dhaka,35,32,28,176,,72,9,,,rainy,murder,10
110,9,37,sunday,0,noon,12 - 15:59,,23.800242,90.366958,monipur,dhaka,dhaka,35,32,28,176,,72,9,,,rainy,murder,10
111,9,37,sunday,0,noon,12 - 15:59,,23.800242,90.366958,monipur,dhaka,dhaka,35,32,28,176,,72,9,,,rainy,murder,10
112,6,25,thursday,0,night,20 - 5:59,,23.784506,90.403409,mugda,dhaka,dhaka,36,34,29,353,,67,10,,,rainy,murder,10
113,3,10,thursday,0,noon,12 - 15:59,,23.728907,90.417137,nakhalpara,dhaka,dhaka,35,30,22,113,,29,10,,,hot,murder,10
114,2,8,wednesday,0,afternoon,16 - 17:59,,23.7350915,90.3842575,new market,dhaka,dhaka,32,28,22,176,,71,10,,,winter,murder,10
115,2,7,friday,1,night,20 - 5:59,,23.7350915,90.3842575,new market,dhaka,dhaka,34,28,21,116,,41,10,,,winter,murder,10
116,5,19,tuesday,0,evening,18 - 19:59,,23.77337857,90.4097081,niketan,dhaka,dhaka,36,33,28,386,,71,10,,,hot,murder,10
117,7,30,thursday,0,night,20 - 5:59,,23.794413,90.413735,old dhaka,dhaka,dhaka,33,31,27,356,,79,8,,,rainy,murder,10
118,5,18,monday,0,night,20 - 5:59,,23.794413,90.413735,old dhaka,dhaka,dhaka,35,32,27,353,,68,9,,,hot,murder,10
119,4,15,friday,1,morning,6 - 11:59,,23.794413,90.413735,old dhaka,dhaka,dhaka,37,32,25,176,,54,10,,,hot,murder,10
120,1,4,sunday,0,morning,6 - 11:59,,23.827398,90.364473,pallabi,dhaka,dhaka,30,26,19,113,,46,10,,,winter,murder,10
121,12,52,monday,0,morning,6 - 11:59,,23.827398,90.364473,pallabi,dhaka,dhaka,25,22,20,113,,63,10,,,winter,murder,10
122,1,2,wednesday,0,morning,6 - 11:59,,23.827398,90.364473,pallabi,dhaka,dhaka,27,23,16,113,,54,10,,,winter,murder,10
123,5,19,wednesday,0,afternoon,16 - 17:59,,23.748663,90.404175,ramna,dhaka,dhaka,37,33,28,386,,71,9,,,hot,murder,10
124,7,29,wednesday,0,night,20 - 5:59,,23.759994,90.420113,rampura,dhaka,dhaka,31,29,27,356,,82,9,,,rainy,murder,10
125,7,27,saturday,1,evening,18 - 19:59,,23.77731,90.43628,rupnagar,dhaka,dhaka,33,31,27,353,,79,10,,,rainy,murder,10
126,9,36,saturday,1,night,20 - 5:59,,23.784506,90.403409,korail,dhaka,dhaka,34,31,26,353,,75,10,,,rainy,murder,10
127,4,15,monday,0,noon,12 - 15:59,,23.85833,90.26667,savar,dhaka,dhaka,38,34,25,143,,60,9,,,hot,murder,10
128,2,7,saturday,1,night,20 - 5:59,,23.85833,90.26667,savar,dhaka,dhaka,28,24,21,116,,52,10,,,winter,murder,10
129,5,20,tuesday,0,night,20 - 5:59,,23.85833,90.26667,savar,dhaka,dhaka,33,31,27,353,,76,9,,,hot,murder,10
130,9,37,sunday,0,night,20 - 5:59,,23.85833,90.26667,savar,dhaka,dhaka,34,31,27,353,,80,9,,,rainy,murder,10
131,8,34,monday,0,evening,18 - 19:59,,23.85833,90.26667,savar,dhaka,dhaka,35,33,28,353,,66,10,,,rainy,murder,10
132,2,6,monday,0,night,20 - 5:59,,23.85833,90.26667,savar,dhaka,dhaka,31,26,20,113,,42,10,,,winter,murder,10
133,4,15,sunday,0,night,20 - 5:59,,23.85833,90.26667,savar,dhaka,dhaka,37,34,28,113,,57,10,,,hot,murder,10
134,9,38,tuesday,0,night,20 - 5:59,,23.85833,90.26667,savar,dhaka,dhaka,38,35,29,113,,59,10,,,rainy,murder,10
135,1,3,thursday,0,night,20 - 5:59,,23.85833,90.26667,savar,dhaka,dhaka,30,25,18,113,,51,10,,,winter,murder,10
136,12,52,thursday,0,night,20 - 5:59,,23.85833,90.26667,savar,dhaka,dhaka,24,21,16,116,,40,10,,,winter,murder,10
137,7,30,wednesday,0,night,20 - 5:59,,23.85833,90.26667,savar,dhaka,dhaka,33,31,27,356,,79,9,,,rainy,murder,10
138,2,6,thursday,0,night,20 - 5:59,,23.85833,90.26667,savar,dhaka,dhaka,30,26,21,113,,47,10,,,winter,murder,10
139,2,7,wednesday,0,night,20 - 5:59,,23.85833,90.26667,savar,dhaka,dhaka,32,27,20,113,,37,10,,,winter,murder,10
140,7,30,wednesday,0,night,20 - 5:59,,23.85833,90.26667,savar,dhaka,dhaka,33,31,27,356,,79,9,,,rainy,murder,10
141,3,12,thursday,0,night,20 - 5:59,,23.85833,90.26667,savar,dhaka,dhaka,36,32,25,113,,49,10,,,hot,murder,10
142,8,34,tuesday,0,afternoon,16 - 17:59,,23.85833,90.26667,savar,dhaka,dhaka,34,31,27,356,,78,10,,,rainy,murder,10
143,1,2,sunday,0,night,20 - 5:59,,23.812063,90.348161,shah ali,dhaka,dhaka,27,22,15,113,,43,10,,,winter,murder,10
144,4,17,monday,0,night,20 - 5:59,,23.736484,90.397323,shahbagh,dhaka,dhaka,32,30,27,356,,82,8,,,hot,murder,10
145,9,36,friday,1,night,20 - 5:59,,23.784506,90.403409,shanir akhra,dhaka,dhaka,35,32,28,356,,74,9,,,rainy,murder,10
146,3,9,thursday,0,night,20 - 5:59,,23.784506,90.403409,shankaribazar,dhaka,dhaka,33,29,24,113,,41,10,,,hot,murder,10
147,7,26,saturday,1,night,20 - 5:59,,23.784506,90.403409,shekhertek,dhaka,dhaka,34,31,27,353,,79,9,,,rainy,murder,10
148,8,35,monday,0,night,20 - 5:59,,23.784506,90.403409,shewrapara,dhaka,dhaka,33,31,27,356,,76,9,,,rainy,murder,10
149,8,35,thursday,0,evening,18 - 19:59,,23.698502,90.42949,shyampur,dhaka,dhaka,34,32,27,356,,74,9,,,rainy,murder,10
150,6,26,friday,1,night,20 - 5:59,,23.711414,90.415019,sutrapur,dhaka,dhaka,33,31,27,359,,80,9,,,rainy,murder,10
151,5,19,monday,0,night,20 - 5:59,,23.783794,90.378374,taltola,dhaka,dhaka,41,35,27,116,,63,10,,,hot,murder,10
152,1,3,wednesday,0,noon,12 - 15:59,,23.763,90.3897,tejgaon,dhaka,dhaka,29,24,18,113,,39,10,,,winter,murder,10
153,12,52,wednesday,0,morning,6 - 11:59,,23.763,90.3897,tejgaon,dhaka,dhaka,25,22,17,116,,44,10,,,winter,murder,10
154,12,52,wednesday,0,morning,6 - 11:59,,23.763,90.3897,tejgaon,dhaka,dhaka,25,22,17,116,,44,10,,,winter,murder,10
155,5,19,sunday,0,night,20 - 5:59,,23.720046,90.421578,tikatuli,dhaka,dhaka,37,34,29,386,,66,9,,,hot,murder,10
156,5,20,tuesday,0,night,20 - 5:59,,23.720046,90.421578,tikatuli,dhaka,dhaka,38,34,29,356,,63,9,,,hot,murder,10
157,1,52,sunday,0,night,20 - 5:59,,23.860422,90.367672,turag,dhaka,dhaka,32,26,19,113,,57,10,,,winter,murder,10
158,4,16,monday,0,night,20 - 5:59,,23.728907,90.417137,uttarkhan,dhaka,dhaka,37,32,26,176,,60,10,,,hot,murder,10
159,5,19,friday,1,night,20 - 5:59,,23.728907,90.417137,uttarkhan,dhaka,dhaka,40,35,29,116,,65,10,,,hot,murder,10
160,7,30,wednesday,0,morning,6 - 11:59,,23.874875,90.393071,uttara,dhaka,dhaka,33,30,28,356,,79,9,,,rainy,murder,10
161,2,5,thursday,0,night,20 - 5:59,,23.874875,90.393071,uttara,dhaka,dhaka,31,26,19,113,,49,10,,,winter,murder,10
162,3,13,sunday,0,night,20 - 5:59,,23.874875,90.393071,uttara,dhaka,dhaka,35,31,24,353,,69,9,,,hot,murder,10
163,1,1,friday,1,evening,18 - 19:59,,23.874875,90.393071,uttara,dhaka,dhaka,29,24,18,113,,42,10,,,winter,murder,10
164,1,1,friday,1,evening,18 - 19:59,,23.874875,90.393071,uttara,dhaka,dhaka,29,24,18,113,,42,10,,,winter,murder,10
165,6,22,sunday,0,night,20 - 5:59,,23.874875,90.393071,uttara,dhaka,dhaka,36,33,28,356,,69,9,,,rainy,murder,10
166,10,42,monday,0,night,20 - 5:59,,23.728907,90.417137,uttarkhan,dhaka,dhaka,34,31,26,113,,68,10,,,rainy,murder,10
167,6,23,friday,1,morning,6 - 11:59,,23.80476,90.42575,vatara,dhaka,dhaka,37,34,29,176,,63,10,,,rainy,murder,10
168,11,44,saturday,1,evening,18 - 19:59,,23.913894,90.320686,ashulia,dhaka,dhaka,24,24,23,353,,95,8,,,winter,rape,7
169,2,7,saturday,1,morning,6 - 11:59,,23.728907,90.417137,agargaon,dhaka,dhaka,28,24,21,119,,52,10,,,winter,rape,7
170,8,33,tuesday,0,night,20 - 5:59,,23.728907,90.417137,agargaon,dhaka,dhaka,35,32,27,353,,74,10,,,rainy,rape,7
171,10,44,monday,0,morning,6 - 11:59,,23.782726,90.348319,aricha highway,dhaka,dhaka,31,27,22,143,,81,9,,,rainy,rape,7
172,5,22,thursday,0,morning,6 - 11:59,,23.913894,90.320686,ashulia,dhaka,dhaka,29,27,25,356,,87,8,,,hot,rape,7
173,2,5,monday,0,night,20 - 5:59,,23.913894,90.320686,ashulia,dhaka,dhaka,30,25,20,116,,58,10,,,winter,rape,7
174,3,12,saturday,1,night,20 - 5:59,,23.913894,90.320686,ashulia,dhaka,dhaka,36,32,25,113,,47,10,,,hot,rape,7
175,8,33,thursday,0,night,20 - 5:59,,23.913894,90.320686,ashulia,dhaka,dhaka,32,30,26,386,,82,9,,,rainy,rape,7
176,8,33,tuesday,0,night,20 - 5:59,,23.913894,90.320686,ashulia,dhaka,dhaka,32,30,27,353,,81,10,,,rainy,rape,7
177,8,33,thursday,0,night,20 - 5:59,,23.913894,90.320686,ashulia,dhaka,dhaka,32,30,26,386,,82,9,,,rainy,rape,7
178,8,32,monday,0,evening,18 - 19:59,,23.793708,90.453284,badda,dhaka,dhaka,33,31,28,386,,76,9,,,rainy,rape,7
179,8,32,monday,0,evening,18 - 19:59,,23.793708,90.453284,badda,dhaka,dhaka,33,31,28,386,,76,9,,,rainy,rape,7
180,10,43,tuesday,0,night,20 - 5:59,,23.793708,90.453284,badda,dhaka,dhaka,37,32,26,113,,70,10,,,rainy,rape,7
181,8,32,thursday,0,morning,6 - 11:59,,23.793708,90.453284,badda,dhaka,dhaka,34,31,26,386,,80,10,,,rainy,rape,7
182,11,45,saturday,1,night,20 - 5:59,,23.793708,90.453284,badda,dhaka,dhaka,35,30,24,113,,64,10,,,winter,rape,7
183,10,43,tuesday,0,night,20 - 5:59,,23.793708,90.453284,badda,dhaka,dhaka,37,32,26,113,,70,10,,,rainy,rape,7
184,3,10,sunday,0,evening,18 - 19:59,,23.793708,90.453284,badda,dhaka,dhaka,33,29,23,113,,28,10,,,hot,rape,7
185,11,48,thursday,0,night,20 - 5:59,,23.79259,90.407646,banani,dhaka,dhaka,31,27,22,113,,55,10,,,winter,rape,7
186,7,27,tuesday,0,night,20 - 5:59,,23.79259,90.407646,banani,dhaka,dhaka,33,31,28,356,,80,10,,,rainy,rape,7
187,3,13,tuesday,0,night,20 - 5:59,,23.79259,90.407646,banani,dhaka,dhaka,34,30,24,176,,69,9,,,hot,rape,7
188,2,5,saturday,1,night,20 - 5:59,,23.79259,90.407646,banani,dhaka,dhaka,32,28,21,113,,52,10,,,winter,rape,7
189,1,1,saturday,1,evening,18 - 19:59,,23.913894,90.320686,ashulia,dhaka,dhaka,29,23,18,116,,49,10,,,winter,rape,7
190,5,19,thursday,0,night,20 - 5:59,,23.784506,90.403409,bhasantek,dhaka,dhaka,38,34,27,200,,59,10,,,hot,rape,7
191,5,19,saturday,1,night,20 - 5:59,,23.784506,90.403409,bhasantek,dhaka,dhaka,36,33,28,386,,71,9,,,hot,rape,7
192,1,2,tuesday,0,night,20 - 5:59,,23.784506,90.403409,bhashantek,dhaka,dhaka,27,23,14,113,,51,10,,,winter,rape,7
193,10,43,saturday,1,night,20 - 5:59,,23.728907,90.417137,bhatara,dhaka,dhaka,32,29,24,176,,73,10,,,rainy,rape,7
194,5,21,thursday,0,night,20 - 5:59,,23.728907,90.417137,bhatara,dhaka,dhaka,37,34,29,176,,58,10,,,hot,rape,7
195,10,42,saturday,1,morning,6 - 11:59,,23.728907,90.417137,uttarkhan,dhaka,dhaka,32,29,25,176,,73,9,,,rainy,rape,7
196,6,26,friday,1,night,20 - 5:59,,23.865506,90.413772,dakkhinkhan,dhaka,dhaka,28,27,26,308,,94,6,,,rainy,rape,7
197,12,51,sunday,0,night,20 - 5:59,,23.785337,90.342439,darus salam,dhaka,dhaka,25,21,15,116,,60,10,,,winter,rape,7
198,11,47,wednesday,0,night,20 - 5:59,,23.794413,90.413735,dhaka,dhaka,dhaka,32,28,23,113,,51,10,,,winter,rape,7
199,10,42,sunday,0,noon,12 - 15:59,,23.865506,90.413772,dakkhinkhan,dhaka,dhaka,34,30,25,113,,70,10,,,rainy,rape,7
200,12,49,tuesday,0,night,20 - 5:59,,23.865506,90.413772,dakkhinkhan,dhaka,dhaka,30,27,22,116,,61,10,,,winter,rape,7
201,7,29,wednesday,0,night,20 - 5:59,,23.728907,90.417137,malibagh,dhaka,dhaka,31,29,27,356,,82,9,,,rainy,rape,7
202,2,7,wednesday,0,morning,6 - 11:59,,23.728907,90.417137,kalachandpur,dhaka,dhaka,33,28,20,113,,44,10,,,winter,rape,7
203,10,40,friday,1,morning,6 - 11:59,,23.784506,90.403409,madhubagh,dhaka,dhaka,34,31,27,116,,74,10,,,rainy,rape,7
204,12,51,sunday,0,night,20 - 5:59,,23.794413,90.413735,dhaka,dhaka,dhaka,25,21,15,116,,60,10,,,winter,rape,7
205,5,20,friday,1,morning,6 - 11:59,,23.784506,90.403409,mugda,dhaka,dhaka,38,34,29,386,,66,9,,,hot,rape,7
206,7,31,thursday,0,night,20 - 5:59,,23.874875,90.393071,uttara,dhaka,dhaka,33,29,26,359,,80,8,,,rainy,rape,7
207,8,31,saturday,1,morning,6 - 11:59,,23.740038,90.35886,hazaribagh,dhaka,dhaka,28,27,25,308,,89,8,,,rainy,rape,7
208,8,31,saturday,1,night,20 - 5:59,,23.714039,90.450656,jatrabari,dhaka,dhaka,28,27,25,308,,89,8,,,rainy,rape,7
209,8,32,thursday,0,evening,18 - 19:59,,23.827398,90.364473,pallabi,dhaka,dhaka,34,31,27,353,,76,10,,,rainy,rape,7
210,9,36,tuesday,0,night,20 - 5:59,,23.752027,90.421808,khilgaon,dhaka,dhaka,32,30,27,176,,83,10,,,rainy,rape,7
211,9,37,tuesday,0,evening,18 - 19:59,,23.752027,90.421808,khilgaon,dhaka,dhaka,30,27,25,353,,90,7,,,rainy,rape,7
212,12,51,sunday,0,night,20 - 5:59,,23.794413,90.413735,dhaka,dhaka,dhaka,25,21,15,116,,60,10,,,winter,rape,7
213,6,24,monday,0,afternoon,16 - 17:59,,23.794413,90.413735,dhaka,dhaka,dhaka,36,33,28,356,,72,9,,,rainy,rape,7
214,11,45,thursday,0,night,20 - 5:59,,23.733251,90.442769,sobujbagh,dhaka,dhaka,35,30,25,113,,73,10,,,winter,rape,7
215,10,43,thursday,0,night,20 - 5:59,,23.7257475,90.3975835,dhaka medical college,dhaka,dhaka,31,28,25,356,,79,9,,,rainy,rape,7
216,1,4,thursday,0,evening,18 - 19:59,,23.85,90.01,manikganj,dhaka,dhaka,26,20,13,113,,34,10,,,winter,rape,7
217,7,30,saturday,1,night,20 - 5:59,,23.90833,90.21667,dhamrai,dhaka,dhaka,31,29,26,356,,84,9,,,rainy,rape,7
218,7,31,tuesday,0,night,20 - 5:59,,23.90833,90.21667,dhamrai,dhaka,dhaka,32,30,27,356,,80,9,,,rainy,rape,7
219,5,20,monday,0,noon,12 - 15:59,,23.90833,90.21667,dhamrai,dhaka,dhaka,35,32,28,356,,74,9,,,hot,rape,7
220,4,14,sunday,0,night,20 - 5:59,,23.90833,90.21667,dhamrai,dhaka,dhaka,34,30,25,116,,57,10,,,hot,rape,7
221,10,41,thursday,0,night,20 - 5:59,,23.90833,90.21667,dhamrai,dhaka,dhaka,28,26,24,353,,85,10,,,rainy,rape,7
222,8,31,sunday,0,night,20 - 5:59,,23.90833,90.21667,dhamrai,dhaka,dhaka,35,31,27,353,,77,10,,,rainy,rape,7
223,8,31,sunday,0,night,20 - 5:59,,23.90833,90.21667,dhamrai,dhaka,dhaka,35,31,27,353,,77,10,,,rainy,rape,7
224,5,20,monday,0,noon,12 - 15:59,,23.90833,90.21667,dhamrai,dhaka,dhaka,35,32,28,356,,74,9,,,hot,rape,7
225,8,31,sunday,0,night,20 - 5:59,,23.90833,90.21667,dhamrai,dhaka,dhaka,35,31,27,353,,77,10,,,rainy,rape,7
226,9,37,monday,0,evening,18 - 19:59,,23.90833,90.21667,dhamrai,dhaka,dhaka,33,31,27,386,,80,10,,,rainy,rape,7
227,3,9,saturday,1,night,20 - 5:59,,23.90833,90.21667,dhamrai,dhaka,dhaka,30,25,18,113,,40,10,,,hot,rape,7
228,11,47,tuesday,0,night,20 - 5:59,,23.90833,90.21667,dhamrai,dhaka,dhaka,32,27,22,113,,65,10,,,winter,rape,7
229,7,28,friday,1,night,20 - 5:59,,23.90833,90.21667,dhamrai,dhaka,dhaka,34,31,26,386,,77,10,,,rainy,rape,7
230,5,21,thursday,0,night,20 - 5:59,,23.90833,90.21667,dhamrai,dhaka,dhaka,38,35,29,200,,64,9,,,hot,rape,7
231,9,39,sunday,0,noon,12 - 15:59,,23.744806,90.373922,dhanmondi,dhaka,dhaka,25,24,23,308,,92,7,,,rainy,rape,7
232,1,2,monday,0,night,20 - 5:59,,23.5958,90.1222,domar,dhaka,dhaka,30,26,21,113,,47,10,,,winter,rape,7
233,10,41,wednesday,0,night,20 - 5:59,,23.738268,90.380707,elephant road,dhaka,dhaka,34,31,26,113,,77,10,,,rainy,rape,7
234,10,43,friday,1,night,20 - 5:59,,23.749054,90.386405,green road,dhaka,dhaka,35,31,25,113,,71,10,,,rainy,rape,7
235,8,35,monday,0,night,20 - 5:59,,23.72483,90.410781,gulistan,dhaka,dhaka,34,31,27,356,,77,9,,,rainy,rape,7
236,8,32,wednesday,0,night,20 - 5:59,,23.7917,90.4167,gulshan,dhaka,dhaka,31,29,26,356,,87,9,,,rainy,rape,7
237,4,17,sunday,0,evening,18 - 19:59,,23.740038,90.35886,hazaribagh,dhaka,dhaka,34,31,27,386,,66,8,,,hot,rape,7
238,12,49,saturday,1,night,20 - 5:59,,24.13499,90.79924,jamtala,dhaka,dhaka,30,25,20,113,,62,10,,,winter,rape,7
239,12,49,saturday,1,noon,12 - 15:59,,23.714039,90.450656,jatrabari,dhaka,dhaka,29,26,21,116,,59,10,,,winter,rape,7
240,4,18,monday,0,evening,18 - 19:59,,23.714039,90.450656,jatrabari,dhaka,dhaka,32,30,25,176,,65,9,,,hot,rape,7
241,4,18,monday,0,evening,18 - 19:59,,23.714039,90.450656,jatrabari,dhaka,dhaka,32,30,25,176,,65,9,,,hot,rape,7
242,4,15,saturday,1,night,20 - 5:59,,23.714039,90.450656,jatrabari,dhaka,dhaka,37,32,25,200,,53,10,,,hot,rape,7
243,6,23,wednesday,0,night,20 - 5:59,,23.714039,90.450656,jatrabari,dhaka,dhaka,36,33,28,386,,69,9,,,rainy,rape,7
244,1,1,saturday,1,morning,6 - 11:59,,23.714039,90.450656,jatrabari,dhaka,dhaka,29,24,18,113,,44,10,,,winter,rape,7
245,12,49,sunday,0,morning,6 - 11:59,,23.714039,90.450656,jatrabari,dhaka,dhaka,28,25,20,116,,51,10,,,winter,rape,7
246,4,17,saturday,1,morning,6 - 11:59,,23.685475,90.448537,kadamtali,dhaka,dhaka,39,32,26,143,,74,9,,,hot,rape,7
247,12,50,monday,0,night,20 - 5:59,,23.737146,90.410583,kakrail,dhaka,dhaka,26,22,16,113,,53,10,,,winter,rape,7
248,2,7,wednesday,0,morning,6 - 11:59,,23.728907,90.417137,kalachandpur,dhaka,dhaka,33,28,20,113,,44,10,,,winter,rape,7
249,11,48,tuesday,0,night,20 - 5:59,,23.784506,90.403409,kamrangirchar,dhaka,dhaka,33,28,22,113,,56,10,,,winter,rape,7
250,10,43,wednesday,0,afternoon,16 - 17:59,,23.68333,90.33333,keraniganj,dhaka,dhaka,32,30,26,176,,70,10,,,rainy,rape,7
251,8,32,sunday,0,night,20 - 5:59,,23.68333,90.33333,keraniganj,dhaka,dhaka,32,30,27,356,,81,9,,,rainy,rape,7
252,6,23,thursday,0,night,20 - 5:59,,23.752027,90.421808,khilgaon,dhaka,dhaka,34,31,27,356,,80,10,,,rainy,rape,7
253,12,52,tuesday,0,night,20 - 5:59,,23.752027,90.421808,khilgaon,dhaka,dhaka,29,25,18,113,,63,10,,,winter,rape,7
254,12,52,monday,0,night,20 - 5:59,,23.752027,90.421808,khilgaon,dhaka,dhaka,28,24,18,113,,65,10,,,winter,rape,7
255,1,4,tuesday,0,evening,18 - 19:59,,23.752027,90.421808,khilgaon,dhaka,dhaka,27,22,16,113,,45,10,,,winter,rape,7
256,8,35,tuesday,0,night,20 - 5:59,,23.752027,90.421808,khilgaon,dhaka,dhaka,29,28,26,356,,90,8,,,rainy,rape,7
257,6,24,wednesday,0,night,20 - 5:59,,23.752027,90.421808,khilgaon,dhaka,dhaka,36,33,29,116,,71,10,,,rainy,rape,7
258,6,24,wednesday,0,night,20 - 5:59,,23.752027,90.421808,khilgaon,dhaka,dhaka,36,33,29,116,,71,10,,,rainy,rape,7
259,6,24,tuesday,0,night,20 - 5:59,,23.752027,90.421808,khilgaon,dhaka,dhaka,36,33,29,356,,68,9,,,rainy,rape,7
260,6,24,tuesday,0,night,20 - 5:59,,23.752027,90.421808,khilgaon,dhaka,dhaka,36,33,29,356,,68,9,,,rainy,rape,7
261,8,32,monday,0,noon,12 - 15:59,,23.784506,90.403409,kodomtoli,dhaka,dhaka,34,31,27,353,,76,10,,,rainy,rape,7
262,7,31,friday,1,morning,6 - 11:59,,23.728907,90.417137,kuril,dhaka,dhaka,27,26,25,296,,88,9,,,rainy,rape,7
263,5,21,thursday,0,night,20 - 5:59,,23.728907,90.417137,kuril,dhaka,dhaka,37,34,29,176,,58,10,,,hot,rape,7
264,3,11,tuesday,0,morning,6 - 11:59,,23.847177,90.4041325,kurmitola,dhaka,dhaka,35,29,21,143,,65,9,,,hot,rape,7
265,8,32,tuesday,0,evening,18 - 19:59,,23.721427,90.375435,lalbagh,dhaka,dhaka,34,31,27,386,,75,9,,,rainy,rape,7
266,8,34,sunday,0,night,20 - 5:59,,23.85,90.01,manikganj,dhaka,dhaka,35,32,28,176,,69,10,,,rainy,rape,7
267,9,39,friday,1,night,20 - 5:59,,23.805381,90.374565,mirpur,dhaka,dhaka,31,29,26,359,,83,8,,,rainy,rape,7
268,5,18,saturday,1,night,20 - 5:59,,23.805381,90.374565,mirpur,dhaka,dhaka,37,33,27,353,,67,10,,,hot,rape,7
269,9,39,friday,1,night,20 - 5:59,,23.805381,90.374565,mirpur,dhaka,dhaka,31,29,26,359,,83,8,,,rainy,rape,7
270,10,42,saturday,1,afternoon,16 - 17:59,,23.805381,90.374565,mirpur,dhaka,dhaka,31,28,21,116,,75,10,,,rainy,rape,7
271,7,29,saturday,1,night,20 - 5:59,,23.805381,90.374565,mirpur,dhaka,dhaka,34,31,27,386,,80,10,,,rainy,rape,7
272,1,4,sunday,0,morning,6 - 11:59,,23.805381,90.374565,mirpur,dhaka,dhaka,30,25,19,113,,46,10,,,winter,rape,7
273,10,41,friday,1,night,20 - 5:59,,23.805381,90.374565,mirpur,dhaka,dhaka,34,31,26,353,,78,10,,,rainy,rape,7
274,5,20,tuesday,0,night,20 - 5:59,,23.805381,90.374565,mirpur,dhaka,dhaka,35,32,27,200,,64,9,,,hot,rape,7
275,10,39,sunday,0,night,20 - 5:59,,23.805381,90.374565,mirpur,dhaka,dhaka,33,31,26,353,,76,10,,,rainy,rape,7
276,8,34,sunday,0,night,20 - 5:59,,23.805381,90.374565,mirpur,dhaka,dhaka,32,30,26,359,,81,6,,,rainy,rape,7
277,11,45,tuesday,0,afternoon,16 - 17:59,,23.805381,90.374565,mirpur,dhaka,dhaka,32,28,23,113,,74,10,,,winter,rape,7
278,11,45,wednesday,0,night,20 - 5:59,,23.805381,90.374565,mirpur,dhaka,dhaka,33,28,23,113,,78,10,,,winter,rape,7
279,6,25,saturday,1,night,20 - 5:59,,23.805381,90.374565,mirpur,dhaka,dhaka,36,33,28,116,,66,10,,,rainy,rape,7
280,4,15,saturday,1,afternoon,16 - 17:59,,23.760178,90.355229,mohammadpur,dhaka,dhaka,39,35,28,113,,44,10,,,hot,rape,7
281,10,40,sunday,0,night,20 - 5:59,,23.760178,90.355229,mohammadpur,dhaka,dhaka,34,31,26,116,,58,10,,,rainy,rape,7
282,4,16,monday,0,night,20 - 5:59,,23.760178,90.355229,mohammadpur,dhaka,dhaka,42,37,28,113,,36,10,,,hot,rape,7
283,5,18,sunday,0,evening,18 - 19:59,,23.760178,90.355229,mohammadpur,dhaka,dhaka,37,33,25,113,,61,10,,,hot,rape,7
284,10,42,wednesday,0,night,20 - 5:59,,23.784506,90.403409,mugda,dhaka,dhaka,30,28,24,176,,80,9,,,rainy,rape,7
285,12,50,tuesday,0,evening,18 - 19:59,,23.729802,90.4126245,muslim nagar,dhaka,dhaka,26,22,16,113,,58,10,,,winter,rape,7
286,8,35,wednesday,0,night,20 - 5:59,,23.733251,90.442769,sabujbagh,dhaka,dhaka,34,31,28,176,,77,10,,,rainy,rape,7
287,8,35,wednesday,0,night,20 - 5:59,,23.733251,90.442769,sabujbagh,dhaka,dhaka,34,31,28,176,,77,10,,,rainy,rape,7
288,11,47,sunday,0,evening,18 - 19:59,,23.716838,90.405322,bongshal,dhaka,dhaka,31,27,21,113,,67,10,,,winter,rape,7
289,9,38,wednesday,0,afternoon,16 - 17:59,,23.784506,90.403409,natunbazar,dhaka,dhaka,34,31,27,353,,76,10,,,rainy,rape,7
290,1,2,monday,0,night,20 - 5:59,,23.6667,90.1667,nawabganj,dhaka,dhaka,24,21,16,113,,43,10,,,winter,rape,7
291,2,7,thursday,0,night,20 - 5:59,,23.6667,90.1667,nawabganj,dhaka,dhaka,34,27,19,113,,35,10,,,winter,rape,7
292,10,42,tuesday,0,night,20 - 5:59,,23.827398,90.364473,pallabi,dhaka,dhaka,30,28,24,356,,81,9,,,rainy,rape,7
293,8,34,tuesday,0,night,20 - 5:59,,23.827398,90.364473,pallabi,dhaka,dhaka,32,30,27,356,,81,9,,,rainy,rape,7
294,5,20,sunday,0,evening,18 - 19:59,,23.73368,90.413005,paltan,dhaka,dhaka,34,31,24,356,,74,9,,,hot,rape,7
295,7,30,thursday,0,night,20 - 5:59,,23.759994,90.420113,rampura,dhaka,dhaka,33,30,27,356,,81,9,,,rainy,rape,7
296,6,24,friday,1,night,20 - 5:59,,23.759994,90.420113,rampura,dhaka,dhaka,32,31,28,359,,79,7,,,rainy,rape,7
297,3,9,thursday,0,night,20 - 5:59,,23.784506,90.403409,rayebazar,dhaka,dhaka,34,30,24,113,,41,10,,,hot,rape,7
298,9,36,sunday,0,night,20 - 5:59,,23.77731,90.43628,rupnagar,dhaka,dhaka,32,30,26,299,,82,9,,,rainy,rape,7
299,2,6,sunday,0,evening,18 - 19:59,,23.77731,90.43628,rupnagar,dhaka,dhaka,29,24,17,113,,46,10,,,winter,rape,7
300,6,23,tuesday,0,night,20 - 5:59,,23.85833,90.26667,savar,dhaka,dhaka,34,31,27,359,,76,9,,,rainy,rape,7
301,12,52,wednesday,0,night,20 - 5:59,,23.85833,90.26667,savar,dhaka,dhaka,26,21,15,113,,58,10,,,winter,rape,7
302,1,3,thursday,0,night,20 - 5:59,,23.85833,90.26667,savar,dhaka,dhaka,32,27,20,113,,50,10,,,winter,rape,7
303,9,36,wednesday,0,morning,6 - 11:59,,23.85833,90.26667,savar,dhaka,dhaka,33,30,28,176,,79,10,,,rainy,rape,7
304,12,52,thursday,0,night,20 - 5:59,,23.85833,90.26667,savar,dhaka,dhaka,25,21,15,113,,63,10,,,winter,rape,7
305,12,51,monday,0,night,20 - 5:59,,23.85833,90.26667,savar,dhaka,dhaka,29,25,21,116,,61,10,,,winter,rape,7
306,9,37,friday,1,night,20 - 5:59,,23.85833,90.26667,savar,dhaka,dhaka,33,30,26,176,,80,10,,,rainy,rape,7
307,12,49,tuesday,0,night,20 - 5:59,,23.85833,90.26667,savar,dhaka,dhaka,32,28,23,113,,56,10,,,winter,rape,7
308,7,31,tuesday,0,evening,18 - 19:59,,23.85833,90.26667,savar,dhaka,dhaka,31,28,25,353,,85,9,,,rainy,rape,7
309,12,52,tuesday,0,night,20 - 5:59,,23.85833,90.26667,savar,dhaka,dhaka,27,22,17,113,,61,10,,,winter,rape,7
310,8,33,saturday,1,night,20 - 5:59,,23.85833,90.26667,savar,dhaka,dhaka,33,31,28,353,,77,10,,,rainy,rape,7
311,10,42,saturday,1,night,20 - 5:59,,23.85833,90.26667,savar,dhaka,dhaka,34,30,24,113,,65,10,,,rainy,rape,7
312,8,33,tuesday,0,evening,18 - 19:59,,23.85833,90.26667,savar,dhaka,dhaka,34,32,27,386,,74,10,,,rainy,rape,7
313,2,8,saturday,1,morning,6 - 11:59,,23.85833,90.26667,savar,dhaka,dhaka,35,29,20,113,,36,10,,,winter,rape,7
314,5,19,saturday,1,evening,18 - 19:59,,23.85833,90.26667,savar,dhaka,dhaka,39,35,28,116,,61,10,,,hot,rape,7
315,5,19,tuesday,0,night,20 - 5:59,,23.85833,90.26667,savar,dhaka,dhaka,37,34,28,116,,59,10,,,hot,rape,7
316,7,30,wednesday,0,morning,6 - 11:59,,23.85833,90.26667,savar,dhaka,dhaka,33,31,27,386,,78,10,,,rainy,rape,7
317,8,32,saturday,1,morning,6 - 11:59,,23.85833,90.26667,savar,dhaka,dhaka,31,29,27,356,,82,9,,,rainy,rape,7
318,8,35,tuesday,0,night,20 - 5:59,,23.85833,90.26667,savar,dhaka,dhaka,34,31,27,353,,77,10,,,rainy,rape,7
319,8,32,wednesday,0,evening,18 - 19:59,,23.85833,90.26667,savar,dhaka,dhaka,33,31,27,356,,78,9,,,rainy,rape,7
320,6,25,wednesday,0,night,20 - 5:59,,23.85833,90.26667,savar,dhaka,dhaka,33,31,27,356,,75,9,,,rainy,rape,7
321,10,44,monday,0,night,20 - 5:59,,23.85833,90.26667,savar,dhaka,dhaka,32,29,25,176,,77,10,,,rainy,rape,7
322,5,20,tuesday,0,night,20 - 5:59,,23.85833,90.26667,savar,dhaka,dhaka,33,31,27,353,,76,9,,,hot,rape,7
323,8,31,sunday,0,night,20 - 5:59,,23.85833,90.26667,savar,dhaka,dhaka,35,31,27,353,,77,10,,,rainy,rape,7
324,8,31,sunday,0,night,20 - 5:59,,23.85833,90.26667,savar,dhaka,dhaka,35,31,27,353,,77,10,,,rainy,rape,7
325,3,10,monday,0,night,20 - 5:59,,23.85833,90.26667,savar,dhaka,dhaka,31,27,20,116,,45,10,,,hot,rape,7
326,2,7,thursday,0,morning,6 - 11:59,,23.85833,90.26667,savar,dhaka,dhaka,31,27,19,113,,40,10,,,winter,rape,7
327,1,2,friday,1,night,20 - 5:59,,23.85833,90.26667,savar,dhaka,dhaka,28,23,18,113,,51,10,,,winter,rape,7
328,2,8,saturday,1,morning,6 - 11:59,,23.85833,90.26667,savar,dhaka,dhaka,34,30,22,113,,52,10,,,winter,rape,7
329,2,8,friday,1,morning,6 - 11:59,,23.85833,90.26667,savar,dhaka,dhaka,34,29,21,113,,41,10,,,winter,rape,7
330,7,29,sunday,0,night,20 - 5:59,,23.85833,90.26667,savar,dhaka,dhaka,32,30,27,356,,80,9,,,rainy,rape,7
331,9,35,sunday,0,night,20 - 5:59,,23.85833,90.26667,savar,dhaka,dhaka,32,30,27,356,,78,10,,,rainy,rape,7
332,4,14,thursday,0,morning,6 - 11:59,,23.85833,90.26667,savar,dhaka,dhaka,30,27,23,266,,83,8,,,hot,rape,7
333,10,41,wednesday,0,morning,6 - 11:59,,23.85833,90.26667,savar,dhaka,dhaka,28,26,23,353,,79,10,,,rainy,rape,7
334,8,31,sunday,0,night,20 - 5:59,,23.85833,90.26667,savar,dhaka,dhaka,35,31,27,353,,77,10,,,rainy,rape,7
335,1,3,saturday,1,night,20 - 5:59,,23.85833,90.26667,savar,dhaka,dhaka,26,22,16,113,,51,10,,,winter,rape,7
336,1,2,friday,1,night,20 - 5:59,,23.85833,90.26667,savar,dhaka,dhaka,29,25,19,113,,45,10,,,winter,rape,7
337,9,37,saturday,1,night,20 - 5:59,,23.85833,90.26667,savar,dhaka,dhaka,37,34,29,176,,65,10,,,rainy,rape,7
338,6,24,sunday,0,night,20 - 5:59,,23.85833,90.26667,savar,dhaka,dhaka,37,33,29,119,,76,10,,,rainy,rape,7
339,9,38,sunday,0,night,20 - 5:59,,23.85833,90.26667,savar,dhaka,dhaka,35,33,29,353,,68,10,,,rainy,rape,7
340,9,38,friday,1,night,20 - 5:59,,23.85833,90.26667,savar,dhaka,dhaka,34,32,27,119,,74,10,,,rainy,rape,7
341,7,27,thursday,0,night,20 - 5:59,,23.85833,90.26667,savar,dhaka,dhaka,33,31,28,386,,82,8,,,rainy,rape,7
342,12,50,wednesday,0,night,20 - 5:59,,23.85833,90.26667,savar,dhaka,dhaka,30,26,20,113,,44,10,,,winter,rape,7
343,12,48,sunday,0,night,20 - 5:59,,23.85833,90.26667,savar,dhaka,dhaka,29,26,20,113,,54,10,,,winter,rape,7
344,12,1,monday,0,night,20 - 5:59,,23.736484,90.397323,shahbagh,dhaka,dhaka,31,25,19,113,,52,10,,,winter,rape,7
345,10,43,sunday,0,night,20 - 5:59,,23.784506,90.403409,shantibagh,dhaka,dhaka,32,29,24,176,,76,10,,,rainy,rape,7
346,8,35,monday,0,evening,18 - 19:59,,23.767676,90.376173,sher-e-bangla nagar,dhaka,dhaka,33,31,27,176,,77,10,,,rainy,rape,7
347,6,23,sunday,0,evening,18 - 19:59,,23.767676,90.376173,sher-e-bangla nagar,dhaka,dhaka,32,31,29,356,,78,9,,,rainy,rape,7
348,8,34,tuesday,0,night,20 - 5:59,,23.711414,90.415019,sutrapur,dhaka,dhaka,32,30,27,356,,80,9,,,rainy,rape,7
349,2,8,friday,1,night,20 - 5:59,,23.763,90.3897,tejgaon,dhaka,dhaka,34,29,22,113,,51,10,,,winter,rape,7
350,3,11,monday,0,night,20 - 5:59,,23.763,90.3897,tejgaon,dhaka,dhaka,36,30,22,113,,51,10,,,hot,rape,7
351,10,43,friday,1,night,20 - 5:59,,23.763,90.3897,tejgaon,dhaka,dhaka,32,30,25,176,,65,10,,,rainy,rape,7
352,9,40,monday,0,night,20 - 5:59,,23.763,90.3897,tejgaon,dhaka,dhaka,34,32,27,116,,65,10,,,rainy,rape,7
353,12,50,wednesday,0,night,20 - 5:59,,23.887625,90.398942,tongi,gazipur,gazipur,27,25,20,113,,52,10,,,winter,rape,7
354,1,2,wednesday,0,night,20 - 5:59,,23.887625,90.398942,tongi,gazipur,gazipur,28,23,18,113,,45,10,,,winter,rape,7
355,1,3,monday,0,afternoon,16 - 17:59,,23.73018,90.4102,topekhana road,dhaka,dhaka,29,23,16,113,,58,10,,,winter,rape,7
356,1,4,friday,1,night,20 - 5:59,,23.874875,90.393071,uttara,dhaka,dhaka,26,20,13,113,,33,10,,,winter,rape,7
357,1,4,sunday,0,night,20 - 5:59,,23.874875,90.393071,uttara,dhaka,dhaka,27,21,14,113,,43,10,,,winter,rape,7
358,8,33,friday,1,night,20 - 5:59,,23.874875,90.393071,uttara,dhaka,dhaka,33,31,27,176,,77,10,,,rainy,rape,7
359,12,48,sunday,0,night,20 - 5:59,,23.728907,90.417137,uttarkhan,dhaka,dhaka,31,27,22,113,,43,10,,,winter,rape,7
360,9,36,friday,1,night,20 - 5:59,,23.728907,90.417137,uttarkhan,dhaka,dhaka,32,30,27,200,,77,10,,,rainy,rape,7
361,8,32,thursday,0,night,20 - 5:59,,23.728907,90.417137,uttarkhan,dhaka,dhaka,33,31,27,356,,78,9,,,rainy,rape,7
362,1,2,saturday,1,afternoon,16 - 17:59,,23.874875,90.393071,uttara,dhaka,dhaka,30,25,19,113,,40,10,,,winter,rape,7
363,8,33,thursday,0,night,20 - 5:59,,23.714039,90.450656,jatrabari,dhaka,dhaka,34,32,28,353,,74,10,,,rainy,assault,6
364,8,34,wednesday,0,noon,12 - 15:59,,23.728907,90.417137,agargaon,dhaka,dhaka,33,31,27,200,,81,9,,,rainy,assault,6
365,8,34,wednesday,0,noon,12 - 15:59,,23.728907,90.417137,agargaon,dhaka,dhaka,33,31,27,200,,81,9,,,rainy,assault,6
366,8,33,monday,0,night,20 - 5:59,,23.847177,90.4041325,airport,dhaka,dhaka,35,32,28,116,,74,10,,,rainy,assault,6
367,12,51,monday,0,night,20 - 5:59,,23.794998,90.291207,amin bazar,dhaka,dhaka,22,21,20,302,,73,8,,,winter,assault,6
368,10,43,sunday,0,morning,6 - 11:59,,23.913894,90.320686,ashulia,dhaka,dhaka,36,30,25,176,,60,10,,,rainy,assault,6
369,1,5,thursday,0,night,20 - 5:59,,23.913894,90.320686,ashulia,dhaka,dhaka,29,24,19,116,,43,10,,,winter,assault,6
370,9,39,friday,1,night,20 - 5:59,,23.913894,90.320686,ashulia,dhaka,dhaka,32,29,24,353,,77,10,,,rainy,assault,6
371,2,7,tuesday,0,night,20 - 5:59,,23.913894,90.320686,ashulia,dhaka,dhaka,30,26,20,113,,46,10,,,winter,assault,6
372,8,33,friday,1,afternoon,16 - 17:59,,23.728611,90.385391,azimpur,dhaka,dhaka,34,31,27,386,,73,10,,,rainy,assault,6
373,3,11,monday,0,noon,12 - 15:59,,23.6073285,90.613006,babubazar bridge,dhaka,dhaka,31,27,20,113,,40,10,,,hot,assault,6
374,7,27,sunday,0,night,20 - 5:59,,23.793708,90.453284,badda,dhaka,dhaka,34,31,28,356,,78,10,,,rainy,assault,6
375,3,12,monday,0,noon,12 - 15:59,,23.793708,90.453284,badda,dhaka,dhaka,35,31,26,356,,61,10,,,hot,assault,6
376,8,34,friday,1,noon,12 - 15:59,,23.729802,90.4126245,baitul mukarram,dhaka,dhaka,32,30,28,353,,81,9,,,rainy,assault,6
377,3,13,monday,0,evening,18 - 19:59,,23.79259,90.407646,banani,dhaka,dhaka,38,33,26,113,,29,10,,,hot,assault,6
378,9,37,friday,1,night,20 - 5:59,,23.79259,90.407646,banani,dhaka,dhaka,34,32,27,356,,73,9,,,rainy,assault,6
379,3,10,wednesday,0,night,20 - 5:59,,23.746136,90.394581,bangla motor,dhaka,dhaka,37,32,24,113,,29,10,,,hot,assault,6
380,3,10,wednesday,0,night,20 - 5:59,,23.746136,90.394581,bangla motor,dhaka,dhaka,37,32,24,113,,29,10,,,hot,assault,6
381,4,15,sunday,0,noon,12 - 15:59,,23.7268465,90.3922105,bangladesh university of engineering and technology,dhaka,dhaka,36,32,27,353,,60,10,,,hot,assault,6
382,6,25,monday,0,noon,12 - 15:59,,23.716838,90.405322,bangshal,dhaka,dhaka,33,31,27,353,,70,10,,,rainy,assault,6
383,9,37,friday,1,night,20 - 5:59,,23.85833,90.26667,savar,dhaka,dhaka,34,32,28,119,,68,10,,,rainy,assault,6
384,5,19,friday,1,evening,18 - 19:59,,23.784506,90.403409,bhashantek,dhaka,dhaka,36,32,28,386,,59,10,,,hot,assault,6
385,2,6,friday,1,afternoon,16 - 17:59,,23.728907,90.417137,bhatara,dhaka,dhaka,33,27,18,113,,34,10,,,winter,assault,6
386,7,29,tuesday,0,evening,18 - 19:59,,23.784506,90.403409,bijoynagar,dhaka,dhaka,35,33,29,386,,75,10,,,rainy,assault,6
387,2,5,sunday,0,morning,6 - 11:59,,23.784506,90.403409,bijoynagar,dhaka,dhaka,26,22,17,113,,41,10,,,winter,assault,6
388,9,38,saturday,1,evening,18 - 19:59,,23.731537,90.398707,chankharpool,dhaka,dhaka,35,32,28,176,,71,10,,,rainy,assault,6
389,6,26,wednesday,0,afternoon,16 - 17:59,,23.717677,90.394341,chawkbazar,dhaka,dhaka,36,33,29,119,,69,10,,,rainy,assault,6
390,1,3,monday,0,morning,6 - 11:59,,23.865506,90.413772,dakkhinkhan,dhaka,dhaka,29,23,16,113,,49,10,,,winter,assault,6
391,1,1,monday,0,night,20 - 5:59,,23.865506,90.413772,dakkhinkhan,dhaka,dhaka,25,21,18,176,,56,10,,,winter,assault,6
392,9,39,thursday,0,night,20 - 5:59,,23.806587,90.3524285,dhaka commerce college,dhaka,dhaka,30,27,24,266,,83,9,,,rainy,assault,6
393,2,5,tuesday,0,night,20 - 5:59,,23.721686,90.497766,demra,dhaka,dhaka,29,26,20,113,,57,10,,,winter,assault,6
394,9,36,saturday,1,night,20 - 5:59,,23.721686,90.497766,demra,dhaka,dhaka,32,29,26,176,,83,9,,,rainy,assault,6
395,4,17,sunday,0,morning,6 - 11:59,,23.794413,90.413735,dhaka,dhaka,dhaka,34,31,27,386,,66,8,,,hot,assault,6
396,6,26,wednesday,0,night,20 - 5:59,,23.874875,90.393071,uttara,dhaka,dhaka,31,29,28,359,,88,6,,,rainy,assault,6
397,9,36,monday,0,night,20 - 5:59,,23.728907,90.417137,darussalam,dhaka,dhaka,33,31,27,356,,78,9,,,rainy,assault,6
398,4,18,tuesday,0,noon,12 - 15:59,,23.794413,90.413735,dhaka,dhaka,dhaka,37,32,26,176,,61,10,,,hot,assault,6
399,8,32,saturday,1,night,20 - 5:59,,23.881433,90.2683015,dhaka university,dhaka,dhaka,31,29,27,356,,82,9,,,rainy,assault,6
400,9,36,friday,1,evening,18 - 19:59,,23.881433,90.2683015,dhaka university,dhaka,dhaka,32,30,26,200,,78,10,,,rainy,assault,6
401,9,38,monday,0,noon,12 - 15:59,,23.881433,90.2683015,dhaka university,dhaka,dhaka,37,34,29,113,,64,10,,,rainy,assault,6
402,8,33,sunday,0,noon,12 - 15:59,,23.881433,90.2683015,dhaka university,dhaka,dhaka,33,31,27,353,,78,10,,,rainy,assault,6
403,9,37,wednesday,0,night,20 - 5:59,,23.881433,90.2683015,dhaka university,dhaka,dhaka,33,30,26,176,,82,10,,,rainy,assault,6
404,3,11,wednesday,0,night,20 - 5:59,,23.881433,90.2683015,dhaka university,dhaka,dhaka,34,28,20,176,,46,10,,,hot,assault,6
405,4,16,friday,1,night,20 - 5:59,,23.881433,90.2683015,dhaka university,dhaka,dhaka,37,34,28,116,,39,10,,,hot,assault,6
406,12,51,sunday,0,noon,12 - 15:59,,23.881433,90.2683015,dhaka university,dhaka,dhaka,29,25,20,113,,64,10,,,winter,assault,6
407,1,1,sunday,0,noon,12 - 15:59,,23.90833,90.21667,dhamrai,dhaka,dhaka,28,25,21,176,,72,10,,,winter,assault,6
408,1,1,sunday,0,noon,12 - 15:59,,23.90833,90.21667,dhamrai,dhaka,dhaka,28,25,21,176,,72,10,,,winter,assault,6
409,11,45,monday,0,night,20 - 5:59,,23.90833,90.21667,dhamrai,dhaka,dhaka,28,25,22,353,,82,9,,,winter,assault,6
410,4,15,friday,1,night,20 - 5:59,,23.90833,90.21667,dhamrai,dhaka,dhaka,37,32,25,176,,54,10,,,hot,assault,6
411,5,21,tuesday,0,night,20 - 5:59,,23.90833,90.21667,dhamrai,dhaka,dhaka,35,32,28,116,,66,10,,,hot,assault,6
412,7,29,saturday,1,noon,12 - 15:59,,23.744806,90.373922,dhanmondi,dhaka,dhaka,32,30,26,299,,83,9,,,rainy,assault,6
413,5,22,tuesday,0,noon,12 - 15:59,,23.744806,90.373922,dhanmondi,dhaka,dhaka,37,34,30,176,,61,10,,,hot,assault,6
414,1,2,tuesday,0,night,20 - 5:59,,23.744806,90.373922,dhanmondi,dhaka,dhaka,27,23,14,113,,51,10,,,winter,assault,6
415,5,19,sunday,0,night,20 - 5:59,,23.712453,90.414168,dholaikhal,dhaka,dhaka,34,32,28,359,,74,8,,,hot,assault,6
416,1,2,monday,0,noon,12 - 15:59,,23.784506,90.403409,dholaipar,dhaka,dhaka,28,24,20,113,,49,10,,,winter,assault,6
417,4,16,tuesday,0,noon,12 - 15:59,,23.746693,90.394921,eskaton,dhaka,dhaka,37,32,25,176,,52,10,,,hot,assault,6
418,12,50,saturday,1,night,20 - 5:59,,23.881433,90.2683015,dhaka university,dhaka,dhaka,27,24,21,116,,42,10,,,winter,assault,6
419,3,11,friday,1,night,20 - 5:59,,23.881433,90.2683015,dhaka university,dhaka,dhaka,37,31,25,113,,30,10,,,hot,assault,6
420,4,16,wednesday,0,noon,12 - 15:59,,23.881433,90.2683015,dhaka university,dhaka,dhaka,36,32,26,176,,62,10,,,hot,assault,6
421,7,28,saturday,1,night,20 - 5:59,,23.881433,90.2683015,dhaka university,dhaka,dhaka,35,33,28,119,,69,10,,,rainy,assault,6
422,9,39,friday,1,night,20 - 5:59,,23.881433,90.2683015,dhaka university,dhaka,dhaka,32,29,24,353,,77,10,,,rainy,assault,6
423,9,39,monday,0,morning,6 - 11:59,,23.881433,90.2683015,dhaka university,dhaka,dhaka,32,29,26,353,,76,9,,,rainy,assault,6
424,4,17,tuesday,0,noon,12 - 15:59,,23.881433,90.2683015,dhaka university,dhaka,dhaka,38,33,29,122,,66,10,,,hot,assault,6
425,5,19,wednesday,0,night,20 - 5:59,,23.881433,90.2683015,dhaka university,dhaka,dhaka,37,33,28,353,,72,9,,,hot,assault,6
426,2,6,tuesday,0,night,20 - 5:59,,23.881433,90.2683015,dhaka university,dhaka,dhaka,31,27,21,113,,44,10,,,winter,assault,6
427,12,52,tuesday,0,night,20 - 5:59,,23.881433,90.2683015,dhaka university,dhaka,dhaka,29,25,20,113,,55,10,,,winter,assault,6
428,2,8,friday,1,night,20 - 5:59,,23.881433,90.2683015,dhaka university,dhaka,dhaka,33,28,23,116,,50,10,,,winter,assault,6
429,10,41,tuesday,0,night,20 - 5:59,,23.881433,90.2683015,dhaka university,dhaka,dhaka,34,31,26,116,,73,10,,,rainy,assault,6
430,11,44,thursday,0,evening,18 - 19:59,,23.881433,90.2683015,dhaka university,dhaka,dhaka,34,29,24,113,,64,10,,,winter,assault,6
431,11,45,sunday,0,morning,6 - 11:59,,23.784506,90.403409,eden mohila college,dhaka,dhaka,24,23,22,308,,87,9,,,winter,assault,6
432,5,20,saturday,1,night,20 - 5:59,,23.78241147,90.33740957,gabtoli,dhaka,dhaka,40,35,29,119,,68,9,,,hot,assault,6
433,10,40,monday,0,night,20 - 5:59,,23.707042,90.423069,gandaria,dhaka,dhaka,34,31,27,386,,75,9,,,rainy,assault,6
434,3,12,friday,1,afternoon,16 - 17:59,,23.728907,90.417137,gausia,dhaka,dhaka,38,32,25,113,,39,10,,,hot,assault,6
435,9,38,sunday,0,night,20 - 5:59,,23.784506,90.403409,goran,dhaka,dhaka,32,29,26,305,,84,8,,,rainy,assault,6
436,4,17,saturday,1,afternoon,16 - 17:59,,23.784506,90.403409,goran,dhaka,dhaka,31,28,25,359,,73,8,,,hot,assault,6
437,9,37,saturday,1,evening,18 - 19:59,,23.749054,90.386405,green road,dhaka,dhaka,36,33,28,176,,70,10,,,rainy,assault,6
438,7,26,saturday,1,morning,6 - 11:59,,23.749054,90.386405,green road,dhaka,dhaka,34,31,27,353,,79,9,,,rainy,assault,6
439,4,14,thursday,0,morning,6 - 11:59,,23.7917,90.4167,gulshan,dhaka,dhaka,33,30,24,356,,75,9,,,hot,assault,6
440,7,26,friday,1,night,20 - 5:59,,23.7917,90.4167,gulshan,dhaka,dhaka,35,32,28,356,,71,9,,,rainy,assault,6
441,12,52,sunday,0,noon,12 - 15:59,,23.7917,90.4167,gulshan,dhaka,dhaka,28,23,17,113,,48,10,,,winter,assault,6
442,9,38,saturday,1,night,20 - 5:59,,23.74819,90.394162,hatirjheel,dhaka,dhaka,31,29,26,305,,83,8,,,rainy,assault,6
443,7,28,sunday,0,night,20 - 5:59,,23.743883,90.392304,hatirpool,dhaka,dhaka,33,31,27,386,,78,10,,,rainy,assault,6
444,10,42,wednesday,0,night,20 - 5:59,,23.740038,90.35886,hazaribagh,dhaka,dhaka,35,31,28,176,,71,10,,,rainy,assault,6
445,3,12,thursday,0,night,20 - 5:59,,23.740038,90.35886,hazaribagh,dhaka,dhaka,34,29,21,176,,50,10,,,hot,assault,6
446,5,19,saturday,1,night,20 - 5:59,,23.874875,90.393071,uttara,dhaka,dhaka,35,32,26,356,,60,10,,,hot,assault,6
447,5,19,saturday,1,night,20 - 5:59,,23.874875,90.393071,uttara,dhaka,dhaka,35,32,26,356,,60,10,,,hot,assault,6
448,1,1,sunday,0,morning,6 - 11:59,,23.735582,90.422315,ideal college,dhaka,dhaka,31,25,19,113,,56,10,,,winter,assault,6
449,4,17,sunday,0,morning,6 - 11:59,,23.70956,90.4111575,jagannath university,dhaka,dhaka,31,28,23,356,,72,8,,,hot,assault,6
450,8,34,sunday,0,morning,6 - 11:59,,23.70956,90.4111575,jagannath university,dhaka,dhaka,35,32,28,176,,70,10,,,rainy,assault,6
451,6,23,saturday,1,night,20 - 5:59,,23.881433,90.2683015,jahangirnagar university,dhaka,dhaka,36,33,29,353,,66,10,,,rainy,assault,6
452,8,35,monday,0,night,20 - 5:59,,23.881433,90.2683015,jahangirnagar university,dhaka,dhaka,35,32,28,116,,70,10,,,rainy,assault,6
453,8,34,wednesday,0,night,20 - 5:59,,23.881433,90.2683015,jahangirnagar university,dhaka,dhaka,35,33,28,200,,70,10,,,rainy,assault,6
454,9,37,sunday,0,night,20 - 5:59,,23.881433,90.2683015,jahangirnagar university,dhaka,dhaka,34,30,25,248,,80,8,,,rainy,assault,6
455,6,26,thursday,0,night,20 - 5:59,,23.881433,90.2683015,jahangirnagar university,dhaka,dhaka,29,28,27,308,,93,5,,,rainy,assault,6
456,5,20,friday,1,afternoon,16 - 17:59,,23.881433,90.2683015,jahangirnagar university,dhaka,dhaka,38,34,28,386,,67,9,,,hot,assault,6
457,8,33,friday,1,noon,12 - 15:59,,23.881433,90.2683015,jahangirnagar university,dhaka,dhaka,35,33,28,116,,70,10,,,rainy,assault,6
458,1,1,friday,1,noon,12 - 15:59,,23.881433,90.2683015,jahangirnagar university,dhaka,dhaka,27,23,18,113,,51,10,,,winter,assault,6
459,11,45,monday,0,night,20 - 5:59,,23.881433,90.2683015,jahangirnagar university,dhaka,dhaka,30,27,23,176,,82,10,,,winter,assault,6
460,11,47,tuesday,0,night,20 - 5:59,,23.881433,90.2683015,jahangirnagar university,dhaka,dhaka,32,27,22,113,,65,10,,,winter,assault,6
461,1,4,wednesday,0,night,20 - 5:59,,23.881433,90.2683015,jahangirnagar university,dhaka,dhaka,31,25,19,113,,49,10,,,winter,assault,6
462,2,8,tuesday,0,night,20 - 5:59,,23.881433,90.2683015,jahangirnagar university,dhaka,dhaka,31,27,22,113,,41,10,,,winter,assault,6
463,4,15,tuesday,0,night,20 - 5:59,,23.881433,90.2683015,jahangirnagar university,dhaka,dhaka,42,37,29,113,,51,10,,,hot,assault,6
464,4,16,tuesday,0,morning,6 - 11:59,,23.881433,90.2683015,jahangirnagar university,dhaka,dhaka,36,32,25,176,,52,10,,,hot,assault,6
465,7,27,sunday,0,night,20 - 5:59,,23.881433,90.2683015,jahangirnagar university,dhaka,dhaka,32,30,27,200,,80,10,,,rainy,assault,6
466,3,11,friday,1,morning,6 - 11:59,,23.881433,90.2683015,jahangirnagar university,dhaka,dhaka,34,29,20,113,,35,10,,,hot,assault,6
467,4,16,monday,0,morning,6 - 11:59,,23.714039,90.450656,jatrabari,dhaka,dhaka,27,27,27,116,,68,10,,,hot,assault,6
468,2,6,monday,0,night,20 - 5:59,,23.714039,90.450656,jatrabari,dhaka,dhaka,31,26,20,113,,58,10,,,winter,assault,6
469,8,34,friday,1,night,20 - 5:59,,23.714039,90.450656,jatrabari,dhaka,dhaka,34,32,28,353,,73,10,,,rainy,assault,6
470,2,8,thursday,0,night,20 - 5:59,,23.714039,90.450656,jatrabari,dhaka,dhaka,33,28,21,113,,39,10,,,winter,assault,6
471,8,31,saturday,1,afternoon,16 - 17:59,,23.73889,90.371214,jhigatola,dhaka,dhaka,34,31,27,359,,77,9,,,rainy,assault,6
472,3,10,monday,0,afternoon,16 - 17:59,,23.70956,90.4111575,jagannath university,dhaka,dhaka,36,32,25,113,,43,10,,,hot,assault,6
473,3,13,saturday,1,night,20 - 5:59,,23.881433,90.2683015,jahangirnagar university,dhaka,dhaka,32,28,23,200,,70,9,,,hot,assault,6
474,12,48,saturday,1,night,20 - 5:59,,23.881433,90.2683015,jahangirnagar university,dhaka,dhaka,28,26,22,116,,51,10,,,winter,assault,6
475,9,38,wednesday,0,night,20 - 5:59,,23.881433,90.2683015,jahangirnagar university,dhaka,dhaka,35,32,28,116,,67,10,,,rainy,assault,6
476,6,23,wednesday,0,night,20 - 5:59,,23.881433,90.2683015,jahangirnagar university,dhaka,dhaka,34,32,27,353,,76,10,,,rainy,assault,6
477,11,45,wednesday,0,morning,6 - 11:59,,23.881433,90.2683015,jahangirnagar university,dhaka,dhaka,31,29,25,113,,65,10,,,winter,assault,6
478,9,38,thursday,0,night,20 - 5:59,,23.881433,90.2683015,jahangirnagar university,dhaka,dhaka,36,33,29,116,,64,10,,,rainy,assault,6
479,1,3,thursday,0,night,20 - 5:59,,23.881433,90.2683015,jahangirnagar university,dhaka,dhaka,27,22,16,116,,69,10,,,winter,assault,6
480,10,40,saturday,1,night,20 - 5:59,,23.881433,90.2683015,jahangirnagar university,dhaka,dhaka,34,31,26,116,,59,10,,,rainy,assault,6
481,7,29,thursday,0,night,20 - 5:59,,23.881433,90.2683015,jahangirnagar university,dhaka,dhaka,31,29,27,356,,83,9,,,rainy,assault,6
482,12,50,friday,1,night,20 - 5:59,,23.881433,90.2683015,jahangirnagar university,dhaka,dhaka,29,25,21,113,,48,10,,,winter,assault,6
483,3,10,friday,1,night,20 - 5:59,,23.881433,90.2683015,jahangirnagar university,dhaka,dhaka,37,32,26,113,,41,10,,,hot,assault,6
484,10,44,wednesday,0,night,20 - 5:59,,23.784506,90.403409,kachukhet,dhaka,dhaka,32,28,23,116,,68,10,,,rainy,assault,6
485,6,24,monday,0,night,20 - 5:59,,23.685475,90.448537,kadamtali,dhaka,dhaka,37,34,29,353,,66,10,,,rainy,assault,6
486,6,24,monday,0,night,20 - 5:59,,23.685475,90.448537,kadamtali,dhaka,dhaka,37,34,29,353,,66,10,,,rainy,assault,6
487,2,8,saturday,1,night,20 - 5:59,,23.737146,90.410583,kakrail,dhaka,dhaka,34,29,22,116,,48,10,,,winter,assault,6
488,8,34,wednesday,0,noon,12 - 15:59,,23.737146,90.410583,kakrail,dhaka,dhaka,35,32,27,116,,70,10,,,rainy,assault,6
489,8,34,tuesday,0,noon,12 - 15:59,,23.737146,90.410583,kakrail,dhaka,dhaka,33,31,26,119,,74,10,,,rainy,assault,6
490,11,45,tuesday,0,night,20 - 5:59,,23.732038,90.4257675,kamalapur railway station,dhaka,dhaka,36,32,26,113,,59,10,,,winter,assault,6
491,6,26,monday,0,night,20 - 5:59,,23.732038,90.4257675,kamalapur railway station,dhaka,dhaka,34,32,27,356,,77,9,,,rainy,assault,6
492,11,44,saturday,1,night,20 - 5:59,,23.784506,90.403409,kamrangirchar,dhaka,dhaka,34,29,23,113,,60,10,,,winter,assault,6
493,8,32,thursday,0,night,20 - 5:59,,23.72294,90.413688,kaptan bazar,dhaka,dhaka,34,32,27,353,,76,10,,,rainy,assault,6
494,10,43,thursday,0,night,20 - 5:59,,23.68333,90.33333,keraniganj,dhaka,dhaka,32,30,25,176,,69,10,,,rainy,assault,6
495,11,48,monday,0,evening,18 - 19:59,,23.759041,90.388041,khamarbari,dhaka,dhaka,29,26,21,116,,65,10,,,winter,assault,6
496,5,19,wednesday,0,morning,6 - 11:59,,23.752027,90.421808,khilgaon,dhaka,dhaka,37,33,28,386,,71,9,,,hot,assault,6
497,3,12,thursday,0,night,20 - 5:59,,23.752027,90.421808,khilgaon,dhaka,dhaka,34,29,21,176,,50,10,,,hot,assault,6
498,12,50,saturday,1,morning,6 - 11:59,,23.834376,90.445713,khilkhet,dhaka,dhaka,30,26,21,113,,64,10,,,winter,assault,6
499,3,10,thursday,0,morning,6 - 11:59,,23.721427,90.375435,lalbagh,dhaka,dhaka,32,27,21,353,,43,10,,,hot,assault,6
500,11,46,sunday,0,afternoon,16 - 17:59,,23.721427,90.375435,lalbagh,dhaka,dhaka,32,27,22,113,,56,10,,,winter,assault,6
501,7,31,wednesday,0,noon,12 - 15:59,,23.728907,90.417137,maniknagar,dhaka,dhaka,33,31,27,353,,75,9,,,rainy,assault,6
502,9,37,friday,1,night,20 - 5:59,,23.737051,90.423374,motijheel,dhaka,dhaka,34,32,27,356,,73,9,,,rainy,assault,6
503,9,38,sunday,0,night,20 - 5:59,,23.7257475,90.3975835,dhaka medical college,dhaka,dhaka,34,32,27,122,,65,10,,,rainy,assault,6
504,6,26,sunday,0,noon,12 - 15:59,,23.805381,90.374565,mirpur,dhaka,dhaka,31,29,27,122,,80,9,,,rainy,assault,6
505,4,14,thursday,0,morning,6 - 11:59,,23.805381,90.374565,mirpur,dhaka,dhaka,37,32,26,386,,73,10,,,hot,assault,6
506,8,31,friday,1,night,20 - 5:59,,23.805381,90.374565,mirpur,dhaka,dhaka,35,33,29,356,,72,9,,,rainy,assault,6
507,10,41,thursday,0,morning,6 - 11:59,,23.805381,90.374565,mirpur,dhaka,dhaka,28,27,26,353,,87,10,,,rainy,assault,6
508,7,29,tuesday,0,evening,18 - 19:59,,23.805381,90.374565,mirpur,dhaka,dhaka,34,31,27,353,,75,10,,,rainy,assault,6
509,9,36,sunday,0,night,20 - 5:59,,23.805381,90.374565,mirpur,dhaka,dhaka,32,30,26,299,,82,9,,,rainy,assault,6
510,6,24,monday,0,night,20 - 5:59,,23.754232,90.410831,moghbazar,dhaka,dhaka,37,34,29,353,,66,10,,,rainy,assault,6
511,5,21,sunday,0,afternoon,16 - 17:59,,23.754232,90.410831,moghbazar,dhaka,dhaka,36,32,29,356,,75,7,,,hot,assault,6
512,2,7,sunday,0,noon,12 - 15:59,,23.784506,90.403409,mohakhali,dhaka,dhaka,33,28,20,113,,39,10,,,winter,assault,6
513,1,4,wednesday,0,night,20 - 5:59,,23.784506,90.403409,mohakhali,dhaka,dhaka,32,27,21,113,,47,10,,,winter,assault,6
514,4,15,sunday,0,noon,12 - 15:59,,23.760178,90.355229,mohammadpur,dhaka,dhaka,37,32,26,299,,57,10,,,hot,assault,6
515,1,1,saturday,1,night,20 - 5:59,,23.760178,90.355229,mohammadpur,dhaka,dhaka,29,24,19,113,,52,10,,,winter,assault,6
516,10,43,tuesday,0,morning,6 - 11:59,,23.760178,90.355229,mohammadpur,dhaka,dhaka,33,30,25,176,,68,10,,,rainy,assault,6
517,1,4,sunday,0,noon,12 - 15:59,,23.760178,90.355229,mohammadpur,dhaka,dhaka,29,24,18,116,,57,10,,,winter,assault,6
518,1,1,tuesday,0,night,20 - 5:59,,23.760178,90.355229,mohammadpur,dhaka,dhaka,30,24,18,113,,49,10,,,winter,assault,6
519,5,19,thursday,0,morning,6 - 11:59,,23.760178,90.355229,mohammadpur,dhaka,dhaka,38,34,27,200,,59,10,,,hot,assault,6
520,5,19,tuesday,0,morning,6 - 11:59,,23.760178,90.355229,mohammadpur,dhaka,dhaka,39,35,29,116,,58,10,,,hot,assault,6
521,3,10,thursday,0,morning,6 - 11:59,,23.737051,90.423374,motijheel,dhaka,dhaka,31,27,21,116,,65,10,,,hot,assault,6
522,11,45,thursday,0,night,20 - 5:59,,23.737051,90.423374,motijheel,dhaka,dhaka,31,28,21,113,,54,10,,,winter,assault,6
523,7,29,wednesday,0,night,20 - 5:59,,23.784506,90.403409,mugda,dhaka,dhaka,32,31,28,356,,81,9,,,rainy,assault,6
524,4,16,friday,1,evening,18 - 19:59,,23.784506,90.403409,munni shoroni,dhaka,dhaka,37,34,28,116,,39,10,,,hot,assault,6
525,1,2,saturday,1,noon,12 - 15:59,,23.728907,90.417137,nakhalpara,dhaka,dhaka,28,24,19,113,,51,10,,,winter,assault,6
526,5,18,saturday,1,morning,6 - 11:59,,23.728907,90.417137,nawabpur,dhaka,dhaka,36,34,28,386,,63,10,,,hot,assault,6
527,4,16,tuesday,0,noon,12 - 15:59,,23.746693,90.394921,new eskaton,dhaka,dhaka,37,32,25,176,,52,10,,,hot,assault,6
528,4,16,tuesday,0,noon,12 - 15:59,,23.746693,90.394921,new eskaton,dhaka,dhaka,37,32,25,176,,52,10,,,hot,assault,6
529,2,6,tuesday,0,night,20 - 5:59,,23.728907,90.417137,nilkhet,dhaka,dhaka,32,28,21,113,,44,10,,,winter,assault,6
530,12,50,sunday,0,night,20 - 5:59,,23.728907,90.417137,nilkhet,dhaka,dhaka,32,27,20,113,,59,10,,,winter,assault,6
531,4,16,thursday,0,noon,12 - 15:59,,23.794413,90.413735,old dhaka,dhaka,dhaka,38,34,29,116,,40,10,,,hot,assault,6
532,8,32,monday,0,night,20 - 5:59,,23.794413,90.413735,old dhaka,dhaka,dhaka,34,32,28,353,,74,9,,,rainy,assault,6
533,6,26,friday,1,night,20 - 5:59,,23.827398,90.364473,pallabi,dhaka,dhaka,33,31,27,356,,82,9,,,rainy,assault,6
534,10,42,tuesday,0,morning,6 - 11:59,,23.73368,90.413005,paltan,dhaka,dhaka,31,28,24,356,,80,9,,,rainy,assault,6
535,1,2,tuesday,0,evening,18 - 19:59,,23.73368,90.413005,paltan,dhaka,dhaka,26,21,15,113,,45,10,,,winter,assault,6
536,7,29,thursday,0,noon,12 - 15:59,,23.750343,90.388695,panthapath,dhaka,dhaka,31,30,28,116,,82,10,,,rainy,assault,6
537,5,20,sunday,0,evening,18 - 19:59,,23.784506,90.403409,patuatuli,dhaka,dhaka,34,32,28,353,,69,10,,,hot,assault,6
538,2,7,monday,0,morning,6 - 11:59,,23.73368,90.413005,paltan,dhaka,dhaka,31,26,19,113,,39,10,,,winter,assault,6
539,8,34,friday,1,noon,12 - 15:59,,23.748663,90.404175,ramna,dhaka,dhaka,32,30,28,353,,81,9,,,rainy,assault,6
540,10,43,tuesday,0,night,20 - 5:59,,23.759994,90.420113,rampura,dhaka,dhaka,33,31,27,113,,60,10,,,rainy,assault,6
541,3,11,monday,0,morning,6 - 11:59,,23.733251,90.442769,sabujbagh,dhaka,dhaka,31,27,20,113,,39,10,,,hot,assault,6
542,7,28,tuesday,0,noon,12 - 15:59,,23.739036,90.383432,saidabad bus terminal,dhaka,dhaka,31,29,28,263,,82,9,,,rainy,assault,6
543,5,20,friday,1,afternoon,16 - 17:59,,23.85833,90.26667,savar,dhaka,dhaka,38,34,28,386,,67,9,,,hot,assault,6
544,5,21,saturday,1,night,20 - 5:59,,23.85833,90.26667,savar,dhaka,dhaka,37,34,29,386,,69,9,,,hot,assault,6
545,8,33,saturday,1,night,20 - 5:59,,23.85833,90.26667,savar,dhaka,dhaka,33,31,28,353,,77,10,,,rainy,assault,6
546,2,8,friday,1,evening,18 - 19:59,,23.85833,90.26667,savar,dhaka,dhaka,33,28,23,116,,50,10,,,winter,assault,6
547,8,33,wednesday,0,night,20 - 5:59,,23.85833,90.26667,savar,dhaka,dhaka,31,29,27,353,,79,9,,,rainy,assault,6
548,10,41,tuesday,0,night,20 - 5:59,,23.85833,90.26667,savar,dhaka,dhaka,34,31,26,116,,73,10,,,rainy,assault,6
549,1,2,thursday,0,night,20 - 5:59,,23.85833,90.26667,savar,dhaka,dhaka,27,23,19,113,,63,10,,,winter,assault,6
550,5,20,monday,0,night,20 - 5:59,,23.85833,90.26667,savar,dhaka,dhaka,35,32,28,356,,74,9,,,hot,assault,6
551,2,7,monday,0,evening,18 - 19:59,,23.85833,90.26667,savar,dhaka,dhaka,33,29,22,113,,46,10,,,winter,assault,6
552,8,31,sunday,0,noon,12 - 15:59,,23.73889,90.371214,jhigatola,dhaka,dhaka,34,32,28,353,,74,10,,,rainy,assault,6
553,4,17,sunday,0,morning,6 - 11:59,,23.77405872,90.3644076,shyamoli,dhaka,dhaka,34,31,27,386,,66,8,,,hot,assault,6
554,4,16,thursday,0,noon,12 - 15:59,,23.734028,90.397321,suhrawardy udyan,dhaka,dhaka,38,34,29,116,,40,10,,,hot,assault,6
555,9,38,saturday,1,night,20 - 5:59,,24.25,89.9167,tangail,dhaka,dhaka,33,31,26,119,,70,10,,,rainy,assault,6
556,8,34,tuesday,0,night,20 - 5:59,,23.720046,90.421578,tikatuli,dhaka,dhaka,32,30,27,356,,80,9,,,rainy,assault,6
557,8,32,saturday,1,night,20 - 5:59,,23.71802,90.41789,wari,dhaka,dhaka,34,32,28,386,,72,9,,,rainy,assault,6
558,1,3,thursday,0,night,20 - 5:59,,23.71802,90.41789,wari,dhaka,dhaka,29,25,21,113,,56,10,,,winter,assault,6
559,12,52,thursday,0,morning,6 - 11:59,,23.77456936,90.35529228,adabar,dhaka,dhaka,26,22,16,113,,56,10,,,winter,bodyfound,9
560,3,10,thursday,0,night,20 - 5:59,,23.77456936,90.35529228,adabar,dhaka,dhaka,35,30,22,113,,29,10,,,hot,bodyfound,9
561,1,2,friday,1,morning,6 - 11:59,,23.769808,90.351595,adabor,dhaka,dhaka,26,21,15,113,,40,10,,,winter,bodyfound,9
562,9,38,tuesday,0,morning,6 - 11:59,,23.728907,90.417137,agargaon,dhaka,dhaka,38,35,30,113,,59,10,,,rainy,bodyfound,9
563,2,8,saturday,1,morning,6 - 11:59,,23.847177,90.4041325,airport,dhaka,dhaka,34,29,22,116,,48,10,,,winter,bodyfound,9
564,9,37,friday,1,noon,12 - 15:59,,23.784506,90.403409,anandabazar,dhaka,dhaka,36,33,28,386,,74,10,,,rainy,bodyfound,9
565,10,43,wednesday,0,afternoon,16 - 17:59,,23.767676,90.376173,sher-e-bangla nagar,dhaka,dhaka,35,31,26,113,,72,10,,,rainy,bodyfound,9
566,6,23,tuesday,0,morning,6 - 11:59,,23.913894,90.320686,ashulia,dhaka,dhaka,35,32,28,386,,73,9,,,rainy,bodyfound,9
567,11,46,wednesday,0,morning,6 - 11:59,,23.913894,90.320686,ashulia,dhaka,dhaka,31,29,26,113,,70,10,,,winter,bodyfound,9
568,6,23,wednesday,0,morning,6 - 11:59,,23.913894,90.320686,ashulia,dhaka,dhaka,34,32,27,353,,76,10,,,rainy,bodyfound,9
569,6,24,monday,0,night,20 - 5:59,,23.913894,90.320686,ashulia,dhaka,dhaka,35,33,29,119,,69,10,,,rainy,bodyfound,9
570,6,24,sunday,0,morning,6 - 11:59,,23.868316,90.40038,azampur,dhaka,dhaka,34,31,27,176,,74,10,,,rainy,bodyfound,9
571,3,10,monday,0,afternoon,16 - 17:59,,23.728907,90.417137,badamtoli ghat,dhaka,dhaka,37,31,22,113,,40,10,,,hot,bodyfound,9
572,2,5,friday,1,afternoon,16 - 17:59,,23.793708,90.453284,badda,dhaka,dhaka,28,24,19,113,,33,10,,,winter,bodyfound,9
573,3,11,friday,1,night,20 - 5:59,,23.793708,90.453284,badda,dhaka,dhaka,37,31,25,113,,32,10,,,hot,bodyfound,9
574,7,30,saturday,1,night,20 - 5:59,,23.793708,90.453284,badda,dhaka,dhaka,34,33,29,356,,70,9,,,rainy,bodyfound,9
575,5,22,friday,1,morning,6 - 11:59,,23.793708,90.453284,badda,dhaka,dhaka,34,32,28,356,,76,9,,,hot,bodyfound,9
576,4,15,monday,0,morning,6 - 11:59,,23.793708,90.453284,badda,dhaka,dhaka,42,36,27,116,,58,10,,,hot,bodyfound,9
577,6,24,saturday,1,morning,6 - 11:59,,23.793708,90.453284,badda,dhaka,dhaka,34,31,28,356,,74,9,,,rainy,bodyfound,9
578,2,8,thursday,0,morning,6 - 11:59,,23.793708,90.453284,badda,dhaka,dhaka,33,28,22,356,,65,9,,,winter,bodyfound,9
579,11,47,tuesday,0,morning,6 - 11:59,,23.741915,90.40912,bailey road,dhaka,dhaka,32,28,22,113,,64,10,,,winter,bodyfound,9
580,12,50,tuesday,0,noon,12 - 15:59,,23.79259,90.407646,banani,dhaka,dhaka,27,25,20,113,,52,10,,,winter,bodyfound,9
581,8,35,sunday,0,evening,18 - 19:59,,23.79259,90.407646,banani,dhaka,dhaka,31,29,26,353,,85,9,,,rainy,bodyfound,9
582,3,11,friday,1,morning,6 - 11:59,,23.79259,90.407646,banani,dhaka,dhaka,33,28,20,176,,46,10,,,hot,bodyfound,9
583,11,46,friday,1,night,20 - 5:59,,23.765913,90.426541,banasree,dhaka,dhaka,34,31,26,113,,65,10,,,winter,bodyfound,9
584,3,13,sunday,0,night,20 - 5:59,,23.765913,90.426541,banasree,dhaka,dhaka,40,35,26,113,,33,10,,,hot,bodyfound,9
585,1,3,saturday,1,night,20 - 5:59,,23.765913,90.426541,banasree,dhaka,dhaka,26,22,17,113,,51,10,,,winter,bodyfound,9
586,8,35,friday,1,morning,6 - 11:59,,23.765913,90.426541,banasree,dhaka,dhaka,32,29,26,356,,86,7,,,rainy,bodyfound,9
587,11,44,thursday,0,afternoon,16 - 17:59,,23.716838,90.405322,bangshal,dhaka,dhaka,33,30,26,176,,70,10,,,winter,bodyfound,9
588,7,30,monday,0,morning,6 - 11:59,,23.81851,90.41513,baridhara,dhaka,dhaka,31,29,26,353,,85,10,,,rainy,bodyfound,9
589,12,51,monday,0,afternoon,16 - 17:59,,23.81851,90.41513,baridhara,dhaka,dhaka,31,26,21,113,,56,10,,,winter,bodyfound,9
590,1,2,saturday,1,night,20 - 5:59,,23.81391621,90.42919024,bashundhara residential area,dhaka,dhaka,28,23,17,113,,51,10,,,winter,bodyfound,9
591,10,39,sunday,0,morning,6 - 11:59,,23.813105,90.429764,basundhara residential area,dhaka,dhaka,33,31,26,353,,76,10,,,rainy,bodyfound,9
592,2,5,sunday,0,morning,6 - 11:59,,23.784506,90.403409,bhashantek,dhaka,dhaka,29,25,19,113,,37,10,,,winter,bodyfound,9
593,9,38,tuesday,0,night,20 - 5:59,,23.728907,90.417137,bhatara,dhaka,dhaka,33,30,26,356,,85,9,,,rainy,bodyfound,9
594,1,1,friday,1,night,20 - 5:59,,23.728907,90.417137,bhatara,dhaka,dhaka,28,24,19,113,,46,10,,,winter,bodyfound,9
595,12,50,sunday,0,night,20 - 5:59,,23.728907,90.417137,bhatara,dhaka,dhaka,31,27,23,113,,56,10,,,winter,bodyfound,9
596,11,44,saturday,1,night,20 - 5:59,,23.763781,90.389061,bijoy sarani,dhaka,dhaka,31,28,23,113,,72,10,,,winter,bodyfound,9
597,11,47,wednesday,0,afternoon,16 - 17:59,,23.784506,90.403409,bijoynagar,dhaka,dhaka,31,27,22,113,,55,10,,,winter,bodyfound,9
598,12,52,sunday,0,morning,6 - 11:59,,23.784506,90.403409,boroghortola,dhaka,dhaka,26,22,16,113,,54,10,,,winter,bodyfound,9
599,1,2,wednesday,0,afternoon,16 - 17:59,,23.784506,90.403409,buriganga,dhaka,dhaka,28,23,18,113,,45,10,,,winter,bodyfound,9
600,3,12,thursday,0,afternoon,16 - 17:59,,23.717677,90.394341,chawkbazar,dhaka,dhaka,34,29,21,176,,50,10,,,hot,bodyfound,9
601,6,26,thursday,0,morning,6 - 11:59,,23.717677,90.394341,chawkbazar,dhaka,dhaka,34,32,29,356,,78,9,,,rainy,bodyfound,9
602,8,32,tuesday,0,morning,6 - 11:59,,23.717677,90.394341,chawkbazar,dhaka,dhaka,31,29,26,353,,84,10,,,rainy,bodyfound,9
603,5,22,monday,0,morning,6 - 11:59,,23.865506,90.413772,dakkhinkhan,dhaka,dhaka,35,32,28,176,,73,10,,,hot,bodyfound,9
604,3,12,sunday,0,noon,12 - 15:59,,23.700508,90.451953,dakkhin dania,dhaka,dhaka,36,32,26,116,,55,10,,,hot,bodyfound,9
605,10,42,saturday,1,evening,18 - 19:59,,23.865506,90.413772,dakkhinkhan,dhaka,dhaka,32,29,25,176,,80,10,,,rainy,bodyfound,9
606,9,39,monday,0,morning,6 - 11:59,,23.865506,90.413772,dakkhinkhan,dhaka,dhaka,31,29,26,353,,84,10,,,rainy,bodyfound,9
607,6,25,wednesday,0,morning,6 - 11:59,,23.785337,90.342439,darus salam,dhaka,dhaka,34,32,27,356,,74,9,,,rainy,bodyfound,9
608,1,2,monday,0,noon,12 - 15:59,,23.785337,90.342439,darus salam,dhaka,dhaka,31,25,19,113,,46,10,,,winter,bodyfound,9
609,3,12,saturday,1,noon,12 - 15:59,,23.785337,90.342439,darus salam,dhaka,dhaka,36,31,23,113,,50,10,,,hot,bodyfound,9
610,9,37,friday,1,night,20 - 5:59,,23.721686,90.497766,demra,dhaka,dhaka,34,32,27,356,,73,10,,,rainy,bodyfound,9
611,2,6,friday,1,night,20 - 5:59,,23.721686,90.497766,demra,dhaka,dhaka,30,26,20,176,,62,10,,,winter,bodyfound,9
612,7,30,monday,0,noon,12 - 15:59,,23.721686,90.497766,demra,dhaka,dhaka,31,29,27,353,,83,9,,,rainy,bodyfound,9
613,9,39,thursday,0,morning,6 - 11:59,,23.77731,90.43628,rupnagar,dhaka,dhaka,34,32,28,359,,70,8,,,rainy,bodyfound,9
614,8,34,saturday,1,afternoon,16 - 17:59,,23.721686,90.497766,demra,dhaka,dhaka,34,31,27,353,,77,9,,,rainy,bodyfound,9
615,9,38,friday,1,noon,12 - 15:59,,23.759994,90.420113,rampura,dhaka,dhaka,33,31,27,176,,73,10,,,rainy,bodyfound,9
616,10,44,tuesday,0,morning,6 - 11:59,,23.733251,90.442769,sabujbagh,dhaka,dhaka,28,25,23,119,,79,10,,,rainy,bodyfound,9
617,4,16,monday,0,night,20 - 5:59,,23.874875,90.393071,uttara,dhaka,dhaka,37,33,25,113,,48,10,,,hot,bodyfound,9
618,5,18,thursday,0,morning,6 - 11:59,,23.81039,90.406568,cantonment,dhaka,dhaka,40,35,27,116,,62,10,,,hot,bodyfound,9
619,2,7,thursday,0,morning,6 - 11:59,,23.784506,90.403409,munda,dhaka,dhaka,33,27,20,113,,26,10,,,winter,bodyfound,9
620,2,9,wednesday,0,night,20 - 5:59,,23.5958,90.1222,dohar,dhaka,dhaka,34,29,22,113,,56,10,,,winter,bodyfound,9
621,2,5,saturday,1,afternoon,16 - 17:59,,23.881433,90.2683015,dhaka university,dhaka,dhaka,32,24,16,113,,34,10,,,winter,bodyfound,9
622,1,3,sunday,0,evening,18 - 19:59,,23.881433,90.2683015,dhaka university,dhaka,dhaka,29,24,16,116,,53,10,,,winter,bodyfound,9
623,3,12,friday,1,night,20 - 5:59,,23.881433,90.2683015,dhaka university,dhaka,dhaka,36,31,24,113,,26,10,,,hot,bodyfound,9
624,9,38,thursday,0,noon,12 - 15:59,,23.90833,90.21667,dhamrai,dhaka,dhaka,32,30,26,176,,82,8,,,rainy,bodyfound,9
625,5,18,saturday,1,morning,6 - 11:59,,23.90833,90.21667,dhamrai,dhaka,dhaka,35,32,27,386,,73,10,,,hot,bodyfound,9
626,3,13,saturday,1,morning,6 - 11:59,,23.744806,90.373922,dhanmondi,dhaka,dhaka,34,31,25,353,,57,9,,,hot,bodyfound,9
627,2,9,monday,0,morning,6 - 11:59,,23.744806,90.373922,dhanmondi,dhaka,dhaka,35,30,23,113,,36,10,,,winter,bodyfound,9
628,10,44,thursday,0,night,20 - 5:59,,23.744806,90.373922,dhanmondi,dhaka,dhaka,31,29,25,119,,71,10,,,rainy,bodyfound,9
629,1,3,wednesday,0,night,20 - 5:59,,23.71134962,90.38383434,dogair noorbag,dhaka,dhaka,26,22,19,176,,56,10,,,winter,bodyfound,9
630,12,50,friday,1,afternoon,16 - 17:59,,23.81851,90.41513,baridhara,dhaka,dhaka,30,27,23,113,,49,10,,,winter,bodyfound,9
631,9,39,thursday,0,night,20 - 5:59,,23.784506,90.403409,goran,dhaka,dhaka,34,31,27,176,,77,10,,,rainy,bodyfound,9
632,12,49,tuesday,0,night,20 - 5:59,,23.784506,90.403409,goran,dhaka,dhaka,33,28,22,113,,64,10,,,winter,bodyfound,9
633,9,39,saturday,1,night,20 - 5:59,,23.746693,90.394921,eskaton,dhaka,dhaka,34,31,26,119,,67,10,,,rainy,bodyfound,9
634,9,39,saturday,1,night,20 - 5:59,,23.746693,90.394921,eskaton,dhaka,dhaka,34,31,26,119,,67,10,,,rainy,bodyfound,9
635,10,44,thursday,0,night,20 - 5:59,,23.784506,90.403409,fakirapool,dhaka,dhaka,33,29,24,113,,60,10,,,rainy,bodyfound,9
636,8,35,monday,0,morning,6 - 11:59,,23.760305,90.389484,farmgate,dhaka,dhaka,32,30,26,356,,84,8,,,rainy,bodyfound,9
637,4,16,monday,0,noon,12 - 15:59,,23.760305,90.389484,farmgate,dhaka,dhaka,37,32,26,176,,60,10,,,hot,bodyfound,9
638,7,30,monday,0,noon,12 - 15:59,,23.78241147,90.33740957,gabtoli,dhaka,dhaka,31,29,26,353,,85,10,,,rainy,bodyfound,9
639,2,8,saturday,1,noon,12 - 15:59,,23.78241147,90.33740957,gabtoli,dhaka,dhaka,35,29,20,113,,36,10,,,winter,bodyfound,9
640,7,30,monday,0,noon,12 - 15:59,,23.78241147,90.33740957,gabtoli,dhaka,dhaka,31,29,26,353,,85,10,,,rainy,bodyfound,9
641,6,26,sunday,0,morning,6 - 11:59,,23.7917,90.4167,gulshan,dhaka,dhaka,32,30,27,359,,88,5,,,rainy,bodyfound,9
642,10,42,thursday,0,night,20 - 5:59,,23.7917,90.4167,gulshan,dhaka,dhaka,31,29,25,353,,82,10,,,rainy,bodyfound,9
643,3,9,friday,1,morning,6 - 11:59,,23.7917,90.4167,gulshan,dhaka,dhaka,35,30,24,113,,52,10,,,hot,bodyfound,9
644,9,37,wednesday,0,noon,12 - 15:59,,23.7917,90.4167,gulshan,dhaka,dhaka,36,33,28,113,,68,10,,,rainy,bodyfound,9
645,9,37,wednesday,0,noon,12 - 15:59,,23.7917,90.4167,gulshan,dhaka,dhaka,36,33,28,113,,68,10,,,rainy,bodyfound,9
646,1,4,friday,1,night,20 - 5:59,,23.7917,90.4167,gulshan,dhaka,dhaka,29,24,17,116,,49,10,,,winter,bodyfound,9
647,6,26,saturday,1,morning,6 - 11:59,,23.7917,90.4167,gulshan,dhaka,dhaka,34,31,27,386,,78,10,,,rainy,bodyfound,9
648,6,26,saturday,1,morning,6 - 11:59,,23.7917,90.4167,gulshan,dhaka,dhaka,34,31,27,386,,78,10,,,rainy,bodyfound,9
649,9,39,tuesday,0,morning,6 - 11:59,,23.74819,90.394162,hatirjheel,dhaka,dhaka,33,30,26,386,,83,8,,,rainy,bodyfound,9
650,5,20,thursday,0,night,20 - 5:59,,23.74819,90.394162,hatirjheel,dhaka,dhaka,39,34,28,386,,69,10,,,hot,bodyfound,9
651,1,1,monday,0,night,20 - 5:59,,23.74819,90.394162,hatirjheel,dhaka,dhaka,25,22,18,176,,56,10,,,winter,bodyfound,9
652,8,33,sunday,0,morning,6 - 11:59,,23.740038,90.35886,hazaribagh,dhaka,dhaka,31,28,25,353,,88,9,,,rainy,bodyfound,9
653,9,37,friday,1,evening,18 - 19:59,,23.740038,90.35886,hazaribagh,dhaka,dhaka,36,33,28,386,,74,10,,,rainy,bodyfound,9
654,7,29,sunday,0,morning,6 - 11:59,,23.740038,90.35886,hazaribagh,dhaka,dhaka,29,28,27,359,,87,7,,,rainy,bodyfound,9
655,1,1,tuesday,0,afternoon,16 - 17:59,,23.740038,90.35886,hazaribagh,dhaka,dhaka,27,22,16,113,,47,10,,,winter,bodyfound,9
656,1,2,thursday,0,noon,12 - 15:59,,23.847177,90.4041325,hazrat shahjalal international airport,dhaka,dhaka,27,22,15,113,,58,10,,,winter,bodyfound,9
657,10,41,wednesday,0,night,20 - 5:59,,23.881433,90.2683015,jahangirnagar university,dhaka,dhaka,35,32,28,116,,71,10,,,rainy,bodyfound,9
658,1,2,friday,1,morning,6 - 11:59,,23.714039,90.450656,jatrabari,dhaka,dhaka,29,24,17,113,,65,10,,,winter,bodyfound,9
659,11,48,saturday,1,night,20 - 5:59,,23.714039,90.450656,jatrabari,dhaka,dhaka,33,29,24,113,,60,10,,,winter,bodyfound,9
660,6,23,sunday,0,evening,18 - 19:59,,23.714039,90.450656,jatrabari,dhaka,dhaka,33,31,27,356,,85,9,,,rainy,bodyfound,9
661,1,3,tuesday,0,afternoon,16 - 17:59,,23.714039,90.450656,jatrabari,dhaka,dhaka,29,24,18,113,,49,10,,,winter,bodyfound,9
662,10,41,thursday,0,night,20 - 5:59,,23.714039,90.450656,jatrabari,dhaka,dhaka,35,31,27,113,,74,10,,,rainy,bodyfound,9
663,2,6,thursday,0,morning,6 - 11:59,,23.714039,90.450656,jatrabari,dhaka,dhaka,31,26,20,113,,39,10,,,winter,bodyfound,9
664,1,3,thursday,0,night,20 - 5:59,,23.714039,90.450656,jatrabari,dhaka,dhaka,32,27,20,113,,50,10,,,winter,bodyfound,9
665,8,35,saturday,1,morning,6 - 11:59,,23.714039,90.450656,jatrabari,dhaka,dhaka,33,30,26,386,,84,10,,,rainy,bodyfound,9
666,12,49,friday,1,night,20 - 5:59,,23.728907,90.417137,jurain,dhaka,dhaka,31,26,21,113,,55,10,,,winter,bodyfound,9
667,9,38,friday,1,night,20 - 5:59,,23.685475,90.448537,kadamtali,dhaka,dhaka,32,29,26,305,,83,8,,,rainy,bodyfound,9
668,3,9,saturday,1,morning,6 - 11:59,,23.7931,90.3861,kafrul,dhaka,dhaka,37,32,25,113,,50,10,,,hot,bodyfound,9
669,11,48,saturday,1,night,20 - 5:59,,23.7931,90.3861,kafrul,dhaka,dhaka,29,26,20,116,,71,10,,,winter,bodyfound,9
670,11,47,thursday,0,night,20 - 5:59,,23.7931,90.3861,kafrul,dhaka,dhaka,31,27,22,113,,50,10,,,winter,bodyfound,9
671,10,42,friday,1,night,20 - 5:59,,23.747314,90.386673,kalabagan,dhaka,dhaka,33,30,25,176,,80,10,,,rainy,bodyfound,9
672,4,17,monday,0,night,20 - 5:59,,23.784506,90.403409,kalayanpur,dhaka,dhaka,37,34,29,386,,65,10,,,hot,bodyfound,9
673,1,3,wednesday,0,night,20 - 5:59,,23.732038,90.4257675,kamalapur railway station,dhaka,dhaka,30,25,18,113,,47,10,,,winter,bodyfound,9
674,3,9,sunday,0,morning,6 - 11:59,,23.784506,90.403409,kamrangirchar,dhaka,dhaka,36,29,21,113,,39,10,,,hot,bodyfound,9
675,7,30,friday,1,night,20 - 5:59,,23.784506,90.403409,kamrangirchar,dhaka,dhaka,34,32,27,353,,75,10,,,rainy,bodyfound,9
676,8,34,wednesday,0,afternoon,16 - 17:59,,23.784506,90.403409,kamrangirchar,dhaka,dhaka,35,33,29,176,,65,10,,,rainy,bodyfound,9
677,4,16,wednesday,0,night,20 - 5:59,,23.784506,90.403409,kamrangirchar,dhaka,dhaka,34,29,24,386,,74,8,,,hot,bodyfound,9
678,3,10,saturday,1,afternoon,16 - 17:59,,23.750949,90.393367,karwan bazar,dhaka,dhaka,35,30,22,113,,30,10,,,hot,bodyfound,9
679,9,39,monday,0,morning,6 - 11:59,,23.750949,90.393367,karwan bazar,dhaka,dhaka,31,29,26,353,,83,10,,,rainy,bodyfound,9
680,7,30,sunday,0,night,20 - 5:59,,23.784506,90.403409,kathalbagan,dhaka,dhaka,35,33,29,356,,69,9,,,rainy,bodyfound,9
681,3,10,friday,1,noon,12 - 15:59,,23.68333,90.33333,keraniganj,dhaka,dhaka,37,31,23,113,,23,10,,,hot,bodyfound,9
682,9,39,tuesday,0,morning,6 - 11:59,,23.68333,90.33333,keraniganj,dhaka,dhaka,31,29,26,353,,86,9,,,rainy,bodyfound,9
683,8,31,saturday,1,evening,18 - 19:59,,23.68333,90.33333,keraniganj,dhaka,dhaka,35,32,28,353,,76,10,,,rainy,bodyfound,9
684,6,23,tuesday,0,afternoon,16 - 17:59,,23.68333,90.33333,keraniganj,dhaka,dhaka,34,31,27,359,,75,9,,,rainy,bodyfound,9
685,9,37,sunday,0,morning,6 - 11:59,,23.68333,90.33333,keraniganj,dhaka,dhaka,36,32,29,263,,65,9,,,rainy,bodyfound,9
686,6,24,wednesday,0,morning,6 - 11:59,,23.68333,90.33333,keraniganj,dhaka,dhaka,36,33,29,116,,71,10,,,rainy,bodyfound,9
687,7,30,monday,0,noon,12 - 15:59,,23.68333,90.33333,keraniganj,dhaka,dhaka,32,30,26,305,,84,9,,,rainy,bodyfound,9
688,9,35,sunday,0,noon,12 - 15:59,,23.68333,90.33333,keraniganj,dhaka,dhaka,34,31,27,386,,77,10,,,rainy,bodyfound,9
689,5,19,sunday,0,morning,6 - 11:59,,23.752027,90.421808,khilgaon,dhaka,dhaka,34,31,27,200,,62,10,,,hot,bodyfound,9
690,10,40,friday,1,morning,6 - 11:59,,23.752027,90.421808,khilgaon,dhaka,dhaka,31,28,25,359,,85,9,,,rainy,bodyfound,9
691,1,4,monday,0,morning,6 - 11:59,,23.752027,90.421808,khilgaon,dhaka,dhaka,30,25,19,113,,45,10,,,winter,bodyfound,9
692,10,42,sunday,0,night,20 - 5:59,,23.752027,90.421808,khilgaon,dhaka,dhaka,34,30,25,113,,62,10,,,rainy,bodyfound,9
693,4,15,thursday,0,noon,12 - 15:59,,23.752027,90.421808,khilgaon,dhaka,dhaka,36,33,28,176,,52,10,,,hot,bodyfound,9
694,2,6,monday,0,afternoon,16 - 17:59,,23.752027,90.421808,khilgaon,dhaka,dhaka,31,26,19,113,,37,10,,,winter,bodyfound,9
695,5,20,tuesday,0,night,20 - 5:59,,23.752027,90.421808,khilgaon,dhaka,dhaka,38,34,29,356,,63,9,,,hot,bodyfound,9
696,3,12,sunday,0,morning,6 - 11:59,,23.834376,90.445713,khilkhet,dhaka,dhaka,37,33,26,113,,60,10,,,hot,bodyfound,9
697,9,38,thursday,0,night,20 - 5:59,,23.834376,90.445713,khilkhet,dhaka,dhaka,32,30,26,176,,82,8,,,rainy,bodyfound,9
698,8,35,thursday,0,morning,6 - 11:59,,23.834376,90.445713,khilkhet,dhaka,dhaka,31,29,26,356,,86,8,,,rainy,bodyfound,9
699,3,10,friday,1,night,20 - 5:59,,23.834376,90.445713,khilkhet,dhaka,dhaka,37,31,22,113,,23,10,,,hot,bodyfound,9
700,7,31,thursday,0,morning,6 - 11:59,,23.709226,90.40739,kotwali,dhaka,dhaka,34,32,27,176,,74,10,,,rainy,bodyfound,9
701,3,12,tuesday,0,evening,18 - 19:59,,23.721427,90.375435,lalbagh,dhaka,dhaka,31,26,18,113,,57,10,,,hot,bodyfound,9
702,11,47,saturday,1,noon,12 - 15:59,,23.721427,90.375435,lalbagh,dhaka,dhaka,28,23,17,113,,54,10,,,winter,bodyfound,9
703,9,37,wednesday,0,noon,12 - 15:59,,23.721427,90.375435,lalbagh,dhaka,dhaka,33,30,26,353,,82,10,,,rainy,bodyfound,9
704,12,49,saturday,1,night,20 - 5:59,,23.721427,90.375435,lalbagh,dhaka,dhaka,31,26,20,113,,58,10,,,winter,bodyfound,9
705,2,5,thursday,0,afternoon,16 - 17:59,,23.793708,90.453284,badda,dhaka,dhaka,30,26,19,113,,51,10,,,winter,bodyfound,9
706,6,24,wednesday,0,morning,6 - 11:59,,23.793708,90.453284,badda,dhaka,dhaka,36,33,29,116,,71,10,,,rainy,bodyfound,9
707,12,49,wednesday,0,night,20 - 5:59,,23.728907,90.417137,malibagh,dhaka,dhaka,30,26,21,113,,60,10,,,winter,bodyfound,9
708,12,50,thursday,0,night,20 - 5:59,,23.728907,90.417137,malibagh,dhaka,dhaka,29,25,20,113,,58,10,,,winter,bodyfound,9
709,1,3,saturday,1,morning,6 - 11:59,,23.758698,90.380792,manik mia avenue,dhaka,dhaka,29,25,19,113,,45,10,,,winter,bodyfound,9
710,6,24,monday,0,night,20 - 5:59,,23.728907,90.417137,matikata,dhaka,dhaka,37,34,29,353,,66,10,,,rainy,bodyfound,9
711,9,38,saturday,1,evening,18 - 19:59,,23.728907,90.417137,matuail,dhaka,dhaka,35,32,28,176,,71,10,,,rainy,bodyfound,9
712,1,4,saturday,1,evening,18 - 19:59,,23.805381,90.374565,mirpur,dhaka,dhaka,31,25,19,113,,47,10,,,winter,bodyfound,9
713,1,1,saturday,1,night,20 - 5:59,,23.805381,90.374565,mirpur,dhaka,dhaka,28,22,16,113,,47,10,,,winter,bodyfound,9
714,9,38,sunday,0,night,20 - 5:59,,23.805381,90.374565,mirpur,dhaka,dhaka,32,29,26,305,,84,8,,,rainy,bodyfound,9
715,12,49,monday,0,afternoon,16 - 17:59,,23.805381,90.374565,mirpur,dhaka,dhaka,29,26,22,113,,49,10,,,winter,bodyfound,9
716,5,21,friday,1,morning,6 - 11:59,,23.805381,90.374565,mirpur,dhaka,dhaka,36,33,28,359,,72,7,,,hot,bodyfound,9
717,4,17,wednesday,0,morning,6 - 11:59,,23.805381,90.374565,mirpur,dhaka,dhaka,40,34,27,200,,62,10,,,hot,bodyfound,9
718,2,6,sunday,0,morning,6 - 11:59,,23.805381,90.374565,mirpur,dhaka,dhaka,31,25,17,113,,38,10,,,winter,bodyfound,9
719,7,30,sunday,0,morning,6 - 11:59,,23.805381,90.374565,mirpur,dhaka,dhaka,31,28,27,359,,89,7,,,rainy,bodyfound,9
720,7,29,monday,0,night,20 - 5:59,,23.805381,90.374565,mirpur,dhaka,dhaka,34,32,27,386,,76,8,,,rainy,bodyfound,9
721,9,37,saturday,1,night,20 - 5:59,,23.805381,90.374565,mirpur,dhaka,dhaka,32,30,28,356,,82,9,,,rainy,bodyfound,9
722,3,10,wednesday,0,morning,6 - 11:59,,23.805381,90.374565,mirpur,dhaka,dhaka,37,31,22,113,,33,10,,,hot,bodyfound,9
723,8,33,monday,0,afternoon,16 - 17:59,,23.805381,90.374565,mirpur,dhaka,dhaka,34,31,27,386,,77,10,,,rainy,bodyfound,9
724,9,38,monday,0,morning,6 - 11:59,,23.805381,90.374565,mirpur,dhaka,dhaka,35,31,26,353,,75,8,,,rainy,bodyfound,9
725,12,51,friday,1,noon,12 - 15:59,,23.805381,90.374565,mirpur,dhaka,dhaka,30,26,23,116,,65,10,,,winter,bodyfound,9
726,8,33,tuesday,0,afternoon,16 - 17:59,,23.805381,90.374565,mirpur,dhaka,dhaka,35,32,28,353,,73,10,,,rainy,bodyfound,9
727,10,42,monday,0,night,20 - 5:59,,23.805381,90.374565,mirpur,dhaka,dhaka,37,33,27,113,,65,10,,,rainy,bodyfound,9
728,7,29,friday,1,night,20 - 5:59,,23.805381,90.374565,mirpur,dhaka,dhaka,34,31,26,386,,79,10,,,rainy,bodyfound,9
729,9,37,tuesday,0,morning,6 - 11:59,,23.805381,90.374565,mirpur,dhaka,dhaka,34,31,27,359,,75,8,,,rainy,bodyfound,9
730,6,26,sunday,0,night,20 - 5:59,,23.805381,90.374565,mirpur,dhaka,dhaka,31,29,27,122,,80,9,,,rainy,bodyfound,9
731,4,14,monday,0,morning,6 - 11:59,,23.754232,90.410831,moghbazar,dhaka,dhaka,33,30,26,356,,76,8,,,hot,bodyfound,9
732,9,39,friday,1,night,20 - 5:59,,23.754232,90.410831,moghbazar,dhaka,dhaka,33,30,26,353,,85,8,,,rainy,bodyfound,9
733,1,4,monday,0,afternoon,16 - 17:59,,23.754232,90.410831,moghbazar,dhaka,dhaka,28,23,17,113,,44,10,,,winter,bodyfound,9
734,11,45,monday,0,evening,18 - 19:59,,23.754232,90.410831,moghbazar,dhaka,dhaka,30,27,23,176,,81,10,,,winter,bodyfound,9
735,10,40,wednesday,0,noon,12 - 15:59,,23.784506,90.403409,mohakhali,dhaka,dhaka,34,32,28,353,,73,10,,,rainy,bodyfound,9
736,11,47,sunday,0,night,20 - 5:59,,23.784506,90.403409,mohakhali,dhaka,dhaka,30,26,20,113,,68,10,,,winter,bodyfound,9
737,7,31,monday,0,night,20 - 5:59,,23.784506,90.403409,mohakhali,dhaka,dhaka,26,25,24,308,,90,8,,,rainy,bodyfound,9
738,1,1,saturday,1,morning,6 - 11:59,,23.784506,90.403409,mohakhali,dhaka,dhaka,29,24,18,113,,44,10,,,winter,bodyfound,9
739,7,28,wednesday,0,morning,6 - 11:59,,23.784506,90.403409,mohakhali,dhaka,dhaka,35,32,27,353,,74,10,,,rainy,bodyfound,9
740,1,5,wednesday,0,morning,6 - 11:59,,23.760178,90.355229,mohammadpur,dhaka,dhaka,27,21,15,116,,44,10,,,winter,bodyfound,9
741,4,17,thursday,0,morning,6 - 11:59,,23.760178,90.355229,mohammadpur,dhaka,dhaka,36,32,26,356,,74,9,,,hot,bodyfound,9
742,5,18,thursday,0,noon,12 - 15:59,,23.760178,90.355229,mohammadpur,dhaka,dhaka,35,33,28,353,,63,9,,,hot,bodyfound,9
743,4,15,friday,1,morning,6 - 11:59,,23.760178,90.355229,mohammadpur,dhaka,dhaka,34,32,27,356,,63,9,,,hot,bodyfound,9
744,5,20,wednesday,0,afternoon,16 - 17:59,,23.760178,90.355229,mohammadpur,dhaka,dhaka,38,34,29,386,,62,10,,,hot,bodyfound,9
745,6,26,saturday,1,morning,6 - 11:59,,23.760178,90.355229,mohammadpur,dhaka,dhaka,31,29,27,386,,89,9,,,rainy,bodyfound,9
746,7,28,saturday,1,night,20 - 5:59,,23.760178,90.355229,mohammadpur,dhaka,dhaka,33,30,27,356,,81,9,,,rainy,bodyfound,9
747,2,8,monday,0,morning,6 - 11:59,,23.737051,90.423374,motijheel,dhaka,dhaka,35,31,25,113,,39,10,,,winter,bodyfound,9
748,8,35,thursday,0,morning,6 - 11:59,,23.737051,90.423374,motijheel,dhaka,dhaka,32,30,28,353,,81,10,,,rainy,bodyfound,9
749,9,38,friday,1,morning,6 - 11:59,,23.737051,90.423374,motijheel,dhaka,dhaka,33,31,27,116,,71,10,,,rainy,bodyfound,9
750,7,28,wednesday,0,evening,18 - 19:59,,23.737051,90.423374,motijheel,dhaka,dhaka,33,31,27,356,,82,8,,,rainy,bodyfound,9
751,3,11,monday,0,afternoon,16 - 17:59,,23.737051,90.423374,motijheel,dhaka,dhaka,34,30,23,113,,28,10,,,hot,bodyfound,9
752,7,27,thursday,0,noon,12 - 15:59,,23.728907,90.417137,mouchak,dhaka,dhaka,34,31,27,176,,77,10,,,rainy,bodyfound,9
753,1,4,monday,0,night,20 - 5:59,,23.784506,90.403409,muradpur,dhaka,dhaka,27,22,16,113,,51,10,,,winter,bodyfound,9
754,8,34,friday,1,morning,6 - 11:59,,23.728907,90.417137,nababpur,dhaka,dhaka,34,32,28,353,,73,10,,,rainy,bodyfound,9
755,7,30,friday,1,noon,12 - 15:59,,23.6167,90.525,bandar,dhaka,dhaka,31,29,27,356,,84,9,,,rainy,bodyfound,9
756,9,36,monday,0,morning,6 - 11:59,,23.7350915,90.3842575,new market,dhaka,dhaka,32,28,25,359,,86,8,,,rainy,bodyfound,9
757,9,36,thursday,0,night,20 - 5:59,,23.7350915,90.3842575,new market,dhaka,dhaka,34,31,26,176,,82,8,,,rainy,bodyfound,9
758,4,15,sunday,0,noon,12 - 15:59,,23.77337857,90.4097081,niketan,dhaka,dhaka,35,31,25,386,,61,10,,,hot,bodyfound,9
759,9,36,monday,0,night,20 - 5:59,,23.784506,90.403409,goran,dhaka,dhaka,33,31,27,356,,78,9,,,rainy,bodyfound,9
760,1,3,friday,1,night,20 - 5:59,,23.784506,90.403409,mugda,dhaka,dhaka,33,27,20,113,,50,10,,,winter,bodyfound,9
761,4,15,sunday,0,noon,12 - 15:59,,23.827398,90.364473,pallabi,dhaka,dhaka,35,32,27,200,,60,10,,,hot,bodyfound,9
762,1,2,tuesday,0,evening,18 - 19:59,,23.827398,90.364473,pallabi,dhaka,dhaka,23,18,12,113,,35,10,,,winter,bodyfound,9
763,3,12,monday,0,morning,6 - 11:59,,23.827398,90.364473,pallabi,dhaka,dhaka,35,31,25,356,,61,10,,,hot,bodyfound,9
764,3,11,tuesday,0,evening,18 - 19:59,,23.827398,90.364473,pallabi,dhaka,dhaka,24,23,22,113,,36,10,,,hot,bodyfound,9
765,11,45,thursday,0,night,20 - 5:59,,23.827398,90.364473,pallabi,dhaka,dhaka,32,29,24,113,,69,10,,,winter,bodyfound,9
766,6,26,saturday,1,noon,12 - 15:59,,23.827398,90.364473,pallabi,dhaka,dhaka,31,29,26,359,,89,9,,,rainy,bodyfound,9
767,3,9,saturday,1,morning,6 - 11:59,,23.73368,90.413005,paltan,dhaka,dhaka,35,29,19,113,,34,10,,,hot,bodyfound,9
768,5,22,saturday,1,afternoon,16 - 17:59,,23.784506,90.403409,bhashantek,dhaka,dhaka,33,32,28,389,,77,8,,,hot,bodyfound,9
769,2,7,friday,1,afternoon,16 - 17:59,,23.748663,90.404175,ramna,dhaka,dhaka,29,24,17,176,,39,10,,,winter,bodyfound,9
770,1,5,thursday,0,morning,6 - 11:59,,23.759994,90.420113,rampura,dhaka,dhaka,30,26,19,113,,51,10,,,winter,bodyfound,9
771,7,28,tuesday,0,morning,6 - 11:59,,23.759994,90.420113,rampura,dhaka,dhaka,33,30,27,356,,82,9,,,rainy,bodyfound,9
772,7,29,sunday,0,morning,6 - 11:59,,23.784506,90.403409,rayerbazar,dhaka,dhaka,33,31,27,356,,81,10,,,rainy,bodyfound,9
773,3,13,tuesday,0,morning,6 - 11:59,,23.728907,90.417137,razabazar,dhaka,dhaka,36,31,23,176,,49,10,,,hot,bodyfound,9
774,6,24,saturday,1,night,20 - 5:59,,23.733251,90.442769,sabujbagh,dhaka,dhaka,40,36,30,116,,65,10,,,rainy,bodyfound,9
775,1,4,monday,0,morning,6 - 11:59,,23.733251,90.442769,sabujbagh,dhaka,dhaka,30,25,19,113,,45,10,,,winter,bodyfound,9
776,6,24,tuesday,0,morning,6 - 11:59,,23.733251,90.442769,sabujbagh,dhaka,dhaka,33,30,27,353,,81,10,,,rainy,bodyfound,9
777,9,36,thursday,0,morning,6 - 11:59,,23.733251,90.442769,sabujbagh,dhaka,dhaka,33,31,26,386,,79,10,,,rainy,bodyfound,9
778,5,19,tuesday,0,night,20 - 5:59,,23.85833,90.26667,savar,dhaka,dhaka,35,33,27,200,,70,10,,,hot,bodyfound,9
779,2,5,sunday,0,noon,12 - 15:59,,23.85833,90.26667,savar,dhaka,dhaka,35,29,19,113,,49,10,,,winter,bodyfound,9
780,7,30,thursday,0,morning,6 - 11:59,,23.85833,90.26667,savar,dhaka,dhaka,34,31,26,356,,76,9,,,rainy,bodyfound,9
781,1,1,friday,1,night,20 - 5:59,,23.85833,90.26667,savar,dhaka,dhaka,28,24,19,113,,46,10,,,winter,bodyfound,9
782,2,9,monday,0,morning,6 - 11:59,,23.85833,90.26667,savar,dhaka,dhaka,33,28,19,113,,42,10,,,winter,bodyfound,9
783,7,30,saturday,1,night,20 - 5:59,,23.85833,90.26667,savar,dhaka,dhaka,34,33,29,356,,70,10,,,rainy,bodyfound,9
784,1,4,tuesday,0,night,20 - 5:59,,23.85833,90.26667,savar,dhaka,dhaka,26,22,16,113,,45,10,,,winter,bodyfound,9
785,3,10,thursday,0,night,20 - 5:59,,23.85833,90.26667,savar,dhaka,dhaka,30,27,20,116,,66,10,,,hot,bodyfound,9
786,2,7,monday,0,night,20 - 5:59,,23.85833,90.26667,savar,dhaka,dhaka,31,26,19,113,,38,10,,,winter,bodyfound,9
787,3,13,thursday,0,morning,6 - 11:59,,23.85833,90.26667,savar,dhaka,dhaka,34,31,26,356,,65,9,,,hot,bodyfound,9
788,1,1,friday,1,night,20 - 5:59,,23.85833,90.26667,savar,dhaka,dhaka,28,24,19,113,,46,10,,,winter,bodyfound,9
789,9,38,wednesday,0,evening,18 - 19:59,,23.85833,90.26667,savar,dhaka,dhaka,38,34,30,116,,58,10,,,rainy,bodyfound,9
790,10,40,monday,0,morning,6 - 11:59,,23.85833,90.26667,savar,dhaka,dhaka,34,31,27,353,,74,10,,,rainy,bodyfound,9
791,10,41,friday,1,night,20 - 5:59,,23.85833,90.26667,savar,dhaka,dhaka,33,31,27,356,,74,9,,,rainy,bodyfound,9
792,10,42,wednesday,0,night,20 - 5:59,,23.85833,90.26667,savar,dhaka,dhaka,35,31,28,176,,71,10,,,rainy,bodyfound,9
793,11,45,wednesday,0,morning,6 - 11:59,,23.85833,90.26667,savar,dhaka,dhaka,35,31,26,113,,58,10,,,winter,bodyfound,9
794,4,14,saturday,1,morning,6 - 11:59,,23.85833,90.26667,savar,dhaka,dhaka,37,32,25,119,,69,10,,,hot,bodyfound,9
795,4,15,saturday,1,night,20 - 5:59,,23.85833,90.26667,savar,dhaka,dhaka,37,33,26,200,,51,10,,,hot,bodyfound,9
796,6,23,saturday,1,night,20 - 5:59,,23.85833,90.26667,savar,dhaka,dhaka,36,34,29,356,,66,9,,,rainy,bodyfound,9
797,4,16,monday,0,morning,6 - 11:59,,23.85833,90.26667,savar,dhaka,dhaka,37,33,25,113,,48,10,,,hot,bodyfound,9
798,8,34,thursday,0,morning,6 - 11:59,,23.85833,90.26667,savar,dhaka,dhaka,34,32,28,359,,71,9,,,rainy,bodyfound,9
799,9,38,saturday,1,morning,6 - 11:59,,23.85833,90.26667,savar,dhaka,dhaka,35,32,28,176,,71,10,,,rainy,bodyfound,9
800,6,23,friday,1,night,20 - 5:59,,23.85833,90.26667,savar,dhaka,dhaka,35,33,29,356,,69,9,,,rainy,bodyfound,9
801,5,19,friday,1,night,20 - 5:59,,23.85833,90.26667,savar,dhaka,dhaka,37,34,29,356,,63,9,,,hot,bodyfound,9
802,5,19,saturday,1,night,20 - 5:59,,23.85833,90.26667,savar,dhaka,dhaka,36,33,28,356,,72,9,,,hot,bodyfound,9
803,9,36,saturday,1,evening,18 - 19:59,,23.85833,90.26667,savar,dhaka,dhaka,34,31,26,353,,75,10,,,rainy,bodyfound,9
804,6,23,thursday,0,morning,6 - 11:59,,23.85833,90.26667,savar,dhaka,dhaka,35,33,30,359,,65,9,,,rainy,bodyfound,9
805,1,3,tuesday,0,night,20 - 5:59,,23.85833,90.26667,savar,dhaka,dhaka,25,21,19,116,,50,10,,,winter,bodyfound,9
806,5,21,wednesday,0,night,20 - 5:59,,23.85833,90.26667,savar,dhaka,dhaka,36,33,28,356,,74,9,,,hot,bodyfound,9
807,5,18,thursday,0,night,20 - 5:59,,23.85833,90.26667,savar,dhaka,dhaka,38,34,28,113,,60,10,,,hot,bodyfound,9
808,8,32,saturday,1,night,20 - 5:59,,23.85833,90.26667,savar,dhaka,dhaka,33,30,28,356,,81,9,,,rainy,bodyfound,9
809,10,41,saturday,1,morning,6 - 11:59,,23.85833,90.26667,savar,dhaka,dhaka,32,29,24,176,,74,10,,,rainy,bodyfound,9
810,7,30,friday,1,night,20 - 5:59,,23.85833,90.26667,savar,dhaka,dhaka,36,33,28,353,,65,10,,,rainy,bodyfound,9
811,3,12,tuesday,0,morning,6 - 11:59,,23.85833,90.26667,savar,dhaka,dhaka,34,28,20,176,,40,10,,,hot,bodyfound,9
812,10,42,tuesday,0,evening,18 - 19:59,,23.85833,90.26667,savar,dhaka,dhaka,38,32,27,113,,74,10,,,rainy,bodyfound,9
813,10,40,wednesday,0,morning,6 - 11:59,,23.85833,90.26667,savar,dhaka,dhaka,34,32,28,353,,73,10,,,rainy,bodyfound,9
814,5,17,sunday,0,night,20 - 5:59,,23.85833,90.26667,savar,dhaka,dhaka,39,34,28,386,,65,9,,,hot,bodyfound,9
815,10,43,thursday,0,morning,6 - 11:59,,23.85833,90.26667,savar,dhaka,dhaka,21,21,20,302,,86,8,,,rainy,bodyfound,9
816,10,41,thursday,0,morning,6 - 11:59,,23.85833,90.26667,savar,dhaka,dhaka,33,30,25,143,,79,9,,,rainy,bodyfound,9
817,3,10,sunday,0,morning,6 - 11:59,,23.85833,90.26667,savar,dhaka,dhaka,32,26,17,116,,35,10,,,hot,bodyfound,9
818,11,45,tuesday,0,night,20 - 5:59,,23.85833,90.26667,savar,dhaka,dhaka,30,27,22,113,,71,10,,,winter,bodyfound,9
819,11,47,saturday,1,night,20 - 5:59,,23.85833,90.26667,savar,dhaka,dhaka,28,26,22,116,,70,10,,,winter,bodyfound,9
820,10,42,sunday,0,evening,18 - 19:59,,23.85833,90.26667,savar,dhaka,dhaka,34,30,25,113,,70,10,,,rainy,bodyfound,9
821,10,42,friday,1,evening,18 - 19:59,,23.85833,90.26667,savar,dhaka,dhaka,35,30,24,113,,66,10,,,rainy,bodyfound,9
822,10,42,wednesday,0,night,20 - 5:59,,23.85833,90.26667,savar,dhaka,dhaka,35,32,26,113,,74,10,,,rainy,bodyfound,9
823,3,13,thursday,0,morning,6 - 11:59,,23.85833,90.26667,savar,dhaka,dhaka,36,32,25,113,,49,10,,,hot,bodyfound,9
824,3,9,friday,1,morning,6 - 11:59,,23.85833,90.26667,savar,dhaka,dhaka,35,31,24,113,,39,10,,,hot,bodyfound,9
825,9,36,friday,1,morning,6 - 11:59,,23.85833,90.26667,savar,dhaka,dhaka,33,30,25,353,,83,9,,,rainy,bodyfound,9
826,9,39,monday,0,morning,6 - 11:59,,23.85833,90.26667,savar,dhaka,dhaka,31,29,26,353,,84,10,,,rainy,bodyfound,9
827,10,41,thursday,0,night,20 - 5:59,,23.85833,90.26667,savar,dhaka,dhaka,35,31,27,113,,74,10,,,rainy,bodyfound,9
828,9,37,thursday,0,morning,6 - 11:59,,23.85833,90.26667,savar,dhaka,dhaka,34,30,25,176,,81,9,,,rainy,bodyfound,9
829,5,21,sunday,0,night,20 - 5:59,,23.85833,90.26667,savar,dhaka,dhaka,36,34,28,116,,69,10,,,hot,bodyfound,9
830,8,35,thursday,0,night,20 - 5:59,,23.85833,90.26667,savar,dhaka,dhaka,32,30,27,353,,83,10,,,rainy,bodyfound,9
831,6,26,saturday,1,night,20 - 5:59,,23.85833,90.26667,savar,dhaka,dhaka,34,31,27,386,,78,10,,,rainy,bodyfound,9
832,6,26,saturday,1,night,20 - 5:59,,23.85833,90.26667,savar,dhaka,dhaka,34,31,27,386,,78,10,,,rainy,bodyfound,9
833,10,42,monday,0,morning,6 - 11:59,,23.85833,90.26667,savar,dhaka,dhaka,32,29,25,176,,76,10,,,rainy,bodyfound,9
834,9,37,saturday,1,morning,6 - 11:59,,23.85833,90.26667,savar,dhaka,dhaka,37,33,28,176,,69,10,,,rainy,bodyfound,9
835,10,42,saturday,1,morning,6 - 11:59,,23.85833,90.26667,savar,dhaka,dhaka,31,29,25,353,,74,10,,,rainy,bodyfound,9
836,10,43,monday,0,morning,6 - 11:59,,23.85833,90.26667,savar,dhaka,dhaka,32,30,26,113,,69,10,,,rainy,bodyfound,9
837,10,43,saturday,1,morning,6 - 11:59,,23.85833,90.26667,savar,dhaka,dhaka,30,28,24,176,,63,10,,,rainy,bodyfound,9
838,11,45,monday,0,morning,6 - 11:59,,23.85833,90.26667,savar,dhaka,dhaka,28,25,22,353,,82,9,,,winter,bodyfound,9
839,12,52,friday,1,night,20 - 5:59,,23.85833,90.26667,savar,dhaka,dhaka,25,21,17,116,,56,10,,,winter,bodyfound,9
840,11,45,friday,1,night,20 - 5:59,,23.85833,90.26667,savar,dhaka,dhaka,32,28,23,116,,66,10,,,winter,bodyfound,9
841,12,50,sunday,0,night,20 - 5:59,,23.85833,90.26667,savar,dhaka,dhaka,31,26,21,113,,69,10,,,winter,bodyfound,9
842,11,48,monday,0,morning,6 - 11:59,,23.85833,90.26667,savar,dhaka,dhaka,33,29,24,113,,58,10,,,winter,bodyfound,9
843,8,33,saturday,1,night,20 - 5:59,,23.85833,90.26667,savar,dhaka,dhaka,33,31,28,353,,77,10,,,rainy,bodyfound,9
844,6,25,thursday,0,night,20 - 5:59,,23.85833,90.26667,savar,dhaka,dhaka,35,33,28,116,,65,10,,,rainy,bodyfound,9
845,7,27,wednesday,0,night,20 - 5:59,,23.85833,90.26667,savar,dhaka,dhaka,33,31,27,200,,75,10,,,rainy,bodyfound,9
846,8,33,sunday,0,night,20 - 5:59,,23.85833,90.26667,savar,dhaka,dhaka,33,31,27,353,,78,10,,,rainy,bodyfound,9
847,7,27,sunday,0,night,20 - 5:59,,23.85833,90.26667,savar,dhaka,dhaka,34,31,28,356,,78,10,,,rainy,bodyfound,9
848,5,19,friday,1,night,20 - 5:59,,23.85833,90.26667,savar,dhaka,dhaka,33,30,27,353,,86,9,,,hot,bodyfound,9
849,6,25,wednesday,0,noon,12 - 15:59,,23.85833,90.26667,savar,dhaka,dhaka,38,35,30,116,,65,10,,,rainy,bodyfound,9
850,5,20,friday,1,night,20 - 5:59,,23.85833,90.26667,savar,dhaka,dhaka,38,34,28,386,,67,9,,,hot,bodyfound,9
851,5,20,monday,0,night,20 - 5:59,,23.85833,90.26667,savar,dhaka,dhaka,35,32,28,200,,72,9,,,hot,bodyfound,9
852,5,18,friday,1,morning,6 - 11:59,,23.85833,90.26667,savar,dhaka,dhaka,34,31,26,353,,73,10,,,hot,bodyfound,9
853,4,17,thursday,0,night,20 - 5:59,,23.85833,90.26667,savar,dhaka,dhaka,31,29,28,386,,81,9,,,hot,bodyfound,9
854,8,32,thursday,0,night,20 - 5:59,,23.85833,90.26667,savar,dhaka,dhaka,34,31,27,353,,76,10,,,rainy,bodyfound,9
855,5,20,friday,1,night,20 - 5:59,,23.85833,90.26667,savar,dhaka,dhaka,38,34,28,386,,67,9,,,hot,bodyfound,9
856,5,19,wednesday,0,morning,6 - 11:59,,23.728907,90.417137,sayedabad,dhaka,dhaka,38,34,27,113,,60,10,,,hot,bodyfound,9
857,11,44,sunday,0,noon,12 - 15:59,,23.847177,90.4041325,hazrat shahjalal international airport,dhaka,dhaka,30,27,22,353,,77,10,,,winter,bodyfound,9
858,7,28,monday,0,night,20 - 5:59,,23.767676,90.376173,sher-e-bangla nagar,dhaka,dhaka,35,32,28,356,,76,9,,,rainy,bodyfound,9
859,11,45,tuesday,0,morning,6 - 11:59,,23.698502,90.42949,shyampur,dhaka,dhaka,36,32,26,113,,59,10,,,winter,bodyfound,9
860,6,25,sunday,0,night,20 - 5:59,,23.881433,90.2683015,sir salimullah medical college,dhaka,dhaka,35,32,28,176,,66,10,,,rainy,bodyfound,9
861,2,6,wednesday,0,night,20 - 5:59,,23.747314,90.386673,kalabagan,dhaka,dhaka,32,27,20,113,,44,10,,,winter,bodyfound,9
862,6,26,monday,0,night,20 - 5:59,,23.73503,90.4194,t and t colony,dhaka,dhaka,33,30,27,200,,79,10,,,rainy,bodyfound,9
863,3,10,monday,0,morning,6 - 11:59,,23.763,90.3897,tejgaon,dhaka,dhaka,37,31,22,113,,40,10,,,hot,bodyfound,9
864,8,35,sunday,0,morning,6 - 11:59,,23.720046,90.421578,tikatuli,dhaka,dhaka,31,29,26,353,,85,9,,,rainy,bodyfound,9
865,4,15,sunday,0,noon,12 - 15:59,,23.860422,90.367672,turag,dhaka,dhaka,35,32,27,200,,60,10,,,hot,bodyfound,9
866,2,9,friday,1,afternoon,16 - 17:59,,23.860422,90.367672,turag,dhaka,dhaka,25,22,20,263,,59,9,,,winter,bodyfound,9
867,4,14,sunday,0,morning,6 - 11:59,,23.874875,90.393071,uttara,dhaka,dhaka,43,37,27,113,,55,10,,,hot,bodyfound,9
868,12,50,thursday,0,morning,6 - 11:59,,23.874875,90.393071,uttara,dhaka,dhaka,26,21,15,113,,43,10,,,winter,bodyfound,9
869,1,3,thursday,0,morning,6 - 11:59,,23.874875,90.393071,uttara,dhaka,dhaka,31,26,20,113,,45,10,,,winter,bodyfound,9
870,8,32,saturday,1,morning,6 - 11:59,,23.874875,90.393071,uttara,dhaka,dhaka,34,31,27,386,,77,10,,,rainy,bodyfound,9
871,12,50,sunday,0,morning,6 - 11:59,,23.874875,90.393071,uttara,dhaka,dhaka,31,27,23,113,,57,10,,,winter,bodyfound,9
872,2,5,saturday,1,noon,12 - 15:59,,23.874875,90.393071,uttara,dhaka,dhaka,34,27,19,113,,49,10,,,winter,bodyfound,9
873,7,31,monday,0,night,20 - 5:59,,23.874875,90.393071,uttara,dhaka,dhaka,26,25,24,308,,90,8,,,rainy,bodyfound,9
874,11,46,thursday,0,morning,6 - 11:59,,23.874875,90.393071,uttara,dhaka,dhaka,33,29,24,113,,55,10,,,winter,bodyfound,9
875,3,13,monday,0,afternoon,16 - 17:59,,23.874875,90.393071,uttara,dhaka,dhaka,40,34,24,113,,31,10,,,hot,bodyfound,9
876,5,18,wednesday,0,morning,6 - 11:59,,23.874875,90.393071,uttara,dhaka,dhaka,38,33,27,386,,71,10,,,hot,bodyfound,9
877,4,14,sunday,0,noon,12 - 15:59,,23.874875,90.393071,uttara,dhaka,dhaka,37,33,26,200,,65,10,,,hot,bodyfound,9
878,4,17,friday,1,morning,6 - 11:59,,23.874875,90.393071,uttara,dhaka,dhaka,41,36,29,116,,42,10,,,hot,bodyfound,9
879,3,12,monday,0,morning,6 - 11:59,,23.874875,90.393071,uttara,dhaka,dhaka,34,28,20,176,,42,10,,,hot,bodyfound,9
880,12,51,friday,1,morning,6 - 11:59,,23.874875,90.393071,uttara,dhaka,dhaka,26,21,15,113,,62,10,,,winter,bodyfound,9
881,6,22,friday,1,morning,6 - 11:59,,23.874875,90.393071,uttara,dhaka,dhaka,36,33,28,116,,68,10,,,rainy,bodyfound,9
882,12,52,monday,0,night,20 - 5:59,,23.728907,90.417137,uttarkhan,dhaka,dhaka,29,25,20,113,,59,10,,,winter,bodyfound,9
883,5,19,saturday,1,morning,6 - 11:59,,23.728907,90.417137,uttarkhan,dhaka,dhaka,41,35,29,119,,63,10,,,hot,bodyfound,9
884,1,1,tuesday,0,night,20 - 5:59,,23.728907,90.417137,uttarkhan,dhaka,dhaka,31,26,19,113,,51,10,,,winter,bodyfound,9
885,2,8,monday,0,morning,6 - 11:59,,23.728907,90.417137,uttarkhan,dhaka,dhaka,35,31,25,113,,39,10,,,winter,bodyfound,9
886,3,10,tuesday,0,morning,6 - 11:59,,23.71802,90.41789,wari,dhaka,dhaka,36,32,24,113,,40,10,,,hot,bodyfound,9
887,7,26,sunday,0,morning,6 - 11:59,,23.769808,90.351595,adabor,dhaka,dhaka,34,31,27,386,,79,9,,,rainy,kidnap,8
888,4,15,sunday,0,noon,12 - 15:59,,23.913894,90.320686,ashulia,dhaka,dhaka,36,32,25,176,,57,10,,,hot,kidnap,8
889,5,18,friday,1,night,20 - 5:59,,23.79259,90.407646,banani,dhaka,dhaka,34,31,26,353,,73,10,,,hot,kidnap,8
890,12,48,thursday,0,night,20 - 5:59,,23.79259,90.407646,banani,dhaka,dhaka,33,28,24,113,,66,10,,,winter,kidnap,8
891,5,20,monday,0,night,20 - 5:59,,23.79259,90.407646,banani,dhaka,dhaka,36,33,28,386,,72,10,,,hot,kidnap,8
892,5,18,saturday,1,night,20 - 5:59,,23.79259,90.407646,banani,dhaka,dhaka,35,32,27,386,,73,9,,,hot,kidnap,8
893,7,27,friday,1,night,20 - 5:59,,23.716838,90.405322,bangshal,dhaka,dhaka,35,32,28,356,,75,9,,,rainy,kidnap,8
894,9,38,tuesday,0,evening,18 - 19:59,,23.716838,90.405322,bongshal,dhaka,dhaka,34,31,27,176,,74,10,,,rainy,kidnap,8
895,5,19,sunday,0,night,20 - 5:59,,23.728907,90.417137,uttarkhan,dhaka,dhaka,34,32,28,359,,74,8,,,hot,kidnap,8
896,12,50,wednesday,0,night,20 - 5:59,,23.721686,90.497766,demra,dhaka,dhaka,28,25,21,116,,61,10,,,winter,kidnap,8
897,12,51,saturday,1,night,20 - 5:59,,23.85833,90.26667,savar,dhaka,dhaka,25,21,16,176,,67,10,,,winter,kidnap,8
898,3,10,thursday,0,morning,6 - 11:59,,23.794413,90.413735,dhaka,dhaka,dhaka,32,27,21,353,,43,10,,,hot,kidnap,8
899,7,28,wednesday,0,morning,6 - 11:59,,23.794413,90.413735,dhaka,dhaka,dhaka,34,32,28,356,,76,10,,,rainy,kidnap,8
900,7,30,sunday,0,morning,6 - 11:59,,23.754232,90.410831,moghbazar,dhaka,dhaka,31,28,25,299,,84,9,,,rainy,kidnap,8
901,3,10,sunday,0,morning,6 - 11:59,,23.813105,90.429764,basundhara residential area,dhaka,dhaka,36,31,24,113,,26,10,,,hot,kidnap,8
902,7,30,thursday,0,morning,6 - 11:59,,23.769808,90.351595,adabor,dhaka,dhaka,32,30,27,356,,78,9,,,rainy,kidnap,8
903,3,10,friday,1,morning,6 - 11:59,,23.763,90.3897,tejgaon,dhaka,dhaka,35,31,22,113,,33,10,,,hot,kidnap,8
904,11,44,friday,1,night,20 - 5:59,,23.763,90.3897,tejgaon,dhaka,dhaka,34,30,25,113,,61,10,,,winter,kidnap,8
905,8,33,tuesday,0,morning,6 - 11:59,,23.760178,90.355229,mohammadpur,dhaka,dhaka,35,32,28,353,,73,10,,,rainy,kidnap,8
906,10,41,saturday,1,night,20 - 5:59,,23.794413,90.413735,dhaka,dhaka,dhaka,32,29,24,176,,73,10,,,rainy,kidnap,8
907,5,21,thursday,0,morning,6 - 11:59,,23.90833,90.21667,dhamrai,dhaka,dhaka,38,35,29,200,,64,9,,,hot,kidnap,8
908,10,40,monday,0,night,20 - 5:59,,23.90833,90.21667,dhamrai,dhaka,dhaka,34,32,27,200,,73,10,,,rainy,kidnap,8
909,7,30,saturday,1,night,20 - 5:59,,23.744806,90.373922,dhanmondi,dhaka,dhaka,34,33,29,356,,70,9,,,rainy,kidnap,8
910,3,12,sunday,0,night,20 - 5:59,,23.744806,90.373922,dhanmondi,dhaka,dhaka,34,30,24,116,,64,10,,,hot,kidnap,8
911,2,8,sunday,0,morning,6 - 11:59,,23.728907,90.417137,agargaon,dhaka,dhaka,34,28,20,113,,32,10,,,winter,kidnap,8
912,2,5,friday,1,morning,6 - 11:59,,23.7917,90.4167,gulshan,dhaka,dhaka,31,25,19,113,,45,10,,,winter,kidnap,8
913,11,48,monday,0,night,20 - 5:59,,23.7917,90.4167,gulshan,dhaka,dhaka,31,28,22,113,,58,10,,,winter,kidnap,8
914,8,34,sunday,0,evening,18 - 19:59,,23.7917,90.4167,gulshan,dhaka,dhaka,32,30,26,359,,81,6,,,rainy,kidnap,8
915,5,22,monday,0,night,20 - 5:59,,23.7917,90.4167,gulshan,dhaka,dhaka,35,33,28,356,,75,8,,,hot,kidnap,8
916,12,52,tuesday,0,morning,6 - 11:59,,23.7917,90.4167,gulshan,dhaka,dhaka,29,26,22,113,,60,10,,,winter,kidnap,8
917,5,22,wednesday,0,night,20 - 5:59,,23.74819,90.394162,hatirjheel,dhaka,dhaka,37,34,29,116,,53,10,,,hot,kidnap,8
918,6,25,tuesday,0,noon,12 - 15:59,,23.728907,90.417137,jamgora,dhaka,dhaka,34,31,27,353,,74,10,,,rainy,kidnap,8
919,1,3,saturday,1,afternoon,16 - 17:59,,23.714039,90.450656,jatrabari,dhaka,dhaka,29,25,20,113,,49,10,,,winter,kidnap,8
920,1,1,saturday,1,morning,6 - 11:59,,23.714039,90.450656,jatrabari,dhaka,dhaka,29,24,18,113,,44,10,,,winter,kidnap,8
921,1,1,saturday,1,morning,6 - 11:59,,23.714039,90.450656,jatrabari,dhaka,dhaka,29,24,18,113,,44,10,,,winter,kidnap,8
922,9,38,tuesday,0,evening,18 - 19:59,,23.728907,90.417137,jurain,dhaka,dhaka,34,31,27,176,,74,10,,,rainy,kidnap,8
923,7,26,sunday,0,evening,18 - 19:59,,23.747314,90.386673,kalabagan,dhaka,dhaka,34,31,27,386,,79,9,,,rainy,kidnap,8
924,4,13,sunday,0,evening,18 - 19:59,,23.784506,90.403409,kamrangirchar,dhaka,dhaka,34,31,26,386,,72,10,,,hot,kidnap,8
925,2,7,saturday,1,morning,6 - 11:59,,23.784506,90.403409,kamrangirchar,dhaka,dhaka,28,24,21,119,,52,10,,,winter,kidnap,8
926,11,48,friday,1,noon,12 - 15:59,,23.750949,90.393367,karwan bazar,dhaka,dhaka,32,28,22,113,,49,10,,,winter,kidnap,8
927,10,41,sunday,0,morning,6 - 11:59,,23.750949,90.393367,karwan bazar,dhaka,dhaka,35,32,27,356,,68,10,,,rainy,kidnap,8
928,5,21,saturday,1,morning,6 - 11:59,,23.68333,90.33333,keraniganj,dhaka,dhaka,37,34,29,386,,69,9,,,hot,kidnap,8
929,4,18,monday,0,morning,6 - 11:59,,23.68333,90.33333,keraniganj,dhaka,dhaka,33,30,26,386,,75,8,,,hot,kidnap,8
930,1,4,friday,1,noon,12 - 15:59,,23.68333,90.33333,keraniganj,dhaka,dhaka,28,24,17,113,,47,10,,,winter,kidnap,8
931,8,34,monday,0,noon,12 - 15:59,,23.7537165,90.392516,khalek market,dhaka,dhaka,35,32,28,353,,72,10,,,rainy,kidnap,8
932,11,45,tuesday,0,night,20 - 5:59,,23.752027,90.421808,khilgaon,dhaka,dhaka,36,32,26,113,,59,10,,,winter,kidnap,8
933,8,33,thursday,0,night,20 - 5:59,,23.834376,90.445713,khilkhet,dhaka,dhaka,34,31,28,176,,78,10,,,rainy,kidnap,8
934,6,24,tuesday,0,evening,18 - 19:59,,23.721427,90.375435,lalbagh,dhaka,dhaka,36,33,29,356,,68,9,,,rainy,kidnap,8
935,4,16,monday,0,night,20 - 5:59,,23.784506,90.403409,mohakhali,dhaka,dhaka,37,32,26,176,,60,10,,,hot,kidnap,8
936,1,3,sunday,0,morning,6 - 11:59,,23.805381,90.374565,mirpur,dhaka,dhaka,29,25,20,113,,45,10,,,winter,kidnap,8
937,9,36,friday,1,noon,12 - 15:59,,23.805381,90.374565,mirpur,dhaka,dhaka,33,30,26,353,,76,10,,,rainy,kidnap,8
938,9,37,tuesday,0,morning,6 - 11:59,,23.805381,90.374565,mirpur,dhaka,dhaka,34,31,27,359,,75,8,,,rainy,kidnap,8
939,8,33,monday,0,afternoon,16 - 17:59,,23.805381,90.374565,mirpur,dhaka,dhaka,34,31,27,386,,77,10,,,rainy,kidnap,8
940,2,8,wednesday,0,night,20 - 5:59,,23.805381,90.374565,mirpur,dhaka,dhaka,32,28,22,176,,71,10,,,winter,kidnap,8
941,7,27,sunday,0,noon,12 - 15:59,,23.805381,90.374565,mirpur,dhaka,dhaka,34,32,28,353,,75,10,,,rainy,kidnap,8
942,7,28,thursday,0,night,20 - 5:59,,23.805381,90.374565,mirpur,dhaka,dhaka,34,31,28,386,,76,9,,,rainy,kidnap,8
943,3,10,sunday,0,morning,6 - 11:59,,23.805381,90.374565,mirpur,dhaka,dhaka,30,27,21,116,,61,10,,,hot,kidnap,8
944,8,34,thursday,0,evening,18 - 19:59,,23.784506,90.403409,modhubagh,dhaka,dhaka,34,32,28,356,,78,8,,,rainy,kidnap,8
945,7,28,wednesday,0,morning,6 - 11:59,,23.760178,90.355229,mohammadpur,dhaka,dhaka,31,29,27,359,,87,6,,,rainy,kidnap,8
946,10,41,tuesday,0,night,20 - 5:59,,23.737051,90.423374,motijheel,dhaka,dhaka,34,31,26,113,,73,10,,,rainy,kidnap,8
947,10,41,thursday,0,night,20 - 5:59,,23.85833,90.26667,savar,dhaka,dhaka,34,31,27,119,,71,10,,,rainy,kidnap,8
948,7,30,friday,1,noon,12 - 15:59,,23.75670084,90.36915536,lalmatia,dhaka,dhaka,34,31,27,356,,77,9,,,rainy,kidnap,8
949,10,40,sunday,0,evening,18 - 19:59,,23.7350915,90.3842575,new market,dhaka,dhaka,33,31,27,176,,74,10,,,rainy,kidnap,8
950,9,39,thursday,0,night,20 - 5:59,,23.827398,90.364473,pallabi,dhaka,dhaka,34,31,27,176,,78,10,,,rainy,kidnap,8
951,7,29,sunday,0,night,20 - 5:59,,23.73368,90.413005,paltan,dhaka,dhaka,32,30,27,356,,82,9,,,rainy,kidnap,8
952,8,34,sunday,0,night,20 - 5:59,,23.73368,90.413005,paltan,dhaka,dhaka,32,30,26,359,,81,6,,,rainy,kidnap,8
953,1,1,sunday,0,night,20 - 5:59,,23.697037,90.459509,rayerbagh,dhaka,dhaka,31,25,19,113,,58,10,,,winter,kidnap,8
954,11,46,tuesday,0,night,20 - 5:59,,23.85833,90.26667,savar,dhaka,dhaka,34,30,24,113,,59,10,,,winter,kidnap,8
955,10,44,wednesday,0,night,20 - 5:59,,23.85833,90.26667,savar,dhaka,dhaka,35,30,25,113,,61,10,,,rainy,kidnap,8
956,7,28,saturday,1,night,20 - 5:59,,23.85833,90.26667,savar,dhaka,dhaka,34,32,27,176,,75,10,,,rainy,kidnap,8
957,11,45,tuesday,0,night,20 - 5:59,,23.85833,90.26667,savar,dhaka,dhaka,36,32,26,113,,60,10,,,winter,kidnap,8
958,9,38,thursday,0,night,20 - 5:59,,23.85833,90.26667,savar,dhaka,dhaka,32,30,26,176,,82,8,,,rainy,kidnap,8
959,6,27,monday,0,evening,18 - 19:59,,23.85833,90.26667,savar,dhaka,dhaka,33,31,26,386,,77,10,,,rainy,kidnap,8
960,6,27,tuesday,0,evening,18 - 19:59,,23.85833,90.26667,savar,dhaka,dhaka,34,31,27,386,,76,10,,,rainy,kidnap,8
961,8,35,thursday,0,night,20 - 5:59,,23.85833,90.26667,savar,dhaka,dhaka,32,30,27,353,,81,10,,,rainy,kidnap,8
962,7,27,wednesday,0,morning,6 - 11:59,,23.85833,90.26667,savar,dhaka,dhaka,33,30,27,353,,81,9,,,rainy,kidnap,8
963,9,37,monday,0,evening,18 - 19:59,,23.85833,90.26667,savar,dhaka,dhaka,35,32,28,386,,73,10,,,rainy,kidnap,8
964,9,36,friday,1,night,20 - 5:59,,23.85833,90.26667,savar,dhaka,dhaka,32,30,26,200,,78,10,,,rainy,kidnap,8
965,12,50,friday,1,night,20 - 5:59,,23.85833,90.26667,savar,dhaka,dhaka,30,27,23,113,,49,10,,,winter,kidnap,8
966,10,42,thursday,0,morning,6 - 11:59,,23.85833,90.26667,savar,dhaka,dhaka,31,28,24,353,,76,10,,,rainy,kidnap,8
967,10,42,friday,1,morning,6 - 11:59,,23.85833,90.26667,savar,dhaka,dhaka,31,28,24,176,,78,9,,,rainy,kidnap,8
968,2,8,friday,1,morning,6 - 11:59,,23.85833,90.26667,savar,dhaka,dhaka,34,29,21,113,,41,10,,,winter,kidnap,8
969,4,15,saturday,1,night,20 - 5:59,,23.85833,90.26667,savar,dhaka,dhaka,36,33,27,386,,58,10,,,hot,kidnap,8
970,5,19,tuesday,0,night,20 - 5:59,,23.85833,90.26667,savar,dhaka,dhaka,39,35,28,116,,58,10,,,hot,kidnap,8
971,12,50,friday,1,night,20 - 5:59,,23.85833,90.26667,savar,dhaka,dhaka,30,27,23,113,,49,10,,,winter,kidnap,8
972,12,50,friday,1,night,20 - 5:59,,23.85833,90.26667,savar,dhaka,dhaka,30,27,23,113,,49,10,,,winter,kidnap,8
973,12,50,friday,1,night,20 - 5:59,,23.85833,90.26667,savar,dhaka,dhaka,30,27,23,113,,49,10,,,winter,kidnap,8
974,1,4,saturday,1,evening,18 - 19:59,,23.85833,90.26667,savar,dhaka,dhaka,28,24,18,113,,43,10,,,winter,kidnap,8
975,10,41,saturday,1,night,20 - 5:59,,23.73889,90.371214,jhigatola,dhaka,dhaka,32,29,24,176,,73,10,,,rainy,kidnap,8
976,1,53,friday,1,morning,6 - 11:59,,23.7689555,90.3716285,shaheed suhrawardy medical college hospital,dhaka,dhaka,31,26,21,113,,55,10,,,winter,kidnap,8
977,12,1,monday,0,morning,6 - 11:59,,23.698502,90.42949,shyampur,dhaka,dhaka,25,20,14,113,,64,10,,,winter,kidnap,8
978,8,34,saturday,1,night,20 - 5:59,,23.887625,90.398942,tongi,gazipur,gazipur,34,31,27,353,,78,10,,,rainy,kidnap,8
979,10,40,monday,0,night,20 - 5:59,,23.887625,90.398942,tongi,gazipur,gazipur,34,31,27,353,,74,10,,,rainy,kidnap,8
980,4,17,monday,0,night,20 - 5:59,,23.874875,90.393071,uttara,dhaka,dhaka,32,30,26,356,,83,9,,,hot,kidnap,8
981,12,53,tuesday,0,morning,6 - 11:59,,23.874875,90.393071,uttara,dhaka,dhaka,25,21,15,113,,62,10,,,winter,kidnap,8
982,3,11,tuesday,0,evening,18 - 19:59,,23.874875,90.393071,uttara,dhaka,dhaka,24,23,22,113,,36,10,,,hot,kidnap,8
983,12,50,saturday,1,night,20 - 5:59,,23.874875,90.393071,uttara,dhaka,dhaka,30,26,22,113,,46,10,,,winter,kidnap,8
984,3,9,friday,1,night,20 - 5:59,,23.728907,90.417137,aftabnagar,dhaka,dhaka,35,30,24,113,,52,10,,,hot,robbery,5
985,12,49,monday,0,noon,12 - 15:59,,23.728907,90.417137,agargaon,dhaka,dhaka,31,27,23,113,,50,10,,,winter,robbery,5
986,3,10,tuesday,0,night,20 - 5:59,,23.782726,90.348319,aricha highway,dhaka,dhaka,30,26,22,356,,72,9,,,hot,robbery,5
987,8,35,wednesday,0,night,20 - 5:59,,23.913894,90.320686,ashulia,dhaka,dhaka,33,31,27,353,,79,10,,,rainy,robbery,5
988,4,17,tuesday,0,noon,12 - 15:59,,23.913894,90.320686,ashulia,dhaka,dhaka,36,32,26,356,,70,9,,,hot,robbery,5
989,2,5,sunday,0,evening,18 - 19:59,,23.913894,90.320686,ashulia,dhaka,dhaka,30,24,17,113,,43,10,,,winter,robbery,5
990,8,33,thursday,0,night,20 - 5:59,,23.913894,90.320686,ashulia,dhaka,dhaka,31,29,26,353,,87,7,,,rainy,robbery,5
991,8,34,tuesday,0,afternoon,16 - 17:59,,23.793708,90.453284,badda,dhaka,dhaka,34,31,28,356,,77,10,,,rainy,robbery,5
992,8,34,monday,0,afternoon,16 - 17:59,,23.793708,90.453284,badda,dhaka,dhaka,35,32,28,353,,72,10,,,rainy,robbery,5
993,9,38,tuesday,0,night,20 - 5:59,,23.793708,90.453284,badda,dhaka,dhaka,33,30,26,356,,85,9,,,rainy,robbery,5
994,7,27,sunday,0,night,20 - 5:59,,23.793708,90.453284,badda,dhaka,dhaka,34,31,28,356,,78,10,,,rainy,robbery,5
995,11,46,wednesday,0,night,20 - 5:59,,23.793708,90.453284,badda,dhaka,dhaka,30,27,22,116,,67,10,,,winter,robbery,5
996,8,34,sunday,0,night,20 - 5:59,,23.765913,90.426541,banasree,dhaka,dhaka,34,31,26,353,,79,10,,,rainy,robbery,5
997,10,43,monday,0,noon,12 - 15:59,,23.765913,90.426541,banasree,dhaka,dhaka,33,29,25,113,,73,10,,,rainy,robbery,5
998,10,42,monday,0,noon,12 - 15:59,,23.746136,90.394581,bangla motor,dhaka,dhaka,32,29,25,176,,85,7,,,rainy,robbery,5
999,2,8,sunday,0,night,20 - 5:59,,23.716838,90.405322,bangshal,dhaka,dhaka,34,30,23,113,,42,10,,,winter,robbery,5
1000,4,16,wednesday,0,night,20 - 5:59,,23.716838,90.405322,bangshal,dhaka,dhaka,34,29,24,386,,74,8,,,hot,robbery,5
1001,1,4,tuesday,0,night,20 - 5:59,,23.784506,90.403409,bheribandh,dhaka,dhaka,26,22,16,113,,45,10,,,winter,robbery,5
1002,11,44,sunday,0,night,20 - 5:59,,23.763781,90.389061,bijoy sarani,dhaka,dhaka,34,29,22,113,,74,10,,,winter,robbery,5
1003,2,6,monday,0,morning,6 - 11:59,,23.717677,90.394341,chawkbazar,dhaka,dhaka,31,26,19,113,,37,10,,,winter,robbery,5
1004,11,47,tuesday,0,night,20 - 5:59,,23.784506,90.403409,companiganj,dhaka,dhaka,30,27,23,119,,61,10,,,winter,robbery,5
1005,11,47,tuesday,0,night,20 - 5:59,,23.784506,90.403409,companiganj,dhaka,dhaka,30,27,23,119,,61,10,,,winter,robbery,5
1006,12,51,friday,1,morning,6 - 11:59,,23.70861461,90.42250425,dayaganj,dhaka,dhaka,18,17,17,113,,63,10,,,winter,robbery,5
1007,7,29,thursday,0,night,20 - 5:59,,23.721686,90.497766,demra,dhaka,dhaka,32,29,27,353,,84,9,,,rainy,robbery,5
1008,6,25,sunday,0,night,20 - 5:59,,23.721686,90.497766,demra,dhaka,dhaka,34,31,28,356,,76,9,,,rainy,robbery,5
1009,2,8,friday,1,noon,12 - 15:59,,23.721686,90.497766,demra,dhaka,dhaka,33,29,23,116,,52,10,,,winter,robbery,5
1010,11,46,friday,1,night,20 - 5:59,,23.794413,90.413735,old dhaka,dhaka,dhaka,33,29,24,113,,49,10,,,winter,robbery,5
1011,6,26,wednesday,0,morning,6 - 11:59,,23.874875,90.393071,uttara,dhaka,dhaka,31,29,28,359,,88,6,,,rainy,robbery,5
1012,9,36,friday,1,night,20 - 5:59,,23.794413,90.413735,dhaka,dhaka,dhaka,35,31,26,176,,80,10,,,rainy,robbery,5
1013,12,50,tuesday,0,night,20 - 5:59,,23.728907,90.417137,dhakeshwari,dhaka,dhaka,32,28,22,113,,64,10,,,winter,robbery,5
1014,9,36,saturday,1,night,20 - 5:59,,23.715966,90.434561,dhalpur,dhaka,dhaka,33,30,26,200,,81,9,,,rainy,robbery,5
1015,4,14,tuesday,0,night,20 - 5:59,,23.744806,90.373922,dhanmondi,dhaka,dhaka,39,34,26,113,,49,10,,,hot,robbery,5
1016,2,6,monday,0,night,20 - 5:59,,23.744806,90.373922,dhanmondi,dhaka,dhaka,29,24,17,113,,41,10,,,winter,robbery,5
1017,2,6,saturday,1,evening,18 - 19:59,,23.744806,90.373922,dhanmondi,dhaka,dhaka,29,24,18,113,,37,10,,,winter,robbery,5
1018,6,22,sunday,0,night,20 - 5:59,,23.744806,90.373922,dhanmondi,dhaka,dhaka,36,33,29,356,,68,9,,,rainy,robbery,5
1019,8,34,friday,1,night,20 - 5:59,,23.744806,90.373922,dhanmondi,dhaka,dhaka,33,30,25,386,,83,8,,,rainy,robbery,5
1020,6,23,sunday,0,noon,12 - 15:59,,23.744806,90.373922,dhanmondi,dhaka,dhaka,37,34,28,176,,68,10,,,rainy,robbery,5
1021,1,2,sunday,0,night,20 - 5:59,,23.744806,90.373922,dhanmondi,dhaka,dhaka,28,23,16,113,,61,10,,,winter,robbery,5
1022,8,31,friday,1,night,20 - 5:59,,23.5958,90.1222,dohar,dhaka,dhaka,34,31,27,200,,74,10,,,rainy,robbery,5
1023,2,7,thursday,0,night,20 - 5:59,,23.743883,90.392304,eastern plaza market,dhaka,dhaka,33,27,20,113,,26,10,,,winter,robbery,5
1024,10,41,wednesday,0,night,20 - 5:59,,23.738268,90.380707,elephant road,dhaka,dhaka,34,31,26,113,,77,10,,,rainy,robbery,5
1025,9,39,friday,1,night,20 - 5:59,,23.760305,90.389484,farmgate,dhaka,dhaka,34,31,26,176,,72,10,,,rainy,robbery,5
1026,4,16,saturday,1,night,20 - 5:59,,23.760305,90.389484,farmgate,dhaka,dhaka,41,36,28,116,,45,10,,,hot,robbery,5
1027,8,31,friday,1,evening,18 - 19:59,,24.6333,90.2667,fulbaria,dhaka,dhaka,32,29,25,386,,88,7,,,rainy,robbery,5
1028,5,19,monday,0,morning,6 - 11:59,,23.98889,90.375,gazipur,dhaka,dhaka,37,33,27,200,,68,10,,,hot,robbery,5
1029,6,23,tuesday,0,night,20 - 5:59,,23.98889,90.375,gazipur,dhaka,dhaka,34,31,27,359,,76,9,,,rainy,robbery,5
1030,6,23,monday,0,night,20 - 5:59,,23.98889,90.375,gazipur,dhaka,dhaka,34,32,28,386,,72,10,,,rainy,robbery,5
1031,6,22,thursday,0,night,20 - 5:59,,23.98889,90.375,gazipur,dhaka,dhaka,34,32,27,353,,72,10,,,rainy,robbery,5
1032,5,19,sunday,0,noon,12 - 15:59,,23.98889,90.375,gazipur,dhaka,dhaka,33,31,27,353,,61,10,,,hot,robbery,5
1033,12,50,tuesday,0,noon,12 - 15:59,,23.98889,90.375,gazipur,dhaka,dhaka,28,25,21,353,,66,10,,,winter,robbery,5
1034,12,49,friday,1,night,20 - 5:59,,23.98889,90.375,gazipur,dhaka,dhaka,28,24,19,113,,71,10,,,winter,robbery,5
1035,2,6,tuesday,0,night,20 - 5:59,,23.98889,90.375,gazipur,dhaka,dhaka,32,28,21,113,,44,10,,,winter,robbery,5
1036,4,14,monday,0,night,20 - 5:59,,23.98889,90.375,gazipur,dhaka,dhaka,33,30,26,356,,75,9,,,hot,robbery,5
1037,9,38,sunday,0,night,20 - 5:59,,23.784506,90.403409,goran,dhaka,dhaka,32,29,26,305,,84,8,,,rainy,robbery,5
1038,2,7,monday,0,night,20 - 5:59,,23.749054,90.386405,green road,dhaka,dhaka,32,26,17,113,,35,10,,,winter,robbery,5
1039,10,42,tuesday,0,night,20 - 5:59,,23.7917,90.4167,gulshan,dhaka,dhaka,31,28,24,356,,80,9,,,rainy,robbery,5
1040,7,29,wednesday,0,night,20 - 5:59,,23.7917,90.4167,gulshan,dhaka,dhaka,31,29,27,353,,84,10,,,rainy,robbery,5
1041,4,17,saturday,1,night,20 - 5:59,,23.7917,90.4167,gulshan,dhaka,dhaka,40,36,28,386,,61,10,,,hot,robbery,5
1042,3,10,sunday,0,noon,12 - 15:59,,23.728907,90.417137,hajipara,dhaka,dhaka,35,32,26,113,,34,10,,,hot,robbery,5
1043,10,44,tuesday,0,night,20 - 5:59,,23.74819,90.394162,hatirjheel,dhaka,dhaka,35,31,25,113,,61,10,,,rainy,robbery,5
1044,9,38,saturday,1,night,20 - 5:59,,23.74819,90.394162,hatirjheel,dhaka,dhaka,31,29,26,305,,83,8,,,rainy,robbery,5
1045,12,49,wednesday,0,night,20 - 5:59,,23.743883,90.392304,hatirpool,dhaka,dhaka,27,23,18,113,,66,10,,,winter,robbery,5
1046,10,42,wednesday,0,night,20 - 5:59,,23.740038,90.35886,hazaribagh,dhaka,dhaka,35,31,28,176,,71,10,,,rainy,robbery,5
1047,6,25,thursday,0,night,20 - 5:59,,23.740038,90.35886,hazaribagh,dhaka,dhaka,34,32,27,116,,74,10,,,rainy,robbery,5
1048,5,18,friday,1,night,20 - 5:59,,23.714039,90.450656,jatrabari,dhaka,dhaka,36,33,27,386,,65,10,,,hot,robbery,5
1049,2,6,friday,1,morning,6 - 11:59,,23.714039,90.450656,jatrabari,dhaka,dhaka,33,27,18,113,,34,10,,,winter,robbery,5
1050,1,5,tuesday,0,night,20 - 5:59,,23.714039,90.450656,jatrabari,dhaka,dhaka,31,26,19,113,,47,10,,,winter,robbery,5
1051,6,26,monday,0,afternoon,16 - 17:59,,23.714039,90.450656,jatrabari,dhaka,dhaka,32,30,28,359,,76,8,,,rainy,robbery,5
1052,5,21,friday,1,night,20 - 5:59,,23.714039,90.450656,jatrabari,dhaka,dhaka,39,34,29,386,,64,10,,,hot,robbery,5
1053,4,16,monday,0,morning,6 - 11:59,,23.714039,90.450656,jatrabari,dhaka,dhaka,27,27,27,116,,68,10,,,hot,robbery,5
1054,6,25,friday,1,night,20 - 5:59,,23.714039,90.450656,jatrabari,dhaka,dhaka,35,32,28,356,,77,10,,,rainy,robbery,5
1055,2,9,tuesday,0,night,20 - 5:59,,23.714039,90.450656,jatrabari,dhaka,dhaka,34,29,22,113,,37,10,,,winter,robbery,5
1056,4,16,wednesday,0,night,20 - 5:59,,23.73889,90.371214,jigatola,dhaka,dhaka,37,32,25,176,,54,10,,,hot,robbery,5
1057,2,8,wednesday,0,noon,12 - 15:59,,23.728907,90.417137,jurain,dhaka,dhaka,31,25,17,113,,43,10,,,winter,robbery,5
1058,6,26,saturday,1,morning,6 - 11:59,,23.747314,90.386673,kalabagan,dhaka,dhaka,31,29,26,353,,83,10,,,rainy,robbery,5
1059,8,31,sunday,0,morning,6 - 11:59,,23.747314,90.386673,kalabagan,dhaka,dhaka,31,29,25,353,,82,9,,,rainy,robbery,5
1060,9,40,monday,0,night,20 - 5:59,,23.747314,90.386673,kalabagan,dhaka,dhaka,29,27,24,353,,87,9,,,rainy,robbery,5
1061,2,6,thursday,0,night,20 - 5:59,,23.747314,90.386673,kalabagan,dhaka,dhaka,31,26,20,113,,39,10,,,winter,robbery,5
1062,10,42,sunday,0,night,20 - 5:59,,23.777843,90.361078,kalyanpur,dhaka,dhaka,31,29,25,116,,74,10,,,rainy,robbery,5
1063,4,16,thursday,0,afternoon,16 - 17:59,,23.777843,90.361078,kalyanpur,dhaka,dhaka,38,34,29,116,,40,10,,,hot,robbery,5
1064,7,30,tuesday,0,night,20 - 5:59,,23.732038,90.4257675,kamalapur railway station,dhaka,dhaka,32,29,26,386,,80,10,,,rainy,robbery,5
1065,10,40,saturday,1,night,20 - 5:59,,23.732038,90.4257675,kamalapur railway station,dhaka,dhaka,30,28,25,356,,90,8,,,rainy,robbery,5
1066,9,39,wednesday,0,night,20 - 5:59,,23.68333,90.33333,keraniganj,dhaka,dhaka,32,29,25,353,,84,9,,,rainy,robbery,5
1067,5,21,tuesday,0,noon,12 - 15:59,,23.752027,90.421808,khilgaon,dhaka,dhaka,40,36,29,113,,56,10,,,hot,robbery,5
1068,11,46,wednesday,0,night,20 - 5:59,,23.752027,90.421808,khilgaon,dhaka,dhaka,30,27,22,116,,67,10,,,winter,robbery,5
1069,11,46,sunday,0,morning,6 - 11:59,,23.752027,90.421808,khilgaon,dhaka,dhaka,32,28,22,113,,56,10,,,winter,robbery,5
1070,11,47,thursday,0,night,20 - 5:59,,23.834376,90.445713,khilkhet,dhaka,dhaka,32,27,21,113,,70,10,,,winter,robbery,5
1071,1,4,saturday,1,night,20 - 5:59,,23.728907,90.417137,kuril,dhaka,dhaka,28,24,18,113,,44,10,,,winter,robbery,5
1072,10,43,sunday,0,morning,6 - 11:59,,23.728907,90.417137,kuril,dhaka,dhaka,36,30,25,113,,60,10,,,rainy,robbery,5
1073,5,20,sunday,0,night,20 - 5:59,,23.728907,90.417137,kuril,dhaka,dhaka,37,34,29,386,,69,9,,,hot,robbery,5
1074,3,10,thursday,0,morning,6 - 11:59,,23.721427,90.375435,lalbagh,dhaka,dhaka,32,27,21,353,,43,10,,,hot,robbery,5
1075,3,10,monday,0,morning,6 - 11:59,,23.728907,90.417137,malibagh,dhaka,dhaka,31,27,20,353,,44,10,,,hot,robbery,5
1076,1,4,sunday,0,afternoon,16 - 17:59,,23.728907,90.417137,malibagh,dhaka,dhaka,29,24,18,116,,57,10,,,winter,robbery,5
1077,10,41,thursday,0,night,20 - 5:59,,23.805381,90.374565,mirpur,dhaka,dhaka,28,27,26,353,,87,10,,,rainy,robbery,5
1078,9,39,monday,0,night,20 - 5:59,,23.805381,90.374565,mirpur,dhaka,dhaka,31,29,26,353,,83,10,,,rainy,robbery,5
1079,10,43,tuesday,0,morning,6 - 11:59,,23.805381,90.374565,mirpur,dhaka,dhaka,33,31,28,176,,69,10,,,rainy,robbery,5
1080,8,35,tuesday,0,night,20 - 5:59,,23.805381,90.374565,mirpur,dhaka,dhaka,34,31,27,356,,75,10,,,rainy,robbery,5
1081,2,7,friday,1,night,20 - 5:59,,23.805381,90.374565,mirpur,dhaka,dhaka,34,28,21,116,,41,10,,,winter,robbery,5
1082,4,16,sunday,0,night,20 - 5:59,,23.805381,90.374565,mirpur,dhaka,dhaka,40,35,29,119,,62,10,,,hot,robbery,5
1083,11,47,thursday,0,night,20 - 5:59,,23.805381,90.374565,mirpur,dhaka,dhaka,31,27,21,113,,63,10,,,winter,robbery,5
1084,11,47,thursday,0,night,20 - 5:59,,23.805381,90.374565,mirpur,dhaka,dhaka,31,27,21,113,,63,10,,,winter,robbery,5
1085,8,33,sunday,0,evening,18 - 19:59,,23.805381,90.374565,mirpur,dhaka,dhaka,31,29,26,353,,88,7,,,rainy,robbery,5
1086,5,22,monday,0,afternoon,16 - 17:59,,23.754232,90.410831,moghbazar,dhaka,dhaka,35,33,28,356,,75,8,,,hot,robbery,5
1087,8,32,wednesday,0,morning,6 - 11:59,,23.754232,90.410831,moghbazar,dhaka,dhaka,34,31,27,359,,79,9,,,rainy,robbery,5
1088,9,36,tuesday,0,night,20 - 5:59,,23.754232,90.410831,moghbazar,dhaka,dhaka,33,30,25,353,,83,9,,,rainy,robbery,5
1089,2,6,saturday,1,noon,12 - 15:59,,23.754232,90.410831,moghbazar,dhaka,dhaka,32,26,18,113,,39,10,,,winter,robbery,5
1090,7,29,tuesday,0,night,20 - 5:59,,23.784506,90.403409,mohakhali,dhaka,dhaka,32,30,27,353,,82,10,,,rainy,robbery,5
1091,5,19,thursday,0,morning,6 - 11:59,,23.760178,90.355229,mohammadpur,dhaka,dhaka,38,34,27,200,,59,10,,,hot,robbery,5
1092,3,10,friday,1,night,20 - 5:59,,23.760178,90.355229,mohammadpur,dhaka,dhaka,31,27,20,113,,39,10,,,hot,robbery,5
1093,7,30,thursday,0,night,20 - 5:59,,23.737051,90.423374,motijheel,dhaka,dhaka,32,30,27,356,,78,9,,,rainy,robbery,5
1094,4,17,monday,0,night,20 - 5:59,,23.737051,90.423374,motijheel,dhaka,dhaka,31,28,23,356,,66,9,,,hot,robbery,5
1095,9,36,wednesday,0,night,20 - 5:59,,23.737051,90.423374,motijheel,dhaka,dhaka,34,31,27,353,,77,10,,,rainy,robbery,5
1096,2,6,saturday,1,night,20 - 5:59,,23.7931,90.3861,kafrul,dhaka,dhaka,32,28,22,113,,58,10,,,winter,robbery,5
1097,8,32,sunday,0,night,20 - 5:59,,23.6667,90.1667,nawabganj,dhaka,dhaka,31,28,26,353,,88,9,,,rainy,robbery,5
1098,6,26,monday,0,night,20 - 5:59,,23.746693,90.394921,new eskaton,dhaka,dhaka,35,31,27,356,,84,8,,,rainy,robbery,5
1099,6,25,wednesday,0,night,20 - 5:59,,23.728907,90.417137,nilkhet,dhaka,dhaka,33,31,27,359,,74,8,,,rainy,robbery,5
1100,6,25,thursday,0,night,20 - 5:59,,23.728907,90.417137,nilkhet,dhaka,dhaka,35,33,28,116,,65,10,,,rainy,robbery,5
1101,4,14,wednesday,0,morning,6 - 11:59,,23.794413,90.413735,old dhaka,dhaka,dhaka,33,30,23,386,,73,8,,,hot,robbery,5
1102,11,46,wednesday,0,night,20 - 5:59,,23.794413,90.413735,old dhaka,dhaka,dhaka,32,29,24,113,,58,10,,,winter,robbery,5
1103,6,24,thursday,0,night,20 - 5:59,,23.794413,90.413735,old dhaka,dhaka,dhaka,33,31,29,359,,78,8,,,rainy,robbery,5
1104,4,16,thursday,0,noon,12 - 15:59,,23.794413,90.413735,old dhaka,dhaka,dhaka,38,34,29,116,,40,10,,,hot,robbery,5
1105,12,50,thursday,0,night,20 - 5:59,,23.794413,90.413735,old dhaka,dhaka,dhaka,30,27,23,113,,53,10,,,winter,robbery,5
1106,4,14,wednesday,0,morning,6 - 11:59,,23.794413,90.413735,old dhaka,dhaka,dhaka,33,30,23,386,,73,8,,,hot,robbery,5
1107,2,8,monday,0,night,20 - 5:59,,23.73368,90.413005,paltan,dhaka,dhaka,28,23,17,116,,67,10,,,winter,robbery,5
1108,4,16,thursday,0,night,20 - 5:59,,23.728907,90.417137,rajabazar,dhaka,dhaka,37,34,29,113,,39,10,,,hot,robbery,5
1109,6,25,thursday,0,noon,12 - 15:59,,23.759994,90.420113,rampura,dhaka,dhaka,32,30,28,353,,82,9,,,rainy,robbery,5
1110,4,16,thursday,0,night,20 - 5:59,,23.759994,90.420113,rampura,dhaka,dhaka,39,35,26,116,,40,10,,,hot,robbery,5
1111,11,46,monday,0,afternoon,16 - 17:59,,23.759994,90.420113,rampura,dhaka,dhaka,32,29,24,113,,69,10,,,winter,robbery,5
1112,3,10,tuesday,0,morning,6 - 11:59,,23.759994,90.420113,rampura,dhaka,dhaka,30,27,22,116,,52,10,,,hot,robbery,5
1113,6,25,wednesday,0,night,20 - 5:59,,23.77731,90.43628,rupnagar,dhaka,dhaka,33,30,26,353,,77,10,,,rainy,robbery,5
1114,2,6,sunday,0,morning,6 - 11:59,,23.733251,90.442769,sabujbagh,dhaka,dhaka,32,26,19,113,,43,10,,,winter,robbery,5
1115,1,53,sunday,0,noon,12 - 15:59,,23.85833,90.26667,savar,dhaka,dhaka,29,25,19,113,,51,10,,,winter,robbery,5
1116,9,36,thursday,0,morning,6 - 11:59,,22.62908,91.65212,saidpur,dhaka,dhaka,30,28,26,386,,87,7,,,rainy,robbery,5
1117,9,36,wednesday,0,night,20 - 5:59,,23.85833,90.26667,savar,dhaka,dhaka,32,30,26,386,,86,9,,,rainy,robbery,5
1118,6,25,friday,1,night,20 - 5:59,,23.85833,90.26667,savar,dhaka,dhaka,35,32,28,353,,77,10,,,rainy,robbery,5
1119,4,15,sunday,0,night,20 - 5:59,,23.85833,90.26667,savar,dhaka,dhaka,35,32,27,200,,60,10,,,hot,robbery,5
1120,2,6,monday,0,night,20 - 5:59,,23.85833,90.26667,savar,dhaka,dhaka,31,26,20,113,,42,10,,,winter,robbery,5
1121,4,17,tuesday,0,noon,12 - 15:59,,23.85833,90.26667,savar,dhaka,dhaka,36,32,26,356,,70,9,,,hot,robbery,5
1122,5,20,sunday,0,morning,6 - 11:59,,23.85833,90.26667,savar,dhaka,dhaka,34,31,28,353,,69,10,,,hot,robbery,5
1123,5,21,tuesday,0,morning,6 - 11:59,,23.85833,90.26667,savar,dhaka,dhaka,35,32,28,116,,66,10,,,hot,robbery,5
1124,11,47,wednesday,0,noon,12 - 15:59,,23.85833,90.26667,savar,dhaka,dhaka,30,27,23,116,,65,10,,,winter,robbery,5
1125,10,43,sunday,0,morning,6 - 11:59,,23.85833,90.26667,savar,dhaka,dhaka,36,30,25,176,,60,10,,,rainy,robbery,5
1126,3,10,tuesday,0,night,20 - 5:59,,23.85833,90.26667,savar,dhaka,dhaka,33,29,24,113,,58,10,,,hot,robbery,5
1127,3,10,tuesday,0,night,20 - 5:59,,23.85833,90.26667,savar,dhaka,dhaka,33,29,24,113,,58,10,,,hot,robbery,5
1128,2,6,monday,0,noon,12 - 15:59,,23.85833,90.26667,savar,dhaka,dhaka,33,28,21,113,,47,10,,,winter,robbery,5
1129,2,6,thursday,0,night,20 - 5:59,,23.85833,90.26667,savar,dhaka,dhaka,30,26,21,113,,47,10,,,winter,robbery,5
1130,11,47,saturday,1,morning,6 - 11:59,,23.85833,90.26667,savar,dhaka,dhaka,31,26,20,113,,76,10,,,winter,robbery,5
1131,11,47,sunday,0,afternoon,16 - 17:59,,23.85833,90.26667,savar,dhaka,dhaka,30,26,20,113,,69,10,,,winter,robbery,5
1132,6,26,tuesday,0,afternoon,16 - 17:59,,23.85833,90.26667,savar,dhaka,dhaka,35,33,28,116,,69,10,,,rainy,robbery,5
1133,1,2,friday,1,night,20 - 5:59,,23.85833,90.26667,savar,dhaka,dhaka,26,22,17,113,,63,10,,,winter,robbery,5
1134,1,4,wednesday,0,night,20 - 5:59,,23.85833,90.26667,savar,dhaka,dhaka,27,23,15,113,,41,10,,,winter,robbery,5
1135,6,25,saturday,1,night,20 - 5:59,,23.85833,90.26667,savar,dhaka,dhaka,31,28,27,356,,90,9,,,rainy,robbery,5
1136,6,23,sunday,0,night,20 - 5:59,,23.85833,90.26667,savar,dhaka,dhaka,34,31,28,386,,84,8,,,rainy,robbery,5
1137,10,44,tuesday,0,morning,6 - 11:59,,23.85833,90.26667,savar,dhaka,dhaka,35,30,25,113,,62,10,,,rainy,robbery,5
1138,4,15,monday,0,afternoon,16 - 17:59,,23.85833,90.26667,savar,dhaka,dhaka,42,36,27,116,,58,10,,,hot,robbery,5
1139,4,15,wednesday,0,night,20 - 5:59,,23.728907,90.417137,sayedabad,dhaka,dhaka,33,30,25,386,,72,8,,,hot,robbery,5
1140,4,15,wednesday,0,night,20 - 5:59,,23.728907,90.417137,sayedabad,dhaka,dhaka,33,30,25,386,,72,8,,,hot,robbery,5
1141,4,15,wednesday,0,night,20 - 5:59,,23.728907,90.417137,sayedabad,dhaka,dhaka,33,30,25,386,,72,8,,,hot,robbery,5
1142,4,15,wednesday,0,night,20 - 5:59,,23.728907,90.417137,sayedabad,dhaka,dhaka,33,30,25,386,,72,8,,,hot,robbery,5
1143,4,15,tuesday,0,night,20 - 5:59,,23.728907,90.417137,sayedabad,dhaka,dhaka,35,31,25,386,,66,9,,,hot,robbery,5
1144,4,15,wednesday,0,night,20 - 5:59,,23.728907,90.417137,sayedabad,dhaka,dhaka,33,30,25,386,,72,8,,,hot,robbery,5
1145,4,15,tuesday,0,night,20 - 5:59,,23.728907,90.417137,sayedabad,dhaka,dhaka,35,31,25,386,,66,9,,,hot,robbery,5
1146,4,15,tuesday,0,night,20 - 5:59,,23.728907,90.417137,sayedabad,dhaka,dhaka,35,31,25,386,,66,9,,,hot,robbery,5
1147,4,15,tuesday,0,night,20 - 5:59,,23.728907,90.417137,sayedabad,dhaka,dhaka,35,31,25,386,,66,9,,,hot,robbery,5
1148,9,37,thursday,0,morning,6 - 11:59,,23.728907,90.417137,sayedabad,dhaka,dhaka,35,33,29,119,,67,10,,,rainy,robbery,5
1149,12,52,tuesday,0,morning,6 - 11:59,,23.784506,90.403409,segunbagicha,dhaka,dhaka,27,23,18,113,,46,10,,,winter,robbery,5
1150,10,41,sunday,0,afternoon,16 - 17:59,,23.736484,90.397323,shahbagh,dhaka,dhaka,31,28,24,176,,84,10,,,rainy,robbery,5
1151,2,8,tuesday,0,night,20 - 5:59,,23.74534,90.4234,shahjahanpur,dhaka,dhaka,31,27,22,113,,41,10,,,winter,robbery,5
1152,3,10,thursday,0,morning,6 - 11:59,,23.74534,90.4234,shajahanpur,dhaka,dhaka,36,33,27,116,,39,10,,,hot,robbery,5
1153,11,48,monday,0,morning,6 - 11:59,,23.74534,90.4234,shajahanpur,dhaka,dhaka,33,29,24,113,,57,10,,,winter,robbery,5
1154,8,33,tuesday,0,night,20 - 5:59,,24.16667,90.41667,shonir akhra,dhaka,dhaka,33,30,26,356,,81,10,,,rainy,robbery,5
1155,7,29,sunday,0,noon,12 - 15:59,,23.77405872,90.3644076,shyamoli,dhaka,dhaka,33,30,26,353,,82,9,,,rainy,robbery,5
1156,3,9,saturday,1,noon,12 - 15:59,,23.783794,90.378374,taltola,dhaka,dhaka,37,32,25,113,,50,10,,,hot,robbery,5
1157,3,11,thursday,0,noon,12 - 15:59,,23.71384927,90.40776174,tanti bazar,dhaka,dhaka,34,30,22,113,,43,10,,,hot,robbery,5
1158,4,17,sunday,0,night,20 - 5:59,,23.763,90.3897,tejgaon,dhaka,dhaka,42,36,28,116,,55,10,,,hot,robbery,5
1159,1,2,saturday,1,night,20 - 5:59,,23.763,90.3897,tejgaon,dhaka,dhaka,28,23,17,113,,57,10,,,winter,robbery,5
1160,10,40,sunday,0,night,20 - 5:59,,23.720046,90.421578,tikatuli,dhaka,dhaka,34,32,28,353,,71,10,,,rainy,robbery,5
1161,6,23,thursday,0,night,20 - 5:59,,23.720046,90.421578,tikatuli,dhaka,dhaka,33,31,27,356,,78,9,,,rainy,robbery,5
1162,7,31,monday,0,night,20 - 5:59,,23.720046,90.421578,tikatuli,dhaka,dhaka,34,30,26,200,,82,8,,,rainy,robbery,5
1163,11,46,monday,0,morning,6 - 11:59,,23.860422,90.367672,turag,dhaka,dhaka,34,29,23,113,,57,10,,,winter,robbery,5
1164,3,11,monday,0,night,20 - 5:59,,23.860422,90.367672,turag,dhaka,dhaka,33,26,18,116,,33,10,,,hot,robbery,5
1165,4,15,sunday,0,noon,12 - 15:59,,23.860422,90.367672,turag,dhaka,dhaka,39,34,27,113,,41,10,,,hot,robbery,5
1166,8,34,friday,1,night,20 - 5:59,,23.874875,90.393071,uttara,dhaka,dhaka,33,30,26,356,,80,9,,,rainy,robbery,5
1167,6,25,sunday,0,morning,6 - 11:59,,23.874875,90.393071,uttara,dhaka,dhaka,33,30,27,359,,85,8,,,rainy,robbery,5
1168,10,43,wednesday,0,night,20 - 5:59,,23.874875,90.393071,uttara,dhaka,dhaka,35,31,26,113,,73,10,,,rainy,robbery,5
1169,1,1,thursday,0,noon,12 - 15:59,,23.874875,90.393071,uttara,dhaka,dhaka,30,25,19,113,,46,10,,,winter,robbery,5
1170,7,31,monday,0,night,20 - 5:59,,23.874875,90.393071,uttara,dhaka,dhaka,26,25,24,308,,90,8,,,rainy,robbery,5
1171,11,45,friday,1,night,20 - 5:59,,23.874875,90.393071,uttara,dhaka,dhaka,32,28,23,116,,66,10,,,winter,robbery,5
,4,15,monday,0,noon,12 - 15:59,,23.874875,90.393071,uttara,dhaka,dhaka,38,34,25,143,,60,9,,,hot,robbery,5
1173,3,13,monday,0,afternoon,16 - 17:59,,22.31667,91.81667,banshkhali,chattogram,chattogram,35,30,23,113,,54,10,,,hot,murder,10
1174,3,13,monday,0,afternoon,16 - 17:59,,22.31667,91.81667,banshkhali,chattogram,chattogram,35,30,23,113,,54,10,,,hot,murder,10
1175,8,32,tuesday,0,morning,6 - 11:59,,22.31667,91.81667,banshkhali,chattogram,chattogram,32,29,26,356,,83,9,,,rainy,murder,10
1176,3,9,saturday,1,afternoon,16 - 17:59,,22.31667,91.81667,banshkhali,chattogram,chattogram,30,27,23,113,,70,10,,,hot,murder,10
1177,4,16,tuesday,0,night,20 - 5:59,,22.31667,91.81667,boalkhali,chattogram,chattogram,32,30,26,299,,76,10,,,hot,murder,10
1178,4,16,thursday,0,night,20 - 5:59,,22.31667,91.81667,boalkhali,chattogram,chattogram,36,34,29,113,,57,10,,,hot,murder,10
1179,1,2,tuesday,0,night,20 - 5:59,,22.31667,91.81667,chandanaish,chattogram,chattogram,27,23,18,113,,60,10,,,winter,murder,10
1180,9,36,wednesday,0,night,20 - 5:59,,22.31667,91.81667,fatikchhari,chattogram,chattogram,31,28,25,356,,85,9,,,rainy,murder,10
1181,4,15,sunday,0,night,20 - 5:59,,22.31667,91.81667,fatikchhari,chattogram,chattogram,35,31,26,113,,76,10,,,hot,murder,10
1182,4,15,sunday,0,night,20 - 5:59,,22.31667,91.81667,fatikchhari,chattogram,chattogram,35,31,26,113,,76,10,,,hot,murder,10
1183,5,20,thursday,0,morning,6 - 11:59,,22.498796,91.807213,hathazari,chattogram,chattogram,32,30,28,353,,82,10,,,hot,murder,10
1184,5,20,friday,1,night,20 - 5:59,,22.498796,91.807213,hathazari,chattogram,chattogram,31,29,26,176,,78,9,,,hot,murder,10
1185,5,18,thursday,0,night,20 - 5:59,,22.498796,91.807213,hathazari,chattogram,chattogram,32,30,27,359,,78,8,,,hot,murder,10
1186,7,26,sunday,0,night,20 - 5:59,,22.31667,91.81667,karnafuli,chattogram,chattogram,30,29,27,359,,82,8,,,rainy,murder,10
1187,5,21,thursday,0,night,20 - 5:59,,22.31667,91.81667,lohagara,chattogram,chattogram,33,31,27,119,,79,10,,,hot,murder,10
1188,2,6,friday,1,morning,6 - 11:59,,22.31667,91.81667,lohagara,chattogram,chattogram,30,25,19,113,,51,10,,,winter,murder,10
1189,7,28,wednesday,0,night,20 - 5:59,,22.31667,91.81667,lohagara,chattogram,chattogram,31,29,26,356,,82,9,,,rainy,murder,10
1190,1,4,monday,0,afternoon,16 - 17:59,,22.31667,91.81667,mirsharai,chattogram,chattogram,26,23,18,113,,60,10,,,winter,murder,10
1191,1,4,tuesday,0,night,20 - 5:59,,22.31667,91.81667,mirsharai,chattogram,chattogram,29,24,18,113,,60,10,,,winter,murder,10
1192,7,27,sunday,0,morning,6 - 11:59,,22.31667,91.81667,mirsharai,chattogram,chattogram,29,28,27,359,,88,5,,,rainy,murder,10
1193,10,44,tuesday,0,afternoon,16 - 17:59,,22.359626,91.8301695,chattogram city,chattogram,chattogram,26,24,22,302,,86,7,,,rainy,murder,10
1194,7,31,monday,0,night,20 - 5:59,,22.359626,91.8301695,chattogram city,chattogram,chattogram,32,30,27,386,,82,9,,,rainy,murder,10
1195,11,48,friday,1,morning,6 - 11:59,,22.359626,91.8301695,chattogram city,chattogram,chattogram,28,25,20,113,,73,10,,,winter,murder,10
1196,12,50,friday,1,noon,12 - 15:59,,22.359626,91.8301695,chattogram city,chattogram,chattogram,27,24,21,119,,64,10,,,winter,murder,10
1197,10,43,tuesday,0,night,20 - 5:59,,22.359626,91.8301695,chattogram city,chattogram,chattogram,31,29,26,176,,78,10,,,rainy,murder,10
1198,1,3,tuesday,0,noon,12 - 15:59,,22.359626,91.8301695,chattogram city,chattogram,chattogram,24,22,17,113,,68,10,,,winter,murder,10
1199,1,3,tuesday,0,noon,12 - 15:59,,22.359626,91.8301695,chattogram city,chattogram,chattogram,24,22,17,113,,68,10,,,winter,murder,10
1200,10,42,saturday,1,night,20 - 5:59,,22.359626,91.8301695,chattogram city,chattogram,chattogram,33,29,26,176,,81,10,,,rainy,murder,10
1201,10,41,monday,0,night,20 - 5:59,,22.359626,91.8301695,chattogram city,chattogram,chattogram,30,28,25,176,,78,10,,,rainy,murder,10
1202,11,44,thursday,0,morning,6 - 11:59,,22.359626,91.8301695,chattogram city,chattogram,chattogram,30,27,23,116,,74,10,,,winter,murder,10
1203,4,16,monday,0,night,20 - 5:59,,22.359626,91.8301695,chattogram city,chattogram,chattogram,34,30,24,113,,54,10,,,hot,murder,10
1204,5,20,wednesday,0,night,20 - 5:59,,22.359626,91.8301695,chattogram city,chattogram,chattogram,32,30,27,356,,79,8,,,hot,murder,10
1205,4,17,friday,1,afternoon,16 - 17:59,,22.359626,91.8301695,chattogram city,chattogram,chattogram,33,30,25,116,,75,10,,,hot,murder,10
1206,4,14,wednesday,0,night,20 - 5:59,,22.359626,91.8301695,chattogram city,chattogram,chattogram,30,28,25,386,,79,10,,,hot,murder,10
1207,4,15,monday,0,morning,6 - 11:59,,22.359626,91.8301695,chattogram city,chattogram,chattogram,34,30,25,143,,81,7,,,hot,murder,10
1208,4,14,thursday,0,night,20 - 5:59,,22.359626,91.8301695,chattogram city,chattogram,chattogram,31,28,24,113,,74,10,,,hot,murder,10
1209,4,14,tuesday,0,night,20 - 5:59,,22.359626,91.8301695,chattogram city,chattogram,chattogram,33,30,25,113,,65,10,,,hot,murder,10
1210,4,14,saturday,1,night,20 - 5:59,,22.359626,91.8301695,chattogram city,chattogram,chattogram,33,29,23,143,,74,9,,,hot,murder,10
1211,8,34,tuesday,0,night,20 - 5:59,,22.359626,91.8301695,chattogram city,chattogram,chattogram,32,29,26,176,,84,10,,,rainy,murder,10
1212,8,33,friday,1,night,20 - 5:59,,22.359626,91.8301695,chattogram city,chattogram,chattogram,31,29,26,176,,84,9,,,rainy,murder,10
1213,2,5,friday,1,night,20 - 5:59,,22.359626,91.8301695,chattogram city,chattogram,chattogram,29,24,19,113,,54,10,,,winter,murder,10
1214,5,22,thursday,0,morning,6 - 11:59,,22.359626,91.8301695,chattogram city,chattogram,chattogram,32,30,27,356,,76,8,,,hot,murder,10
1215,3,9,tuesday,0,night,20 - 5:59,,22.359626,91.8301695,chattogram city,chattogram,chattogram,31,28,22,113,,65,10,,,hot,murder,10
1216,6,24,sunday,0,night,20 - 5:59,,22.359626,91.8301695,chattogram city,chattogram,chattogram,32,30,27,356,,84,9,,,rainy,murder,10
1217,8,35,monday,0,noon,12 - 15:59,,22.359626,91.8301695,chattogram city,chattogram,chattogram,30,28,26,356,,87,9,,,rainy,murder,10
1218,3,11,tuesday,0,morning,6 - 11:59,,22.359626,91.8301695,chattogram city,chattogram,chattogram,29,26,21,113,,48,10,,,hot,murder,10
1219,9,36,friday,1,night,20 - 5:59,,22.359626,91.8301695,chattogram city,chattogram,chattogram,30,28,27,359,,85,7,,,rainy,murder,10
1220,4,14,thursday,0,night,20 - 5:59,,22.359626,91.8301695,chattogram city,chattogram,chattogram,33,30,26,116,,78,10,,,hot,murder,10
1221,4,17,wednesday,0,night,20 - 5:59,,22.359626,91.8301695,chattogram city,chattogram,chattogram,33,30,26,119,,80,10,,,hot,murder,10
1222,3,12,friday,1,night,20 - 5:59,,22.359626,91.8301695,chattogram city,chattogram,chattogram,32,28,21,113,,73,10,,,hot,murder,10
1223,6,24,sunday,0,night,20 - 5:59,,22.359626,91.8301695,chattogram city,chattogram,chattogram,32,30,27,356,,84,9,,,rainy,murder,10
1224,6,25,monday,0,night,20 - 5:59,,22.359626,91.8301695,chattogram city,chattogram,chattogram,31,29,26,356,,80,10,,,rainy,murder,10
1225,6,25,tuesday,0,night,20 - 5:59,,22.359626,91.8301695,chattogram city,chattogram,chattogram,33,31,28,116,,80,10,,,rainy,murder,10
1226,6,25,monday,0,night,20 - 5:59,,22.359626,91.8301695,chattogram city,chattogram,chattogram,33,31,27,116,,80,10,,,rainy,murder,10
1227,4,15,wednesday,0,night,20 - 5:59,,22.359626,91.8301695,chattogram city,chattogram,chattogram,33,29,24,176,,78,8,,,hot,murder,10
1228,4,14,sunday,0,night,20 - 5:59,,22.359626,91.8301695,chattogram city,chattogram,chattogram,34,29,25,116,,70,10,,,hot,murder,10
1229,5,20,tuesday,0,night,20 - 5:59,,22.359626,91.8301695,chattogram city,chattogram,chattogram,35,31,27,200,,78,10,,,hot,murder,10
1230,4,16,wednesday,0,night,20 - 5:59,,22.359626,91.8301695,chattogram city,chattogram,chattogram,37,32,25,143,,72,7,,,hot,murder,10
1231,4,15,sunday,0,night,20 - 5:59,,22.359626,91.8301695,chattogram city,chattogram,chattogram,35,31,26,113,,76,10,,,hot,murder,10
1232,5,19,saturday,1,night,20 - 5:59,,22.359626,91.8301695,chattogram city,chattogram,chattogram,33,30,26,119,,79,10,,,hot,murder,10
1233,5,19,friday,1,night,20 - 5:59,,22.359626,91.8301695,chattogram city,chattogram,chattogram,34,30,27,122,,78,10,,,hot,murder,10
1234,9,36,friday,1,night,20 - 5:59,,22.359626,91.8301695,chattogram city,chattogram,chattogram,31,28,25,386,,84,10,,,rainy,murder,10
1235,9,39,saturday,1,evening,18 - 19:59,,22.359626,91.8301695,chattogram city,chattogram,chattogram,32,30,27,113,,82,10,,,rainy,murder,10
1236,5,21,friday,1,morning,6 - 11:59,,22.359626,91.8301695,chattogram city,chattogram,chattogram,33,31,27,176,,76,10,,,hot,murder,10
1237,5,19,friday,1,night,20 - 5:59,,22.359626,91.8301695,chattogram city,chattogram,chattogram,34,31,27,200,,77,10,,,hot,murder,10
1238,3,12,tuesday,0,night,20 - 5:59,,22.359626,91.8301695,chattogram city,chattogram,chattogram,33,30,26,113,,59,10,,,hot,murder,10
1239,2,8,friday,1,night,20 - 5:59,,22.359626,91.8301695,chattogram city,chattogram,chattogram,31,27,20,113,,70,10,,,winter,murder,10
1240,3,13,monday,0,noon,12 - 15:59,,22.359626,91.8301695,chattogram city,chattogram,chattogram,33,29,24,113,,73,10,,,hot,murder,10
1241,8,35,monday,0,night,20 - 5:59,,22.359626,91.8301695,chattogram city,chattogram,chattogram,31,29,26,356,,84,9,,,rainy,murder,10
1242,2,8,sunday,0,night,20 - 5:59,,22.359626,91.8301695,chattogram city,chattogram,chattogram,30,26,20,113,,49,10,,,winter,murder,10
1243,2,8,saturday,1,night,20 - 5:59,,22.359626,91.8301695,chattogram city,chattogram,chattogram,30,27,21,113,,51,10,,,winter,murder,10
1244,2,5,sunday,0,afternoon,16 - 17:59,,22.359626,91.8301695,chattogram city,chattogram,chattogram,30,26,18,113,,58,10,,,winter,murder,10
1245,2,6,saturday,1,night,20 - 5:59,,22.359626,91.8301695,chattogram city,chattogram,chattogram,30,26,19,113,,53,10,,,winter,murder,10
1246,2,6,saturday,1,night,20 - 5:59,,22.359626,91.8301695,chattogram city,chattogram,chattogram,30,26,19,113,,53,10,,,winter,murder,10
1247,2,5,sunday,0,afternoon,16 - 17:59,,22.359626,91.8301695,chattogram city,chattogram,chattogram,30,26,18,113,,58,10,,,winter,murder,10
1248,1,2,monday,0,night,20 - 5:59,,22.359626,91.8301695,chattogram city,chattogram,chattogram,28,24,18,113,,56,10,,,winter,murder,10
1249,6,26,sunday,0,afternoon,16 - 17:59,,22.359626,91.8301695,chattogram city,chattogram,chattogram,33,31,28,359,,78,8,,,rainy,murder,10
1250,7,27,sunday,0,night,20 - 5:59,,22.359626,91.8301695,chattogram city,chattogram,chattogram,31,29,26,356,,81,9,,,rainy,murder,10
1251,1,2,monday,0,night,20 - 5:59,,22.359626,91.8301695,chattogram city,chattogram,chattogram,28,24,18,113,,56,10,,,winter,murder,10
1252,6,25,friday,1,night,20 - 5:59,,22.359626,91.8301695,chattogram city,chattogram,chattogram,32,30,28,359,,83,7,,,rainy,murder,10
1253,1,3,tuesday,0,night,20 - 5:59,,22.359626,91.8301695,chattogram city,chattogram,chattogram,27,23,18,113,,57,10,,,winter,murder,10
1254,11,47,tuesday,0,night,20 - 5:59,,22.359626,91.8301695,chattogram city,chattogram,chattogram,27,24,19,113,,64,10,,,winter,murder,10
1255,2,7,sunday,0,night,20 - 5:59,,22.359626,91.8301695,chattogram city,chattogram,chattogram,27,23,19,113,,66,10,,,winter,murder,10
1256,4,17,tuesday,0,night,20 - 5:59,,22.31667,91.81667,patiya,chattogram,chattogram,37,33,26,113,,45,10,,,hot,murder,10
1257,1,3,friday,1,morning,6 - 11:59,,22.31667,91.81667,patiya,chattogram,chattogram,27,23,17,113,,60,10,,,winter,murder,10
1258,2,6,friday,1,night,20 - 5:59,,22.31667,91.81667,patiya,chattogram,chattogram,29,26,20,113,,58,10,,,winter,murder,10
1259,12,49,monday,0,night,20 - 5:59,,22.31667,91.81667,patiya,chattogram,chattogram,26,23,19,113,,68,10,,,winter,murder,10
1260,5,18,friday,1,night,20 - 5:59,,22.31667,91.81667,rangunia,chattogram,chattogram,32,29,26,359,,75,8,,,hot,murder,10
1261,8,33,monday,0,night,20 - 5:59,,22.31667,91.81667,rangunia,chattogram,chattogram,30,29,26,356,,86,9,,,rainy,murder,10
1262,3,9,tuesday,0,night,20 - 5:59,,22.31667,91.81667,rangunia,chattogram,chattogram,31,28,22,113,,65,10,,,hot,murder,10
1263,1,4,wednesday,0,night,20 - 5:59,,22.31667,91.81667,rangunia,chattogram,chattogram,30,25,18,113,,59,10,,,winter,murder,10
1264,1,4,wednesday,0,night,20 - 5:59,,22.31667,91.81667,rangunia,chattogram,chattogram,30,25,18,113,,59,10,,,winter,murder,10
1265,7,27,saturday,1,night,20 - 5:59,,22.31667,91.81667,raozan,chattogram,chattogram,29,28,27,359,,89,5,,,rainy,murder,10
1266,4,17,wednesday,0,night,20 - 5:59,,22.31667,91.81667,sandwip,chattogram,chattogram,33,30,26,119,,80,10,,,hot,murder,10
1267,5,20,wednesday,0,morning,6 - 11:59,,22.31667,91.81667,sandwip,chattogram,chattogram,32,30,27,356,,79,8,,,hot,murder,10
1268,2,7,wednesday,0,night,20 - 5:59,,22.31667,91.81667,sandwip,chattogram,chattogram,31,28,22,113,,46,10,,,winter,murder,10
1269,2,5,saturday,1,afternoon,16 - 17:59,,22.31667,91.81667,satkania,chattogram,chattogram,27,23,17,113,,45,10,,,winter,murder,10
1270,4,16,friday,1,night,20 - 5:59,,22.31667,91.81667,satkania,chattogram,chattogram,32,30,26,176,,78,10,,,hot,murder,10
1271,9,38,wednesday,0,afternoon,16 - 17:59,,22.31667,91.81667,satkania,chattogram,chattogram,33,30,26,176,,79,10,,,rainy,murder,10
1272,5,20,tuesday,0,night,20 - 5:59,,22.359626,91.8301695,sitakunda,chattogram,chattogram,34,31,28,122,,77,10,,,hot,murder,10
1273,4,15,saturday,1,night,20 - 5:59,,22.359626,91.8301695,sitakunda,chattogram,chattogram,33,30,25,113,,75,10,,,hot,murder,10
1274,5,20,friday,1,night,20 - 5:59,,22.359626,91.8301695,sitakunda,chattogram,chattogram,33,31,27,353,,77,10,,,hot,murder,10
1275,5,20,tuesday,0,night,20 - 5:59,,22.359626,91.8301695,sitakunda,chattogram,chattogram,34,31,28,122,,77,10,,,hot,murder,10
1276,5,20,friday,1,morning,6 - 11:59,,22.359626,91.8301695,sitakunda,chattogram,chattogram,32,30,25,359,,77,8,,,hot,murder,10
1277,12,1,monday,0,afternoon,16 - 17:59,,22.359626,91.8301695,sitakunda,chattogram,chattogram,28,24,17,113,,61,10,,,winter,murder,10
1278,5,20,wednesday,0,night,20 - 5:59,,22.359626,91.8301695,sitakunda,chattogram,chattogram,34,31,27,356,,74,9,,,hot,murder,10
1279,2,8,wednesday,0,night,20 - 5:59,,22.359626,91.8301695,sitakunda,chattogram,chattogram,30,27,23,176,,74,10,,,winter,murder,10
1280,10,41,thursday,0,night,20 - 5:59,,22.359626,91.8301695,sitakunda,chattogram,chattogram,24,24,23,308,,93,6,,,rainy,murder,10
1281,1,3,sunday,0,morning,6 - 11:59,,22.31667,91.81667,anwara,chattogram,chattogram,28,25,21,113,,71,10,,,winter,rape,7
1282,7,27,wednesday,0,night,20 - 5:59,,22.31667,91.81667,anwara,chattogram,chattogram,30,28,26,359,,89,5,,,rainy,rape,7
1283,11,46,sunday,0,night,20 - 5:59,,22.31667,91.81667,banshkhali,chattogram,chattogram,29,26,23,113,,69,10,,,winter,rape,7
1284,6,22,thursday,0,night,20 - 5:59,,22.31667,91.81667,banshkhali,chattogram,chattogram,32,30,27,386,,81,9,,,rainy,rape,7
1285,4,17,wednesday,0,night,20 - 5:59,,22.31667,91.81667,banshkhali,chattogram,chattogram,37,34,28,113,,48,10,,,hot,rape,7
1286,4,16,wednesday,0,morning,6 - 11:59,,22.31667,91.81667,banshkhali,chattogram,chattogram,33,30,25,176,,78,9,,,hot,rape,7
1287,4,15,tuesday,0,morning,6 - 11:59,,22.31667,91.81667,banshkhali,chattogram,chattogram,32,29,24,113,,73,10,,,hot,rape,7
1288,8,35,thursday,0,night,20 - 5:59,,22.31667,91.81667,boalkhali,chattogram,chattogram,31,29,26,356,,82,9,,,rainy,rape,7
1289,10,40,tuesday,0,night,20 - 5:59,,22.31667,91.81667,boalkhali,chattogram,chattogram,33,31,28,356,,78,8,,,rainy,rape,7
1290,1,4,saturday,1,morning,6 - 11:59,,22.31667,91.81667,fatikchhari,chattogram,chattogram,26,22,18,113,,68,10,,,winter,rape,7
1291,4,15,sunday,0,night,20 - 5:59,,22.31667,91.81667,fatikchhari,chattogram,chattogram,35,31,26,113,,76,10,,,hot,rape,7
1292,3,10,sunday,0,night,20 - 5:59,,22.498796,91.807213,hathazari,chattogram,chattogram,32,29,23,113,,50,10,,,hot,rape,7
1293,3,11,monday,0,night,20 - 5:59,,22.498796,91.807213,hathazari,chattogram,chattogram,31,28,24,113,,62,10,,,hot,rape,7
1294,5,20,wednesday,0,night,20 - 5:59,,22.498796,91.807213,hathazari,chattogram,chattogram,31,30,27,356,,81,9,,,hot,rape,7
1295,7,29,saturday,1,night,20 - 5:59,,22.31667,91.81667,karnafuli,chattogram,chattogram,31,29,27,356,,84,9,,,rainy,rape,7
1296,12,49,wednesday,0,night,20 - 5:59,,22.31667,91.81667,karnafuli,chattogram,chattogram,27,23,18,113,,65,10,,,winter,rape,7
1297,5,21,monday,0,night,20 - 5:59,,22.31667,91.81667,lohagara,chattogram,chattogram,34,32,28,353,,79,10,,,hot,rape,7
1298,10,40,saturday,1,night,20 - 5:59,,22.31667,91.81667,lohagara,chattogram,chattogram,31,29,26,176,,82,10,,,rainy,rape,7
1299,7,29,sunday,0,night,20 - 5:59,,22.31667,91.81667,mirsharai,chattogram,chattogram,29,28,26,359,,85,6,,,rainy,rape,7
1300,11,45,saturday,1,night,20 - 5:59,,22.31667,91.81667,mirsharai,chattogram,chattogram,30,26,21,113,,71,10,,,winter,rape,7
1301,2,8,wednesday,0,night,20 - 5:59,,22.31667,91.81667,mirsharai,chattogram,chattogram,29,26,20,113,,69,10,,,winter,rape,7
1302,3,11,friday,1,night,20 - 5:59,,22.359626,91.8301695,chattogram city,chattogram,chattogram,28,26,22,353,,80,9,,,hot,rape,7
1303,7,28,tuesday,0,night,20 - 5:59,,22.359626,91.8301695,chattogram city,chattogram,chattogram,31,29,26,356,,85,8,,,rainy,rape,7
1304,7,28,thursday,0,night,20 - 5:59,,22.359626,91.8301695,chattogram city,chattogram,chattogram,32,29,26,353,,83,9,,,rainy,rape,7
1305,8,32,monday,0,night,20 - 5:59,,22.393836,91.865371,chandgaon,chattogram,chattogram,30,28,26,359,,88,8,,,rainy,rape,7
1306,7,30,tuesday,0,morning,6 - 11:59,,22.359626,91.8301695,chattogram city,chattogram,chattogram,28,28,26,359,,89,5,,,rainy,rape,7
1307,7,27,sunday,0,night,20 - 5:59,,22.359626,91.8301695,chattogram city,chattogram,chattogram,30,28,26,359,,87,8,,,rainy,rape,7
1308,3,11,friday,1,evening,18 - 19:59,,22.359626,91.8301695,chattogram city,chattogram,chattogram,34,30,25,113,,52,10,,,hot,rape,7
1309,8,35,wednesday,0,night,20 - 5:59,,22.359626,91.8301695,chattogram city,chattogram,chattogram,32,30,27,356,,83,9,,,rainy,rape,7
1310,6,25,friday,1,night,20 - 5:59,,22.358732,91.775428,pahartali,chattogram,chattogram,32,30,27,353,,79,10,,,rainy,rape,7
1311,5,22,saturday,1,night,20 - 5:59,,22.359626,91.8301695,chattogram city,chattogram,chattogram,34,31,27,176,,77,9,,,hot,rape,7
1312,6,26,tuesday,0,night,20 - 5:59,,22.359626,91.8301695,chattogram city,chattogram,chattogram,30,29,26,356,,84,9,,,rainy,rape,7
1313,10,42,thursday,0,night,20 - 5:59,,22.359626,91.8301695,chattogram city,chattogram,chattogram,30,28,24,113,,77,10,,,rainy,rape,7
1314,10,42,thursday,0,night,20 - 5:59,,22.359626,91.8301695,chattogram city,chattogram,chattogram,30,28,24,113,,77,10,,,rainy,rape,7
1315,9,38,sunday,0,noon,12 - 15:59,,22.359626,91.8301695,chattogram city,chattogram,chattogram,32,30,26,353,,81,10,,,rainy,rape,7
1316,9,35,sunday,0,noon,12 - 15:59,,22.359626,91.8301695,chattogram city,chattogram,chattogram,29,27,25,356,,88,9,,,rainy,rape,7
1317,6,24,sunday,0,night,20 - 5:59,,22.359626,91.8301695,chattogram city,chattogram,chattogram,31,29,27,353,,83,10,,,rainy,rape,7
1318,4,15,wednesday,0,night,20 - 5:59,,22.359626,91.8301695,chattogram city,chattogram,chattogram,33,29,25,176,,72,10,,,hot,rape,7
1319,4,14,sunday,0,morning,6 - 11:59,,22.359626,91.8301695,chattogram city,chattogram,chattogram,34,30,26,119,,79,10,,,hot,rape,7
1320,6,23,wednesday,0,night,20 - 5:59,,22.359626,91.8301695,chattogram city,chattogram,chattogram,35,33,29,113,,74,10,,,rainy,rape,7
1321,1,3,sunday,0,night,20 - 5:59,,22.359626,91.8301695,chattogram city,chattogram,chattogram,26,23,17,113,,57,10,,,winter,rape,7
1322,1,3,sunday,0,night,20 - 5:59,,22.359626,91.8301695,chattogram city,chattogram,chattogram,26,23,17,113,,57,10,,,winter,rape,7
1323,8,33,sunday,0,night,20 - 5:59,,22.359626,91.8301695,chattogram city,chattogram,chattogram,30,28,25,176,,86,9,,,rainy,rape,7
1324,8,33,thursday,0,noon,12 - 15:59,,22.359626,91.8301695,chattogram city,chattogram,chattogram,31,29,26,356,,84,9,,,rainy,rape,7
1325,11,45,tuesday,0,night,20 - 5:59,,22.359626,91.8301695,chattogram city,chattogram,chattogram,30,27,23,176,,79,10,,,winter,rape,7
1326,11,46,tuesday,0,night,20 - 5:59,,22.359626,91.8301695,chattogram city,chattogram,chattogram,29,26,22,116,,67,10,,,winter,rape,7
1327,4,15,monday,0,night,20 - 5:59,,22.359626,91.8301695,chattogram city,chattogram,chattogram,31,29,25,116,,78,10,,,hot,rape,7
1328,11,44,tuesday,0,night,20 - 5:59,,22.359626,91.8301695,chattogram city,chattogram,chattogram,32,29,25,176,,80,10,,,winter,rape,7
1329,1,4,tuesday,0,evening,18 - 19:59,,22.359626,91.8301695,chattogram city,chattogram,chattogram,25,21,17,113,,63,10,,,winter,rape,7
1330,1,4,friday,1,evening,18 - 19:59,,22.359626,91.8301695,chattogram city,chattogram,chattogram,24,20,15,113,,56,10,,,winter,rape,7
1331,3,12,wednesday,0,evening,18 - 19:59,,22.359626,91.8301695,chattogram city,chattogram,chattogram,31,28,23,113,,69,10,,,hot,rape,7
1332,2,8,tuesday,0,night,20 - 5:59,,22.359626,91.8301695,chattogram city,chattogram,chattogram,26,24,19,113,,65,10,,,winter,rape,7
1333,1,3,wednesday,0,evening,18 - 19:59,,22.359626,91.8301695,chattogram city,chattogram,chattogram,26,23,18,113,,67,10,,,winter,rape,7
1334,10,41,friday,1,morning,6 - 11:59,,22.359626,91.8301695,chattogram city,chattogram,chattogram,32,29,27,176,,79,10,,,rainy,rape,7
1335,11,46,tuesday,0,night,20 - 5:59,,22.31667,91.81667,patiya,chattogram,chattogram,29,27,23,176,,83,10,,,winter,rape,7
1336,9,36,sunday,0,night,20 - 5:59,,22.31667,91.81667,patiya,chattogram,chattogram,30,28,26,356,,86,8,,,rainy,rape,7
1337,5,22,wednesday,0,night,20 - 5:59,,22.31667,91.81667,rangunia,chattogram,chattogram,33,31,28,176,,75,10,,,hot,rape,7
1338,7,31,monday,0,night,20 - 5:59,,22.31667,91.81667,sandwip,chattogram,chattogram,30,28,27,359,,86,8,,,rainy,rape,7
1339,9,37,monday,0,night,20 - 5:59,,22.31667,91.81667,satkania,chattogram,chattogram,29,28,26,356,,88,8,,,rainy,rape,7
1340,8,34,tuesday,0,night,20 - 5:59,,22.359626,91.8301695,sitakunda,chattogram,chattogram,28,27,25,359,,90,7,,,rainy,rape,7
1341,5,22,tuesday,0,night,20 - 5:59,,22.31667,91.81667,anwara,chattogram,chattogram,33,30,27,176,,78,10,,,hot,assault,6
1342,9,37,thursday,0,afternoon,16 - 17:59,,22.31667,91.81667,anwara,chattogram,chattogram,32,29,26,353,,82,9,,,rainy,assault,6
1343,10,42,sunday,0,night,20 - 5:59,,22.31667,91.81667,anwara,chattogram,chattogram,28,27,25,356,,85,8,,,rainy,assault,6
1344,4,17,tuesday,0,morning,6 - 11:59,,22.31667,91.81667,anwara,chattogram,chattogram,31,29,26,353,,84,8,,,hot,assault,6
1345,9,37,friday,1,night,20 - 5:59,,22.31667,91.81667,anwara,chattogram,chattogram,32,29,26,176,,82,10,,,rainy,assault,6
1346,5,19,monday,0,night,20 - 5:59,,22.31667,91.81667,banshkhali,chattogram,chattogram,34,31,26,113,,77,10,,,hot,assault,6
1347,2,7,thursday,0,morning,6 - 11:59,,22.31667,91.81667,banshkhali,chattogram,chattogram,27,24,18,113,,45,10,,,winter,assault,6
1348,10,43,saturday,1,night,20 - 5:59,,22.31667,91.81667,boalkhali,chattogram,chattogram,31,27,23,113,,76,10,,,rainy,assault,6
1349,7,28,sunday,0,morning,6 - 11:59,,22.31667,91.81667,boalkhali,chattogram,chattogram,30,29,27,353,,87,10,,,rainy,assault,6
1350,4,16,tuesday,0,night,20 - 5:59,,22.31667,91.81667,fatikchhari,chattogram,chattogram,34,30,25,113,,79,7,,,hot,assault,6
1351,6,26,wednesday,0,morning,6 - 11:59,,22.31667,91.81667,fatikchhari,chattogram,chattogram,32,30,27,353,,82,10,,,rainy,assault,6
1352,12,49,sunday,0,morning,6 - 11:59,,22.498796,91.807213,hathazari,chattogram,chattogram,25,23,19,116,,71,10,,,winter,assault,6
1353,11,47,wednesday,0,noon,12 - 15:59,,22.31667,91.81667,karnafuli,chattogram,chattogram,28,24,20,113,,68,10,,,winter,assault,6
1354,8,35,sunday,0,morning,6 - 11:59,,22.31667,91.81667,mirsharai,chattogram,chattogram,31,29,26,356,,82,8,,,rainy,assault,6
1355,1,2,monday,0,night,20 - 5:59,,22.31667,91.81667,raozan,chattogram,chattogram,26,23,18,113,,64,10,,,winter,assault,6
1356,7,29,wednesday,0,noon,12 - 15:59,,22.359626,91.8301695,chattogram city,chattogram,chattogram,30,28,26,356,,87,9,,,rainy,assault,6
1357,11,46,sunday,0,night,20 - 5:59,,22.362823,91.7969625,chittagong university,chattogram,chattogram,30,28,24,113,,80,10,,,winter,assault,6
1358,9,37,thursday,0,noon,12 - 15:59,,22.359626,91.8301695,chattogram city,chattogram,chattogram,32,29,26,353,,82,9,,,rainy,assault,6
1359,9,38,tuesday,0,afternoon,16 - 17:59,,22.362823,91.7969625,chittagong university,chattogram,chattogram,29,28,26,359,,87,8,,,rainy,assault,6
1360,5,19,friday,1,afternoon,16 - 17:59,,22.31667,91.81667,agrabad,chattogram,chattogram,35,32,28,386,,75,10,,,hot,assault,6
1361,5,21,saturday,1,afternoon,16 - 17:59,,22.362823,91.7969625,chittagong university,chattogram,chattogram,27,27,27,200,,90,9,,,hot,assault,6
1362,10,40,tuesday,0,noon,12 - 15:59,,22.359626,91.8301695,chattogram city,chattogram,chattogram,32,30,27,176,,80,10,,,rainy,assault,6
1363,11,45,monday,0,night,20 - 5:59,,22.362823,91.7969625,chittagong university,chattogram,chattogram,31,28,23,113,,77,10,,,winter,assault,6
1364,11,46,thursday,0,night,20 - 5:59,,22.362823,91.7969625,chittagong university,chattogram,chattogram,29,26,23,353,,85,9,,,winter,assault,6
1365,7,30,sunday,0,noon,12 - 15:59,,22.359626,91.8301695,chattogram city,chattogram,chattogram,30,28,27,356,,87,9,,,rainy,assault,6
1366,9,39,monday,0,noon,12 - 15:59,,22.359626,91.8301695,chattogram city,chattogram,chattogram,33,30,27,176,,79,9,,,rainy,assault,6
1367,9,39,wednesday,0,afternoon,16 - 17:59,,22.362823,91.7969625,chittagong university,chattogram,chattogram,33,30,27,359,,83,7,,,rainy,assault,6
1368,9,39,monday,0,noon,12 - 15:59,,22.359626,91.8301695,chattogram city,chattogram,chattogram,33,30,27,176,,79,9,,,rainy,assault,6
1369,10,40,tuesday,0,night,20 - 5:59,,22.362823,91.7969625,chittagong university,chattogram,chattogram,33,31,28,356,,78,8,,,rainy,assault,6
1370,8,31,sunday,0,noon,12 - 15:59,,22.362823,91.7969625,chittagong university,chattogram,chattogram,30,28,26,353,,83,10,,,rainy,assault,6
1371,8,31,sunday,0,noon,12 - 15:59,,22.362823,91.7969625,chittagong university,chattogram,chattogram,30,28,26,353,,83,10,,,rainy,assault,6
1372,8,32,thursday,0,night,20 - 5:59,,22.362823,91.7969625,chittagong university,chattogram,chattogram,31,29,26,386,,82,8,,,rainy,assault,6
1373,8,35,monday,0,night,20 - 5:59,,22.362823,91.7969625,chittagong university,chattogram,chattogram,32,30,27,356,,79,9,,,rainy,assault,6
1374,3,13,tuesday,0,morning,6 - 11:59,,22.362823,91.7969625,chittagong university,chattogram,chattogram,32,28,24,176,,79,10,,,hot,assault,6
1375,11,48,wednesday,0,noon,12 - 15:59,,22.393836,91.865371,chandgaon,chattogram,chattogram,30,27,22,113,,76,10,,,winter,assault,6
1376,4,14,tuesday,0,morning,6 - 11:59,,22.358732,91.775428,pahartali,chattogram,chattogram,33,30,25,113,,65,10,,,hot,assault,6
1377,3,13,saturday,1,night,20 - 5:59,,22.359626,91.8301695,chattogram city,chattogram,chattogram,32,28,22,113,,70,10,,,hot,assault,6
1378,5,18,saturday,1,morning,6 - 11:59,,22.359626,91.8301695,chattogram city,chattogram,chattogram,32,29,25,176,,77,10,,,hot,assault,6
1379,4,14,saturday,1,noon,12 - 15:59,,22.362823,91.7969625,chittagong university,chattogram,chattogram,35,31,26,116,,80,10,,,hot,assault,6
1380,4,15,thursday,0,noon,12 - 15:59,,22.362823,91.7969625,chittagong university,chattogram,chattogram,36,32,26,113,,64,10,,,hot,assault,6
1381,3,11,thursday,0,night,20 - 5:59,,22.359626,91.8301695,chattogram city,chattogram,chattogram,32,28,22,113,,76,10,,,hot,assault,6
1382,11,45,sunday,0,night,20 - 5:59,,22.362823,91.7969625,chittagong university,chattogram,chattogram,30,27,25,359,,81,8,,,winter,assault,6
1383,4,16,wednesday,0,noon,12 - 15:59,,22.362823,91.7969625,chittagong university,chattogram,chattogram,32,29,25,356,,74,9,,,hot,assault,6
1384,8,31,tuesday,0,morning,6 - 11:59,,22.359626,91.8301695,chattogram city,chattogram,chattogram,32,30,27,386,,82,9,,,rainy,assault,6
1385,7,30,saturday,1,morning,6 - 11:59,,22.359626,91.8301695,chattogram city,chattogram,chattogram,32,30,28,353,,80,9,,,rainy,assault,6
1386,8,33,wednesday,0,noon,12 - 15:59,,22.359626,91.8301695,chattogram city,chattogram,chattogram,30,28,26,359,,87,7,,,rainy,assault,6
1387,8,33,saturday,1,noon,12 - 15:59,,22.362823,91.7969625,chittagong university,chattogram,chattogram,33,30,26,356,,80,9,,,rainy,assault,6
1388,2,8,sunday,0,night,20 - 5:59,,22.362823,91.7969625,chittagong university,chattogram,chattogram,32,28,21,113,,64,10,,,winter,assault,6
1389,2,7,wednesday,0,noon,12 - 15:59,,22.359626,91.8301695,chattogram city,chattogram,chattogram,31,28,22,113,,46,10,,,winter,assault,6
1390,5,21,saturday,1,evening,18 - 19:59,,22.359626,91.8301695,chattogram city,chattogram,chattogram,36,33,28,113,,68,10,,,hot,assault,6
1391,12,49,thursday,0,noon,12 - 15:59,,22.362823,91.7969625,chittagong university,chattogram,chattogram,27,23,18,116,,70,10,,,winter,assault,6
1392,2,7,tuesday,0,night,20 - 5:59,,22.359626,91.8301695,chattogram city,chattogram,chattogram,32,28,23,113,,57,10,,,winter,assault,6
1393,10,43,saturday,1,night,20 - 5:59,,22.362823,91.7969625,chittagong university,chattogram,chattogram,31,28,25,356,,80,9,,,rainy,assault,6
1394,9,38,wednesday,0,noon,12 - 15:59,,22.31667,91.81667,agrabad,chattogram,chattogram,32,30,27,113,,78,10,,,rainy,assault,6
1395,10,42,friday,1,night,20 - 5:59,,22.362823,91.7969625,chittagong university,chattogram,chattogram,31,28,24,113,,79,10,,,rainy,assault,6
1396,10,43,monday,0,night,20 - 5:59,,22.31667,91.81667,agrabad,chattogram,chattogram,32,29,25,113,,80,10,,,rainy,assault,6
1397,9,38,monday,0,night,20 - 5:59,,22.362823,91.7969625,chittagong university,chattogram,chattogram,33,29,26,356,,82,9,,,rainy,assault,6
1398,8,34,tuesday,0,afternoon,16 - 17:59,,22.362823,91.7969625,chittagong university,chattogram,chattogram,27,27,26,359,,89,5,,,rainy,assault,6
1399,8,36,monday,0,night,20 - 5:59,,22.359626,91.8301695,chattogram city,chattogram,chattogram,30,28,26,359,,86,5,,,rainy,assault,6
1400,2,7,saturday,1,noon,12 - 15:59,,22.362823,91.7969625,chittagong university,chattogram,chattogram,31,27,21,113,,60,10,,,winter,assault,6
1401,9,36,sunday,0,noon,12 - 15:59,,22.362823,91.7969625,chittagong university,chattogram,chattogram,30,28,26,386,,87,8,,,rainy,assault,6
1402,9,37,tuesday,0,noon,12 - 15:59,,22.362823,91.7969625,chittagong university,chattogram,chattogram,31,28,26,353,,85,9,,,rainy,assault,6
1403,2,6,saturday,1,morning,6 - 11:59,,22.359626,91.8301695,chattogram city,chattogram,chattogram,30,26,19,113,,53,10,,,winter,assault,6
1404,8,34,thursday,0,noon,12 - 15:59,,22.359626,91.8301695,chattogram city,chattogram,chattogram,31,29,27,356,,86,9,,,rainy,assault,6
1405,1,3,friday,1,morning,6 - 11:59,,22.362823,91.7969625,chittagong university,chattogram,chattogram,27,23,17,113,,69,10,,,winter,assault,6
1406,2,6,monday,0,morning,6 - 11:59,,22.359626,91.8301695,chattogram city,chattogram,chattogram,29,25,19,113,,65,10,,,winter,assault,6
1407,7,30,wednesday,0,evening,18 - 19:59,,22.359626,91.8301695,chittagong medical college,chattogram,chattogram,31,29,26,359,,80,8,,,rainy,assault,6
1408,11,46,tuesday,0,afternoon,16 - 17:59,,22.362823,91.7969625,chittagong university,chattogram,chattogram,29,26,22,113,,76,10,,,winter,assault,6
1409,12,49,tuesday,0,morning,6 - 11:59,,22.359626,91.8301695,chattogram city,chattogram,chattogram,30,26,22,113,,77,10,,,winter,assault,6
1410,12,49,wednesday,0,night,20 - 5:59,,22.362823,91.7969625,chittagong university,chattogram,chattogram,30,27,22,113,,73,10,,,winter,assault,6
1411,12,49,thursday,0,night,20 - 5:59,,22.362823,91.7969625,chittagong university,chattogram,chattogram,29,26,21,113,,73,10,,,winter,assault,6
1412,5,19,friday,1,afternoon,16 - 17:59,,22.359626,91.8301695,chattogram city,chattogram,chattogram,34,32,27,113,,72,10,,,hot,assault,6
1413,5,19,sunday,0,night,20 - 5:59,,22.362823,91.7969625,chittagong university,chattogram,chattogram,34,31,27,353,,80,10,,,hot,assault,6
1414,6,26,sunday,0,afternoon,16 - 17:59,,22.359626,91.8301695,chattogram city,chattogram,chattogram,33,31,28,359,,78,8,,,rainy,assault,6
1415,7,30,sunday,0,noon,12 - 15:59,,22.359626,91.8301695,chattogram city,chattogram,chattogram,31,29,26,356,,83,9,,,rainy,assault,6
1416,9,38,tuesday,0,noon,12 - 15:59,,22.359626,91.8301695,chattogram city,chattogram,chattogram,33,30,26,176,,79,10,,,rainy,assault,6
1417,4,16,monday,0,morning,6 - 11:59,,22.359626,91.8301695,chattogram city,chattogram,chattogram,34,30,26,113,,77,9,,,hot,assault,6
1418,4,15,thursday,0,noon,12 - 15:59,,22.362823,91.7969625,chittagong university,chattogram,chattogram,34,30,25,113,,73,10,,,hot,assault,6
1419,4,14,friday,1,night,20 - 5:59,,22.359626,91.8301695,chattogram city,chattogram,chattogram,32,28,23,116,,80,10,,,hot,assault,6
1420,12,1,monday,0,afternoon,16 - 17:59,,22.359626,91.8301695,chattogram city,chattogram,chattogram,28,24,17,113,,61,10,,,winter,assault,6
1421,2,6,wednesday,0,night,20 - 5:59,,22.362823,91.7969625,chittagong university,chattogram,chattogram,28,24,18,113,,44,10,,,winter,assault,6
1422,3,10,wednesday,0,noon,12 - 15:59,,22.3693625,91.843101,bahaddarhat,chattogram,chattogram,27,25,20,356,,80,9,,,hot,assault,6
1423,3,12,thursday,0,morning,6 - 11:59,,22.362823,91.7969625,chittagong university,chattogram,chattogram,31,28,22,113,,68,10,,,hot,assault,6
1424,3,11,monday,0,morning,6 - 11:59,,22.31667,91.81667,patiya,chattogram,chattogram,29,26,22,113,,65,10,,,hot,assault,6
1425,10,44,tuesday,0,evening,18 - 19:59,,22.31667,91.81667,sandwip,chattogram,chattogram,26,24,22,302,,86,7,,,rainy,assault,6
1426,4,14,wednesday,0,morning,6 - 11:59,,22.31667,91.81667,satkania,chattogram,chattogram,32,29,23,113,,65,10,,,hot,assault,6
1427,4,14,tuesday,0,morning,6 - 11:59,,22.31667,91.81667,satkania,chattogram,chattogram,33,30,25,113,,65,10,,,hot,assault,6
1428,4,17,thursday,0,night,20 - 5:59,,22.359626,91.8301695,sitakunda,chattogram,chattogram,33,30,25,113,,75,10,,,hot,assault,6
1429,1,1,friday,1,morning,6 - 11:59,,22.359626,91.8301695,sitakunda,chattogram,chattogram,24,21,16,113,,68,10,,,winter,assault,6
1430,11,47,monday,0,morning,6 - 11:59,,22.31667,91.81667,anwara,chattogram,chattogram,29,26,21,113,,72,10,,,winter,bodyfound,9
1431,8,34,friday,1,morning,6 - 11:59,,22.31667,91.81667,banshkhali,chattogram,chattogram,30,29,26,356,,86,8,,,rainy,bodyfound,9
1432,8,35,monday,0,morning,6 - 11:59,,22.31667,91.81667,banshkhali,chattogram,chattogram,31,29,26,356,,84,9,,,rainy,bodyfound,9
1433,3,13,thursday,0,morning,6 - 11:59,,22.31667,91.81667,banshkhali,chattogram,chattogram,32,30,26,176,,74,10,,,hot,bodyfound,9
1434,3,13,sunday,0,morning,6 - 11:59,,22.31667,91.81667,banshkhali,chattogram,chattogram,32,29,25,113,,69,10,,,hot,bodyfound,9
1435,6,26,wednesday,0,morning,6 - 11:59,,22.31667,91.81667,banshkhali,chattogram,chattogram,33,31,28,176,,80,10,,,rainy,bodyfound,9
1436,3,11,friday,1,morning,6 - 11:59,,22.31667,91.81667,boalkhali,chattogram,chattogram,28,26,22,353,,80,9,,,hot,bodyfound,9
1437,7,30,tuesday,0,morning,6 - 11:59,,22.31667,91.81667,boalkhali,chattogram,chattogram,32,30,26,356,,80,8,,,rainy,bodyfound,9
1438,7,30,wednesday,0,morning,6 - 11:59,,22.31667,91.81667,boalkhali,chattogram,chattogram,31,29,26,359,,80,8,,,rainy,bodyfound,9
1439,1,2,monday,0,morning,6 - 11:59,,22.31667,91.81667,boalkhali,chattogram,chattogram,24,21,18,113,,70,10,,,winter,bodyfound,9
1440,12,51,wednesday,0,noon,12 - 15:59,,22.31667,91.81667,boalkhali,chattogram,chattogram,25,23,18,113,,66,10,,,winter,bodyfound,9
1441,5,21,monday,0,night,20 - 5:59,,22.31667,91.81667,boalkhali,chattogram,chattogram,35,32,28,116,,79,10,,,hot,bodyfound,9
1442,2,9,monday,0,morning,6 - 11:59,,22.31667,91.81667,boalkhali,chattogram,chattogram,31,28,22,113,,64,10,,,winter,bodyfound,9
1443,6,25,saturday,1,morning,6 - 11:59,,22.31667,91.81667,boalkhali,chattogram,chattogram,30,28,27,359,,85,7,,,rainy,bodyfound,9
1444,1,4,wednesday,0,afternoon,16 - 17:59,,22.31667,91.81667,boalkhali,chattogram,chattogram,25,22,17,113,,66,10,,,winter,bodyfound,9
1445,2,7,sunday,0,morning,6 - 11:59,,22.31667,91.81667,chandanaish,chattogram,chattogram,30,27,23,113,,80,10,,,winter,bodyfound,9
1446,4,15,tuesday,0,morning,6 - 11:59,,22.31667,91.81667,chandanaish,chattogram,chattogram,32,30,25,119,,75,10,,,hot,bodyfound,9
1447,6,26,friday,1,afternoon,16 - 17:59,,22.31667,91.81667,dampara,chattogram,chattogram,32,30,27,176,,79,10,,,rainy,bodyfound,9
1448,12,50,tuesday,0,morning,6 - 11:59,,22.31667,91.81667,fatikchhari,chattogram,chattogram,27,25,21,113,,80,10,,,winter,bodyfound,9
1449,12,50,friday,1,morning,6 - 11:59,,22.31667,91.81667,fatikchhari,chattogram,chattogram,27,24,20,113,,76,10,,,winter,bodyfound,9
1450,1,4,friday,1,afternoon,16 - 17:59,,22.31667,91.81667,fatikchhari,chattogram,chattogram,24,20,15,113,,56,10,,,winter,bodyfound,9
1451,5,19,monday,0,night,20 - 5:59,,22.31667,91.81667,fatikchhari,chattogram,chattogram,34,31,26,119,,78,10,,,hot,bodyfound,9
1452,7,30,thursday,0,afternoon,16 - 17:59,,22.31667,91.81667,fatikchhari,chattogram,chattogram,29,27,26,359,,89,8,,,rainy,bodyfound,9
1453,11,46,tuesday,0,morning,6 - 11:59,,22.31667,91.81667,fatikchhari,chattogram,chattogram,29,26,21,116,,71,10,,,winter,bodyfound,9
1454,7,28,saturday,1,morning,6 - 11:59,,22.31667,91.81667,fatikchhari,chattogram,chattogram,27,27,26,359,,92,4,,,rainy,bodyfound,9
1455,8,32,saturday,1,morning,6 - 11:59,,22.31667,91.81667,fatikchhari,chattogram,chattogram,31,29,26,386,,83,10,,,rainy,bodyfound,9
1456,8,32,sunday,0,morning,6 - 11:59,,22.31667,91.81667,fatikchhari,chattogram,chattogram,31,29,26,308,,85,7,,,rainy,bodyfound,9
1457,3,11,wednesday,0,night,20 - 5:59,,22.31667,91.81667,fatikchhari,chattogram,chattogram,31,27,21,176,,63,10,,,hot,bodyfound,9
1458,3,10,monday,0,evening,18 - 19:59,,22.498796,91.807213,hathazari,chattogram,chattogram,29,26,22,176,,80,10,,,hot,bodyfound,9
1459,6,22,friday,1,afternoon,16 - 17:59,,22.498796,91.807213,hathazari,chattogram,chattogram,32,30,27,356,,77,9,,,rainy,bodyfound,9
1460,1,1,saturday,1,noon,12 - 15:59,,22.498796,91.807213,hathazari,chattogram,chattogram,29,23,16,113,,57,10,,,winter,bodyfound,9
1461,12,50,friday,1,morning,6 - 11:59,,22.498796,91.807213,hathazari,chattogram,chattogram,28,25,21,116,,61,10,,,winter,bodyfound,9
1462,4,16,friday,1,afternoon,16 - 17:59,,22.498796,91.807213,hathazari,chattogram,chattogram,32,30,29,353,,80,9,,,hot,bodyfound,9
1463,9,39,wednesday,0,night,20 - 5:59,,22.31667,91.81667,karnafuli,chattogram,chattogram,33,30,27,359,,83,7,,,rainy,bodyfound,9
1464,8,32,wednesday,0,afternoon,16 - 17:59,,22.31667,91.81667,karnafuli,chattogram,chattogram,30,29,26,176,,82,9,,,rainy,bodyfound,9
1465,9,37,wednesday,0,morning,6 - 11:59,,22.31667,91.81667,lohagara,chattogram,chattogram,30,28,26,356,,87,9,,,rainy,bodyfound,9
1466,5,18,sunday,0,morning,6 - 11:59,,22.31667,91.81667,mirsharai,chattogram,chattogram,33,30,26,116,,79,10,,,hot,bodyfound,9
1467,12,51,monday,0,afternoon,16 - 17:59,,22.31667,91.81667,mirsharai,chattogram,chattogram,26,21,15,113,,68,10,,,winter,bodyfound,9
1468,1,2,tuesday,0,morning,6 - 11:59,,22.31667,91.81667,mirsharai,chattogram,chattogram,23,20,15,113,,58,10,,,winter,bodyfound,9
1469,6,24,saturday,1,morning,6 - 11:59,,22.31667,91.81667,mirsharai,chattogram,chattogram,33,29,26,353,,85,10,,,rainy,bodyfound,9
1470,7,29,tuesday,0,morning,6 - 11:59,,22.31667,91.81667,mirsharai,chattogram,chattogram,32,30,27,353,,84,9,,,rainy,bodyfound,9
1471,8,33,thursday,0,morning,6 - 11:59,,22.359626,91.8301695,chattogram city,chattogram,chattogram,33,30,27,356,,83,9,,,rainy,bodyfound,9
1472,3,9,thursday,0,night,20 - 5:59,,22.359626,91.8301695,chattogram city,chattogram,chattogram,32,28,22,113,,57,10,,,hot,bodyfound,9
1473,8,35,friday,1,noon,12 - 15:59,,22.359626,91.8301695,chattogram city,chattogram,chattogram,32,29,26,356,,84,9,,,rainy,bodyfound,9
1474,1,5,monday,0,morning,6 - 11:59,,22.359626,91.8301695,chattogram city,chattogram,chattogram,26,23,18,113,,56,10,,,winter,bodyfound,9
1475,1,4,sunday,0,evening,18 - 19:59,,22.359626,91.8301695,chattogram city,chattogram,chattogram,28,24,19,113,,58,10,,,winter,bodyfound,9
1476,9,37,monday,0,morning,6 - 11:59,,22.359626,91.8301695,chattogram city,chattogram,chattogram,29,28,26,356,,88,8,,,rainy,bodyfound,9
1477,1,1,wednesday,0,night,20 - 5:59,,22.359626,91.8301695,chattogram city,chattogram,chattogram,27,24,20,113,,65,10,,,winter,bodyfound,9
1478,8,33,thursday,0,morning,6 - 11:59,,22.359626,91.8301695,chattogram city,chattogram,chattogram,33,30,27,356,,83,9,,,rainy,bodyfound,9
1479,12,50,saturday,1,noon,12 - 15:59,,22.359626,91.8301695,chattogram city,chattogram,chattogram,27,24,19,113,,65,10,,,winter,bodyfound,9
1480,1,4,tuesday,0,night,20 - 5:59,,22.359626,91.8301695,chattogram city,chattogram,chattogram,26,23,18,113,,64,10,,,winter,bodyfound,9
1481,1,4,thursday,0,night,20 - 5:59,,22.359626,91.8301695,chattogram city,chattogram,chattogram,27,23,19,113,,65,10,,,winter,bodyfound,9
1482,1,4,thursday,0,night,20 - 5:59,,22.359626,91.8301695,chattogram city,chattogram,chattogram,27,23,19,113,,65,10,,,winter,bodyfound,9
1483,4,16,sunday,0,noon,12 - 15:59,,22.31667,91.81667,agrabad,chattogram,chattogram,36,33,27,113,,49,10,,,hot,bodyfound,9
1484,12,48,sunday,0,morning,6 - 11:59,,22.359626,91.8301695,chattogram city,chattogram,chattogram,28,25,21,113,,75,10,,,winter,bodyfound,9
1485,8,33,thursday,0,noon,12 - 15:59,,22.359626,91.8301695,chattogram city,chattogram,chattogram,31,29,26,356,,84,9,,,rainy,bodyfound,9
1486,7,28,sunday,0,morning,6 - 11:59,,22.359626,91.8301695,chattogram city,chattogram,chattogram,29,28,26,359,,90,7,,,rainy,bodyfound,9
1487,6,25,saturday,1,night,20 - 5:59,,22.359626,91.8301695,chattogram city,chattogram,chattogram,32,30,27,386,,82,9,,,rainy,bodyfound,9
1488,5,19,wednesday,0,morning,6 - 11:59,,22.359626,91.8301695,chattogram city,chattogram,chattogram,33,30,26,116,,81,10,,,hot,bodyfound,9
1489,4,18,monday,0,night,20 - 5:59,,22.359626,91.8301695,chattogram city,chattogram,chattogram,34,31,27,353,,77,10,,,hot,bodyfound,9
1490,7,28,friday,1,morning,6 - 11:59,,22.359626,91.8301695,chattogram city,chattogram,chattogram,28,27,26,359,,90,6,,,rainy,bodyfound,9
1491,7,27,monday,0,night,20 - 5:59,,22.359626,91.8301695,chattogram city,chattogram,chattogram,30,28,26,356,,86,8,,,rainy,bodyfound,9
1492,7,28,saturday,1,morning,6 - 11:59,,22.359626,91.8301695,chattogram city,chattogram,chattogram,33,30,27,356,,81,8,,,rainy,bodyfound,9
1493,7,29,monday,0,noon,12 - 15:59,,22.359626,91.8301695,chattogram city,chattogram,chattogram,30,29,27,359,,84,8,,,rainy,bodyfound,9
1494,7,31,tuesday,0,noon,12 - 15:59,,22.359626,91.8301695,chattogram city,chattogram,chattogram,31,29,26,386,,85,9,,,rainy,bodyfound,9
1495,3,12,wednesday,0,night,20 - 5:59,,22.359626,91.8301695,chattogram city,chattogram,chattogram,32,27,21,113,,59,10,,,hot,bodyfound,9
1496,1,3,friday,1,morning,6 - 11:59,,22.359626,91.8301695,chattogram city,chattogram,chattogram,27,24,19,113,,71,10,,,winter,bodyfound,9
1497,3,11,saturday,1,night,20 - 5:59,,22.359626,91.8301695,chattogram city,chattogram,chattogram,31,27,21,176,,61,10,,,hot,bodyfound,9
1498,3,12,thursday,0,night,20 - 5:59,,22.359626,91.8301695,chattogram city,chattogram,chattogram,31,27,22,176,,65,10,,,hot,bodyfound,9
1499,3,14,tuesday,0,morning,6 - 11:59,,22.31667,91.81667,uttar kattali,chattogram,chattogram,32,28,24,116,,73,10,,,hot,bodyfound,9
1500,12,51,tuesday,0,morning,6 - 11:59,,22.359626,91.8301695,chattogram city,chattogram,chattogram,27,25,19,113,,71,10,,,winter,bodyfound,9
1501,12,50,sunday,0,morning,6 - 11:59,,22.359626,91.8301695,chattogram city,chattogram,chattogram,28,25,21,113,,74,10,,,winter,bodyfound,9
1502,12,49,monday,0,morning,6 - 11:59,,22.359626,91.8301695,chattogram city,chattogram,chattogram,29,26,22,113,,75,10,,,winter,bodyfound,9
1503,9,36,wednesday,0,noon,12 - 15:59,,22.359626,91.8301695,chattogram city,chattogram,chattogram,31,29,26,386,,83,10,,,rainy,bodyfound,9
1504,10,40,friday,1,night,20 - 5:59,,22.359626,91.8301695,chattogram city,chattogram,chattogram,32,29,26,356,,83,8,,,rainy,bodyfound,9
1505,10,43,sunday,0,morning,6 - 11:59,,22.359626,91.8301695,chattogram city,chattogram,chattogram,32,28,24,176,,78,9,,,rainy,bodyfound,9
1506,11,44,saturday,1,night,20 - 5:59,,22.359626,91.8301695,chattogram city,chattogram,chattogram,28,26,23,359,,87,6,,,winter,bodyfound,9
1507,11,46,saturday,1,night,20 - 5:59,,22.362823,91.7969625,chittagong university,chattogram,chattogram,30,26,22,113,,74,10,,,winter,bodyfound,9
1508,11,46,saturday,1,afternoon,16 - 17:59,,22.359626,91.8301695,chattogram city,chattogram,chattogram,30,26,22,113,,74,10,,,winter,bodyfound,9
1509,12,48,sunday,0,morning,6 - 11:59,,22.359626,91.8301695,chattogram city,chattogram,chattogram,29,26,22,113,,75,10,,,winter,bodyfound,9
1510,5,21,tuesday,0,morning,6 - 11:59,,22.359626,91.8301695,chattogram city,chattogram,chattogram,33,31,28,116,,77,10,,,hot,bodyfound,9
1511,6,23,saturday,1,morning,6 - 11:59,,22.359626,91.8301695,chattogram city,chattogram,chattogram,33,31,28,116,,78,10,,,rainy,bodyfound,9
1512,6,26,saturday,1,morning,6 - 11:59,,22.31667,91.81667,raozan,chattogram,chattogram,31,29,26,386,,83,9,,,rainy,bodyfound,9
1513,11,46,friday,1,morning,6 - 11:59,,22.31667,91.81667,mohammadpur,chattogram,chattogram,30,27,23,113,,72,10,,,winter,bodyfound,9
1514,5,22,friday,1,morning,6 - 11:59,,22.359626,91.8301695,chattogram city,chattogram,chattogram,33,31,27,176,,80,10,,,hot,bodyfound,9
1515,6,26,friday,1,noon,12 - 15:59,,22.359626,91.8301695,chattogram city,chattogram,chattogram,28,28,27,359,,90,5,,,rainy,bodyfound,9
1516,7,27,friday,1,night,20 - 5:59,,22.359626,91.8301695,chattogram city,chattogram,chattogram,31,29,27,353,,83,9,,,rainy,bodyfound,9
1517,7,28,friday,1,night,20 - 5:59,,22.362823,91.7969625,chittagong university,chattogram,chattogram,30,28,26,356,,86,9,,,rainy,bodyfound,9
1518,5,19,tuesday,0,morning,6 - 11:59,,22.359626,91.8301695,chattogram city,chattogram,chattogram,34,32,26,116,,77,10,,,hot,bodyfound,9
1519,10,41,tuesday,0,night,20 - 5:59,,22.359626,91.8301695,chattogram city,chattogram,chattogram,33,29,27,356,,82,9,,,rainy,bodyfound,9
1520,8,34,wednesday,0,morning,6 - 11:59,,22.359626,91.8301695,chattogram city,chattogram,chattogram,31,29,26,359,,84,9,,,rainy,bodyfound,9
1521,1,2,monday,0,morning,6 - 11:59,,22.359626,91.8301695,chattogram city,chattogram,chattogram,26,23,18,113,,64,10,,,winter,bodyfound,9
1522,1,4,wednesday,0,night,20 - 5:59,,22.359626,91.8301695,chattogram city,chattogram,chattogram,25,21,15,113,,46,10,,,winter,bodyfound,9
1523,2,8,thursday,0,morning,6 - 11:59,,22.359626,91.8301695,chattogram city,chattogram,chattogram,29,25,22,299,,69,9,,,winter,bodyfound,9
1524,8,33,saturday,1,morning,6 - 11:59,,22.359626,91.8301695,chattogram city,chattogram,chattogram,33,30,26,356,,80,9,,,rainy,bodyfound,9
1525,3,10,thursday,0,night,20 - 5:59,,22.359626,91.8301695,chattogram city,chattogram,chattogram,34,30,25,113,,60,10,,,hot,bodyfound,9
1526,4,15,sunday,0,morning,6 - 11:59,,22.359626,91.8301695,chattogram city,chattogram,chattogram,32,29,26,305,,72,10,,,hot,bodyfound,9
1527,7,28,wednesday,0,evening,18 - 19:59,,22.359626,91.8301695,chattogram city,chattogram,chattogram,31,29,26,356,,82,9,,,rainy,bodyfound,9
1528,12,50,friday,1,noon,12 - 15:59,,22.359626,91.8301695,chattogram city,chattogram,chattogram,27,24,21,119,,64,10,,,winter,bodyfound,9
1529,4,16,monday,0,morning,6 - 11:59,,22.2544,91.7948,patenga,chattogram,chattogram,34,30,24,113,,54,10,,,hot,bodyfound,9
1530,5,19,saturday,1,morning,6 - 11:59,,22.359626,91.8301695,chattogram city,chattogram,chattogram,34,32,27,176,,74,10,,,hot,bodyfound,9
1531,11,44,saturday,1,morning,6 - 11:59,,22.359626,91.8301695,chattogram city,chattogram,chattogram,30,27,23,176,,78,10,,,winter,bodyfound,9
1532,6,24,wednesday,0,night,20 - 5:59,,22.359626,91.8301695,chattogram city,chattogram,chattogram,31,29,26,356,,84,9,,,rainy,bodyfound,9
1533,6,26,tuesday,0,morning,6 - 11:59,,22.359626,91.8301695,chattogram city,chattogram,chattogram,32,30,27,386,,81,10,,,rainy,bodyfound,9
1534,6,26,wednesday,0,morning,6 - 11:59,,22.359626,91.8301695,chattogram city,chattogram,chattogram,32,29,27,386,,83,9,,,rainy,bodyfound,9
1535,12,49,wednesday,0,night,20 - 5:59,,22.362823,91.7969625,chittagong university,chattogram,chattogram,26,23,18,113,,70,10,,,winter,bodyfound,9
1536,10,42,monday,0,morning,6 - 11:59,,22.359626,91.8301695,chattogram city,chattogram,chattogram,32,30,26,176,,82,10,,,rainy,bodyfound,9
1537,11,46,monday,0,morning,6 - 11:59,,22.359626,91.8301695,chattogram city,chattogram,chattogram,31,28,23,113,,77,10,,,winter,bodyfound,9
1538,12,52,friday,1,morning,6 - 11:59,,22.359626,91.8301695,chattogram city,chattogram,chattogram,28,24,18,113,,74,10,,,winter,bodyfound,9
1539,7,28,friday,1,night,20 - 5:59,,22.359626,91.8301695,chattogram city,chattogram,chattogram,29,28,26,356,,85,9,,,rainy,bodyfound,9
1540,6,25,tuesday,0,night,20 - 5:59,,22.359626,91.8301695,chattogram city,chattogram,chattogram,31,29,27,353,,81,9,,,rainy,bodyfound,9
1541,5,18,monday,0,morning,6 - 11:59,,22.359626,91.8301695,chattogram city,chattogram,chattogram,32,30,27,359,,81,9,,,hot,bodyfound,9
1542,5,18,wednesday,0,night,20 - 5:59,,22.359626,91.8301695,chattogram city,chattogram,chattogram,32,30,27,386,,79,10,,,hot,bodyfound,9
1543,5,18,saturday,1,morning,6 - 11:59,,22.359626,91.8301695,chattogram city,chattogram,chattogram,35,32,29,113,,72,10,,,hot,bodyfound,9
1544,5,19,monday,0,morning,6 - 11:59,,22.359626,91.8301695,chattogram city,chattogram,chattogram,34,32,27,113,,71,10,,,hot,bodyfound,9
1545,5,22,tuesday,0,morning,6 - 11:59,,22.359626,91.8301695,chattogram city,chattogram,chattogram,33,30,27,176,,78,10,,,hot,bodyfound,9
1546,6,23,tuesday,0,night,20 - 5:59,,22.359626,91.8301695,chattogram city,chattogram,chattogram,32,29,27,356,,79,8,,,rainy,bodyfound,9
1547,6,23,friday,1,morning,6 - 11:59,,22.359626,91.8301695,chattogram city,chattogram,chattogram,27,27,26,356,,89,8,,,rainy,bodyfound,9
1548,10,41,thursday,0,morning,6 - 11:59,,22.359626,91.8301695,chattogram city,chattogram,chattogram,33,30,27,113,,81,10,,,rainy,bodyfound,9
1549,8,35,friday,1,morning,6 - 11:59,,22.359626,91.8301695,chattogram city,chattogram,chattogram,29,28,26,353,,87,10,,,rainy,bodyfound,9
1550,8,35,monday,0,morning,6 - 11:59,,22.393836,91.865371,chandgaon,chattogram,chattogram,30,28,26,356,,88,8,,,rainy,bodyfound,9
1551,1,4,monday,0,night,20 - 5:59,,22.359626,91.8301695,chattogram city,chattogram,chattogram,26,23,19,113,,69,10,,,winter,bodyfound,9
1552,2,5,saturday,1,night,20 - 5:59,,22.359626,91.8301695,chattogram city,chattogram,chattogram,27,24,19,113,,65,10,,,winter,bodyfound,9
1553,6,26,sunday,0,night,20 - 5:59,,22.359626,91.8301695,chattogram city,chattogram,chattogram,30,28,26,386,,86,9,,,rainy,bodyfound,9
1554,8,33,saturday,1,morning,6 - 11:59,,22.362823,91.7969625,chittagong university,chattogram,chattogram,28,27,25,359,,88,7,,,rainy,bodyfound,9
1555,5,22,friday,1,afternoon,16 - 17:59,,22.31667,91.81667,patiya,chattogram,chattogram,35,32,28,113,,76,10,,,hot,bodyfound,9
1556,9,36,friday,1,morning,6 - 11:59,,22.31667,91.81667,patiya,chattogram,chattogram,31,28,25,386,,84,10,,,rainy,bodyfound,9
1557,11,48,wednesday,0,morning,6 - 11:59,,22.31667,91.81667,patiya,chattogram,chattogram,27,24,19,113,,68,10,,,winter,bodyfound,9
1558,12,52,sunday,0,morning,6 - 11:59,,22.31667,91.81667,rangunia,chattogram,chattogram,25,21,15,113,,77,10,,,winter,bodyfound,9
1559,1,4,tuesday,0,night,20 - 5:59,,22.31667,91.81667,rangunia,chattogram,chattogram,27,24,18,113,,58,10,,,winter,bodyfound,9
1560,11,47,saturday,1,morning,6 - 11:59,,22.31667,91.81667,rangunia,chattogram,chattogram,30,28,23,113,,73,10,,,winter,bodyfound,9
1561,9,38,thursday,0,morning,6 - 11:59,,22.31667,91.81667,raozan,chattogram,chattogram,30,28,26,386,,85,9,,,rainy,bodyfound,9
1562,5,22,wednesday,0,night,20 - 5:59,,22.31667,91.81667,raozan,chattogram,chattogram,33,31,28,176,,75,10,,,hot,bodyfound,9
1563,6,23,friday,1,night,20 - 5:59,,22.31667,91.81667,raozan,chattogram,chattogram,33,30,27,356,,76,8,,,rainy,bodyfound,9
1564,2,8,wednesday,0,night,20 - 5:59,,22.31667,91.81667,raozan,chattogram,chattogram,29,25,19,113,,69,10,,,winter,bodyfound,9
1565,4,15,saturday,1,morning,6 - 11:59,,22.31667,91.81667,raozan,chattogram,chattogram,32,30,25,176,,72,10,,,hot,bodyfound,9
1566,3,13,wednesday,0,night,20 - 5:59,,22.31667,91.81667,raozan,chattogram,chattogram,31,28,23,116,,79,10,,,hot,bodyfound,9
1567,9,37,sunday,0,morning,6 - 11:59,,22.31667,91.81667,sandwip,chattogram,chattogram,33,30,28,386,,82,9,,,rainy,bodyfound,9
1568,4,17,monday,0,night,20 - 5:59,,22.31667,91.81667,sandwip,chattogram,chattogram,32,30,28,356,,83,9,,,hot,bodyfound,9
1569,10,44,monday,0,morning,6 - 11:59,,22.31667,91.81667,satkania,chattogram,chattogram,32,29,25,356,,78,9,,,rainy,bodyfound,9
1570,7,29,tuesday,0,morning,6 - 11:59,,22.31667,91.81667,satkania,chattogram,chattogram,32,30,27,353,,84,9,,,rainy,bodyfound,9
1571,10,41,monday,0,morning,6 - 11:59,,22.31667,91.81667,satkania,chattogram,chattogram,31,29,26,356,,82,8,,,rainy,bodyfound,9
1572,1,3,friday,1,morning,6 - 11:59,,22.359626,91.8301695,sitakunda,chattogram,chattogram,28,24,19,113,,70,10,,,winter,bodyfound,9
1573,1,3,saturday,1,morning,6 - 11:59,,22.359626,91.8301695,sitakunda,chattogram,chattogram,26,23,18,113,,76,10,,,winter,bodyfound,9
1574,11,45,thursday,0,noon,12 - 15:59,,22.359626,91.8301695,sitakunda,chattogram,chattogram,29,26,20,113,,67,10,,,winter,bodyfound,9
1575,3,10,sunday,0,morning,6 - 11:59,,22.359626,91.8301695,sitakunda,chattogram,chattogram,34,30,24,119,,62,10,,,hot,bodyfound,9
1576,1,3,monday,0,noon,12 - 15:59,,22.359626,91.8301695,sitakunda,chattogram,chattogram,27,23,17,113,,58,10,,,winter,bodyfound,9
1577,7,30,wednesday,0,noon,12 - 15:59,,22.359626,91.8301695,sitakunda,chattogram,chattogram,30,28,26,359,,87,8,,,rainy,bodyfound,9
1578,2,9,saturday,1,morning,6 - 11:59,,22.359626,91.8301695,sitakunda,chattogram,chattogram,31,27,22,113,,71,10,,,winter,bodyfound,9
1579,5,21,sunday,0,morning,6 - 11:59,,22.359626,91.8301695,sitakunda,chattogram,chattogram,33,31,27,353,,83,10,,,hot,bodyfound,9
1580,3,9,sunday,0,morning,6 - 11:59,,22.359626,91.8301695,sitakunda,chattogram,chattogram,29,26,21,116,,75,10,,,hot,bodyfound,9
1581,3,13,wednesday,0,morning,6 - 11:59,,22.359626,91.8301695,sitakunda,chattogram,chattogram,31,28,23,116,,79,10,,,hot,bodyfound,9
1582,8,33,tuesday,0,afternoon,16 - 17:59,,22.359626,91.8301695,sitakunda,chattogram,chattogram,30,29,26,359,,86,8,,,rainy,bodyfound,9
1583,12,51,sunday,0,morning,6 - 11:59,,22.359626,91.8301695,sitakunda,chattogram,chattogram,27,24,19,113,,77,10,,,winter,bodyfound,9
1584,11,45,friday,1,noon,12 - 15:59,,22.359626,91.8301695,sitakunda,chattogram,chattogram,29,26,21,113,,69,10,,,winter,bodyfound,9
1585,10,43,thursday,0,morning,6 - 11:59,,22.359626,91.8301695,sitakunda,chattogram,chattogram,29,27,24,353,,82,10,,,rainy,bodyfound,9
1586,5,22,tuesday,0,morning,6 - 11:59,,22.359626,91.8301695,sitakunda,chattogram,chattogram,36,33,29,176,,68,10,,,hot,bodyfound,9
1587,7,27,friday,1,morning,6 - 11:59,,22.359626,91.8301695,sitakunda,chattogram,chattogram,32,30,27,386,,81,9,,,rainy,bodyfound,9
1588,3,10,monday,0,morning,6 - 11:59,,22.359626,91.8301695,sitakunda,chattogram,chattogram,30,27,22,356,,78,9,,,hot,bodyfound,9
1589,6,24,saturday,1,morning,6 - 11:59,,22.359626,91.8301695,sitakunda,chattogram,chattogram,32,30,27,176,,73,10,,,rainy,bodyfound,9
1590,7,31,tuesday,0,morning,6 - 11:59,,22.31667,91.81667,rangunia,chattogram,chattogram,31,29,26,386,,85,9,,,rainy,kidnap,8
1591,12,50,friday,1,morning,6 - 11:59,,22.31667,91.81667,fatikchhari,chattogram,chattogram,27,24,20,113,,70,10,,,winter,kidnap,8
1592,8,34,tuesday,0,morning,6 - 11:59,,22.31667,91.81667,fatikchhari,chattogram,chattogram,29,28,26,359,,88,7,,,rainy,kidnap,8
1593,10,40,saturday,1,morning,6 - 11:59,,22.31667,91.81667,fatikchhari,chattogram,chattogram,31,29,26,176,,82,10,,,rainy,kidnap,8
1594,10,40,saturday,1,morning,6 - 11:59,,22.31667,91.81667,fatikchhari,chattogram,chattogram,31,29,26,176,,82,10,,,rainy,kidnap,8
1595,12,50,friday,1,morning,6 - 11:59,,22.31667,91.81667,fatikchhari,chattogram,chattogram,27,24,20,113,,70,10,,,winter,kidnap,8
1596,9,37,monday,0,morning,6 - 11:59,,22.31667,91.81667,fatikchhari,chattogram,chattogram,29,28,26,359,,90,6,,,rainy,kidnap,8
1597,1,2,wednesday,0,morning,6 - 11:59,,22.498796,91.807213,hathazari,chattogram,chattogram,25,23,19,113,,67,10,,,winter,kidnap,8
1598,8,32,sunday,0,morning,6 - 11:59,,22.31667,91.81667,lohagara,chattogram,chattogram,32,29,26,386,,83,8,,,rainy,kidnap,8
1599,6,23,saturday,1,morning,6 - 11:59,,22.31667,91.81667,mirsharai,chattogram,chattogram,32,31,28,356,,72,9,,,rainy,kidnap,8
1600,7,30,tuesday,0,morning,6 - 11:59,,22.359626,91.8301695,chattogram city,chattogram,chattogram,32,30,26,356,,80,8,,,rainy,kidnap,8
1601,6,24,thursday,0,morning,6 - 11:59,,22.359626,91.8301695,chattogram city,chattogram,chattogram,33,31,28,119,,74,10,,,rainy,kidnap,8
1602,9,38,wednesday,0,morning,6 - 11:59,,22.359626,91.8301695,chattogram city,chattogram,chattogram,34,30,27,359,,80,8,,,rainy,kidnap,8
1603,10,42,thursday,0,night,20 - 5:59,,22.362823,91.7969625,chittagong university,chattogram,chattogram,33,30,24,113,,78,10,,,rainy,kidnap,8
1604,1,4,friday,1,night,20 - 5:59,,22.359626,91.8301695,chattogram city,chattogram,chattogram,28,23,17,113,,62,10,,,winter,kidnap,8
1605,2,7,sunday,0,night,20 - 5:59,,22.359626,91.8301695,chattogram city,chattogram,chattogram,31,27,20,113,,63,10,,,winter,kidnap,8
1606,3,12,saturday,1,evening,18 - 19:59,,22.362823,91.7969625,chittagong university,chattogram,chattogram,31,28,23,113,,79,9,,,hot,kidnap,8
1607,3,12,saturday,1,evening,18 - 19:59,,22.362823,91.7969625,chittagong university,chattogram,chattogram,31,28,23,113,,79,9,,,hot,kidnap,8
1608,4,15,monday,0,morning,6 - 11:59,,22.359626,91.8301695,chattogram city,chattogram,chattogram,34,31,26,116,,78,10,,,hot,kidnap,8
1609,8,33,monday,0,noon,12 - 15:59,,22.59508,91.62622,gouriakhali beach,chattogram,chattogram,30,29,26,356,,86,8,,,rainy,kidnap,8
1610,5,18,sunday,0,morning,6 - 11:59,,22.31667,91.81667,galachipa,chattogram,chattogram,33,31,27,113,,76,10,,,hot,kidnap,8
1611,6,23,sunday,0,morning,6 - 11:59,,22.359626,91.8301695,chattogram city,chattogram,chattogram,33,31,28,356,,76,9,,,rainy,kidnap,8
1612,7,28,wednesday,0,morning,6 - 11:59,,22.359626,91.8301695,chattogram city,chattogram,chattogram,30,28,26,359,,89,5,,,rainy,kidnap,8
1613,8,35,friday,1,night,20 - 5:59,,22.359626,91.8301695,chattogram city,chattogram,chattogram,32,30,26,359,,83,8,,,rainy,kidnap,8
1614,9,37,wednesday,0,night,20 - 5:59,,22.359626,91.8301695,chattogram city,chattogram,chattogram,27,26,26,359,,93,7,,,rainy,kidnap,8
1615,12,49,tuesday,0,night,20 - 5:59,,22.359626,91.8301695,chattogram city,chattogram,chattogram,27,23,19,113,,63,10,,,winter,kidnap,8
1616,2,8,sunday,0,night,20 - 5:59,,22.359626,91.8301695,chattogram city,chattogram,chattogram,34,28,22,113,,52,10,,,winter,kidnap,8
1617,3,13,wednesday,0,noon,12 - 15:59,,22.362823,91.7969625,chittagong university,chattogram,chattogram,31,28,23,113,,80,10,,,hot,kidnap,8
1618,3,10,sunday,0,night,20 - 5:59,,22.359626,91.8301695,chattogram city,chattogram,chattogram,33,29,22,113,,49,10,,,hot,kidnap,8
1619,5,21,tuesday,0,night,20 - 5:59,,22.362823,91.7969625,chittagong university,chattogram,chattogram,32,30,26,356,,80,9,,,hot,kidnap,8
1620,12,52,sunday,0,morning,6 - 11:59,,22.359626,91.8301695,chattogram city,chattogram,chattogram,29,24,20,113,,72,10,,,winter,kidnap,8
1621,12,49,wednesday,0,morning,6 - 11:59,,22.31667,91.81667,patiya,chattogram,chattogram,27,25,21,122,,73,10,,,winter,kidnap,8
1622,12,52,tuesday,0,night,20 - 5:59,,22.31667,91.81667,raozan,chattogram,chattogram,28,25,22,113,,71,10,,,winter,kidnap,8
1623,7,29,sunday,0,morning,6 - 11:59,,22.31667,91.81667,sandwip,chattogram,chattogram,29,28,27,359,,86,7,,,rainy,kidnap,8
1624,1,2,friday,1,morning,6 - 11:59,,22.31667,91.81667,satkania,chattogram,chattogram,26,22,16,113,,59,10,,,winter,kidnap,8
1625,8,33,monday,0,noon,12 - 15:59,,22.359626,91.8301695,sitakunda,chattogram,chattogram,30,29,26,356,,86,9,,,rainy,kidnap,8
1626,1,2,wednesday,0,morning,6 - 11:59,,22.359626,91.8301695,sitakunda,chattogram,chattogram,25,22,17,113,,66,10,,,winter,kidnap,8
1627,4,16,wednesday,0,morning,6 - 11:59,,22.359626,91.8301695,sitakunda,chattogram,chattogram,32,30,26,305,,76,10,,,hot,kidnap,8
1628,7,30,tuesday,0,morning,6 - 11:59,,22.359626,91.8301695,sitakunda,chattogram,chattogram,28,28,26,359,,89,5,,,rainy,kidnap,8
1629,2,7,thursday,0,night,20 - 5:59,,22.31667,91.81667,banshkhali,chattogram,chattogram,27,24,18,113,,45,10,,,winter,robbery,5
1630,11,48,wednesday,0,night,20 - 5:59,,22.31667,91.81667,boalkhali,chattogram,chattogram,29,26,20,113,,68,10,,,winter,robbery,5
1631,10,44,friday,1,night,20 - 5:59,,22.31667,91.81667,lohagara,chattogram,chattogram,29,27,24,113,,79,10,,,rainy,robbery,5
1632,4,18,monday,0,morning,6 - 11:59,,22.31667,91.81667,mirsharai,chattogram,chattogram,31,29,24,356,,68,9,,,hot,robbery,5
1633,8,35,thursday,0,night,20 - 5:59,,22.31667,91.81667,mirsharai,chattogram,chattogram,31,29,26,356,,82,9,,,rainy,robbery,5
1634,2,8,friday,1,night,20 - 5:59,,22.31667,91.81667,mirsharai,chattogram,chattogram,28,26,22,116,,65,10,,,winter,robbery,5
1635,9,39,monday,0,night,20 - 5:59,,22.31667,91.81667,boalkhali,chattogram,chattogram,29,28,26,353,,85,10,,,rainy,robbery,5
1636,10,42,tuesday,0,night,20 - 5:59,,22.359626,91.8301695,chattogram city,chattogram,chattogram,30,28,26,359,,83,8,,,rainy,robbery,5
1637,10,41,sunday,0,night,20 - 5:59,,22.359626,91.8301695,chattogram city,chattogram,chattogram,32,29,26,356,,82,9,,,rainy,robbery,5
1638,1,3,wednesday,0,evening,18 - 19:59,,22.359626,91.8301695,chattogram city,chattogram,chattogram,26,23,18,113,,67,10,,,winter,robbery,5
1639,2,7,monday,0,night,20 - 5:59,,22.359626,91.8301695,chattogram city,chattogram,chattogram,28,24,18,113,,54,10,,,winter,robbery,5
1640,12,1,monday,0,night,20 - 5:59,,22.359626,91.8301695,chattogram city,chattogram,chattogram,24,21,16,113,,66,10,,,winter,robbery,5
1641,6,26,monday,0,night,20 - 5:59,,22.359626,91.8301695,chattogram city,chattogram,chattogram,33,31,27,176,,77,9,,,rainy,robbery,5
1642,11,47,thursday,0,morning,6 - 11:59,,22.359626,91.8301695,chattogram city,chattogram,chattogram,28,25,20,113,,79,10,,,winter,robbery,5
1643,6,26,wednesday,0,night,20 - 5:59,,22.359626,91.8301695,chattogram city,chattogram,chattogram,29,28,27,359,,88,4,,,rainy,robbery,5
1644,10,41,sunday,0,morning,6 - 11:59,,22.359626,91.8301695,chattogram city,chattogram,chattogram,30,28,25,359,,83,8,,,rainy,robbery,5
1645,4,16,friday,1,night,20 - 5:59,,22.359626,91.8301695,chattogram city,chattogram,chattogram,35,31,27,263,,56,9,,,hot,robbery,5
1646,3,10,saturday,1,morning,6 - 11:59,,22.359626,91.8301695,chattogram city,chattogram,chattogram,33,30,25,119,,68,10,,,hot,robbery,5
1647,4,16,sunday,0,night,20 - 5:59,,22.359626,91.8301695,chattogram city,chattogram,chattogram,32,30,28,353,,82,9,,,hot,robbery,5
1648,4,16,sunday,0,night,20 - 5:59,,22.359626,91.8301695,chattogram city,chattogram,chattogram,32,30,28,353,,82,9,,,hot,robbery,5
1649,2,9,monday,0,night,20 - 5:59,,22.359626,91.8301695,chattogram city,chattogram,chattogram,31,28,22,113,,64,10,,,winter,robbery,5
1650,8,34,saturday,1,night,20 - 5:59,,22.359626,91.8301695,chattogram city,chattogram,chattogram,31,29,26,359,,83,7,,,rainy,robbery,5
1651,1,4,wednesday,0,night,20 - 5:59,,22.31667,91.81667,rangunia,chattogram,chattogram,30,25,18,113,,59,10,,,winter,robbery,5
1652,4,17,thursday,0,night,20 - 5:59,,22.359626,91.8301695,sitakunda,chattogram,chattogram,33,30,25,113,,75,10,,,hot,robbery,5
1653,1,1,saturday,1,night,20 - 5:59,,22.31667,91.81667,rangunia,chattogram,chattogram,25,22,17,113,,74,10,,,winter,robbery,5
1654,1,1,saturday,1,night,20 - 5:59,,22.31667,91.81667,rangunia,chattogram,chattogram,25,22,17,113,,74,10,,,winter,robbery,5
1655,11,47,tuesday,0,night,20 - 5:59,,22.31667,91.81667,raozan,chattogram,chattogram,30,26,22,113,,76,10,,,winter,robbery,5
1656,10,42,saturday,1,morning,6 - 11:59,,22.31667,91.81667,sandwip,chattogram,chattogram,31,28,24,176,,80,10,,,rainy,robbery,5
1657,3,10,friday,1,night,20 - 5:59,,22.31667,91.81667,satkania,chattogram,chattogram,31,27,21,113,,64,10,,,hot,robbery,5
1658,7,28,monday,0,night,20 - 5:59,,22.359626,91.8301695,sitakunda,chattogram,chattogram,33,30,27,356,,83,9,,,rainy,robbery,5
1659,11,47,monday,0,night,20 - 5:59,,22.359626,91.8301695,sitakunda,chattogram,chattogram,30,27,23,113,,76,10,,,winter,robbery,5
1660,7,30,tuesday,0,night,20 - 5:59,,22.359626,91.8301695,sitakunda,chattogram,chattogram,31,29,27,356,,84,9,,,rainy,robbery,5
1661,3,10,sunday,0,night,20 - 5:59,,22.359626,91.8301695,sitakunda,chattogram,chattogram,30,26,21,113,,72,10,,,hot,robbery,5
1662,10,43,sunday,0,night,20 - 5:59,,22.359626,91.8301695,sitakunda,chattogram,chattogram,30,28,25,356,,80,9,,,rainy,robbery,5
1663,12,51,monday,0,morning,6 - 11:59,,22.359626,91.8301695,sitakunda,chattogram,chattogram,29,26,21,116,,73,10,,,winter,robbery,5
1664,4,17,monday,0,night,20 - 5:59,,24.361729,88.599246,rajshahi city,rajshahi,rajshahi,42,37,29,113,,47,10,,,hot,murder,10
1665,5,21,thursday,0,night,20 - 5:59,,22.81667,89.55,fultola,khulna,khulna,41,36,29,122,,59,10,,,hot,murder,10
1666,9,39,tuesday,0,night,20 - 5:59,,22.821424,89.553008,khulna city,khulna,khulna,31,28,26,359,,85,7,,,rainy,murder,10
1667,8,31,saturday,1,morning,6 - 11:59,,24.361729,88.599246,rajshahi city,rajshahi,rajshahi,34,31,27,356,,79,9,,,rainy,murder,10
1668,8,32,wednesday,0,night,20 - 5:59,,24.361729,88.599246,rajshahi city,rajshahi,rajshahi,32,30,27,356,,81,9,,,rainy,murder,10
1669,4,17,tuesday,0,evening,18 - 19:59,,23.887625,90.398942,tongi,gazipur,dhaka,38,33,29,122,,66,10,,,hot,murder,10
1670,5,18,monday,0,night,20 - 5:59,,24.5014,89.5347,raigonj,sirajganj,rajshahi,36,32,27,386,,57,10,,,hot,murder,10
1671,5,18,thursday,0,night,20 - 5:59,,22.821424,89.553008,khulna city,khulna,khulna,39,35,29,116,,54,10,,,hot,murder,10
1672,4,14,friday,1,night,20 - 5:59,,22.821424,89.553008,khulna city,khulna,khulna,39,35,29,200,,54,10,,,hot,murder,10
1673,4,15,sunday,0,night,20 - 5:59,,24.361729,88.599246,rajshahi city,rajshahi,rajshahi,38,34,26,176,,44,10,,,hot,murder,10
1674,4,16,friday,1,night,20 - 5:59,,24.361729,88.599246,rajshahi city,rajshahi,rajshahi,44,38,29,113,,37,10,,,hot,murder,10
1675,3,9,saturday,1,evening,18 - 19:59,,24.361729,88.599246,rajshahi city,rajshahi,rajshahi,36,32,24,113,,29,10,,,hot,murder,10
1676,9,36,tuesday,0,afternoon,16 - 17:59,,24.361729,88.599246,rajshahi city,rajshahi,rajshahi,34,32,28,386,,74,10,,,rainy,murder,10
1677,5,18,thursday,0,morning,6 - 11:59,,23.9667,90.875,raipura,narsingdi,dhaka,33,30,24,353,,68,9,,,hot,murder,10
1678,1,2,saturday,1,night,20 - 5:59,,22.821424,89.553008,khulna city,khulna,khulna,24,20,15,113,,34,10,,,winter,murder,10
1679,1,2,monday,0,night,20 - 5:59,,24.361729,88.599246,rajshahi city,rajshahi,rajshahi,29,24,17,113,,38,10,,,winter,murder,10
1680,2,5,friday,1,night,20 - 5:59,,22.81667,89.55,fultola,khulna,khulna,30,25,19,113,,40,10,,,winter,murder,10
1681,1,4,saturday,1,night,20 - 5:59,,22.821424,89.553008,khulna city,khulna,khulna,31,26,19,113,,41,10,,,winter,murder,10
1682,7,27,tuesday,0,morning,6 - 11:59,,22.821424,89.553008,khulna city,khulna,khulna,33,31,28,359,,76,8,,,rainy,murder,10
1683,4,15,sunday,0,night,20 - 5:59,,24.361729,88.599246,rajshahi city,rajshahi,rajshahi,40,35,27,116,,36,10,,,hot,murder,10
1684,6,25,wednesday,0,night,20 - 5:59,,22.821424,89.553008,khulna city,khulna,khulna,34,31,28,356,,72,9,,,rainy,murder,10
1685,7,29,friday,1,noon,12 - 15:59,,24.361729,88.599246,rajshahi city,rajshahi,rajshahi,36,33,28,176,,71,10,,,rainy,murder,10
1686,7,27,saturday,1,morning,6 - 11:59,,22.821424,89.553008,khulna city,khulna,khulna,35,32,29,356,,70,9,,,rainy,murder,10
1687,1,2,monday,0,night,20 - 5:59,,22.81667,89.55,fultola,khulna,khulna,31,25,19,113,,41,10,,,winter,murder,10
1688,7,28,tuesday,0,night,20 - 5:59,,22.821424,89.553008,khulna city,khulna,khulna,35,32,28,356,,70,9,,,rainy,murder,10
1689,1,3,friday,1,night,20 - 5:59,,22.821424,89.553008,khulna city,khulna,khulna,29,25,19,113,,35,10,,,winter,murder,10
1690,1,3,wednesday,0,night,20 - 5:59,,22.821424,89.553008,khulna city,khulna,khulna,28,23,17,113,,36,10,,,winter,murder,10
1691,4,17,friday,1,night,20 - 5:59,,23.0333,90.775,raipur,lakshmipur,chattogram,36,33,28,200,,70,9,,,hot,murder,10
1692,3,12,tuesday,0,morning,6 - 11:59,,23.9667,90.875,raipura,narsingdi,dhaka,32,26,20,176,,56,10,,,hot,murder,10
1693,6,25,friday,1,night,20 - 5:59,,23.9667,90.875,raipura,narsingdi,dhaka,34,31,27,353,,78,9,,,rainy,murder,10
1694,5,18,monday,0,night,20 - 5:59,,24.5014,89.5347,raigonj,sirajganj,rajshahi,36,32,27,386,,57,10,,,hot,murder,10
1695,5,21,wednesday,0,night,20 - 5:59,,23.8875,89.8375,gior,manikganj,dhaka,34,31,27,359,,74,8,,,hot,rape,7
1696,10,44,wednesday,0,night,20 - 5:59,,22.821424,89.553008,khulna city,khulna,khulna,30,27,23,119,,76,10,,,rainy,rape,7
1697,10,44,wednesday,0,night,20 - 5:59,,22.821424,89.553008,khulna city,khulna,khulna,30,27,23,119,,76,10,,,rainy,rape,7
1698,8,33,tuesday,0,night,20 - 5:59,,21.815024,90.121864,kuakata sea beach,patuakhali,barisal,33,31,28,386,,79,9,,,rainy,rape,7
1699,5,19,saturday,1,morning,6 - 11:59,,24.361729,88.599246,rajshahi city,rajshahi,rajshahi,35,33,29,386,,58,9,,,hot,rape,7
1700,4,17,sunday,0,night,20 - 5:59,,24.361729,88.599246,rajshahi city,rajshahi,rajshahi,34,32,28,386,,62,9,,,hot,rape,7
1701,7,29,monday,0,evening,18 - 19:59,,23.180315,89.1608575,jashore,jashore,khulna,33,31,27,386,,79,10,,,rainy,rape,7
1702,10,44,tuesday,0,night,20 - 5:59,,22.821424,89.553008,khulna city,khulna,khulna,29,26,22,113,,77,10,,,rainy,rape,7
1703,10,44,tuesday,0,night,20 - 5:59,,22.821424,89.553008,khulna city,khulna,khulna,29,26,22,113,,77,10,,,rainy,rape,7
1704,7,31,monday,0,morning,6 - 11:59,,24.361729,88.599246,rajshahi city,rajshahi,rajshahi,35,32,27,353,,71,10,,,rainy,rape,7
1705,10,40,monday,0,night,20 - 5:59,,21.815024,90.121864,kuakata sea beach,patuakhali,barisal,36,33,30,113,,64,10,,,rainy,rape,7
1706,1,2,saturday,1,evening,18 - 19:59,,24.93951,91.41359,south sunamganj,sunamganj,sylhet,28,22,14,113,,56,10,,,winter,rape,7
1707,2,6,friday,1,morning,6 - 11:59,,24.361729,88.599246,rajshahi city,rajshahi,rajshahi,28,21,15,113,,43,10,,,winter,rape,7
1708,9,37,sunday,0,night,20 - 5:59,,22.821424,89.553008,khulna city,khulna,khulna,33,30,26,353,,84,8,,,rainy,rape,7
1709,9,36,friday,1,night,20 - 5:59,,22.821424,89.553008,khulna city,khulna,khulna,33,30,26,386,,83,10,,,rainy,rape,7
1710,8,31,friday,1,night,20 - 5:59,,22.821424,89.553008,khulna city,khulna,khulna,33,30,27,356,,81,9,,,rainy,rape,7
1711,8,31,friday,1,night,20 - 5:59,,22.821424,89.553008,khulna city,khulna,khulna,33,30,27,356,,81,9,,,rainy,rape,7
1712,11,47,saturday,1,afternoon,16 - 17:59,,24.361729,88.599246,rajshahi city,rajshahi,rajshahi,31,26,21,113,,54,10,,,winter,rape,7
1713,12,49,thursday,0,noon,12 - 15:59,,24.361729,88.599246,rajshahi city,rajshahi,rajshahi,31,25,18,113,,46,10,,,winter,rape,7
1714,12,48,sunday,0,night,20 - 5:59,,22.821424,89.553008,khulna city,khulna,khulna,30,26,22,113,,56,10,,,winter,rape,7
1715,8,34,saturday,1,night,20 - 5:59,,24.361729,88.599246,rajshahi city,rajshahi,rajshahi,34,31,27,359,,83,9,,,rainy,rape,7
1716,1,3,monday,0,night,20 - 5:59,,22.821424,89.553008,khulna city,khulna,khulna,29,24,16,113,,48,10,,,winter,rape,7
1717,10,43,tuesday,0,evening,18 - 19:59,,23.0333,90.775,raipur,lakshmipur,chattogram,32,29,25,176,,73,9,,,rainy,rape,7
1718,10,43,tuesday,0,evening,18 - 19:59,,23.0333,90.775,raipur,lakshmipur,chattogram,32,29,25,176,,73,9,,,rainy,rape,7
1719,1,4,monday,0,night,20 - 5:59,,23.9667,90.875,raipura,narsingdi,dhaka,26,22,17,113,,48,10,,,winter,rape,7
1720,9,39,friday,1,night,20 - 5:59,,23.8875,89.8375,gior,manikganj,dhaka,34,32,27,116,,73,10,,,rainy,assault,6
1721,5,19,tuesday,0,night,20 - 5:59,,23.8875,89.8375,gior,manikganj,dhaka,40,36,29,116,,52,10,,,hot,assault,6
1722,6,23,sunday,0,night,20 - 5:59,,23.8875,89.8375,gior,manikganj,dhaka,32,30,28,359,,76,7,,,rainy,assault,6
1723,7,27,sunday,0,night,20 - 5:59,,23.8875,89.8375,gior,manikganj,dhaka,34,31,28,359,,76,9,,,rainy,assault,6
1724,6,24,monday,0,night,20 - 5:59,,23.8875,89.8375,gior,manikganj,dhaka,26,26,26,308,,90,6,,,rainy,assault,6
1725,1,4,thursday,0,night,20 - 5:59,,24.361729,88.599246,rajshahi city,rajshahi,rajshahi,28,23,16,113,,40,10,,,winter,assault,6
1726,7,28,monday,0,night,20 - 5:59,,24.361729,88.599246,rajshahi city,rajshahi,rajshahi,34,32,27,386,,73,9,,,rainy,assault,6
1727,9,39,monday,0,afternoon,16 - 17:59,,24.361729,88.599246,rajshahi city,rajshahi,rajshahi,35,33,28,176,,68,10,,,rainy,assault,6
1728,10,39,sunday,0,night,20 - 5:59,,24.361729,88.599246,rajshahi city,rajshahi,rajshahi,35,32,27,119,,71,10,,,rainy,assault,6
1729,9,35,sunday,0,night,20 - 5:59,,24.361729,88.599246,rajshahi city,rajshahi,rajshahi,35,32,28,386,,75,9,,,rainy,assault,6
1730,5,20,tuesday,0,afternoon,16 - 17:59,,22.6903,90.6525,bhola,bhola,barisal,33,31,28,200,,67,10,,,hot,assault,6
1731,10,42,friday,1,evening,18 - 19:59,,24.361729,88.599246,rajshahi city,rajshahi,rajshahi,32,29,25,176,,72,10,,,rainy,assault,6
1732,9,39,monday,0,night,20 - 5:59,,24.361729,88.599246,rajshahi city,rajshahi,rajshahi,33,30,27,356,,77,9,,,rainy,assault,6
1733,9,39,wednesday,0,night,20 - 5:59,,24.361729,88.599246,rajshahi city,rajshahi,rajshahi,26,25,24,302,,92,6,,,rainy,assault,6
1734,11,44,saturday,1,noon,12 - 15:59,,24.361729,88.599246,rajshahi city,rajshahi,rajshahi,30,28,23,116,,70,10,,,winter,assault,6
1735,11,46,saturday,1,night,20 - 5:59,,24.361729,88.599246,rajshahi city,rajshahi,rajshahi,33,30,25,113,,59,10,,,winter,assault,6
1736,2,9,wednesday,0,morning,6 - 11:59,,24.361729,88.599246,rajshahi city,rajshahi,rajshahi,33,30,24,113,,42,10,,,winter,assault,6
1737,3,10,tuesday,0,night,20 - 5:59,,24.361729,88.599246,rajshahi city,rajshahi,rajshahi,35,31,25,116,,27,10,,,hot,assault,6
1738,8,31,thursday,0,morning,6 - 11:59,,24.5014,89.5347,raigonj,sirajganj,rajshahi,35,33,28,353,,70,10,,,rainy,assault,6
1739,8,34,thursday,0,night,20 - 5:59,,22.821424,89.553008,khulna city,khulna,khulna,33,31,28,359,,77,7,,,rainy,assault,6
1740,7,30,sunday,0,morning,6 - 11:59,,22.7167,89.075,satkhira,satkhira,khulna,35,33,29,353,,69,10,,,rainy,assault,6
1741,5,19,saturday,1,night,20 - 5:59,,23.00836,89.82419,gopalganj,gopalganj,dhaka,34,32,27,353,,67,10,,,hot,assault,6
1742,10,41,monday,0,evening,18 - 19:59,,24.361729,88.599246,rajshahi city,rajshahi,rajshahi,37,33,27,113,,58,10,,,rainy,assault,6
1743,10,42,friday,1,night,20 - 5:59,,24.361729,88.599246,rajshahi city,rajshahi,rajshahi,31,28,24,356,,78,9,,,rainy,assault,6
1744,8,34,thursday,0,night,20 - 5:59,,24.361729,88.599246,rajshahi city,rajshahi,rajshahi,34,31,28,359,,77,8,,,rainy,assault,6
1745,8,34,thursday,0,night,20 - 5:59,,24.361729,88.599246,rajshahi city,rajshahi,rajshahi,34,31,28,359,,77,8,,,rainy,assault,6
1746,8,34,saturday,1,night,20 - 5:59,,24.361729,88.599246,rajshahi city,rajshahi,rajshahi,31,29,27,389,,82,9,,,rainy,assault,6
1747,2,8,friday,1,morning,6 - 11:59,,24.361729,88.599246,rajshahi city,rajshahi,rajshahi,32,28,20,113,,22,10,,,winter,assault,6
1748,9,37,saturday,1,night,20 - 5:59,,22.7167,89.075,satkhira,satkhira,khulna,34,31,27,356,,76,9,,,rainy,assault,6
1749,9,38,friday,1,night,20 - 5:59,,24.361729,88.599246,rajshahi city,rajshahi,rajshahi,33,30,26,359,,77,8,,,rainy,assault,6
1750,9,38,thursday,0,morning,6 - 11:59,,24.361729,88.599246,rajshahi city,rajshahi,rajshahi,33,30,28,356,,74,8,,,rainy,assault,6
1751,2,6,wednesday,0,morning,6 - 11:59,,24.361729,88.599246,rajshahi city,rajshahi,rajshahi,32,26,19,113,,39,10,,,winter,assault,6
1752,5,22,thursday,0,night,20 - 5:59,,24.361729,88.599246,rajshahi city,rajshahi,rajshahi,36,33,29,359,,67,8,,,hot,assault,6
1753,5,22,thursday,0,night,20 - 5:59,,24.375,91.4167,habiganj sadar,habiganj,sylhet,31,29,26,359,,83,7,,,hot,assault,6
1754,1,4,thursday,0,night,20 - 5:59,,24.361729,88.599246,rajshahi city,rajshahi,rajshahi,28,23,18,113,,42,10,,,winter,assault,6
1755,1,5,tuesday,0,afternoon,16 - 17:59,,24.361729,88.599246,rajshahi city,rajshahi,rajshahi,30,24,18,113,,49,10,,,winter,assault,6
1756,2,9,friday,1,night,20 - 5:59,,24.361729,88.599246,rajshahi city,rajshahi,rajshahi,35,30,23,113,,47,10,,,winter,assault,6
1757,1,2,tuesday,0,morning,6 - 11:59,,24.361729,88.599246,rajshahi city,rajshahi,rajshahi,27,23,18,113,,52,10,,,winter,assault,6
1758,11,47,saturday,1,afternoon,16 - 17:59,,24.361729,88.599246,rajshahi city,rajshahi,rajshahi,31,26,21,113,,54,10,,,winter,assault,6
1759,11,48,monday,0,afternoon,16 - 17:59,,24.361729,88.599246,rajshahi city,rajshahi,rajshahi,30,26,21,116,,53,10,,,winter,assault,6
1760,12,51,thursday,0,night,20 - 5:59,,22.821424,89.553008,khulna city,khulna,khulna,29,25,19,113,,48,10,,,winter,assault,6
1761,7,30,saturday,1,evening,18 - 19:59,,24.361729,88.599246,rajshahi central jail,rajshahi,rajshahi,33,30,27,356,,81,9,,,rainy,assault,6
1762,6,24,tuesday,0,evening,18 - 19:59,,24.361729,88.599246,rajshahi city,rajshahi,rajshahi,44,38,30,113,,49,10,,,rainy,assault,6
1763,6,24,tuesday,0,evening,18 - 19:59,,24.361729,88.599246,rajshahi city,rajshahi,rajshahi,44,38,30,113,,49,10,,,rainy,assault,6
1764,6,25,sunday,0,night,20 - 5:59,,24.361729,88.599246,rajshahi city,rajshahi,rajshahi,35,33,29,359,,63,9,,,rainy,assault,6
1765,6,26,friday,1,night,20 - 5:59,,24.361729,88.599246,rajshahi city,rajshahi,rajshahi,30,28,27,389,,89,6,,,rainy,assault,6
1766,6,27,monday,0,afternoon,16 - 17:59,,24.361729,88.599246,rajshahi city,rajshahi,rajshahi,35,32,27,356,,73,9,,,rainy,assault,6
1767,6,27,monday,0,afternoon,16 - 17:59,,24.361729,88.599246,rajshahi city,rajshahi,rajshahi,35,32,27,356,,73,9,,,rainy,assault,6
1768,3,11,wednesday,0,night,20 - 5:59,,24.361729,88.599246,rajshahi city,rajshahi,rajshahi,33,28,18,113,,24,10,,,hot,assault,6
1769,5,19,tuesday,0,night,20 - 5:59,,24.361729,88.599246,rajshahi city,rajshahi,rajshahi,43,38,27,113,,42,10,,,hot,assault,6
1770,6,26,wednesday,0,evening,18 - 19:59,,24.361729,88.599246,rajshahi city,rajshahi,rajshahi,40,34,30,299,,60,10,,,rainy,assault,6
1771,6,26,thursday,0,night,20 - 5:59,,24.361729,88.599246,rajshahi city,rajshahi,rajshahi,37,34,28,359,,65,8,,,rainy,assault,6
1772,7,28,friday,1,night,20 - 5:59,,24.361729,88.599246,rajshahi city,rajshahi,rajshahi,33,31,27,359,,81,7,,,rainy,assault,6
1773,8,35,thursday,0,morning,6 - 11:59,,24.361729,88.599246,rajshahi city,rajshahi,rajshahi,34,32,27,116,,73,10,,,rainy,assault,6
1774,9,37,tuesday,0,noon,12 - 15:59,,22.821424,89.553008,khulna city,khulna,khulna,32,30,27,386,,84,8,,,rainy,assault,6
1775,2,5,friday,1,night,20 - 5:59,,24.361729,88.599246,rajshahi city,rajshahi,rajshahi,28,23,16,119,,36,10,,,winter,assault,6
1776,7,28,monday,0,morning,6 - 11:59,,24.3654655,88.594324,rajshahi university,rajshahi,rajshahi,33,31,27,356,,78,9,,,rainy,assault,6
1777,11,46,sunday,0,noon,12 - 15:59,,23.8875,89.8375,gior,manikganj,dhaka,31,28,23,113,,52,10,,,winter,bodyfound,9
1778,11,44,thursday,0,morning,6 - 11:59,,23.8875,89.8375,gior,manikganj,dhaka,33,30,26,353,,68,10,,,winter,bodyfound,9
1779,4,16,thursday,0,noon,12 - 15:59,,23.8875,89.8375,gior,manikganj,dhaka,38,33,27,176,,62,9,,,hot,bodyfound,9
1780,2,9,monday,0,night,20 - 5:59,,24.361729,88.599246,rajshahi city,rajshahi,rajshahi,33,28,20,113,,23,10,,,winter,bodyfound,9
1781,3,11,friday,1,morning,6 - 11:59,,24.361729,88.599246,rajshahi city,rajshahi,rajshahi,34,29,22,113,,24,10,,,hot,bodyfound,9
1782,3,12,monday,0,morning,6 - 11:59,,22.821424,89.553008,khulna city,khulna,khulna,31,27,21,386,,58,10,,,hot,bodyfound,9
1783,1,5,wednesday,0,afternoon,16 - 17:59,,25.7583,89.2333,rangpur cantonment,rangpur,rangpur,26,21,15,113,,42,10,,,winter,bodyfound,9
1784,8,35,tuesday,0,night,20 - 5:59,,23.887625,90.398942,tongi,gazipur,dhaka,34,31,27,119,,76,10,,,rainy,bodyfound,9
1785,7,30,friday,1,morning,6 - 11:59,,21.815024,90.121864,kuakata sea beach,patuakhali,barisal,31,29,28,386,,81,10,,,rainy,bodyfound,9
1786,2,6,friday,1,noon,12 - 15:59,,24.361729,88.599246,rajshahi city,rajshahi,rajshahi,32,26,20,116,,33,10,,,winter,bodyfound,9
1787,7,31,monday,0,morning,6 - 11:59,,22.821424,89.553008,khulna city,khulna,khulna,33,31,27,359,,79,8,,,rainy,bodyfound,9
1788,3,13,monday,0,night,20 - 5:59,,24.361729,88.599246,rajshahi city,rajshahi,rajshahi,37,33,24,176,,55,10,,,hot,bodyfound,9
1789,4,15,thursday,0,morning,6 - 11:59,,24.4583,89.7,sirajganj,sirajganj,rajshahi,36,33,27,176,,52,10,,,hot,bodyfound,9
1790,9,36,thursday,0,afternoon,16 - 17:59,,24.361729,88.599246,rajshahi city,rajshahi,rajshahi,33,31,26,353,,80,9,,,rainy,bodyfound,9
1791,9,38,thursday,0,morning,6 - 11:59,,24.25,89.9167,tangail,tangail,dhaka,34,31,26,176,,77,9,,,rainy,bodyfound,9
1792,10,42,wednesday,0,morning,6 - 11:59,,24.3654655,88.594324,rajshahi university,rajshahi,rajshahi,34,31,25,113,,68,10,,,rainy,bodyfound,9
1793,11,46,monday,0,evening,18 - 19:59,,24.361729,88.599246,rajshahi city,rajshahi,rajshahi,33,28,22,113,,56,10,,,winter,bodyfound,9
1794,11,46,tuesday,0,morning,6 - 11:59,,24.361729,88.599246,rajshahi city,rajshahi,rajshahi,30,26,21,113,,47,10,,,winter,bodyfound,9
1795,4,16,friday,1,morning,6 - 11:59,,23.738108,90.395905,bangabandhu safari park,gazipur,dhaka,37,34,28,116,,39,10,,,hot,bodyfound,9
1796,5,21,saturday,1,evening,18 - 19:59,,24.361729,88.599246,rajshahi city,rajshahi,rajshahi,43,37,30,116,,54,10,,,hot,bodyfound,9
1797,10,42,friday,1,night,20 - 5:59,,24.361729,88.599246,rajshahi city,rajshahi,rajshahi,31,28,24,356,,78,9,,,rainy,bodyfound,9
1798,8,33,friday,1,night,20 - 5:59,,24.361729,88.599246,rajshahi city,rajshahi,rajshahi,33,31,27,353,,78,10,,,rainy,bodyfound,9
1799,8,32,wednesday,0,morning,6 - 11:59,,25.7583,89.2333,rangpur,rangpur,rangpur,32,29,26,353,,81,10,,,rainy,bodyfound,9
1800,1,1,monday,0,morning,6 - 11:59,,24.888242,91.868519,sylhet,sylhet,sylhet,25,21,16,176,,57,10,,,winter,bodyfound,9
1801,3,12,thursday,0,morning,6 - 11:59,,25.6333,88.65,dinajpur,dinajpur,rangpur,42,33,23,113,,24,10,,,hot,bodyfound,9
1802,12,50,monday,0,night,20 - 5:59,,23.98889,90.375,gazipur,gazipur,dhaka,31,27,21,113,,47,10,,,winter,bodyfound,9
1803,5,20,monday,0,night,20 - 5:59,,24.361729,88.599246,rajshahi city,rajshahi,rajshahi,38,35,29,386,,57,10,,,hot,bodyfound,9
1804,4,16,saturday,1,afternoon,16 - 17:59,,24.361729,88.599246,rajshahi city,rajshahi,rajshahi,43,38,29,116,,40,10,,,hot,bodyfound,9
1805,6,23,wednesday,0,morning,6 - 11:59,,22.821424,89.553008,khulna city,khulna,khulna,35,33,28,359,,70,8,,,rainy,bodyfound,9
1806,9,38,wednesday,0,morning,6 - 11:59,,22.81667,89.55,fultola,khulna,khulna,31,29,26,359,,88,8,,,rainy,bodyfound,9
1807,10,42,saturday,1,night,20 - 5:59,,24.361729,88.599246,rajshahi city,rajshahi,rajshahi,33,29,24,113,,74,10,,,rainy,bodyfound,9
1808,8,33,wednesday,0,morning,6 - 11:59,,24.4583,89.7,sirajganj,sirajganj,rajshahi,33,30,27,356,,84,8,,,rainy,bodyfound,9
1809,2,8,sunday,0,morning,6 - 11:59,,24.361729,88.599246,rajshahi city,rajshahi,rajshahi,34,28,20,113,,28,10,,,winter,bodyfound,9
1810,11,46,friday,1,morning,6 - 11:59,,24.5014,89.5347,raigonj,sirajganj,rajshahi,30,26,21,116,,54,10,,,winter,bodyfound,9
1811,5,21,tuesday,0,afternoon,16 - 17:59,,24.5014,89.5347,raigonj,sirajganj,rajshahi,36,33,29,176,,58,10,,,hot,bodyfound,9
1812,9,38,monday,0,morning,6 - 11:59,,25.75,89.66,rowmari,kurigram,rangpur,34,30,27,353,,78,10,,,rainy,bodyfound,9
1813,12,50,thursday,0,morning,6 - 11:59,,24.36345,88.62847,rajshahi university of engineering and technology,rajshahi,rajshahi,30,26,21,113,,47,10,,,winter,kidnap,8
1814,12,50,thursday,0,morning,6 - 11:59,,24.36345,88.62847,rajshahi university of engineering and technology,rajshahi,rajshahi,30,26,21,113,,47,10,,,winter,kidnap,8
1815,10,44,tuesday,0,morning,6 - 11:59,,21.815024,90.121864,kuakata sea beach,patuakhali,barisal,34,30,25,113,,65,10,,,rainy,kidnap,8
1816,9,35,saturday,1,night,20 - 5:59,,24.361729,88.599246,rajshahi city,rajshahi,rajshahi,35,32,28,356,,76,8,,,rainy,kidnap,8
1817,11,46,friday,1,morning,6 - 11:59,,24.3654655,88.594324,rajshahi university,rajshahi,rajshahi,30,26,21,119,,70,10,,,winter,kidnap,8
1818,10,41,tuesday,0,evening,18 - 19:59,,24.361729,88.599246,rajshahi city,rajshahi,rajshahi,31,29,26,359,,85,8,,,rainy,kidnap,8
1819,12,48,sunday,0,evening,18 - 19:59,,23.98889,90.375,gazipur,gazipur,dhaka,29,26,20,113,,54,10,,,winter,kidnap,8
1820,4,16,tuesday,0,evening,18 - 19:59,,24.361729,88.599246,rajshahi city,rajshahi,rajshahi,38,34,27,116,,41,10,,,hot,kidnap,8
1821,10,41,wednesday,0,morning,6 - 11:59,,24.361729,88.599246,rajshahi city,rajshahi,rajshahi,32,29,24,176,,67,10,,,rainy,kidnap,8
1822,1,1,sunday,0,morning,6 - 11:59,,24.361729,88.599246,rajshahi city,rajshahi,rajshahi,29,24,17,113,,36,10,,,winter,kidnap,8
1823,1,1,sunday,0,morning,6 - 11:59,,24.361729,88.599246,rajshahi city,rajshahi,rajshahi,31,25,18,113,,39,10,,,winter,kidnap,8
1824,1,3,thursday,0,morning,6 - 11:59,,24.361729,88.599246,rajshahi city,rajshahi,rajshahi,25,21,16,116,,63,10,,,winter,kidnap,8
1825,4,15,sunday,0,night,20 - 5:59,,24.361729,88.599246,rajshahi city,rajshahi,rajshahi,34,31,26,386,,59,8,,,hot,kidnap,8
1826,3,11,sunday,0,morning,6 - 11:59,,22.63996,92.191949,rangamati,rangamati,chattogram,35,29,20,176,,64,10,,,hot,kidnap,8
1827,11,46,friday,1,night,20 - 5:59,,23.9667,90.875,raipura,narsingdi,dhaka,32,27,20,113,,57,10,,,winter,kidnap,8
1828,11,47,wednesday,0,night,20 - 5:59,,23.8875,89.8375,gior,manikganj,dhaka,32,28,23,113,,51,10,,,winter,robbery,5
1829,6,23,saturday,1,night,20 - 5:59,,23.8875,89.8375,gior,manikganj,dhaka,37,34,29,356,,61,9,,,rainy,robbery,5
1830,6,26,monday,0,night,20 - 5:59,,22.821424,89.553008,khulna city,khulna,khulna,36,33,29,386,,72,10,,,rainy,robbery,5
1831,7,29,friday,1,night,20 - 5:59,,22.821424,89.553008,khulna city,khulna,khulna,34,31,27,386,,77,8,,,rainy,robbery,5
1832,3,11,thursday,0,night,20 - 5:59,,22.821424,89.553008,khulna city,khulna,khulna,38,32,22,143,,63,8,,,hot,robbery,5
1833,11,48,friday,1,afternoon,16 - 17:59,,24.361729,88.599246,rajshahi city,rajshahi,rajshahi,27,23,16,113,,50,10,,,winter,robbery,5
1834,12,49,thursday,0,night,20 - 5:59,,24.361729,88.599246,rajshahi city,rajshahi,rajshahi,28,24,18,113,,60,10,,,winter,robbery,5
1835,1,4,saturday,1,night,20 - 5:59,,24.5014,89.5347,raigonj,sirajganj,rajshahi,28,24,18,113,,47,10,,,winter,robbery,5
1836,11,45,sunday,0,night,20 - 5:59,,22.821424,89.553008,khulna city,khulna,khulna,33,29,23,113,,52,10,,,winter,robbery,5
1837,9,36,thursday,0,noon,12 - 15:59,,23.887625,90.398942,tongi,gazipur,dhaka,34,31,26,176,,82,8,,,rainy,robbery,5
1838,9,39,tuesday,0,morning,6 - 11:59,,24.361729,88.599246,rajshahi city,rajshahi,rajshahi,33,30,27,359,,82,8,,,rainy,robbery,5
1839,2,6,friday,1,night,20 - 5:59,,22.821424,89.553008,khulna city,khulna,khulna,34,29,21,113,,39,10,,,winter,robbery,5
1840,2,9,monday,0,night,20 - 5:59,,24.361729,88.599246,rajshahi city,rajshahi,rajshahi,33,28,20,113,,23,10,,,winter,robbery,5
1841,5,20,tuesday,0,night,20 - 5:59,,24.361729,88.599246,rajshahi city,rajshahi,rajshahi,35,33,29,353,,64,10,,,hot,robbery,5
1842,2,5,thursday,0,night,20 - 5:59,,23.0333,90.775,raipur,lakshmipur,chattogram,28,24,19,116,,44,10,,,winter,robbery,5
1843,1,2,sunday,0,noon,12 - 15:59,,23.01667,89.43333,abhaynagar,jashore,khulna,26,20,13,113,,35,10,,,winter,murder,10
1844,2,8,thursday,0,morning,6 - 11:59,,23.01667,89.43333,abhaynagar,jashore,khulna,33,29,23,113,,62,10,,,winter,murder,10
1845,1,4,saturday,1,night,20 - 5:59,,23.01667,89.43333,abhaynagar,jashore,khulna,29,25,19,113,,39,10,,,winter,murder,10
1846,2,8,sunday,0,morning,6 - 11:59,,23.01667,89.43333,abhaynagar,jashore,khulna,32,29,24,116,,49,10,,,winter,murder,10
1847,9,37,saturday,1,night,20 - 5:59,,23.01667,89.43333,abhaynagar,jashore,khulna,35,33,28,119,,70,10,,,rainy,murder,10
1848,7,29,wednesday,0,night,20 - 5:59,,23.01667,89.43333,abhaynagar,jashore,khulna,33,31,27,356,,75,8,,,rainy,murder,10
1849,5,19,wednesday,0,night,20 - 5:59,,25.925,89.35,aditmari,lalmonirhat,rangpur,39,35,29,200,,49,10,,,hot,murder,10
1850,9,37,sunday,0,night,20 - 5:59,,22.9667,90.15,agailjhara,barisal,barisal,33,31,28,386,,76,9,,,rainy,murder,10
1851,5,20,friday,1,night,20 - 5:59,,24.5472,91.25,ajmiriganj,habiganj,sylhet,33,30,26,356,,78,8,,,hot,murder,10
1852,2,7,thursday,0,night,20 - 5:59,,24.5472,91.25,ajmiriganj,habiganj,sylhet,34,27,18,113,,40,10,,,winter,murder,10
1853,3,10,saturday,1,night,20 - 5:59,,23.8833,91.2166,akhaura,brahmanbaria,chattogram,31,28,20,113,,41,10,,,hot,murder,10
1854,2,8,saturday,1,morning,6 - 11:59,,23.8833,91.2166,akhaura,brahmanbaria,chattogram,30,26,18,113,,37,10,,,winter,murder,10
1855,5,21,sunday,0,night,20 - 5:59,,24.975,89.02,akkelpur,joypurhat,rajshahi,37,33,27,116,,62,10,,,hot,murder,10
1856,7,30,sunday,0,afternoon,16 - 17:59,,24.975,89.02,akkelpur,joypurhat,rajshahi,33,31,27,359,,78,6,,,rainy,murder,10
1857,6,25,monday,0,morning,6 - 11:59,,23.7583,88.95,alamdanga,chuadanga,khulna,41,35,29,299,,61,10,,,rainy,murder,10
1858,2,8,sunday,0,night,20 - 5:59,,23.7583,88.95,alamdanga,chuadanga,khulna,33,30,23,116,,44,10,,,winter,murder,10
1859,1,1,wednesday,0,night,20 - 5:59,,23.7583,88.95,alamdanga,chuadanga,khulna,28,24,18,113,,48,10,,,winter,murder,10
1860,4,16,wednesday,0,night,20 - 5:59,,23.7583,88.95,alamdanga,chuadanga,khulna,36,32,27,386,,63,8,,,hot,murder,10
1861,6,25,sunday,0,night,20 - 5:59,,23.7583,88.95,alamdanga,chuadanga,khulna,36,33,28,122,,64,10,,,rainy,murder,10
1862,7,30,wednesday,0,morning,6 - 11:59,,23.7583,88.95,alamdanga,chuadanga,khulna,33,30,26,356,,81,8,,,rainy,murder,10
1863,3,12,wednesday,0,night,20 - 5:59,,23.7583,88.95,alamdanga,chuadanga,khulna,36,32,25,113,,37,10,,,hot,murder,10
1864,4,16,saturday,1,night,20 - 5:59,,23.7583,88.95,alamdanga,chuadanga,khulna,34,30,28,353,,73,8,,,hot,murder,10
1865,8,33,wednesday,0,night,20 - 5:59,,21.6667,92.3056,alikadam,bandarban,chattogram,30,28,26,356,,87,7,,,rainy,murder,10
1866,7,27,monday,0,night,20 - 5:59,,22.1294,90.2289,amtali,barguna,barisal,31,30,29,353,,75,10,,,rainy,murder,10
1867,9,39,monday,0,night,20 - 5:59,,22.1294,90.2289,amtali,barguna,barisal,35,32,29,176,,72,10,,,rainy,murder,10
1868,4,15,tuesday,0,night,20 - 5:59,,22.1294,90.2289,amtali,barguna,barisal,33,30,26,119,,64,10,,,hot,murder,10
1869,5,18,wednesday,0,morning,6 - 11:59,,23.7917,90.65,araihazar,narayanganj,dhaka,35,32,27,353,,60,10,,,hot,murder,10
1870,2,7,sunday,0,evening,18 - 19:59,,23.7917,90.65,araihazar,narayanganj,dhaka,32,27,20,113,,40,10,,,winter,murder,10
1871,5,17,sunday,0,morning,6 - 11:59,,23.7917,90.65,araihazar,narayanganj,dhaka,37,33,28,386,,69,8,,,hot,murder,10
1872,4,15,friday,1,night,20 - 5:59,,23.7917,90.65,araihazar,narayanganj,dhaka,36,33,27,356,,51,9,,,hot,murder,10
1873,4,14,saturday,1,morning,6 - 11:59,,24.0366,91.005,ashuganj,brahmanbaria,chattogram,32,29,24,386,,77,7,,,hot,murder,10
1874,9,36,monday,0,night,20 - 5:59,,24.0366,91.005,ashuganj,brahmanbaria,chattogram,33,30,25,353,,82,9,,,rainy,murder,10
1875,5,18,friday,1,night,20 - 5:59,,22.55,89.1681,assasuni,satkhira,khulna,39,35,28,200,,55,10,,,hot,murder,10
1876,1,1,sunday,0,evening,18 - 19:59,,22.55,89.1681,assasuni,satkhira,khulna,30,24,16,113,,42,10,,,winter,murder,10
1877,1,3,friday,1,night,20 - 5:59,,24.1333,89.25,atghoria,pabna,rajshahi,28,23,15,113,,38,10,,,winter,murder,10
1878,9,38,tuesday,0,night,20 - 5:59,,24.1333,89.25,atghoria,pabna,rajshahi,33,30,27,359,,78,6,,,rainy,murder,10
1879,1,3,friday,1,night,20 - 5:59,,24.1333,89.25,atghoria,pabna,rajshahi,27,23,18,113,,48,10,,,winter,murder,10
1880,1,3,saturday,1,night,20 - 5:59,,24.1333,89.25,atghoria,pabna,rajshahi,27,23,18,113,,47,10,,,winter,murder,10
1881,2,7,sunday,0,night,20 - 5:59,,24.1333,89.25,atghoria,pabna,rajshahi,33,28,20,113,,39,10,,,winter,murder,10
1882,1,4,thursday,0,night,20 - 5:59,,24.8083,90.8667,atpara,netrokona,mymensingh,26,21,16,113,,47,10,,,winter,murder,10
1883,1,4,wednesday,0,night,20 - 5:59,,24.61333,88.97,atrai,naogaon,rajshahi,33,26,18,113,,41,10,,,winter,murder,10
1884,9,38,friday,1,evening,18 - 19:59,,26.3083,88.4583,atwari,panchagarh,rangpur,34,31,27,176,,68,10,,,rainy,murder,10
1885,8,33,saturday,1,morning,6 - 11:59,,24.2667,91.125,austagram,kishoreganj,dhaka,33,30,26,386,,81,10,,,rainy,murder,10
1886,7,31,wednesday,0,morning,6 - 11:59,,24.2667,91.125,austagram,kishoreganj,dhaka,31,29,25,353,,84,10,,,rainy,murder,10
1887,2,7,saturday,1,night,20 - 5:59,,24.2667,91.125,austagram,kishoreganj,dhaka,27,24,20,119,,54,10,,,winter,murder,10
1888,5,22,thursday,0,night,20 - 5:59,,22.8319,90.3222,babuganj,barisal,barisal,38,34,30,116,,65,10,,,hot,murder,10
1889,1,2,monday,0,evening,18 - 19:59,,25.66667,89.05,badargonj,rangpur,rangpur,29,23,16,113,,44,10,,,winter,murder,10
1890,2,6,tuesday,0,night,20 - 5:59,,25.66667,89.05,badargonj,rangpur,rangpur,28,24,19,113,,46,10,,,winter,murder,10
1891,10,42,sunday,0,night,20 - 5:59,,22.66667,89.8,bagerhat sadar,bagerhat,khulna,33,30,25,113,,69,10,,,rainy,murder,10
1892,3,12,monday,0,noon,12 - 15:59,,22.66667,89.8,bagerhat sadar,bagerhat,khulna,33,30,25,119,,50,10,,,hot,murder,10
1893,3,12,thursday,0,night,20 - 5:59,,22.66667,89.8,bagerhat sadar,bagerhat,khulna,37,31,23,116,,60,10,,,hot,murder,10
1894,3,11,sunday,0,night,20 - 5:59,,22.66667,89.8,bagerhat sadar,bagerhat,khulna,37,32,25,200,,47,10,,,hot,murder,10
1895,9,38,friday,1,night,20 - 5:59,,22.66667,89.8,bagerhat sadar,bagerhat,khulna,31,29,27,359,,79,6,,,rainy,murder,10
1896,3,10,saturday,1,night,20 - 5:59,,22.63996,92.191949,baghaichari,rangamati,chattogram,36,30,19,113,,35,10,,,hot,murder,10
1897,5,22,monday,0,morning,6 - 11:59,,22.63996,92.191949,baghaichari,rangamati,chattogram,39,34,26,113,,66,10,,,hot,murder,10
1898,7,30,thursday,0,afternoon,16 - 17:59,,22.63996,92.191949,baghaichari,rangamati,chattogram,29,27,24,356,,91,9,,,rainy,murder,10
1899,8,34,friday,1,night,20 - 5:59,,22.63996,92.191949,baghaichari,rangamati,chattogram,34,29,24,356,,86,8,,,rainy,murder,10
1900,4,16,saturday,1,night,20 - 5:59,,24.5639,88.8083,bagmara,rajshahi,rajshahi,43,38,29,116,,40,10,,,hot,murder,10
1901,3,10,thursday,0,night,20 - 5:59,,24.5639,88.8083,bagmara,rajshahi,rajshahi,35,31,23,113,,22,10,,,hot,murder,10
1902,4,15,wednesday,0,noon,12 - 15:59,,24.5639,88.8083,bagmara,rajshahi,rajshahi,34,31,26,386,,68,10,,,hot,murder,10
1903,12,48,saturday,1,noon,12 - 15:59,,24.5639,88.8083,bagmara,rajshahi,rajshahi,29,25,21,116,,50,10,,,winter,murder,10
1904,8,33,sunday,0,night,20 - 5:59,,24.3556,91.5417,bahubal,habiganj,sylhet,36,33,28,386,,79,8,,,rainy,murder,10
1905,8,32,friday,1,morning,6 - 11:59,,24.3556,91.5417,bahubal,habiganj,sylhet,29,27,26,356,,91,9,,,rainy,murder,10
1906,3,12,tuesday,0,noon,12 - 15:59,,24.3556,91.5417,bahubal,habiganj,sylhet,37,31,21,113,,47,10,,,hot,murder,10
1907,8,33,wednesday,0,morning,6 - 11:59,,24.2167,90.9583,bajitpur,kishoreganj,dhaka,29,28,26,353,,86,10,,,rainy,murder,10
1908,1,4,tuesday,0,night,20 - 5:59,,24.2167,90.9583,bajitpur,kishoreganj,dhaka,31,25,18,113,,49,10,,,winter,murder,10
1909,6,24,saturday,1,night,20 - 5:59,,22.55,90.3389,bakerganj,barisal,barisal,34,32,27,386,,76,8,,,rainy,murder,10
1910,12,51,sunday,0,morning,6 - 11:59,,22.55,90.3389,bakerganj,barisal,barisal,25,21,16,113,,46,10,,,winter,murder,10
1911,5,20,wednesday,0,night,20 - 5:59,,22.55,90.3389,bakerganj,barisal,barisal,34,32,28,353,,75,10,,,hot,murder,10
1912,2,7,friday,1,night,20 - 5:59,,22.55,90.3389,bakerganj,barisal,barisal,31,27,20,113,,35,10,,,winter,murder,10
1913,5,20,monday,0,afternoon,16 - 17:59,,23.635,89.55,baliakandi,rajbari,dhaka,35,32,27,386,,62,10,,,hot,murder,10
1914,12,49,saturday,1,morning,6 - 11:59,,22.7819,90.1667,banaripara,barisal,barisal,28,25,19,119,,62,10,,,winter,murder,10
1915,7,29,saturday,1,night,20 - 5:59,,23.6167,90.525,bandar,narayanganj,dhaka,32,29,28,353,,79,10,,,rainy,murder,10
1916,1,3,wednesday,0,morning,6 - 11:59,,23.6167,90.525,bandar,narayanganj,dhaka,29,25,21,113,,53,10,,,winter,murder,10
1917,1,3,saturday,1,afternoon,16 - 17:59,,23.6167,90.525,bandar,narayanganj,dhaka,29,25,20,113,,49,10,,,winter,murder,10
1918,5,22,monday,0,night,20 - 5:59,,22.2333,92.1917,bandarban sadar,bandarban,chattogram,32,30,27,386,,84,10,,,hot,murder,10
1919,4,17,thursday,0,night,20 - 5:59,,22.2333,92.1917,bandarban sadar,bandarban,chattogram,33,30,25,113,,75,10,,,hot,murder,10
1920,5,19,thursday,0,night,20 - 5:59,,22.2333,92.1917,bandarban sadar,bandarban,chattogram,33,30,27,119,,78,10,,,hot,murder,10
1921,11,44,saturday,1,night,20 - 5:59,,24.5417,91.3333,baniachong,habiganj,sylhet,31,27,21,353,,77,10,,,winter,murder,10
1922,6,22,sunday,0,night,20 - 5:59,,24.3083,89.1708,baraigram,natore,rajshahi,36,34,30,353,,57,10,,,rainy,murder,10
1923,4,16,tuesday,0,night,20 - 5:59,,24.3083,89.1708,baraigram,natore,rajshahi,39,34,27,176,,48,10,,,hot,murder,10
1924,6,26,wednesday,0,morning,6 - 11:59,,22.1508,90.1264,barguna sadar,barguna,barisal,35,33,29,116,,71,10,,,rainy,murder,10
1925,10,41,monday,0,night,20 - 5:59,,24.9,90.875,barhatta,netrokona,mymensingh,34,30,24,113,,61,10,,,rainy,murder,10
1926,5,19,monday,0,night,20 - 5:59,,22.7,90.3667,barisal sadar,barisal,barisal,36,34,29,116,,61,10,,,hot,murder,10
1927,4,16,sunday,0,night,20 - 5:59,,22.7,90.3667,barisal sadar,barisal,barisal,37,33,28,116,,47,10,,,hot,murder,10
1928,3,11,tuesday,0,noon,12 - 15:59,,22.7,90.3667,barisal sadar,barisal,barisal,34,30,24,200,,66,10,,,hot,murder,10
1929,5,21,friday,1,morning,6 - 11:59,,22.7,90.3667,barisal sadar,barisal,barisal,34,31,28,116,,72,10,,,hot,murder,10
1930,3,11,tuesday,0,noon,12 - 15:59,,22.7,90.3667,barisal sadar,barisal,barisal,34,30,24,200,,66,10,,,hot,murder,10
1931,5,21,sunday,0,night,20 - 5:59,,24.7083,92.2,barlekha,moulvibazar,sylhet,34,30,24,176,,81,9,,,hot,murder,10
1932,6,23,tuesday,0,night,20 - 5:59,,24.7083,92.2,barlekha,moulvibazar,sylhet,34,31,25,353,,67,10,,,rainy,murder,10
1933,10,40,saturday,1,morning,6 - 11:59,,24.2167,90.05,basail,tangail,dhaka,33,30,26,353,,71,10,,,rainy,murder,10
1934,1,1,tuesday,0,night,20 - 5:59,,24.2167,90.05,basail,tangail,dhaka,30,25,19,113,,55,10,,,winter,murder,10
1935,12,49,thursday,0,night,20 - 5:59,,24.2167,90.05,basail,tangail,dhaka,30,25,19,116,,57,10,,,winter,murder,10
1936,3,11,monday,0,night,20 - 5:59,,22.4292,90.5139,bauphal,patuakhali,barisal,34,30,25,113,,58,10,,,hot,murder,10
1937,10,42,saturday,1,night,20 - 5:59,,22.4292,90.5139,bauphal,patuakhali,barisal,33,30,26,113,,75,10,,,rainy,murder,10
1938,6,25,wednesday,0,morning,6 - 11:59,,24.825,92.1625,beanibazar,sylhet,sylhet,32,30,25,356,,86,9,,,rainy,murder,10
1939,3,12,saturday,1,evening,18 - 19:59,,22.95,91.1,begumganj,noakhali,chattogram,35,31,25,386,,67,10,,,hot,murder,10
1940,3,13,wednesday,0,afternoon,16 - 17:59,,22.95,91.1,begumganj,noakhali,chattogram,33,30,27,176,,69,10,,,hot,murder,10
1941,3,13,wednesday,0,afternoon,16 - 17:59,,22.95,91.1,begumganj,noakhali,chattogram,33,30,27,176,,69,10,,,hot,murder,10
1942,9,37,thursday,0,night,20 - 5:59,,22.95,91.1,begumganj,noakhali,chattogram,33,30,27,356,,79,10,,,rainy,murder,10
1943,3,10,saturday,1,morning,6 - 11:59,,22.95,91.1,begumganj,noakhali,chattogram,36,32,23,113,,36,10,,,hot,murder,10
1944,3,12,tuesday,0,morning,6 - 11:59,,22.4667,92.375,belaichari,rangamati,chattogram,35,29,20,116,,49,10,,,hot,murder,10
1945,9,37,friday,1,night,20 - 5:59,,24.2917,89.7,belkuchi,sirajganj,rajshahi,31,29,26,356,,84,8,,,rainy,murder,10
1946,11,46,tuesday,0,night,20 - 5:59,,24.2917,89.7,belkuchi,sirajganj,rajshahi,30,27,22,113,,62,10,,,winter,murder,10
1947,7,27,wednesday,0,night,20 - 5:59,,24.0667,89.625,bera,pabna,rajshahi,31,29,26,356,,85,8,,,rainy,murder,10
1948,5,21,monday,0,night,20 - 5:59,,24.0667,89.625,bera,pabna,rajshahi,35,32,26,386,,73,10,,,hot,murder,10
1949,7,27,wednesday,0,night,20 - 5:59,,24.0667,89.625,bera,pabna,rajshahi,31,29,26,356,,85,8,,,rainy,murder,10
1950,7,27,wednesday,0,night,20 - 5:59,,24.0667,89.625,bera,pabna,rajshahi,31,29,26,356,,85,8,,,rainy,murder,10
1951,2,5,sunday,0,night,20 - 5:59,,24.0667,89.625,bera,pabna,rajshahi,33,28,19,113,,46,10,,,winter,murder,10
1952,5,21,tuesday,0,night,20 - 5:59,,24.0667,89.625,bera,pabna,rajshahi,35,33,28,386,,69,10,,,hot,murder,10
1953,8,33,friday,1,afternoon,16 - 17:59,,24.0667,89.625,bera,pabna,rajshahi,33,31,27,359,,79,8,,,rainy,murder,10
1954,7,28,monday,0,evening,18 - 19:59,,24.05,90.98333,bhairab,kishoreganj,dhaka,32,30,27,359,,84,8,,,rainy,murder,10
1955,5,19,thursday,0,night,20 - 5:59,,24.05,90.98333,bhairab,kishoreganj,dhaka,37,33,27,353,,72,10,,,hot,murder,10
1956,5,22,thursday,0,night,20 - 5:59,,24.05,90.98333,bhairab,kishoreganj,dhaka,37,34,28,356,,65,9,,,hot,murder,10
1957,5,22,friday,1,night,20 - 5:59,,24.05,90.98333,bhairab,kishoreganj,dhaka,35,33,28,356,,72,9,,,hot,murder,10
1958,6,22,thursday,0,night,20 - 5:59,,24.375,90.37833,bhaluka,mymensingh,mymensingh,34,31,26,359,,80,8,,,rainy,murder,10
1959,3,12,saturday,1,night,20 - 5:59,,24.375,90.37833,bhaluka,mymensingh,mymensingh,36,31,23,116,,46,10,,,hot,murder,10
1960,2,6,tuesday,0,morning,6 - 11:59,,24.375,90.37833,bhaluka,mymensingh,mymensingh,28,24,19,353,,54,10,,,winter,murder,10
1961,9,37,thursday,0,night,20 - 5:59,,24.375,90.37833,bhaluka,mymensingh,mymensingh,33,30,26,359,,78,9,,,rainy,murder,10
1962,2,5,friday,1,night,20 - 5:59,,24.375,90.37833,bhaluka,mymensingh,mymensingh,29,25,17,113,,32,10,,,winter,murder,10
1963,12,50,wednesday,0,night,20 - 5:59,,24.375,90.37833,bhaluka,mymensingh,mymensingh,32,26,19,113,,48,10,,,winter,murder,10
1964,5,18,wednesday,0,night,20 - 5:59,,24.375,90.37833,bhaluka,mymensingh,mymensingh,34,31,24,113,,63,10,,,hot,murder,10
1965,3,10,monday,0,morning,6 - 11:59,,24.375,90.37833,bhaluka,mymensingh,mymensingh,35,29,23,176,,53,10,,,hot,murder,10
1966,3,11,monday,0,night,20 - 5:59,,24.375,90.37833,bhaluka,mymensingh,mymensingh,32,28,20,113,,53,10,,,hot,murder,10
1967,10,41,friday,1,night,20 - 5:59,,22.4889,90.0733,bhandaria,pirojpur,barisal,31,29,25,353,,78,10,,,rainy,murder,10
1968,3,10,monday,0,night,20 - 5:59,,22.4889,90.0733,bhandaria,pirojpur,barisal,36,31,23,143,,68,9,,,hot,murder,10
1969,2,6,saturday,1,night,20 - 5:59,,22.4889,90.0733,bhandaria,pirojpur,barisal,31,27,22,116,,59,10,,,winter,murder,10
1970,6,25,monday,0,night,20 - 5:59,,23.3833,89.9833,bhanga,faridpur,dhaka,39,34,28,200,,69,10,,,rainy,murder,10
1971,2,5,saturday,1,afternoon,16 - 17:59,,23.3833,89.9833,bhanga,faridpur,dhaka,31,27,21,113,,48,10,,,winter,murder,10
1972,12,49,sunday,0,evening,18 - 19:59,,23.3833,89.9833,bhanga,faridpur,dhaka,30,25,20,113,,52,10,,,winter,murder,10
1973,12,49,wednesday,0,evening,18 - 19:59,,23.3833,89.9833,bhanga,faridpur,dhaka,29,25,21,113,,59,10,,,winter,murder,10
1974,6,24,monday,0,morning,6 - 11:59,,24.225,89.4,bhangura,pabna,rajshahi,37,34,29,116,,61,10,,,rainy,murder,10
1975,8,34,saturday,1,night,20 - 5:59,,24.225,89.4,bhangura,pabna,rajshahi,29,28,27,386,,87,9,,,rainy,murder,10
1976,6,24,tuesday,0,morning,6 - 11:59,,24.225,89.4,bhangura,pabna,rajshahi,38,35,30,116,,59,10,,,rainy,murder,10
1977,5,19,wednesday,0,night,20 - 5:59,,24.0167,88.9917,bheramara,kushtia,khulna,40,37,32,116,,40,10,,,hot,murder,10
1978,9,38,wednesday,0,night,20 - 5:59,,24.0167,88.9917,bheramara,kushtia,khulna,36,32,27,176,,72,10,,,rainy,murder,10
1979,7,28,monday,0,night,20 - 5:59,,24.0167,88.9917,bheramara,kushtia,khulna,33,31,26,356,,83,10,,,rainy,murder,10
1980,7,28,monday,0,noon,12 - 15:59,,24.9389,88.2028,bholahat,chapainawabganj,rajshahi,32,29,27,359,,82,8,,,rainy,murder,10
1981,1,4,friday,1,night,20 - 5:59,,24.4583,89.8667,bhuapur,tangail,dhaka,30,26,18,119,,42,10,,,winter,murder,10
1982,9,37,tuesday,0,morning,6 - 11:59,,24.0211,91.2797,bijoynagar,brahmanbaria,chattogram,31,29,25,359,,87,7,,,rainy,murder,10
1983,7,29,monday,0,night,20 - 5:59,,24.0211,91.2797,bijoynagar,brahmanbaria,chattogram,34,31,26,386,,78,10,,,rainy,murder,10
1984,4,16,sunday,0,night,20 - 5:59,,24.0211,91.2797,bijoynagar,brahmanbaria,chattogram,34,31,26,359,,75,8,,,hot,murder,10
1985,4,14,tuesday,0,afternoon,16 - 17:59,,25.3783,88.9833,birampur,dinajpur,rangpur,37,34,26,386,,55,10,,,hot,murder,10
1986,5,19,sunday,0,afternoon,16 - 17:59,,25.3783,88.9833,birampur,dinajpur,rangpur,37,33,27,386,,74,9,,,hot,murder,10
1987,6,26,saturday,1,morning,6 - 11:59,,25.3783,88.9833,birampur,dinajpur,rangpur,35,33,27,356,,71,9,,,rainy,murder,10
1988,7,26,saturday,1,afternoon,16 - 17:59,,26,88.5833,birganj,dinajpur,rangpur,32,30,27,356,,85,9,,,rainy,murder,10
1989,4,16,tuesday,0,afternoon,16 - 17:59,,26,88.5833,birganj,dinajpur,rangpur,35,31,25,200,,57,10,,,hot,murder,10
1990,5,22,thursday,0,noon,12 - 15:59,,26,88.5833,birganj,dinajpur,rangpur,35,31,25,386,,70,9,,,hot,murder,10
1991,5,22,thursday,0,noon,12 - 15:59,,26,88.5833,birganj,dinajpur,rangpur,35,31,25,386,,70,9,,,hot,murder,10
1992,3,11,wednesday,0,evening,18 - 19:59,,25.6333,88.5333,birol,dinajpur,rangpur,35,31,23,113,,35,10,,,hot,murder,10
1993,1,3,wednesday,0,morning,6 - 11:59,,24.8083,91.7639,bishwanath,sylhet,sylhet,32,26,16,113,,48,10,,,winter,murder,10
1994,5,21,wednesday,0,night,20 - 5:59,,24.8083,91.7639,bishwanath,sylhet,sylhet,36,34,28,176,,68,10,,,hot,murder,10
1995,2,5,friday,1,morning,6 - 11:59,,24.8083,91.7639,bishwanath,sylhet,sylhet,31,25,16,113,,52,10,,,winter,murder,10
1996,9,38,wednesday,0,morning,6 - 11:59,,23.3917,89.6833,boalmari,faridpur,dhaka,32,30,27,356,,81,9,,,rainy,murder,10
1997,8,35,tuesday,0,morning,6 - 11:59,,23.3917,89.6833,boalmari,faridpur,dhaka,34,31,27,356,,77,9,,,rainy,murder,10
1998,4,14,tuesday,0,morning,6 - 11:59,,23.3917,89.6833,boalmari,faridpur,dhaka,34,31,26,200,,46,10,,,hot,murder,10
1999,6,23,tuesday,0,night,20 - 5:59,,25.8,88.4611,bochaganj,dinajpur,rangpur,37,34,29,356,,66,8,,,rainy,murder,10
2000,10,40,saturday,1,night,20 - 5:59,,25.8,88.4611,bochaganj,dinajpur,rangpur,33,30,25,176,,63,10,,,rainy,murder,10
2001,10,42,tuesday,0,night,20 - 5:59,,26.2083,88.5597,boda,panchagarh,rangpur,31,27,22,113,,66,10,,,rainy,murder,10
2002,12,49,sunday,0,night,20 - 5:59,,24.8417,89.375,bogra sadar,bogura,rajshahi,30,25,19,113,,54,10,,,winter,murder,10
2003,5,18,thursday,0,night,20 - 5:59,,24.8417,89.375,bogra sadar,bogura,rajshahi,35,32,26,386,,60,8,,,hot,murder,10
2004,2,8,wednesday,0,noon,12 - 15:59,,24.8417,89.375,bogra sadar,bogura,rajshahi,32,27,23,116,,26,10,,,winter,murder,10
2005,1,3,wednesday,0,night,20 - 5:59,,24.8417,89.375,bogra sadar,bogura,rajshahi,26,23,18,113,,54,10,,,winter,murder,10
2006,10,44,monday,0,night,20 - 5:59,,24.8417,89.375,bogra sadar,bogura,rajshahi,28,25,21,116,,78,10,,,rainy,murder,10
2007,4,15,sunday,0,night,20 - 5:59,,24.8417,89.375,bogra sadar,bogura,rajshahi,35,33,27,386,,62,10,,,hot,murder,10
2008,1,3,saturday,1,night,20 - 5:59,,25.185884,89.869977,bokshiganj,jamalpur,mymensingh,26,22,17,116,,52,10,,,winter,murder,10
2009,10,42,thursday,0,morning,6 - 11:59,,25.185884,89.869977,bokshiganj,jamalpur,mymensingh,31,27,21,176,,74,10,,,rainy,murder,10
2010,4,15,friday,1,afternoon,16 - 17:59,,25.185884,89.869977,bokshiganj,jamalpur,mymensingh,38,32,24,113,,40,10,,,hot,murder,10
2011,4,14,friday,1,night,20 - 5:59,,25.185884,89.869977,bokshiganj,jamalpur,mymensingh,32,28,22,116,,56,10,,,hot,murder,10
2012,1,3,friday,1,night,20 - 5:59,,25.185884,89.869977,bokshiganj,jamalpur,mymensingh,28,24,18,113,,51,10,,,winter,murder,10
2013,2,5,sunday,0,night,20 - 5:59,,22.7417,89.5167,botiaghata,khulna,khulna,35,28,20,113,,44,10,,,winter,murder,10
2014,1,3,monday,0,morning,6 - 11:59,,23.9528,91.1167,brahmanbaria sadar,brahmanbaria,chattogram,29,25,17,113,,53,10,,,winter,murder,10
2015,6,25,wednesday,0,morning,6 - 11:59,,23.9528,91.1167,brahmanbaria sadar,brahmanbaria,chattogram,37,34,28,353,,72,10,,,rainy,murder,10
2016,6,25,friday,1,morning,6 - 11:59,,23.9528,91.1167,brahmanbaria sadar,brahmanbaria,chattogram,33,31,27,359,,80,8,,,rainy,murder,10
2017,6,25,wednesday,0,morning,6 - 11:59,,23.9528,91.1167,brahmanbaria sadar,brahmanbaria,chattogram,37,34,28,353,,72,10,,,rainy,murder,10
2018,5,22,tuesday,0,morning,6 - 11:59,,23.9528,91.1167,brahmanbaria sadar,brahmanbaria,chattogram,36,33,28,176,,65,10,,,hot,murder,10
2019,3,13,tuesday,0,morning,6 - 11:59,,23.9528,91.1167,brahmanbaria sadar,brahmanbaria,chattogram,36,32,23,176,,54,10,,,hot,murder,10
2020,6,23,saturday,1,night,20 - 5:59,,23.6167,91.1083,brahmanpara,comilla,chattogram,34,31,26,386,,83,9,,,rainy,murder,10
2021,9,36,saturday,1,night,20 - 5:59,,23.6167,91.1083,brahmanpara,comilla,chattogram,32,30,25,356,,84,8,,,rainy,murder,10
2022,2,5,friday,1,night,20 - 5:59,,23.4833,91.0083,chandina,comilla,chattogram,28,23,17,113,,36,10,,,winter,murder,10
2023,6,25,sunday,0,night,20 - 5:59,,24.586659,88.275275,chapainawabganj sadar,chapainawabganj,rajshahi,37,34,29,119,,58,10,,,rainy,murder,10
2024,2,6,saturday,1,afternoon,16 - 17:59,,24.586659,88.275275,chapainawabganj sadar,chapainawabganj,rajshahi,33,27,19,113,,34,10,,,winter,murder,10
2025,1,3,monday,0,night,20 - 5:59,,24.586659,88.275275,chapainawabganj sadar,chapainawabganj,rajshahi,26,21,16,113,,49,10,,,winter,murder,10
2026,7,30,wednesday,0,morning,6 - 11:59,,24.586659,88.275275,chapainawabganj sadar,chapainawabganj,rajshahi,31,29,26,356,,86,7,,,rainy,murder,10
2027,4,17,tuesday,0,night,20 - 5:59,,24.586659,88.275275,chapainawabganj sadar,chapainawabganj,rajshahi,38,34,28,176,,40,10,,,hot,murder,10
2028,5,21,tuesday,0,night,20 - 5:59,,24.586659,88.275275,chapainawabganj sadar,chapainawabganj,rajshahi,38,36,30,386,,56,10,,,hot,murder,10
2029,4,14,tuesday,0,night,20 - 5:59,,24.586659,88.275275,chapainawabganj sadar,chapainawabganj,rajshahi,34,30,24,200,,69,10,,,hot,murder,10
2030,4,15,tuesday,0,night,20 - 5:59,,23.591766,89.976222,charbhadrasan,faridpur,dhaka,34,32,27,353,,51,10,,,hot,murder,10
2031,5,22,monday,0,night,20 - 5:59,,23.591766,89.976222,charbhadrasan,faridpur,dhaka,37,34,31,353,,59,9,,,hot,murder,10
2032,4,13,sunday,0,night,20 - 5:59,,22.1847,90.7625,charfesson,bhola,barisal,34,31,26,113,,59,10,,,hot,murder,10
2033,3,11,monday,0,morning,6 - 11:59,,24.225,89.2917,chatmohar,pabna,rajshahi,36,32,24,113,,21,10,,,hot,murder,10
2034,3,10,tuesday,0,morning,6 - 11:59,,24.225,89.2917,chatmohar,pabna,rajshahi,35,31,25,116,,27,10,,,hot,murder,10
2035,1,1,friday,1,night,20 - 5:59,,23.2167,91.3167,chauddagram,comilla,chattogram,27,23,17,113,,55,10,,,winter,murder,10
2036,1,4,thursday,0,night,20 - 5:59,,25.0417,91.675,chhatak,sunamganj,sylhet,36,28,18,113,,35,10,,,winter,murder,10
2037,2,6,wednesday,0,night,20 - 5:59,,25.5667,89.6917,chilmari,kurigram,rangpur,29,25,20,113,,37,10,,,winter,murder,10
2038,9,36,wednesday,0,morning,6 - 11:59,,25.6625,88.7833,chirirbandar,dinajpur,rangpur,35,32,28,176,,68,10,,,rainy,murder,10
2039,9,36,wednesday,0,morning,6 - 11:59,,25.6625,88.7833,chirirbandar,dinajpur,rangpur,35,32,28,176,,68,10,,,rainy,murder,10
2040,7,28,saturday,1,night,20 - 5:59,,25.6625,88.7833,chirirbandar,dinajpur,rangpur,35,32,27,176,,75,10,,,rainy,murder,10
2041,1,5,monday,0,afternoon,16 - 17:59,,25.6625,88.7833,chirirbandar,dinajpur,rangpur,27,23,17,113,,44,10,,,winter,murder,10
2042,9,39,monday,0,night,20 - 5:59,,23.180315,89.1608575,chougachha,jashore,khulna,35,32,28,356,,72,9,,,rainy,murder,10
2043,12,52,wednesday,0,morning,6 - 11:59,,23.180315,89.1608575,chougachha,jashore,khulna,26,22,16,116,,45,10,,,winter,murder,10
2044,4,15,tuesday,0,morning,6 - 11:59,,23.180315,89.1608575,chougachha,jashore,khulna,44,39,30,113,,29,10,,,hot,murder,10
2045,2,7,sunday,0,morning,6 - 11:59,,23.180315,89.1608575,chougachha,jashore,khulna,28,25,19,119,,49,10,,,winter,murder,10
2046,9,37,saturday,1,night,20 - 5:59,,23.180315,89.1608575,chougachha,jashore,khulna,34,32,27,176,,73,10,,,rainy,murder,10
2047,1,3,saturday,1,morning,6 - 11:59,,24.2083,91.5222,chunarughat,habiganj,sylhet,31,24,14,113,,50,10,,,winter,murder,10
2048,10,41,wednesday,0,afternoon,16 - 17:59,,24.2083,91.5222,chunarughat,habiganj,sylhet,33,28,23,116,,79,10,,,rainy,murder,10
2049,10,41,wednesday,0,afternoon,16 - 17:59,,24.2083,91.5222,chunarughat,habiganj,sylhet,33,28,23,116,,79,10,,,rainy,murder,10
2050,3,9,thursday,0,morning,6 - 11:59,,24.2083,91.5222,chunarughat,habiganj,sylhet,32,27,19,113,,51,10,,,hot,murder,10
2051,10,41,wednesday,0,afternoon,16 - 17:59,,24.2083,91.5222,chunarughat,habiganj,sylhet,33,28,23,116,,79,10,,,rainy,murder,10
2052,7,27,monday,0,night,20 - 5:59,,24.2083,91.5222,chunarughat,habiganj,sylhet,35,31,27,356,,81,9,,,rainy,murder,10
2053,8,31,thursday,0,morning,6 - 11:59,,23.459349,91.18264,comilla sadar,comilla,chattogram,31,28,26,359,,86,6,,,rainy,murder,10
2054,2,7,tuesday,0,night,20 - 5:59,,23.459349,91.18264,comilla sadar,comilla,chattogram,34,29,22,113,,45,10,,,winter,murder,10
2055,5,18,saturday,1,night,20 - 5:59,,23.459349,91.18264,comilla sadar,comilla,chattogram,35,32,26,122,,73,10,,,hot,murder,10
2056,6,23,sunday,0,night,20 - 5:59,,23.459349,91.18264,comilla sadar,comilla,chattogram,32,29,26,359,,81,7,,,rainy,murder,10
2057,5,20,monday,0,night,20 - 5:59,,23.459349,91.18264,comilla sadar,comilla,chattogram,37,33,28,353,,67,10,,,hot,murder,10
2058,5,19,tuesday,0,night,20 - 5:59,,23.459349,91.18264,comilla sadar,comilla,chattogram,38,35,30,113,,51,10,,,hot,murder,10
2059,11,48,monday,0,night,20 - 5:59,,23.459349,91.18264,comilla sadar,comilla,chattogram,32,27,20,113,,69,10,,,winter,murder,10
2060,4,16,sunday,0,night,20 - 5:59,,23.459349,91.18264,comilla sadar,comilla,chattogram,39,34,26,116,,34,10,,,hot,murder,10
2061,10,42,saturday,1,night,20 - 5:59,,23.459349,91.18264,comilla sadar,comilla,chattogram,33,30,24,113,,77,10,,,rainy,murder,10
2062,8,34,tuesday,0,evening,18 - 19:59,,23.459349,91.18264,comilla sadar,comilla,chattogram,33,30,26,386,,83,8,,,rainy,murder,10
2063,4,14,wednesday,0,morning,6 - 11:59,,23.459349,91.18264,comilla sadar,comilla,chattogram,36,31,23,116,,47,10,,,hot,murder,10
2064,1,3,thursday,0,night,20 - 5:59,,25.0791,91.7542,companiganj,sylhet,sylhet,31,25,18,113,,48,10,,,winter,murder,10
2065,3,9,sunday,0,morning,6 - 11:59,,25.0791,91.7542,companiganj,sylhet,sylhet,34,27,20,116,,57,10,,,hot,murder,10
2066,1,2,monday,0,evening,18 - 19:59,,25.0791,91.7542,companiganj,sylhet,sylhet,32,26,18,113,,44,10,,,winter,murder,10
2067,1,3,wednesday,0,night,20 - 5:59,,25.0791,91.7542,companiganj,sylhet,sylhet,32,25,18,113,,50,10,,,winter,murder,10
2068,4,15,monday,0,night,20 - 5:59,,21.454718,92.010452,coxsbazar sadar,coxsbazar,chattogram,33,29,24,113,,74,10,,,hot,murder,10
2069,4,17,tuesday,0,night,20 - 5:59,,22.9375,91.3042,daganbhuiyan,feni,chattogram,37,33,27,356,,67,10,,,hot,murder,10
2070,3,10,tuesday,0,night,20 - 5:59,,24.9,91.86667,dakshinsurma,sylhet,sylhet,34,29,22,113,,46,10,,,hot,murder,10
2071,8,34,friday,1,night,20 - 5:59,,23.6167,88.7833,damurhuda,chuadanga,khulna,32,30,26,356,,83,9,,,rainy,murder,10
2072,9,38,wednesday,0,night,20 - 5:59,,22.2833,90.5903,dashmina,patuakhali,barisal,36,33,30,176,,67,10,,,rainy,murder,10
2073,3,11,monday,0,morning,6 - 11:59,,23.5333,90.7167,daudkandi,comilla,chattogram,37,31,24,113,,40,10,,,hot,murder,10
2074,5,19,wednesday,0,night,20 - 5:59,,24.0014,88.875,daulatpur,kushtia,khulna,44,39,30,113,,38,10,,,hot,murder,10
2075,3,12,friday,1,night,20 - 5:59,,24.0014,88.875,daulatpur,kushtia,khulna,37,33,25,353,,38,10,,,hot,murder,10
2076,1,3,tuesday,0,night,20 - 5:59,,24.0014,88.875,daulatpur,kushtia,khulna,27,23,18,113,,48,10,,,winter,murder,10
2077,2,7,sunday,0,night,20 - 5:59,,24.0014,88.875,daulatpur,kushtia,khulna,31,27,20,113,,36,10,,,winter,murder,10
2078,1,1,friday,1,night,20 - 5:59,,23.6,90.9917,debidwar,comilla,chattogram,27,23,16,113,,50,10,,,winter,murder,10
2079,8,35,monday,0,night,20 - 5:59,,23.6,90.9917,debidwar,comilla,chattogram,33,30,26,200,,82,10,,,rainy,murder,10
2080,2,8,tuesday,0,evening,18 - 19:59,,26.158752,88.718945,debiganj,panchagarh,rangpur,31,26,19,119,,35,10,,,winter,murder,10
2081,11,46,saturday,1,noon,12 - 15:59,,26.158752,88.718945,debiganj,panchagarh,rangpur,28,25,19,113,,50,10,,,winter,murder,10
2082,1,3,wednesday,0,night,20 - 5:59,,24.1417,89.9667,delduar,tangail,dhaka,28,23,17,113,,45,10,,,winter,murder,10
2083,5,22,tuesday,0,night,20 - 5:59,,24.1417,89.9667,delduar,tangail,dhaka,36,33,28,356,,67,9,,,hot,murder,10
2084,2,7,thursday,0,morning,6 - 11:59,,24.7833,91.35,derai,sunamganj,sylhet,30,25,18,113,,53,10,,,winter,murder,10
2085,8,35,monday,0,night,20 - 5:59,,24.7833,91.35,derai,sunamganj,sylhet,37,33,28,386,,70,10,,,rainy,murder,10
2086,3,13,wednesday,0,night,20 - 5:59,,25.1417,89.7833,dewangonj,jamalpur,mymensingh,36,30,22,113,,41,10,,,hot,murder,10
2087,7,30,wednesday,0,night,20 - 5:59,,25.1417,89.7833,dewangonj,jamalpur,mymensingh,32,30,26,386,,81,7,,,rainy,murder,10
2088,11,48,friday,1,night,20 - 5:59,,25.1417,89.7833,dewangonj,jamalpur,mymensingh,32,27,21,113,,71,10,,,winter,murder,10
2089,12,52,saturday,1,morning,6 - 11:59,,24.9,91.0167,dharmapasha,sunamganj,sylhet,25,21,14,113,,38,10,,,winter,murder,10
2090,6,24,thursday,0,night,20 - 5:59,,24.6833,89.5375,dhunot,bogura,rajshahi,33,31,27,356,,76,9,,,rainy,murder,10
2091,6,23,tuesday,0,night,20 - 5:59,,24.6833,89.5375,dhunot,bogura,rajshahi,36,33,28,386,,73,9,,,rainy,murder,10
2092,9,35,sunday,0,evening,18 - 19:59,,24.6833,89.5375,dhunot,bogura,rajshahi,37,34,29,113,,64,10,,,rainy,murder,10
2093,7,31,monday,0,noon,12 - 15:59,,23.2583,92.0583,dighinala,khagrachhari,chattogram,31,29,26,386,,84,8,,,rainy,murder,10
2094,7,30,saturday,1,noon,12 - 15:59,,23.2583,92.0583,dighinala,khagrachhari,chattogram,29,28,26,356,,89,9,,,rainy,murder,10
2095,7,30,saturday,1,noon,12 - 15:59,,23.2583,92.0583,dighinala,khagrachhari,chattogram,29,28,26,356,,89,9,,,rainy,murder,10
2096,11,44,friday,1,night,20 - 5:59,,23.2583,92.0583,dighinala,khagrachhari,chattogram,32,28,22,113,,76,10,,,winter,murder,10
2097,2,8,wednesday,0,morning,6 - 11:59,,23.2583,92.0583,dighinala,khagrachhari,chattogram,32,27,19,113,,39,10,,,winter,murder,10
2098,9,36,friday,1,night,20 - 5:59,,22.9083,89.5333,digholia,khulna,khulna,33,30,26,386,,82,8,,,rainy,murder,10
2099,8,34,friday,1,night,20 - 5:59,,22.9083,89.5333,digholia,khulna,khulna,34,31,27,356,,78,9,,,rainy,murder,10
2100,7,27,tuesday,0,night,20 - 5:59,,26.1278,88.925,dimla,nilphamari,rangpur,32,29,27,389,,89,8,,,rainy,murder,10
2101,11,46,tuesday,0,night,20 - 5:59,,26.1278,88.925,dimla,nilphamari,rangpur,31,27,20,113,,60,10,,,winter,murder,10
2102,4,13,sunday,0,night,20 - 5:59,,25.6333,88.65,dinajpur sadar,dinajpur,rangpur,36,32,25,116,,56,10,,,hot,murder,10
2103,9,38,sunday,0,night,20 - 5:59,,25.6333,88.65,dinajpur sadar,dinajpur,rangpur,34,31,27,176,,67,10,,,rainy,murder,10
2104,5,22,wednesday,0,night,20 - 5:59,,22.442809,90.414608,dumki,patuakhali,barisal,36,33,29,176,,69,9,,,hot,murder,10
2105,10,42,wednesday,0,night,20 - 5:59,,25.09,90.7,durgapur,netrokona,mymensingh,32,29,24,113,,74,10,,,rainy,murder,10
2106,8,34,friday,1,night,20 - 5:59,,25.09,90.7,durgapur,netrokona,mymensingh,33,30,27,353,,78,9,,,rainy,murder,10
2107,2,7,friday,1,night,20 - 5:59,,23.125,90.7486,faridgonj,chandpur,chattogram,30,26,20,113,,41,10,,,winter,murder,10
2108,2,7,friday,1,night,20 - 5:59,,23.125,90.7486,faridgonj,chandpur,chattogram,30,26,20,113,,41,10,,,winter,murder,10
2109,3,13,wednesday,0,night,20 - 5:59,,23.125,90.7486,faridgonj,chandpur,chattogram,34,31,27,386,,66,10,,,hot,murder,10
2110,6,25,thursday,0,night,20 - 5:59,,24.1583,89.4528,faridpur,pabna,rajshahi,35,33,28,353,,65,10,,,rainy,murder,10
2111,9,36,thursday,0,night,20 - 5:59,,24.1583,89.4528,faridpur,pabna,rajshahi,33,31,27,353,,79,10,,,rainy,murder,10
2112,4,16,saturday,1,morning,6 - 11:59,,23.605717,89.841728,faridpur sadar,faridpur,dhaka,31,29,27,356,,79,9,,,hot,murder,10
2113,2,6,wednesday,0,morning,6 - 11:59,,23.605717,89.841728,faridpur sadar,faridpur,dhaka,30,26,21,113,,34,10,,,winter,murder,10
2114,5,18,sunday,0,night,20 - 5:59,,23.605717,89.841728,faridpur sadar,faridpur,dhaka,35,32,28,353,,70,9,,,hot,murder,10
2115,2,7,saturday,1,night,20 - 5:59,,23.605717,89.841728,faridpur sadar,faridpur,dhaka,32,27,22,113,,39,10,,,winter,murder,10
2116,5,20,wednesday,0,evening,18 - 19:59,,24.7083,91.9403,fenchuganj,sylhet,sylhet,37,32,23,113,,66,10,,,hot,murder,10
2117,9,36,thursday,0,noon,12 - 15:59,,24.7083,91.9403,fenchuganj,sylhet,sylhet,32,30,26,386,,83,10,,,rainy,murder,10
2118,5,20,tuesday,0,night,20 - 5:59,,25.51667,88.88333,fulbari,dinajpur,rangpur,41,34,27,200,,69,10,,,hot,murder,10
2119,2,8,tuesday,0,morning,6 - 11:59,,24.6333,90.2667,fulbaria,mymensingh,mymensingh,30,24,16,113,,47,10,,,winter,murder,10
2120,4,16,saturday,1,night,20 - 5:59,,24.6333,90.2667,fulbaria,mymensingh,mymensingh,36,32,26,113,,41,10,,,hot,murder,10
2121,4,16,saturday,1,night,20 - 5:59,,24.6333,90.2667,fulbaria,mymensingh,mymensingh,36,32,26,113,,41,10,,,hot,murder,10
2122,5,18,saturday,1,night,20 - 5:59,,24.875,89.45,gabtali,bogura,rajshahi,33,30,24,386,,70,10,,,hot,murder,10
2123,8,35,thursday,0,night,20 - 5:59,,24.4167,90.55,gafargaon,mymensingh,mymensingh,33,31,26,386,,79,10,,,rainy,murder,10
2124,2,9,wednesday,0,night,20 - 5:59,,24.4167,90.55,gafargaon,mymensingh,mymensingh,33,28,20,113,,52,10,,,winter,murder,10
2125,5,19,tuesday,0,night,20 - 5:59,,24.4167,90.55,gafargaon,mymensingh,mymensingh,39,34,26,353,,69,10,,,hot,murder,10
2126,4,15,sunday,0,morning,6 - 11:59,,24.4167,90.55,gafargaon,mymensingh,mymensingh,36,33,26,386,,58,10,,,hot,murder,10
2127,8,35,thursday,0,night,20 - 5:59,,24.4167,90.55,gafargaon,mymensingh,mymensingh,33,31,26,386,,79,10,,,rainy,murder,10
2128,7,30,saturday,1,night,20 - 5:59,,24.4167,90.55,gafargaon,mymensingh,mymensingh,30,28,26,356,,87,9,,,rainy,murder,10
2129,5,19,wednesday,0,afternoon,16 - 17:59,,24.4167,90.55,gafargaon,mymensingh,mymensingh,42,34,26,353,,72,10,,,hot,murder,10
2130,9,37,thursday,0,night,20 - 5:59,,24.4167,90.55,gafargaon,mymensingh,mymensingh,28,27,25,359,,91,6,,,rainy,murder,10
2131,1,3,monday,0,morning,6 - 11:59,,24.4167,90.55,gafargaon,mymensingh,mymensingh,25,20,15,113,,44,10,,,winter,murder,10
2132,4,14,wednesday,0,afternoon,16 - 17:59,,24.4167,90.55,gafargaon,mymensingh,mymensingh,32,27,20,386,,74,9,,,hot,murder,10
2133,4,14,monday,0,evening,18 - 19:59,,24.4167,90.55,gafargaon,mymensingh,mymensingh,29,27,24,356,,87,7,,,hot,murder,10
2134,2,6,monday,0,night,20 - 5:59,,25.333317,89.520761,gaibandha sadar,gaibandha,rangpur,31,26,21,113,,44,10,,,winter,murder,10
2135,8,31,tuesday,0,night,20 - 5:59,,22.1639,90.4306,galachipa,patuakhali,barisal,34,32,29,353,,71,9,,,rainy,murder,10
2136,6,26,tuesday,0,night,20 - 5:59,,22.1639,90.4306,galachipa,patuakhali,barisal,33,31,28,386,,76,10,,,rainy,murder,10
2137,3,11,tuesday,0,night,20 - 5:59,,22.1639,90.4306,galachipa,patuakhali,barisal,32,28,21,113,,39,10,,,hot,murder,10
2138,1,1,friday,1,morning,6 - 11:59,,25.85,89.2167,gangachara,rangpur,rangpur,28,23,16,113,,42,10,,,winter,murder,10
2139,3,10,saturday,1,night,20 - 5:59,,25.85,89.2167,gangachara,rangpur,rangpur,35,30,25,113,,24,10,,,hot,murder,10
2140,7,30,saturday,1,noon,12 - 15:59,,23.81667,88.755,gangni,meherpur,khulna,32,30,26,386,,84,9,,,rainy,murder,10
2141,2,8,saturday,1,afternoon,16 - 17:59,,23.81667,88.755,gangni,meherpur,khulna,33,29,23,113,,53,10,,,winter,murder,10
2142,5,21,thursday,0,morning,6 - 11:59,,23.81667,88.755,gangni,meherpur,khulna,43,38,30,116,,49,10,,,hot,murder,10
2143,5,19,saturday,1,night,20 - 5:59,,23.996158,90.419726,gazipur sadar,gazipur,dhaka,36,33,28,356,,72,9,,,hot,murder,10
2144,9,38,tuesday,0,morning,6 - 11:59,,23.996158,90.419726,gazipur sadar,gazipur,dhaka,38,35,29,113,,59,10,,,rainy,murder,10
2145,10,40,tuesday,0,night,20 - 5:59,,23.996158,90.419726,gazipur sadar,gazipur,dhaka,32,29,25,356,,80,10,,,rainy,murder,10
2146,7,29,saturday,1,afternoon,16 - 17:59,,24.46667,89.96667,ghatail,tangail,dhaka,33,31,28,353,,75,10,,,rainy,murder,10
2147,1,1,wednesday,0,evening,18 - 19:59,,24.46667,89.96667,ghatail,tangail,dhaka,28,23,18,113,,47,10,,,winter,murder,10
2148,1,2,saturday,1,evening,18 - 19:59,,24.46667,89.96667,ghatail,tangail,dhaka,25,20,14,113,,34,10,,,winter,murder,10
2149,5,19,friday,1,night,20 - 5:59,,25.2458,89.2167,ghoraghat,dinajpur,rangpur,36,33,27,386,,63,8,,,hot,murder,10
2150,6,25,monday,0,night,20 - 5:59,,25.2458,89.2167,ghoraghat,dinajpur,rangpur,39,35,29,386,,65,10,,,rainy,murder,10
2151,4,16,friday,1,night,20 - 5:59,,25.2458,89.2167,ghoraghat,dinajpur,rangpur,42,37,28,113,,49,10,,,hot,murder,10
2152,2,7,thursday,0,night,20 - 5:59,,22.638229,88.415531,goalanda,rajbari,dhaka,35,32,22,113,,32,10,,,winter,murder,10
2153,5,18,friday,1,night,20 - 5:59,,25.1333,89.3917,gobindaganj,gaibandha,rangpur,36,33,27,386,,56,10,,,hot,murder,10
2154,7,28,saturday,1,night,20 - 5:59,,25.1333,89.3917,gobindaganj,gaibandha,rangpur,36,33,29,116,,66,10,,,rainy,murder,10
2155,5,22,thursday,0,night,20 - 5:59,,25.1333,89.3917,gobindaganj,gaibandha,rangpur,35,32,27,386,,71,9,,,hot,murder,10
2156,2,6,sunday,0,night,20 - 5:59,,25.1333,89.3917,gobindaganj,gaibandha,rangpur,31,26,20,113,,33,10,,,winter,murder,10
2157,2,7,tuesday,0,night,20 - 5:59,,25.1333,89.3917,gobindaganj,gaibandha,rangpur,35,31,24,113,,33,10,,,winter,murder,10
2158,5,21,monday,0,night,20 - 5:59,,25.1333,89.3917,gobindaganj,gaibandha,rangpur,36,32,26,386,,70,9,,,hot,murder,10
2159,2,5,friday,1,night,20 - 5:59,,25.1333,89.3917,gobindaganj,gaibandha,rangpur,32,26,19,113,,45,10,,,winter,murder,10
2160,8,32,sunday,0,evening,18 - 19:59,,25.1333,89.3917,gobindaganj,gaibandha,rangpur,37,34,30,353,,64,10,,,rainy,murder,10
2161,7,27,sunday,0,night,20 - 5:59,,24.4667,88.3306,godagari,rajshahi,rajshahi,33,32,28,359,,75,8,,,rainy,murder,10
2162,1,2,tuesday,0,morning,6 - 11:59,,24.4667,88.3306,godagari,rajshahi,rajshahi,27,23,18,116,,45,10,,,winter,murder,10
2163,6,22,wednesday,0,night,20 - 5:59,,24.8583,92.0208,golapganj,sylhet,sylhet,32,29,25,356,,78,9,,,rainy,murder,10
2164,6,22,thursday,0,night,20 - 5:59,,24.8583,92.0208,golapganj,sylhet,sylhet,36,32,26,116,,75,10,,,rainy,murder,10
2165,3,10,friday,1,morning,6 - 11:59,,24.775,88.2833,gomostapur,chapainawabganj,rajshahi,36,31,23,113,,22,10,,,hot,murder,10
2166,8,32,wednesday,0,night,20 - 5:59,,24.775,88.2833,gomostapur,chapainawabganj,rajshahi,34,32,27,200,,73,10,,,rainy,murder,10
2167,3,9,sunday,0,morning,6 - 11:59,,24.775,88.2833,gomostapur,chapainawabganj,rajshahi,37,33,26,113,,23,10,,,hot,murder,10
2168,1,3,tuesday,0,night,20 - 5:59,,23.0167,89.8333,gopalganj sadar,gopalganj,dhaka,26,24,20,113,,49,10,,,winter,murder,10
2169,11,47,saturday,1,night,20 - 5:59,,24.5583,89.9167,gopalpur,tangail,dhaka,32,26,21,113,,58,10,,,winter,murder,10
2170,9,37,thursday,0,night,20 - 5:59,,24.75833,90.575,gouripur,mymensingh,mymensingh,34,31,27,356,,73,9,,,rainy,murder,10
2171,1,4,saturday,1,night,20 - 5:59,,22.9736,90.2306,gournadi,barisal,barisal,31,27,22,113,,46,10,,,winter,murder,10
2172,6,23,wednesday,0,morning,6 - 11:59,,25.1028,91.8917,gowainghat,sylhet,sylhet,39,35,28,113,,71,10,,,rainy,murder,10
2173,7,30,monday,0,night,20 - 5:59,,24.3667,89.25,gurudaspur,natore,rajshahi,35,31,28,356,,75,9,,,rainy,murder,10
2174,5,18,thursday,0,night,20 - 5:59,,24.375,91.4167,habiganj sadar,habiganj,sylhet,33,30,25,359,,74,8,,,hot,murder,10
2175,10,41,tuesday,0,night,20 - 5:59,,23.25,90.85,hajiganj,chandpur,chattogram,31,28,25,176,,73,10,,,rainy,murder,10
2176,12,49,wednesday,0,noon,12 - 15:59,,25.2833,89.0167,hakimpur,dinajpur,rangpur,28,24,18,113,,51,10,,,winter,murder,10
2177,8,33,thursday,0,night,20 - 5:59,,25.2833,89.0167,hakimpur,dinajpur,rangpur,33,31,26,359,,79,7,,,rainy,murder,10
2178,6,23,monday,0,night,20 - 5:59,,25.2833,89.0167,hakimpur,dinajpur,rangpur,33,32,28,386,,81,8,,,rainy,murder,10
2179,6,22,friday,1,night,20 - 5:59,,25.2833,89.0167,hakimpur,dinajpur,rangpur,37,34,28,176,,59,10,,,rainy,murder,10
2180,8,33,friday,1,night,20 - 5:59,,25.125,90.35,haluaghat,mymensingh,mymensingh,35,33,28,119,,66,10,,,rainy,murder,10
2181,9,36,monday,0,night,20 - 5:59,,23.6417,89.05,harinakundu,jhenaidah,khulna,34,32,28,356,,76,9,,,rainy,murder,10
2182,9,36,monday,0,night,20 - 5:59,,23.6417,89.05,harinakundu,jhenaidah,khulna,33,30,26,356,,79,9,,,rainy,murder,10
2183,1,1,tuesday,0,night,20 - 5:59,,25.8083,88.1417,haripur,thakurgaon,rangpur,28,24,17,113,,40,10,,,winter,murder,10
2184,2,7,tuesday,0,night,20 - 5:59,,25.8083,88.1417,haripur,thakurgaon,rangpur,28,25,18,113,,51,10,,,winter,murder,10
2185,6,22,friday,1,night,20 - 5:59,,22.3667,91.125,hatia,noakhali,chattogram,33,32,29,359,,72,8,,,rainy,murder,10
2186,3,13,thursday,0,night,20 - 5:59,,22.3667,91.125,hatia,noakhali,chattogram,32,30,26,176,,78,9,,,hot,murder,10
2187,6,25,saturday,1,morning,6 - 11:59,,26.1125,89.1333,hatibandha,lalmonirhat,rangpur,30,27,25,386,,92,6,,,rainy,murder,10
2188,4,13,sunday,0,evening,18 - 19:59,,26.1125,89.1333,hatibandha,lalmonirhat,rangpur,35,32,23,176,,54,10,,,hot,murder,10
2189,11,44,saturday,1,night,20 - 5:59,,22.9,90.5083,hizla,barisal,barisal,31,28,24,176,,75,10,,,winter,murder,10
2190,8,35,wednesday,0,morning,6 - 11:59,,22.9,90.5083,hizla,barisal,barisal,32,30,28,353,,76,10,,,rainy,murder,10
2191,8,34,saturday,1,night,20 - 5:59,,24.15,89.0667,ishurdi,pabna,rajshahi,35,31,27,356,,79,9,,,rainy,murder,10
2192,3,12,thursday,0,noon,12 - 15:59,,24.15,89.0667,ishurdi,pabna,rajshahi,35,31,23,116,,46,10,,,hot,murder,10
2193,4,17,friday,1,night,20 - 5:59,,24.15,89.0667,ishurdi,pabna,rajshahi,43,39,30,113,,45,10,,,hot,murder,10
2194,2,7,saturday,1,night,20 - 5:59,,24.15,89.0667,ishurdi,pabna,rajshahi,28,24,20,293,,51,10,,,winter,murder,10
2195,2,6,wednesday,0,night,20 - 5:59,,24.15,89.0667,ishurdi,pabna,rajshahi,30,26,20,113,,36,10,,,winter,murder,10
2196,4,13,sunday,0,night,20 - 5:59,,24.15,89.0667,ishurdi,pabna,rajshahi,35,31,25,386,,54,9,,,hot,murder,10
2197,2,6,friday,1,night,20 - 5:59,,24.15,89.0667,ishurdi,pabna,rajshahi,32,28,21,113,,47,10,,,winter,murder,10
2198,5,19,friday,1,night,20 - 5:59,,24.15,89.0667,ishurdi,pabna,rajshahi,36,33,28,386,,63,9,,,hot,murder,10
2199,5,17,sunday,0,night,20 - 5:59,,24.15,89.0667,ishurdi,pabna,rajshahi,43,37,30,113,,37,10,,,hot,murder,10
2200,3,11,tuesday,0,night,20 - 5:59,,25.0833,89.7917,islampur,jamalpur,mymensingh,31,26,20,113,,39,10,,,hot,murder,10
2201,2,6,tuesday,0,night,20 - 5:59,,25.0833,89.7917,islampur,jamalpur,mymensingh,32,27,20,113,,43,10,,,winter,murder,10
2202,9,38,wednesday,0,morning,6 - 11:59,,24.6833,90.625,iswarganj,mymensingh,mymensingh,35,32,27,116,,69,10,,,rainy,murder,10
2203,5,22,tuesday,0,night,20 - 5:59,,24.6833,90.625,iswarganj,mymensingh,mymensingh,36,33,26,176,,68,10,,,hot,murder,10
2204,6,22,saturday,1,night,20 - 5:59,,24.6833,90.625,iswarganj,mymensingh,mymensingh,34,31,27,356,,70,9,,,rainy,murder,10
2205,10,42,tuesday,0,morning,6 - 11:59,,24.6833,90.625,iswarganj,mymensingh,mymensingh,33,29,24,116,,77,10,,,rainy,murder,10
2206,5,19,monday,0,night,20 - 5:59,,24.6833,90.625,iswarganj,mymensingh,mymensingh,35,31,25,356,,76,9,,,hot,murder,10
2207,5,18,wednesday,0,afternoon,16 - 17:59,,24.6833,90.625,iswarganj,mymensingh,mymensingh,34,30,24,356,,67,9,,,hot,murder,10
2208,2,8,saturday,1,morning,6 - 11:59,,26.0167,89.025,jaldhaka,nilphamari,rangpur,33,28,21,113,,40,10,,,winter,murder,10
2209,12,49,wednesday,0,night,20 - 5:59,,24.9167,89.9583,jamalpur sadar,jamalpur,mymensingh,27,24,18,116,,67,10,,,winter,murder,10
2210,2,8,tuesday,0,night,20 - 5:59,,24.9167,89.9583,jamalpur sadar,jamalpur,mymensingh,36,29,21,113,,35,10,,,winter,murder,10
2211,3,11,monday,0,morning,6 - 11:59,,24.9167,89.9583,jamalpur sadar,jamalpur,mymensingh,37,30,21,113,,33,10,,,hot,murder,10
2212,6,24,friday,1,night,20 - 5:59,,24.9167,89.9583,jamalpur sadar,jamalpur,mymensingh,35,32,28,386,,73,8,,,rainy,murder,10
2213,8,31,tuesday,0,night,20 - 5:59,,24.9167,89.9583,jamalpur sadar,jamalpur,mymensingh,35,32,28,359,,73,7,,,rainy,murder,10
2214,4,17,thursday,0,night,20 - 5:59,,24.9167,89.9583,jamalpur sadar,jamalpur,mymensingh,36,31,24,176,,53,9,,,hot,murder,10
2215,3,13,monday,0,afternoon,16 - 17:59,,23.180315,89.1608575,jessore sadar,jashore,khulna,36,33,27,116,,52,10,,,hot,murder,10
2216,4,16,sunday,0,night,20 - 5:59,,23.180315,89.1608575,jessore sadar,jashore,khulna,33,31,28,356,,74,10,,,hot,murder,10
2217,4,14,monday,0,night,20 - 5:59,,23.180315,89.1608575,jessore sadar,jashore,khulna,33,30,26,386,,53,10,,,hot,murder,10
2218,3,9,sunday,0,night,20 - 5:59,,23.180315,89.1608575,jessore sadar,jashore,khulna,38,33,25,113,,38,10,,,hot,murder,10
2219,6,25,monday,0,evening,18 - 19:59,,23.5417,89.1833,jhenaidah sadar,jhenaidah,khulna,41,36,29,386,,62,10,,,rainy,murder,10
2220,6,25,tuesday,0,night,20 - 5:59,,23.5417,89.1833,jhenaidah sadar,jhenaidah,khulna,39,35,30,386,,63,9,,,rainy,murder,10
2221,2,7,sunday,0,night,20 - 5:59,,23.5417,89.1833,jhenaidah sadar,jhenaidah,khulna,32,28,22,113,,36,10,,,winter,murder,10
2222,4,14,friday,1,night,20 - 5:59,,23.5417,89.1833,jhenaidah sadar,jhenaidah,khulna,41,36,30,200,,49,10,,,hot,murder,10
2223,8,31,sunday,0,noon,12 - 15:59,,23.5417,89.1833,jhenaidah sadar,jhenaidah,khulna,33,31,28,359,,80,8,,,rainy,murder,10
2224,8,33,monday,0,night,20 - 5:59,,23.5417,89.1833,jhenaidah sadar,jhenaidah,khulna,34,31,27,356,,79,9,,,rainy,murder,10
2225,4,14,saturday,1,morning,6 - 11:59,,23.5417,89.1833,jhenaidah sadar,jhenaidah,khulna,39,34,26,200,,63,10,,,hot,murder,10
2226,5,19,monday,0,morning,6 - 11:59,,23.1,89.1333,jhikargacha,jashore,khulna,39,36,31,116,,50,10,,,hot,murder,10
2227,9,39,thursday,0,night,20 - 5:59,,23.1,89.1333,jhikargacha,jashore,khulna,34,31,27,353,,71,10,,,rainy,murder,10
2228,3,13,wednesday,0,night,20 - 5:59,,23.1,89.1333,jhikargacha,jashore,khulna,38,33,24,143,,56,9,,,hot,murder,10
2229,9,39,thursday,0,night,20 - 5:59,,23.1,89.1333,jhikargacha,jashore,khulna,34,31,27,353,,71,10,,,rainy,murder,10
2230,8,31,sunday,0,night,20 - 5:59,,23.1,89.1333,jhikargacha,jashore,khulna,33,31,28,359,,80,8,,,rainy,murder,10
2231,9,38,monday,0,night,20 - 5:59,,23.1,89.1333,jhikargacha,jashore,khulna,33,31,27,359,,78,8,,,rainy,murder,10
2232,4,14,saturday,1,night,20 - 5:59,,25.1,89.03333,joypurhat sadar,joypurhat,rajshahi,42,38,28,113,,23,10,,,hot,murder,10
2233,9,36,wednesday,0,afternoon,16 - 17:59,,25.1,89.03333,joypurhat sadar,joypurhat,rajshahi,34,32,28,200,,71,10,,,rainy,murder,10
2234,5,19,friday,1,morning,6 - 11:59,,25.1,89.03333,joypurhat sadar,joypurhat,rajshahi,34,31,25,386,,67,10,,,hot,murder,10
2235,5,22,wednesday,0,night,20 - 5:59,,25.1,89.03333,joypurhat sadar,joypurhat,rajshahi,38,35,27,386,,65,9,,,hot,murder,10
2236,9,36,wednesday,0,afternoon,16 - 17:59,,25.1,89.03333,joypurhat sadar,joypurhat,rajshahi,34,32,28,200,,71,10,,,rainy,murder,10
2237,1,1,saturday,1,night,20 - 5:59,,24.58006,92.16467,juri,moulvibazar,sylhet,29,23,15,113,,60,10,,,winter,murder,10
2238,1,1,tuesday,0,night,20 - 5:59,,24.58006,92.16467,juri,moulvibazar,sylhet,28,23,15,113,,54,10,,,winter,murder,10
2239,3,9,saturday,1,night,20 - 5:59,,24.58006,92.16467,juri,moulvibazar,sylhet,32,28,19,113,,47,10,,,hot,murder,10
2240,5,22,monday,0,night,20 - 5:59,,22.65,89.88333,kachua,bagerhat,khulna,38,35,29,113,,65,10,,,hot,murder,10
2241,7,31,monday,0,night,20 - 5:59,,24.8167,89.2667,kahaloo,bogura,rajshahi,33,31,28,356,,88,8,,,rainy,murder,10
2242,3,12,thursday,0,morning,6 - 11:59,,25.7917,88.6,kaharol,dinajpur,rangpur,38,33,25,113,,24,10,,,hot,murder,10
2243,4,17,saturday,1,night,20 - 5:59,,25.0583,89.1833,kalai,joypurhat,rajshahi,42,35,29,386,,60,10,,,hot,murder,10
2244,6,22,saturday,1,night,20 - 5:59,,25.0583,89.1833,kalai,joypurhat,rajshahi,34,32,28,356,,66,9,,,rainy,murder,10
2245,7,28,thursday,0,night,20 - 5:59,,21.9861,90.2422,kalapara,patuakhali,barisal,32,31,28,386,,78,9,,,rainy,murder,10
2246,8,33,tuesday,0,night,20 - 5:59,,21.9861,90.2422,kalapara,patuakhali,barisal,33,31,28,386,,79,9,,,rainy,murder,10
2247,9,39,monday,0,night,20 - 5:59,,21.9861,90.2422,kalapara,patuakhali,barisal,35,32,29,176,,72,10,,,rainy,murder,10
2248,5,21,thursday,0,night,20 - 5:59,,21.9861,90.2422,kalapara,patuakhali,barisal,37,34,29,200,,69,10,,,hot,murder,10
2249,3,11,tuesday,0,night,20 - 5:59,,21.9861,90.2422,kalapara,patuakhali,barisal,35,30,24,143,,73,8,,,hot,murder,10
2250,3,13,thursday,0,night,20 - 5:59,,22.875,89.0417,kalaroa,satkhira,khulna,35,31,26,386,,69,9,,,hot,murder,10
2251,8,32,tuesday,0,night,20 - 5:59,,22.875,89.0417,kalaroa,satkhira,khulna,32,30,27,356,,82,9,,,rainy,murder,10
2252,5,19,monday,0,noon,12 - 15:59,,22.875,89.0417,kalaroa,satkhira,khulna,39,35,30,113,,53,10,,,hot,murder,10
2253,12,49,friday,1,night,20 - 5:59,,23.0333,89.6167,kalia,narail,khulna,31,26,18,116,,54,10,,,winter,murder,10
2254,12,49,sunday,0,night,20 - 5:59,,23.925,90.5667,kaliganj,gazipur,dhaka,30,26,21,113,,56,10,,,winter,murder,10
2255,7,30,sunday,0,night,20 - 5:59,,23.925,90.5667,kaliganj,gazipur,dhaka,35,32,28,359,,73,8,,,rainy,murder,10
2256,9,36,saturday,1,night,20 - 5:59,,22.45,89.0417,kaliganj,satkhira,khulna,33,31,26,353,,82,8,,,rainy,murder,10
2257,2,6,saturday,1,night,20 - 5:59,,23.4139,89.1333,kaliganj,jhenaidah,khulna,32,26,19,113,,32,10,,,winter,murder,10
2258,7,26,sunday,0,noon,12 - 15:59,,23.4139,89.1333,kaliganj,jhenaidah,khulna,34,31,28,359,,79,8,,,rainy,murder,10
2259,6,25,wednesday,0,night,20 - 5:59,,23.4139,89.1333,kaliganj,jhenaidah,khulna,36,33,28,176,,67,10,,,rainy,murder,10
2260,7,31,tuesday,0,morning,6 - 11:59,,25.974953,89.228404,kaliganj,lalmonirhat,rangpur,33,30,27,359,,79,6,,,rainy,murder,10
2261,12,50,monday,0,night,20 - 5:59,,24.3833,90.0083,kalihati,tangail,dhaka,27,24,19,113,,55,10,,,winter,murder,10
2262,5,21,sunday,0,night,20 - 5:59,,24.3833,90.0083,kalihati,tangail,dhaka,35,32,27,353,,71,10,,,hot,murder,10
2263,5,22,monday,0,night,20 - 5:59,,24.3833,90.0083,kalihati,tangail,dhaka,36,33,27,176,,66,10,,,hot,murder,10
2264,5,21,sunday,0,night,20 - 5:59,,24.3833,90.0083,kalihati,tangail,dhaka,37,34,28,116,,65,10,,,hot,murder,10
2265,8,35,tuesday,0,night,20 - 5:59,,25.0833,90.8917,kalmakanda,netrokona,mymensingh,35,32,27,119,,74,10,,,rainy,murder,10
2266,4,16,saturday,1,noon,12 - 15:59,,25.0833,90.8917,kalmakanda,netrokona,mymensingh,36,32,26,113,,41,10,,,hot,murder,10
2267,8,33,friday,1,evening,18 - 19:59,,25.0833,90.8917,kalmakanda,netrokona,mymensingh,34,31,27,356,,79,8,,,rainy,murder,10
2268,6,22,saturday,1,night,20 - 5:59,,25.0833,90.8917,kalmakanda,netrokona,mymensingh,34,31,27,356,,70,9,,,rainy,murder,10
2269,4,14,wednesday,0,night,20 - 5:59,,22.73,90.88,kamalnagar,lakshmipur,chattogram,33,30,27,116,,80,10,,,hot,murder,10
2270,8,32,monday,0,night,20 - 5:59,,24.373646,89.659628,kamarkhand,sirajganj,rajshahi,34,32,28,386,,72,9,,,rainy,murder,10
2271,7,27,saturday,1,night,20 - 5:59,,24.373646,89.659628,kamarkhand,sirajganj,rajshahi,30,29,27,359,,84,8,,,rainy,murder,10
2272,2,7,monday,0,morning,6 - 11:59,,24.3667,91.8667,kamolganj,moulvibazar,sylhet,32,27,18,113,,56,10,,,winter,murder,10
2273,6,24,monday,0,night,20 - 5:59,,24.3667,91.8667,kamolganj,moulvibazar,sylhet,35,32,26,356,,78,9,,,rainy,murder,10
2274,7,29,friday,1,night,20 - 5:59,,24.3667,91.8667,kamolganj,moulvibazar,sylhet,36,32,27,359,,84,8,,,rainy,murder,10
2275,1,5,monday,0,morning,6 - 11:59,,24.3667,91.8667,kamolganj,moulvibazar,sylhet,29,24,18,113,,52,10,,,winter,murder,10
2276,3,9,friday,1,noon,12 - 15:59,,25.0166,92.2472,kanaighat,sylhet,sylhet,35,29,19,113,,48,10,,,hot,murder,10
2277,8,33,saturday,1,afternoon,16 - 17:59,,24.1,90.57,kapasia,gazipur,dhaka,35,32,27,119,,70,10,,,rainy,murder,10
2278,2,6,monday,0,morning,6 - 11:59,,24.1,90.57,kapasia,gazipur,dhaka,31,26,19,113,,59,10,,,winter,murder,10
2279,5,19,thursday,0,night,20 - 5:59,,24.1,90.57,kapasia,gazipur,dhaka,39,34,28,119,,67,10,,,hot,murder,10
2280,7,27,tuesday,0,morning,6 - 11:59,,22.5,92.2167,kaptai,rangamati,chattogram,29,28,26,359,,88,8,,,rainy,murder,10
2281,6,25,friday,1,noon,12 - 15:59,,24.4583,90.8833,karimgonj,kishoreganj,dhaka,35,32,28,359,,72,8,,,rainy,murder,10
2282,6,25,friday,1,noon,12 - 15:59,,24.4583,90.8833,karimgonj,kishoreganj,dhaka,35,32,28,359,,72,8,,,rainy,murder,10
2283,4,15,monday,0,night,20 - 5:59,,23.759377,91.143823,kasba,brahmanbaria,chattogram,37,33,25,113,,63,10,,,hot,murder,10
2284,4,15,monday,0,night,20 - 5:59,,23.759377,91.143823,kasba,brahmanbaria,chattogram,37,33,25,113,,63,10,,,hot,murder,10
2285,6,24,tuesday,0,morning,6 - 11:59,,23.759377,91.143823,kasba,brahmanbaria,chattogram,30,28,26,359,,92,6,,,rainy,murder,10
2286,2,6,thursday,0,night,20 - 5:59,,23.759377,91.143823,kasba,brahmanbaria,chattogram,29,26,17,113,,55,10,,,winter,murder,10
2287,6,22,sunday,0,night,20 - 5:59,,23.759377,91.143823,kasba,brahmanbaria,chattogram,33,30,27,356,,86,8,,,rainy,murder,10
2288,3,13,tuesday,0,morning,6 - 11:59,,23.759377,91.143823,kasba,brahmanbaria,chattogram,35,31,22,116,,70,10,,,hot,murder,10
2289,7,27,friday,1,night,20 - 5:59,,23.759377,91.143823,kasba,brahmanbaria,chattogram,33,31,26,386,,84,7,,,rainy,murder,10
2290,12,50,wednesday,0,night,20 - 5:59,,23.2167,89.7,kashiani,gopalganj,dhaka,30,26,20,113,,41,10,,,winter,murder,10
2291,9,36,monday,0,morning,6 - 11:59,,23.2167,89.7,kashiani,gopalganj,dhaka,34,31,27,356,,77,9,,,rainy,murder,10
2292,9,37,tuesday,0,morning,6 - 11:59,,23.2167,89.7,kashiani,gopalganj,dhaka,34,31,27,356,,75,9,,,rainy,murder,10
2293,8,31,tuesday,0,afternoon,16 - 17:59,,22.4,90.125,kathalia,jhalakathi,barisal,34,32,29,353,,71,9,,,rainy,murder,10
2294,3,11,wednesday,0,evening,18 - 19:59,,22.4,90.125,kathalia,jhalakathi,barisal,34,31,26,113,,70,10,,,hot,murder,10
2295,10,43,wednesday,0,night,20 - 5:59,,24.25,90.7917,katiadi,kishoreganj,dhaka,32,28,23,116,,66,10,,,rainy,murder,10
2296,12,49,friday,1,night,20 - 5:59,,24.25,90.7917,katiadi,kishoreganj,dhaka,29,25,18,116,,54,10,,,winter,murder,10
2297,12,52,friday,1,night,20 - 5:59,,25.7708,89.4167,kaunia,rangpur,rangpur,23,19,14,176,,55,10,,,winter,murder,10
2298,10,40,wednesday,0,afternoon,16 - 17:59,,24.6417,89.65,kazipur,sirajganj,rajshahi,31,29,24,353,,79,10,,,rainy,murder,10
2299,5,20,thursday,0,night,20 - 5:59,,24.65,90.8417,kendua,netrokona,mymensingh,35,32,25,356,,72,9,,,hot,murder,10
2300,8,32,thursday,0,night,20 - 5:59,,24.65,90.8417,kendua,netrokona,mymensingh,34,31,27,116,,73,10,,,rainy,murder,10
2301,4,14,thursday,0,night,20 - 5:59,,22.870267,89.237263,keshabpur,jashore,khulna,41,36,28,113,,57,10,,,hot,murder,10
2302,6,24,thursday,0,night,20 - 5:59,,22.870267,89.237263,keshabpur,jashore,khulna,36,33,29,176,,67,10,,,rainy,murder,10
2303,9,37,sunday,0,morning,6 - 11:59,,22.870267,89.237263,keshabpur,jashore,khulna,33,31,28,359,,78,8,,,rainy,murder,10
2304,7,30,friday,1,morning,6 - 11:59,,22.870267,89.237263,keshabpur,jashore,khulna,34,32,28,359,,74,9,,,rainy,murder,10
2305,6,24,thursday,0,night,20 - 5:59,,22.870267,89.237263,keshabpur,jashore,khulna,36,33,29,176,,67,10,,,rainy,murder,10
2306,5,20,sunday,0,morning,6 - 11:59,,22.870267,89.237263,keshabpur,jashore,khulna,37,33,26,116,,66,10,,,hot,murder,10
2307,3,12,sunday,0,night,20 - 5:59,,23.0417,91.9944,khagrachhari sadar,khagrachhari,chattogram,38,32,23,113,,60,10,,,hot,murder,10
2308,4,16,monday,0,afternoon,16 - 17:59,,23.0417,91.9944,khagrachhari sadar,khagrachhari,chattogram,40,34,24,113,,55,10,,,hot,murder,10
2309,7,29,friday,1,night,20 - 5:59,,23.0417,91.9944,khagrachhari sadar,khagrachhari,chattogram,33,30,26,356,,86,7,,,rainy,murder,10
2310,12,52,tuesday,0,night,20 - 5:59,,24.7,91.125,khaliajuri,netrokona,mymensingh,27,24,20,113,,58,10,,,winter,murder,10
2311,7,26,sunday,0,morning,6 - 11:59,,25.9278,88.7333,khansama,dinajpur,rangpur,33,31,28,359,,75,7,,,rainy,murder,10
2312,4,14,thursday,0,evening,18 - 19:59,,24.4333,90.7833,kishoreganj sadar,kishoreganj,dhaka,29,25,21,266,,88,6,,,hot,murder,10
2313,1,2,tuesday,0,morning,6 - 11:59,,24.4333,90.7833,kishoreganj sadar,kishoreganj,dhaka,28,24,19,113,,49,10,,,winter,murder,10
2314,10,42,wednesday,0,night,20 - 5:59,,24.4333,90.7833,kishoreganj sadar,kishoreganj,dhaka,33,30,25,176,,68,10,,,rainy,murder,10
2315,1,2,monday,0,night,20 - 5:59,,24.4333,90.7833,kishoreganj sadar,kishoreganj,dhaka,31,25,19,113,,51,10,,,winter,murder,10
2316,1,2,tuesday,0,morning,6 - 11:59,,24.4333,90.7833,kishoreganj sadar,kishoreganj,dhaka,28,24,19,113,,49,10,,,winter,murder,10
2317,2,8,monday,0,night,20 - 5:59,,25.9111,89.025,kishorganj,nilphamari,rangpur,33,28,20,176,,47,10,,,winter,murder,10
2318,7,28,thursday,0,night,20 - 5:59,,22.3417,89.3,koyra,khulna,khulna,34,31,27,353,,73,10,,,rainy,murder,10
2319,6,24,sunday,0,night,20 - 5:59,,22.3417,89.3,koyra,khulna,khulna,42,36,30,200,,63,10,,,rainy,murder,10
2320,11,46,friday,1,night,20 - 5:59,,24.489182,92.024555,kulaura,moulvibazar,sylhet,31,25,18,113,,68,10,,,winter,murder,10
2321,4,15,saturday,1,morning,6 - 11:59,,24.489182,92.024555,kulaura,moulvibazar,sylhet,35,31,23,299,,58,10,,,hot,murder,10
2322,9,36,saturday,1,morning,6 - 11:59,,24.489182,92.024555,kulaura,moulvibazar,sylhet,32,29,26,356,,87,9,,,rainy,murder,10
2323,5,22,wednesday,0,evening,18 - 19:59,,24.489182,92.024555,kulaura,moulvibazar,sylhet,38,34,27,113,,64,10,,,hot,murder,10
2324,9,38,thursday,0,night,20 - 5:59,,24.155,90.9,kuliarchar,kishoreganj,dhaka,36,33,28,116,,64,10,,,rainy,murder,10
2325,12,49,saturday,1,morning,6 - 11:59,,23.8542,89.2417,kumarkhali,kushtia,khulna,29,25,19,116,,54,10,,,winter,murder,10
2326,8,33,wednesday,0,night,20 - 5:59,,23.9,89.1333,kushtia sadar,kushtia,khulna,34,31,27,359,,76,8,,,rainy,murder,10
2327,9,39,thursday,0,morning,6 - 11:59,,23.9,89.1333,kushtia sadar,kushtia,khulna,26,24,23,302,,93,6,,,rainy,murder,10
2328,10,43,monday,0,night,20 - 5:59,,24.2889,91.2167,lakhai,habiganj,sylhet,32,29,24,113,,74,10,,,rainy,murder,10
2329,8,34,tuesday,0,night,20 - 5:59,,24.2889,91.2167,lakhai,habiganj,sylhet,35,33,29,356,,67,9,,,rainy,murder,10
2330,11,48,tuesday,0,afternoon,16 - 17:59,,24.2889,91.2167,lakhai,habiganj,sylhet,32,27,20,113,,62,10,,,winter,murder,10
2331,8,33,tuesday,0,night,20 - 5:59,,24.2889,91.2167,lakhai,habiganj,sylhet,36,32,28,119,,73,10,,,rainy,murder,10
2332,2,6,monday,0,night,20 - 5:59,,24.2889,91.2167,lakhai,habiganj,sylhet,32,27,19,113,,49,10,,,winter,murder,10
2333,7,28,tuesday,0,evening,18 - 19:59,,24.2889,91.2167,lakhai,habiganj,sylhet,32,30,26,359,,83,8,,,rainy,murder,10
2334,4,14,tuesday,0,night,20 - 5:59,,22.95,90.825,lakshmipur sadar,lakshmipur,chattogram,32,29,25,356,,78,9,,,hot,murder,10
2335,1,3,friday,1,night,20 - 5:59,,22.3211,90.7472,lalmohan,bhola,barisal,29,26,21,113,,49,10,,,winter,murder,10
2336,2,7,tuesday,0,morning,6 - 11:59,,25.915,89.45,lalmonirhat sadar,lalmonirhat,rangpur,31,26,19,113,,33,10,,,winter,murder,10
2337,1,2,monday,0,morning,6 - 11:59,,25.915,89.45,lalmonirhat sadar,lalmonirhat,rangpur,29,23,16,113,,44,10,,,winter,murder,10
2338,6,24,sunday,0,morning,6 - 11:59,,25.915,89.45,lalmonirhat sadar,lalmonirhat,rangpur,37,31,27,353,,81,10,,,rainy,murder,10
2339,1,2,tuesday,0,morning,6 - 11:59,,25.915,89.45,lalmonirhat sadar,lalmonirhat,rangpur,27,22,16,113,,37,10,,,winter,murder,10
2340,6,24,sunday,0,morning,6 - 11:59,,25.915,89.45,lalmonirhat sadar,lalmonirhat,rangpur,37,31,27,353,,81,10,,,rainy,murder,10
2341,8,33,wednesday,0,morning,6 - 11:59,,25.915,89.45,lalmonirhat sadar,lalmonirhat,rangpur,34,32,28,356,,74,8,,,rainy,murder,10
2342,8,33,wednesday,0,morning,6 - 11:59,,25.915,89.45,lalmonirhat sadar,lalmonirhat,rangpur,34,32,28,356,,74,8,,,rainy,murder,10
2343,1,2,monday,0,morning,6 - 11:59,,25.915,89.45,lalmonirhat sadar,lalmonirhat,rangpur,29,23,16,113,,44,10,,,winter,murder,10
2344,1,2,tuesday,0,morning,6 - 11:59,,25.915,89.45,lalmonirhat sadar,lalmonirhat,rangpur,27,22,16,113,,37,10,,,winter,murder,10
2345,1,2,thursday,0,noon,12 - 15:59,,24.1833,88.975,lalpur,natore,rajshahi,25,21,15,113,,47,10,,,winter,murder,10
2346,6,24,wednesday,0,night,20 - 5:59,,24.1833,88.975,lalpur,natore,rajshahi,38,36,31,176,,57,10,,,rainy,murder,10
2347,7,30,wednesday,0,night,20 - 5:59,,21.775,92.2,lama,bandarban,chattogram,28,27,26,353,,86,10,,,rainy,murder,10
2348,3,12,saturday,1,night,20 - 5:59,,21.775,92.2,lama,bandarban,chattogram,31,27,22,116,,80,10,,,hot,murder,10
2349,2,7,thursday,0,noon,12 - 15:59,,23.1833,89.6625,lohagara,narail,khulna,31,27,21,113,,34,10,,,winter,murder,10
2350,4,16,saturday,1,night,20 - 5:59,,23.1833,89.6625,lohagara,narail,khulna,37,33,28,122,,66,10,,,hot,murder,10
2351,1,5,thursday,0,evening,18 - 19:59,,23.46,90.54,louhajanj,munshiganj,dhaka,31,26,19,116,,41,10,,,winter,murder,10
2352,8,34,sunday,0,night,20 - 5:59,,24.8917,89.75,madarganj,jamalpur,mymensingh,34,31,27,200,,76,9,,,rainy,murder,10
2353,6,25,tuesday,0,evening,18 - 19:59,,23.1667,90.2083,madaripur sadar,madaripur,dhaka,37,34,29,386,,69,10,,,rainy,murder,10
2354,8,35,friday,1,night,20 - 5:59,,24.1028,91.2917,madhabpur,habiganj,sylhet,33,31,25,356,,84,7,,,rainy,murder,10
2355,3,9,friday,1,night,20 - 5:59,,24.1028,91.2917,madhabpur,habiganj,sylhet,35,31,20,113,,44,10,,,hot,murder,10
2356,3,12,tuesday,0,night,20 - 5:59,,24.1028,91.2917,madhabpur,habiganj,sylhet,30,27,17,113,,57,10,,,hot,murder,10
2357,5,21,monday,0,night,20 - 5:59,,24.1028,91.2917,madhabpur,habiganj,sylhet,30,28,25,356,,86,8,,,hot,murder,10
2358,6,23,saturday,1,night,20 - 5:59,,24.1028,91.2917,madhabpur,habiganj,sylhet,35,32,27,359,,80,7,,,rainy,murder,10
2359,2,8,monday,0,night,20 - 5:59,,24.1028,91.2917,madhabpur,habiganj,sylhet,30,26,19,353,,62,10,,,winter,murder,10
2360,6,23,saturday,1,night,20 - 5:59,,24.1028,91.2917,madhabpur,habiganj,sylhet,35,32,27,359,,80,7,,,rainy,murder,10
2361,10,43,saturday,1,night,20 - 5:59,,24.1028,91.2917,madhabpur,habiganj,sylhet,28,26,22,359,,93,7,,,rainy,murder,10
2362,12,50,thursday,0,night,20 - 5:59,,24.1028,91.2917,madhabpur,habiganj,sylhet,31,26,18,113,,56,10,,,winter,murder,10
2363,8,34,friday,1,morning,6 - 11:59,,23.5417,89.6306,madhukhali,faridpur,dhaka,35,32,28,356,,73,9,,,rainy,murder,10
2364,8,33,monday,0,night,20 - 5:59,,23.5417,89.6306,madhukhali,faridpur,dhaka,33,31,27,386,,78,10,,,rainy,murder,10
2365,8,34,friday,1,night,20 - 5:59,,24.61667,90.01806,madhupur,tangail,dhaka,35,32,28,353,,66,10,,,rainy,murder,10
2366,8,34,friday,1,night,20 - 5:59,,24.61667,90.01806,madhupur,tangail,dhaka,35,32,28,353,,66,10,,,rainy,murder,10
2367,8,34,friday,1,night,20 - 5:59,,24.61667,90.01806,madhupur,tangail,dhaka,35,32,28,353,,66,10,,,rainy,murder,10
2368,8,34,friday,1,night,20 - 5:59,,24.61667,90.01806,madhupur,tangail,dhaka,35,32,28,353,,66,10,,,rainy,murder,10
2369,3,11,tuesday,0,night,20 - 5:59,,24.61667,90.01806,madhupur,tangail,dhaka,31,26,20,113,,39,10,,,hot,murder,10
2370,4,16,monday,0,night,20 - 5:59,,24.61667,90.01806,madhupur,tangail,dhaka,37,32,25,386,,65,9,,,hot,murder,10
2371,4,16,monday,0,night,20 - 5:59,,24.61667,90.01806,madhupur,tangail,dhaka,37,32,25,386,,65,9,,,hot,murder,10
2372,7,30,monday,0,morning,6 - 11:59,,23.4875,89.4208,magura sadar,magura,khulna,34,32,28,356,,75,9,,,rainy,murder,10
2373,3,11,friday,1,night,20 - 5:59,,24.775,88.67,manda,naogaon,rajshahi,34,29,20,113,,26,10,,,hot,murder,10
2374,2,7,wednesday,0,morning,6 - 11:59,,24.775,88.67,manda,naogaon,rajshahi,32,27,19,113,,34,10,,,winter,murder,10
2375,7,27,monday,0,night,20 - 5:59,,24.775,88.67,manda,naogaon,rajshahi,32,30,28,359,,85,8,,,rainy,murder,10
2376,7,31,tuesday,0,night,20 - 5:59,,22.8347,91.8361,manikchari,khagrachhari,chattogram,31,29,27,356,,85,9,,,rainy,murder,10
2377,3,13,tuesday,0,night,20 - 5:59,,23.85,90.0111,manikganj sadar,manikganj,dhaka,35,32,25,176,,56,10,,,hot,murder,10
2378,8,32,tuesday,0,night,20 - 5:59,,23.85,90.0111,manikganj sadar,manikganj,dhaka,34,31,27,386,,78,7,,,rainy,murder,10
2379,8,35,wednesday,0,morning,6 - 11:59,,23.0167,89.2333,manirampur,jashore,khulna,32,30,27,356,,81,9,,,rainy,murder,10
2380,1,1,wednesday,0,night,20 - 5:59,,23.0167,89.2333,manirampur,jashore,khulna,28,24,17,113,,40,10,,,winter,murder,10
2381,8,32,thursday,0,noon,12 - 15:59,,23.0167,89.2333,manirampur,jashore,khulna,30,28,26,359,,87,6,,,rainy,murder,10
2382,7,29,saturday,1,noon,12 - 15:59,,23.0167,89.2333,manirampur,jashore,khulna,31,30,27,356,,81,9,,,rainy,murder,10
2383,7,30,wednesday,0,night,20 - 5:59,,23.0167,89.2333,manirampur,jashore,khulna,35,32,27,386,,74,9,,,rainy,murder,10
2384,12,50,tuesday,0,night,20 - 5:59,,23.0167,89.2333,manirampur,jashore,khulna,31,26,20,113,,43,10,,,winter,murder,10
2385,3,12,friday,1,night,20 - 5:59,,23.0167,89.2333,manirampur,jashore,khulna,37,32,24,200,,54,10,,,hot,murder,10
2386,2,8,tuesday,0,night,20 - 5:59,,23.0167,89.2333,manirampur,jashore,khulna,33,28,20,113,,36,10,,,winter,murder,10
2387,10,41,tuesday,0,morning,6 - 11:59,,23.0167,89.2333,manirampur,jashore,khulna,34,31,25,113,,59,10,,,rainy,murder,10
2388,2,6,tuesday,0,morning,6 - 11:59,,22.2869,89.9667,mathbaria,pirojpur,barisal,28,26,21,176,,61,10,,,winter,murder,10
2389,9,37,monday,0,night,20 - 5:59,,22.2869,89.9667,mathbaria,pirojpur,barisal,33,31,28,176,,74,10,,,rainy,murder,10
2390,3,13,monday,0,morning,6 - 11:59,,22.2869,89.9667,mathbaria,pirojpur,barisal,38,33,28,113,,41,10,,,hot,murder,10
2391,4,15,sunday,0,morning,6 - 11:59,,22.2869,89.9667,mathbaria,pirojpur,barisal,36,32,27,113,,67,10,,,hot,murder,10
2392,2,6,tuesday,0,morning,6 - 11:59,,22.2869,89.9667,mathbaria,pirojpur,barisal,28,26,21,176,,61,10,,,winter,murder,10
2393,1,3,monday,0,night,20 - 5:59,,22.2869,89.9667,mathbaria,pirojpur,barisal,26,21,16,113,,39,10,,,winter,murder,10
2394,3,13,monday,0,morning,6 - 11:59,,22.2869,89.9667,mathbaria,pirojpur,barisal,38,33,28,113,,41,10,,,hot,murder,10
2395,5,19,tuesday,0,night,20 - 5:59,,23.0417,91.875,matiranga,khagrachhari,chattogram,38,35,30,113,,50,10,,,hot,murder,10
2396,2,7,tuesday,0,night,20 - 5:59,,22.8319,90.5333,mehendiganj,barisal,barisal,31,27,21,113,,48,10,,,winter,murder,10
2397,4,16,sunday,0,afternoon,16 - 17:59,,23.775,88.6417,meherpur sadar,meherpur,khulna,43,39,30,113,,36,10,,,hot,murder,10
2398,5,21,saturday,1,night,20 - 5:59,,24.9667,89.8333,melandah,jamalpur,mymensingh,33,30,26,359,,85,5,,,hot,murder,10
2399,3,12,monday,0,night,20 - 5:59,,24.9667,89.8333,melandah,jamalpur,mymensingh,32,28,23,386,,42,10,,,hot,murder,10
2400,1,3,wednesday,0,night,20 - 5:59,,24.9667,89.8333,melandah,jamalpur,mymensingh,30,24,17,113,,45,10,,,winter,murder,10
2401,1,3,thursday,0,night,20 - 5:59,,24.9667,89.8333,melandah,jamalpur,mymensingh,28,25,20,113,,51,10,,,winter,murder,10
2402,7,27,saturday,1,morning,6 - 11:59,,24.9667,89.8333,melandah,jamalpur,mymensingh,35,32,28,176,,71,10,,,rainy,murder,10
2403,1,2,wednesday,0,noon,12 - 15:59,,23.9333,89,mirpur,kushtia,khulna,27,22,14,113,,59,10,,,winter,murder,10
2404,1,1,friday,1,night,20 - 5:59,,22.3625,90.2417,mirzaganj,patuakhali,barisal,27,23,18,113,,43,10,,,winter,murder,10
2405,6,24,saturday,1,night,20 - 5:59,,24.1083,90.0917,mirzapur,tangail,dhaka,34,31,26,386,,75,10,,,rainy,murder,10
2406,9,36,friday,1,night,20 - 5:59,,24.1083,90.0917,mirzapur,tangail,dhaka,33,30,26,176,,76,10,,,rainy,murder,10
2407,7,27,friday,1,night,20 - 5:59,,24.1083,90.0917,mirzapur,tangail,dhaka,35,32,28,200,,71,10,,,rainy,murder,10
2408,1,4,friday,1,night,20 - 5:59,,24.1083,90.0917,mirzapur,tangail,dhaka,28,23,17,113,,46,10,,,winter,murder,10
2409,5,18,wednesday,0,night,20 - 5:59,,25.5417,89.2833,mithapukur,rangpur,rangpur,36,32,25,353,,70,9,,,hot,murder,10
2410,4,17,monday,0,morning,6 - 11:59,,23.0417,91.9944,mohalchari,khagrachhari,chattogram,32,29,25,356,,84,8,,,hot,murder,10
2411,2,7,thursday,0,night,20 - 5:59,,21.55,91.95,moheshkhali,coxsbazar,chattogram,33,28,22,113,,54,10,,,winter,murder,10
2412,4,17,friday,1,night,20 - 5:59,,23.35,88.9125,moheshpur,jhenaidah,khulna,41,37,28,116,,51,10,,,hot,murder,10
2413,6,22,friday,1,night,20 - 5:59,,23.35,88.9125,moheshpur,jhenaidah,khulna,37,34,29,359,,65,8,,,rainy,murder,10
2414,4,16,tuesday,0,night,20 - 5:59,,23.35,88.9125,moheshpur,jhenaidah,khulna,40,35,27,176,,56,10,,,hot,murder,10
2415,6,25,friday,1,night,20 - 5:59,,24.5639,88.65,mohonpur,rajshahi,rajshahi,35,33,30,353,,62,10,,,rainy,murder,10
2416,6,22,sunday,0,night,20 - 5:59,,24.5639,88.65,mohonpur,rajshahi,rajshahi,34,32,29,359,,70,8,,,rainy,murder,10
2417,6,25,friday,1,night,20 - 5:59,,24.5639,88.65,mohonpur,rajshahi,rajshahi,35,33,30,353,,62,10,,,rainy,murder,10
2418,3,11,wednesday,0,night,20 - 5:59,,22.8887,89.771842,mollahat,bagerhat,khulna,37,32,24,113,,57,10,,,hot,murder,10
2419,10,41,monday,0,night,20 - 5:59,,22.2986,90.9792,monpura,bhola,barisal,31,29,27,176,,76,10,,,rainy,murder,10
2420,8,31,friday,1,night,20 - 5:59,,22.45,89.8583,morrelganj,bagerhat,khulna,32,30,28,386,,76,9,,,rainy,murder,10
2421,3,11,sunday,0,night,20 - 5:59,,22.45,89.8583,morrelganj,bagerhat,khulna,36,31,25,113,,51,10,,,hot,murder,10
2422,4,14,wednesday,0,night,20 - 5:59,,22.45,89.8583,morrelganj,bagerhat,khulna,33,30,26,386,,76,10,,,hot,murder,10
2423,9,38,monday,0,night,20 - 5:59,,22.45,89.8583,morrelganj,bagerhat,khulna,33,31,28,200,,77,10,,,rainy,murder,10
2424,2,6,wednesday,0,night,20 - 5:59,,22.45,89.8583,morrelganj,bagerhat,khulna,31,27,22,113,,63,10,,,winter,murder,10
2425,5,19,friday,1,night,20 - 5:59,,22.45,89.8583,morrelganj,bagerhat,khulna,36,32,28,119,,75,10,,,hot,murder,10
2426,3,12,monday,0,noon,12 - 15:59,,22.45,89.8583,morrelganj,bagerhat,khulna,33,29,26,119,,54,10,,,hot,murder,10
2427,2,7,saturday,1,night,20 - 5:59,,22.45,89.8583,morrelganj,bagerhat,khulna,26,24,22,263,,53,9,,,winter,murder,10
2428,3,11,sunday,0,night,20 - 5:59,,24.4778,91.7667,moulvibazar sadar,moulvibazar,sylhet,34,28,19,356,,67,9,,,hot,murder,10
2429,1,1,sunday,0,evening,18 - 19:59,,24.4778,91.7667,moulvibazar sadar,moulvibazar,sylhet,30,24,13,113,,64,10,,,winter,murder,10
2430,12,49,saturday,1,night,20 - 5:59,,24.4778,91.7667,moulvibazar sadar,moulvibazar,sylhet,29,24,16,113,,64,10,,,winter,murder,10
2431,4,15,friday,1,night,20 - 5:59,,24.4778,91.7667,moulvibazar sadar,moulvibazar,sylhet,35,30,23,299,,60,10,,,hot,murder,10
2432,3,13,thursday,0,night,20 - 5:59,,23.3167,89.8667,muksudpur,gopalganj,dhaka,35,31,26,356,,63,9,,,hot,murder,10
2433,6,23,thursday,0,morning,6 - 11:59,,24.7583,90.2667,muktagacha,mymensingh,mymensingh,38,34,29,176,,67,10,,,rainy,murder,10
2434,2,8,sunday,0,night,20 - 5:59,,24.7583,90.2667,muktagacha,mymensingh,mymensingh,35,29,21,113,,43,10,,,winter,murder,10
2435,5,21,wednesday,0,noon,12 - 15:59,,24.7583,90.2667,muktagacha,mymensingh,mymensingh,37,34,28,356,,69,9,,,hot,murder,10
2436,9,40,monday,0,night,20 - 5:59,,24.7583,90.2667,muktagacha,mymensingh,mymensingh,27,25,23,356,,93,7,,,rainy,murder,10
2437,9,37,tuesday,0,night,20 - 5:59,,23.4583,90.5417,munshiganj sadar,munshiganj,dhaka,33,31,27,176,,75,9,,,rainy,murder,10
2438,4,16,tuesday,0,night,20 - 5:59,,23.6385,90.9325,muradnagar,comilla,chattogram,35,31,25,116,,62,10,,,hot,murder,10
2439,4,15,tuesday,0,night,20 - 5:59,,24.75,90.4167,mymensingh sadar,mymensingh,mymensingh,42,36,26,113,,50,10,,,hot,murder,10
2440,8,34,monday,0,night,20 - 5:59,,24.75,90.4167,mymensingh sadar,mymensingh,mymensingh,35,33,28,356,,66,10,,,rainy,murder,10
2441,4,16,friday,1,night,20 - 5:59,,24.75,90.4167,mymensingh sadar,mymensingh,mymensingh,36,30,24,386,,70,9,,,hot,murder,10
2442,6,26,tuesday,0,night,20 - 5:59,,24.75,90.4167,mymensingh sadar,mymensingh,mymensingh,33,31,28,359,,77,7,,,rainy,murder,10
2443,4,14,monday,0,evening,18 - 19:59,,24.75,90.4167,mymensingh sadar,mymensingh,mymensingh,35,30,24,113,,38,10,,,hot,murder,10
2444,9,39,wednesday,0,afternoon,16 - 17:59,,24.75,90.4167,mymensingh sadar,mymensingh,mymensingh,35,33,28,116,,66,10,,,rainy,murder,10
2445,8,31,thursday,0,night,20 - 5:59,,24.75,90.4167,mymensingh sadar,mymensingh,mymensingh,35,32,27,356,,76,9,,,rainy,murder,10
2446,6,26,tuesday,0,night,20 - 5:59,,24.75,90.4167,mymensingh sadar,mymensingh,mymensingh,33,31,28,359,,77,7,,,rainy,murder,10
2447,5,19,friday,1,night,20 - 5:59,,24.75,90.4167,mymensingh sadar,mymensingh,mymensingh,35,31,26,200,,71,9,,,hot,murder,10
2448,5,20,tuesday,0,night,20 - 5:59,,24.75,90.4167,mymensingh sadar,mymensingh,mymensingh,36,32,24,356,,71,8,,,hot,murder,10
2449,2,8,sunday,0,night,20 - 5:59,,24.75,90.4167,mymensingh sadar,mymensingh,mymensingh,35,29,21,113,,43,10,,,winter,murder,10
2450,10,41,tuesday,0,night,20 - 5:59,,24.75,90.4167,mymensingh sadar,mymensingh,mymensingh,32,29,25,116,,76,10,,,rainy,murder,10
2451,4,15,friday,1,noon,12 - 15:59,,24.75,90.4167,mymensingh sadar,mymensingh,mymensingh,39,33,24,113,,41,10,,,hot,murder,10
2452,3,13,monday,0,night,20 - 5:59,,24.75,90.4167,mymensingh sadar,mymensingh,mymensingh,34,30,26,299,,52,10,,,hot,murder,10
2453,3,12,tuesday,0,night,20 - 5:59,,24.75,90.4167,mymensingh sadar,mymensingh,mymensingh,37,32,23,113,,38,10,,,hot,murder,10
2454,1,1,friday,1,night,20 - 5:59,,24.75,90.4167,mymensingh sadar,mymensingh,mymensingh,30,24,17,113,,45,10,,,winter,murder,10
2455,6,26,wednesday,0,night,20 - 5:59,,24.75,90.4167,mymensingh sadar,mymensingh,mymensingh,34,31,27,359,,81,7,,,rainy,murder,10
2456,1,3,thursday,0,night,20 - 5:59,,24.75,90.4167,mymensingh sadar,mymensingh,mymensingh,28,24,20,113,,56,10,,,winter,murder,10
2457,4,15,saturday,1,night,20 - 5:59,,24.75,90.4167,mymensingh sadar,mymensingh,mymensingh,36,32,25,386,,55,9,,,hot,murder,10
2458,10,43,sunday,0,evening,18 - 19:59,,22.4292,90.5139,bauphal,patuakhali,barisal,29,26,23,176,,78,10,,,rainy,murder,10
2459,12,51,monday,0,night,20 - 5:59,,23.228401,90.645015,chandpur sadar,chandpur,chattogram,23,22,21,263,,71,9,,,winter,murder,10
2460,10,40,wednesday,0,morning,6 - 11:59,,24.4583,89.7,sirajganj sadar,sirajganj,rajshahi,35,32,26,116,,54,10,,,rainy,murder,10
2461,12,49,wednesday,0,night,20 - 5:59,,23.996158,90.419726,gazipur sadar,gazipur,dhaka,28,24,19,116,,60,10,,,winter,murder,10
2462,8,31,tuesday,0,night,20 - 5:59,,24.9167,89.9583,jamalpur sadar,jamalpur,mymensingh,35,32,28,359,,73,7,,,rainy,murder,10
2463,12,50,tuesday,0,night,20 - 5:59,,23.6,90.5,narayanganj sadar,narayanganj,dhaka,32,27,21,113,,40,10,,,winter,murder,10
2464,8,33,tuesday,0,night,20 - 5:59,,23.2167,89.35,bagherpara,jashore,khulna,33,31,27,359,,80,7,,,rainy,murder,10
2465,10,40,sunday,0,morning,6 - 11:59,,23.6,90.5,narayanganj sadar,narayanganj,dhaka,34,31,26,116,,58,10,,,rainy,murder,10
2466,7,30,sunday,0,night,20 - 5:59,,23.996158,90.419726,gazipur sadar,gazipur,dhaka,35,33,29,359,,70,9,,,rainy,murder,10
2467,2,8,thursday,0,night,20 - 5:59,,23.5417,89.1833,jhenaidah sadar,jhenaidah,khulna,33,29,23,113,,62,10,,,winter,murder,10
2468,10,41,monday,0,night,20 - 5:59,,23.0167,91.3917,feni sadar,feni,chattogram,34,30,24,176,,70,10,,,rainy,murder,10
2469,2,7,thursday,0,night,20 - 5:59,,22.5778,89.99,pirojpur sadar,pirojpur,barisal,36,32,25,113,,47,10,,,winter,murder,10
2470,2,7,monday,0,morning,6 - 11:59,,24.56667,91.515,nabiganj,habiganj,sylhet,32,27,18,113,,56,10,,,winter,murder,10
2471,11,46,wednesday,0,night,20 - 5:59,,23.6,90.5,narayanganj sadar,narayanganj,dhaka,32,29,24,113,,58,10,,,winter,murder,10
2472,2,7,monday,0,night,20 - 5:59,,23.6,90.5,narayanganj sadar,narayanganj,dhaka,33,29,22,113,,49,10,,,winter,murder,10
2473,10,40,thursday,0,night,20 - 5:59,,23.9167,90.725,narsingdi sadar,narsingdi,dhaka,35,31,25,176,,61,10,,,rainy,murder,10
2474,2,5,sunday,0,night,20 - 5:59,,23.180315,89.1608575,jessore sadar,jashore,khulna,30,25,19,113,,28,10,,,winter,murder,10
2475,8,33,monday,0,night,20 - 5:59,,23.305,89.38,shalikha,magura,khulna,34,31,27,356,,79,9,,,rainy,murder,10
2476,10,42,wednesday,0,evening,18 - 19:59,,22.65,92.1833,rangamati sadar,rangamati,chattogram,32,28,21,143,,77,8,,,rainy,murder,10
2477,10,42,sunday,0,morning,6 - 11:59,,25.1,89.03333,joypurhat sadar,joypurhat,rajshahi,33,29,22,113,,69,10,,,rainy,murder,10
2478,10,43,thursday,0,evening,18 - 19:59,,24.888242,91.868519,sylhet sadar,sylhet,sylhet,34,30,23,113,,61,10,,,rainy,murder,10
2479,2,5,wednesday,0,night,20 - 5:59,,23.180315,89.1608575,jessore sadar,jashore,khulna,31,26,21,113,,42,10,,,winter,murder,10
2480,11,44,friday,1,night,20 - 5:59,,23.180315,89.1608575,jessore sadar,jashore,khulna,31,29,24,353,,66,10,,,winter,murder,10
2481,5,21,saturday,1,morning,6 - 11:59,,23.9528,91.1167,brahmanbaria sadar,brahmanbaria,chattogram,35,33,28,113,,66,10,,,hot,murder,10
2482,10,43,tuesday,0,night,20 - 5:59,,22.3833,92.2417,rajasthali,rangamati,chattogram,32,28,23,356,,84,7,,,rainy,murder,10
2483,5,22,monday,0,morning,6 - 11:59,,22.5778,89.99,pirojpur sadar,pirojpur,barisal,37,34,30,356,,60,9,,,hot,murder,10
2484,10,43,saturday,1,night,20 - 5:59,,24.1028,91.2917,madhabpur,habiganj,sylhet,28,26,22,359,,93,7,,,rainy,murder,10
2485,11,44,friday,1,night,20 - 5:59,,21.454718,92.010452,coxsbazar sadar,coxsbazar,chattogram,30,27,23,113,,77,10,,,winter,murder,10
2486,10,43,saturday,1,night,20 - 5:59,,23.8167,90.15,singiar,manikganj,dhaka,29,27,23,359,,87,7,,,rainy,murder,10
2487,9,38,thursday,0,morning,6 - 11:59,,23.6,90.5,narayanganj sadar,narayanganj,dhaka,36,33,29,353,,66,10,,,rainy,murder,10
2488,1,3,wednesday,0,evening,18 - 19:59,,21.454718,92.010452,coxsbazar sadar,coxsbazar,chattogram,24,21,17,113,,70,10,,,winter,murder,10
2489,9,39,sunday,0,night,20 - 5:59,,24.4583,89.7,sirajganj sadar,sirajganj,rajshahi,35,32,28,116,,59,10,,,rainy,murder,10
2490,11,44,friday,1,night,20 - 5:59,,23.5417,89.1833,jhenaidah sadar,jhenaidah,khulna,31,29,24,353,,66,10,,,winter,murder,10
2491,11,44,thursday,0,night,20 - 5:59,,23.605717,89.841728,faridpur sadar,faridpur,dhaka,33,29,25,116,,62,10,,,winter,murder,10
2492,5,21,wednesday,0,afternoon,16 - 17:59,,23.605717,89.841728,faridpur sadar,faridpur,dhaka,39,35,29,113,,58,10,,,hot,murder,10
2493,5,19,thursday,0,noon,12 - 15:59,,22.5778,89.99,pirojpur sadar,pirojpur,barisal,38,34,28,386,,63,10,,,hot,murder,10
2494,5,19,thursday,0,night,20 - 5:59,,23.0417,91.9944,khagrachhari sadar,khagrachhari,chattogram,38,34,23,113,,69,9,,,hot,murder,10
2495,5,19,tuesday,0,afternoon,16 - 17:59,,23.6,90.5,narayanganj sadar,narayanganj,dhaka,37,33,27,200,,70,10,,,hot,murder,10
2496,5,18,friday,1,morning,6 - 11:59,,24.75,90.4167,mymensingh sadar,mymensingh,mymensingh,37,32,25,386,,65,10,,,hot,murder,10
2497,4,14,saturday,1,morning,6 - 11:59,,23.180315,89.1608575,jessore sadar,jashore,khulna,39,34,26,200,,63,10,,,hot,murder,10
2498,9,39,monday,0,night,20 - 5:59,,23.180315,89.1608575,jessore sadar,jashore,khulna,32,30,27,356,,79,8,,,rainy,murder,10
2499,5,20,friday,1,night,20 - 5:59,,23.591766,89.976222,charbhadrasan,faridpur,dhaka,38,34,29,356,,66,9,,,hot,murder,10
2500,4,13,sunday,0,night,20 - 5:59,,24.888242,91.868519,sylhet sadar,sylhet,sylhet,36,31,23,113,,39,10,,,hot,murder,10
2501,4,14,wednesday,0,night,20 - 5:59,,23.755,89.65,rajbari sadar,rajbari,dhaka,35,31,26,113,,40,10,,,hot,murder,10
2502,4,14,saturday,1,night,20 - 5:59,,23.6417,88.8583,chuadanga sadar,chuadanga,khulna,35,31,25,116,,53,10,,,hot,murder,10
2503,4,15,saturday,1,night,20 - 5:59,,23.6417,88.8583,chuadanga sadar,chuadanga,khulna,39,35,27,113,,43,10,,,hot,murder,10
2504,5,20,sunday,0,morning,6 - 11:59,,23.180315,89.1608575,jessore sadar,jashore,khulna,41,37,29,200,,60,10,,,hot,murder,10
2505,4,16,monday,0,night,20 - 5:59,,23.180315,89.1608575,jessore sadar,jashore,khulna,39,36,29,113,,42,10,,,hot,murder,10
2506,4,16,saturday,1,night,20 - 5:59,,23.180315,89.1608575,jessore sadar,jashore,khulna,37,33,28,122,,66,10,,,hot,murder,10
2507,5,21,monday,0,night,20 - 5:59,,22.2333,92.1917,bandarban sadar,bandarban,chattogram,34,32,28,353,,79,10,,,hot,murder,10
2508,3,13,wednesday,0,morning,6 - 11:59,,24.25,89.9167,tangail sadar,tangail,dhaka,32,29,24,356,,75,8,,,hot,murder,10
2509,8,34,sunday,0,night,20 - 5:59,,23.180315,89.1608575,jessore sadar,jashore,khulna,33,31,27,356,,81,9,,,rainy,murder,10
2510,8,34,tuesday,0,morning,6 - 11:59,,24.8417,89.375,bogra sadar,bogura,rajshahi,34,31,27,356,,75,10,,,rainy,murder,10
2511,8,34,friday,1,morning,6 - 11:59,,23.6,90.5,narayanganj sadar,narayanganj,dhaka,33,30,28,356,,82,8,,,rainy,murder,10
2512,2,5,friday,1,night,20 - 5:59,,24.5667,90.6833,nandail,mymensingh,mymensingh,29,23,17,119,,41,10,,,winter,murder,10
2513,8,33,saturday,1,night,20 - 5:59,,24.25,89.9167,tangail sadar,tangail,dhaka,36,34,29,119,,65,10,,,rainy,murder,10
2514,8,33,thursday,0,morning,6 - 11:59,,23.9528,91.1167,brahmanbaria sadar,brahmanbaria,chattogram,35,32,26,116,,78,9,,,rainy,murder,10
2515,8,33,tuesday,0,night,20 - 5:59,,23.755,89.65,rajbari sadar,rajbari,dhaka,35,31,28,356,,76,9,,,rainy,murder,10
2516,2,5,saturday,1,night,20 - 5:59,,24.875,90.7333,netrokona sadar,netrokona,mymensingh,30,26,20,116,,38,10,,,winter,murder,10
2517,8,32,saturday,1,evening,18 - 19:59,,24.888242,91.868519,sylhet sadar,sylhet,sylhet,35,32,28,386,,74,10,,,rainy,murder,10
2518,2,5,saturday,1,morning,6 - 11:59,,23.9528,91.1167,brahmanbaria sadar,brahmanbaria,chattogram,31,27,20,113,,42,10,,,winter,murder,10
2519,7,31,tuesday,0,night,20 - 5:59,,24.75,90.4167,mymensingh sadar,mymensingh,mymensingh,34,31,26,386,,78,8,,,rainy,murder,10
2520,8,35,tuesday,0,morning,6 - 11:59,,23.9528,91.1167,brahmanbaria sadar,brahmanbaria,chattogram,28,27,24,356,,94,8,,,rainy,murder,10
2521,1,1,thursday,0,night,20 - 5:59,,22.5778,89.99,pirojpur sadar,pirojpur,barisal,30,25,19,113,,38,10,,,winter,murder,10
2522,1,1,thursday,0,noon,12 - 15:59,,23.775,88.6417,meherpur sadar,meherpur,khulna,28,24,19,113,,40,10,,,winter,murder,10
2523,6,25,friday,1,night,20 - 5:59,,24.975,89.02,akkelpur,joypurhat,rajshahi,35,32,27,359,,72,8,,,rainy,murder,10
2524,6,25,saturday,1,night,20 - 5:59,,23.1667,90.2083,madaripur sadar,madaripur,dhaka,37,33,28,113,,68,10,,,rainy,murder,10
2525,6,24,tuesday,0,night,20 - 5:59,,24.888242,91.868519,sylhet sadar,sylhet,sylhet,33,30,24,356,,86,9,,,rainy,murder,10
2526,6,26,wednesday,0,night,20 - 5:59,,23.996158,90.419726,gazipur sadar,gazipur,dhaka,36,33,29,119,,69,10,,,rainy,murder,10
2527,8,35,thursday,0,night,20 - 5:59,,22.65,92.1833,rangamati sadar,rangamati,chattogram,30,28,24,356,,89,5,,,rainy,murder,10
2528,8,35,thursday,0,morning,6 - 11:59,,24.005,89.25,pabna sadar,pabna,rajshahi,34,31,27,356,,76,9,,,rainy,murder,10
2529,2,9,monday,0,night,20 - 5:59,,24.17,89.58833,shahjadpur,sirajganj,rajshahi,34,30,23,113,,32,10,,,winter,murder,10
2530,3,9,wednesday,0,night,20 - 5:59,,23.996158,90.419726,gazipur sadar,gazipur,dhaka,34,30,23,113,,38,10,,,hot,murder,10
2531,8,35,tuesday,0,night,20 - 5:59,,24.005,89.25,pabna sadar,pabna,rajshahi,33,31,27,356,,77,10,,,rainy,murder,10
2532,3,9,thursday,0,night,20 - 5:59,,24.4778,91.7667,moulvibazar sadar,moulvibazar,sylhet,34,29,20,113,,44,10,,,hot,murder,10
2533,3,9,saturday,1,noon,12 - 15:59,,24.4333,90.7833,kishoreganj sadar,kishoreganj,dhaka,36,30,23,113,,47,10,,,hot,murder,10
2534,2,6,thursday,0,night,20 - 5:59,,24.005,89.25,pabna sadar,pabna,rajshahi,33,27,19,113,,35,10,,,winter,murder,10
2535,7,31,tuesday,0,night,20 - 5:59,,24.75,90.4167,mymensingh sadar,mymensingh,mymensingh,34,31,26,386,,78,8,,,rainy,murder,10
2536,8,34,thursday,0,morning,6 - 11:59,,24.8417,89.375,bogra sadar,bogura,rajshahi,35,33,29,353,,69,10,,,rainy,murder,10
2537,12,51,tuesday,0,night,20 - 5:59,,23.6,90.5,narayanganj sadar,narayanganj,dhaka,26,23,19,116,,60,10,,,winter,murder,10
2538,8,34,wednesday,0,noon,12 - 15:59,,24.4333,90.7833,kishoreganj sadar,kishoreganj,dhaka,35,32,27,353,,70,10,,,rainy,murder,10
2539,12,50,tuesday,0,night,20 - 5:59,,23.180315,89.1608575,jessore sadar,jashore,khulna,28,24,20,113,,50,10,,,winter,murder,10
2540,12,50,monday,0,night,20 - 5:59,,24.888242,91.868519,sylhet sadar,sylhet,sylhet,27,22,16,113,,64,10,,,winter,murder,10
2541,12,49,sunday,0,night,20 - 5:59,,25.7583,89.2333,rangpur sadar,rangpur,rangpur,28,22,15,113,,50,10,,,winter,murder,10
2542,12,49,thursday,0,night,20 - 5:59,,24.586659,88.275275,chapainawabganj sadar,chapainawabganj,rajshahi,29,24,17,116,,46,10,,,winter,murder,10
2543,8,34,saturday,1,morning,6 - 11:59,,23.6417,88.8583,chuadanga sadar,chuadanga,khulna,29,28,27,386,,87,9,,,rainy,murder,10
2544,8,35,thursday,0,night,20 - 5:59,,25.7583,89.2333,rangpur sadar,rangpur,rangpur,36,32,28,176,,67,10,,,rainy,murder,10
2545,8,35,wednesday,0,morning,6 - 11:59,,23.175,89.505,narail sadar,narail,khulna,33,31,27,356,,82,9,,,rainy,murder,10
2546,12,50,monday,0,afternoon,16 - 17:59,,23.605717,89.841728,faridpur sadar,faridpur,dhaka,28,25,21,119,,51,10,,,winter,murder,10
2547,6,22,friday,1,morning,6 - 11:59,,24.3194,89.5667,ullapara,sirajganj,rajshahi,34,32,27,359,,70,9,,,rainy,murder,10
2548,8,33,friday,1,night,20 - 5:59,,24.888242,91.868519,sylhet sadar,sylhet,sylhet,32,29,26,359,,87,7,,,rainy,murder,10
2549,6,26,friday,1,night,20 - 5:59,,24.75,90.4167,mymensingh sadar,mymensingh,mymensingh,32,29,26,359,,87,6,,,rainy,murder,10
2550,10,39,sunday,0,night,20 - 5:59,,24.005,89.25,pabna sadar,pabna,rajshahi,35,31,27,113,,78,10,,,rainy,murder,10
2551,2,6,thursday,0,evening,18 - 19:59,,23.29,91.9,panchari,khagrachhari,chattogram,34,27,17,113,,39,10,,,winter,murder,10
2552,6,25,monday,0,morning,6 - 11:59,,23.6,90.5,narayanganj sadar,narayanganj,dhaka,36,33,28,200,,75,10,,,rainy,murder,10
2553,2,6,friday,1,morning,6 - 11:59,,22.8111,90.2444,wazirpur,barisal,barisal,31,27,21,113,,44,10,,,winter,murder,10
2554,7,28,wednesday,0,morning,6 - 11:59,,23.0417,91.9944,khagrachhari sadar,khagrachhari,chattogram,32,29,25,386,,88,6,,,rainy,murder,10
2555,2,5,sunday,0,afternoon,16 - 17:59,,22.6222,90.2708,nalchity,jhalakathi,barisal,30,26,20,113,,36,10,,,winter,murder,10
2556,2,6,saturday,1,night,20 - 5:59,,23.180315,89.1608575,jessore sadar,jashore,khulna,28,25,20,119,,56,10,,,winter,murder,10
2557,12,51,tuesday,0,night,20 - 5:59,,24.375,91.4167,habiganj sadar,habiganj,sylhet,26,22,16,143,,75,9,,,winter,murder,10
2558,7,28,monday,0,night,20 - 5:59,,24.005,89.25,pabna sadar,pabna,rajshahi,33,31,27,356,,79,10,,,rainy,murder,10
2559,2,6,sunday,0,morning,6 - 11:59,,24.6333,90.2667,fulbaria,mymensingh,mymensingh,27,22,17,113,,51,10,,,winter,murder,10
2560,8,31,friday,1,evening,18 - 19:59,,24.9167,89.9583,jamalpur sadar,jamalpur,mymensingh,34,31,26,200,,76,10,,,rainy,murder,10
2561,7,27,thursday,0,evening,18 - 19:59,,23.6417,88.8583,chuadanga sadar,chuadanga,khulna,35,32,27,356,,75,9,,,rainy,murder,10
2562,7,27,sunday,0,night,20 - 5:59,,23.180315,89.1608575,jessore sadar,jashore,khulna,33,31,27,356,,78,9,,,rainy,murder,10
2563,4,17,tuesday,0,evening,18 - 19:59,,23.996158,90.419726,gazipur sadar,gazipur,dhaka,38,33,29,122,,66,10,,,hot,murder,10
2564,9,37,tuesday,0,night,20 - 5:59,,24.75,90.4167,mymensingh sadar,mymensingh,mymensingh,33,31,26,176,,74,10,,,rainy,murder,10
2565,9,37,wednesday,0,afternoon,16 - 17:59,,24.888242,91.868519,sylhet sadar,sylhet,sylhet,34,31,25,116,,73,10,,,rainy,murder,10
2566,3,11,monday,0,night,20 - 5:59,,25.6333,88.65,dinajpur sadar,dinajpur,rangpur,31,25,18,113,,41,10,,,hot,murder,10
2567,3,10,thursday,0,evening,18 - 19:59,,25.7583,89.2333,rangpur sadar,rangpur,rangpur,33,28,20,113,,37,10,,,hot,murder,10
2568,3,11,monday,0,night,20 - 5:59,,25.1,89.03333,joypurhat sadar,joypurhat,rajshahi,29,25,17,113,,36,10,,,hot,murder,10
2569,3,10,friday,1,night,20 - 5:59,,24.75,90.4167,mymensingh sadar,mymensingh,mymensingh,35,30,20,113,,39,10,,,hot,murder,10
2570,5,17,sunday,0,afternoon,16 - 17:59,,24.888242,91.868519,sylhet sadar,sylhet,sylhet,36,31,25,386,,74,9,,,hot,murder,10
2571,3,9,sunday,0,night,20 - 5:59,,24.586659,88.275275,chapainawabganj sadar,chapainawabganj,rajshahi,37,33,26,113,,23,10,,,hot,murder,10
2572,5,18,wednesday,0,afternoon,16 - 17:59,,25.195,89.02,panchbibi,joypurhat,rajshahi,36,32,25,386,,61,8,,,hot,murder,10
2573,5,18,friday,1,night,20 - 5:59,,25.1333,89.3917,gobindaganj,gaibandha,rangpur,36,33,27,386,,56,10,,,hot,murder,10
2574,5,19,tuesday,0,night,20 - 5:59,,24.0167,88.9917,bheramara,kushtia,khulna,39,36,31,116,,42,10,,,hot,murder,10
2575,4,17,saturday,1,night,20 - 5:59,,23.996158,90.419726,gazipur sadar,gazipur,dhaka,40,35,28,116,,62,10,,,hot,murder,10
2576,5,19,sunday,0,morning,6 - 11:59,,24.75,90.4167,mymensingh sadar,mymensingh,mymensingh,35,31,26,386,,78,8,,,hot,murder,10
2577,3,12,monday,0,night,20 - 5:59,,25.7583,89.2333,rangpur sadar,rangpur,rangpur,30,26,19,200,,55,9,,,hot,murder,10
2578,3,11,sunday,0,night,20 - 5:59,,26.0208,88.4667,thakurgaon sadar,thakurgaon,rangpur,31,25,18,119,,51,10,,,hot,murder,10
2579,3,13,wednesday,0,afternoon,16 - 17:59,,22.95,91.1,begumganj,noakhali,chattogram,33,30,27,176,,69,10,,,hot,murder,10
2580,3,13,thursday,0,night,20 - 5:59,,23.3167,89.8667,muksudpur,gopalganj,dhaka,35,31,26,356,,63,9,,,hot,murder,10
2581,4,14,monday,0,night,20 - 5:59,,23.996158,90.419726,gazipur sadar,gazipur,dhaka,33,30,26,356,,75,9,,,hot,murder,10
2582,4,14,friday,1,night,20 - 5:59,,22.3833,92.2417,rajasthali,rangamati,chattogram,38,32,24,248,,71,7,,,hot,murder,10
2583,3,13,tuesday,0,night,20 - 5:59,,23.5417,89.1833,jhenaidah sadar,jhenaidah,khulna,37,32,24,176,,65,9,,,hot,murder,10
2584,3,13,monday,0,morning,6 - 11:59,,23.996158,90.419726,gazipur sadar,gazipur,dhaka,34,31,23,176,,69,9,,,hot,murder,10
2585,3,12,sunday,0,morning,6 - 11:59,,24.8417,89.375,bogra sadar,bogura,rajshahi,33,29,24,116,,61,10,,,hot,murder,10
2586,4,17,monday,0,morning,6 - 11:59,,23.996158,90.419726,gazipur sadar,gazipur,dhaka,37,34,28,386,,64,10,,,hot,murder,10
2587,3,10,monday,0,night,20 - 5:59,,22.8256,91.1014,noakhali sadar,noakhali,chattogram,35,29,24,116,,74,10,,,hot,murder,10
2588,6,23,saturday,1,night,20 - 5:59,,23.4583,90.5417,munshiganj sadar,munshiganj,dhaka,36,33,27,386,,77,10,,,rainy,murder,10
2589,6,24,monday,0,night,20 - 5:59,,23.996158,90.419726,gazipur sadar,gazipur,dhaka,31,29,27,356,,87,9,,,rainy,murder,10
2590,6,24,friday,1,morning,6 - 11:59,,24.6333,90.2667,fulbaria,mymensingh,mymensingh,33,30,26,200,,83,9,,,rainy,murder,10
2591,6,24,sunday,0,night,20 - 5:59,,23.0744,88.8667,sharsha,jashore,khulna,42,39,31,116,,47,10,,,rainy,murder,10
2592,6,24,tuesday,0,morning,6 - 11:59,,25.4153,89.3167,pirgonj,rangpur,rangpur,33,30,25,356,,85,8,,,rainy,murder,10
2593,6,24,thursday,0,afternoon,16 - 17:59,,25.18627,89.86886,bokshiganj,jamalpur,mymensingh,32,30,26,356,,80,9,,,rainy,murder,10
2594,6,24,thursday,0,morning,6 - 11:59,,22.7167,89.075,satkhira sadar,satkhira,khulna,35,33,28,305,,65,9,,,rainy,murder,10
2595,6,24,sunday,0,night,20 - 5:59,,24.586659,88.275275,chapainawabganj sadar,chapainawabganj,rajshahi,35,33,28,353,,67,10,,,rainy,murder,10
2596,6,25,wednesday,0,evening,18 - 19:59,,24.75,90.4167,mymensingh sadar,mymensingh,mymensingh,32,30,26,359,,83,8,,,rainy,murder,10
2597,6,23,wednesday,0,night,20 - 5:59,,25.66667,89.05,badargonj,rangpur,rangpur,37,35,30,116,,56,10,,,rainy,murder,10
2598,6,25,monday,0,night,20 - 5:59,,23.9,89.1333,kushtia sadar,kushtia,khulna,36,33,27,176,,63,10,,,rainy,murder,10
2599,6,25,monday,0,night,20 - 5:59,,23.9,89.1333,kushtia sadar,kushtia,khulna,36,33,27,176,,63,10,,,rainy,murder,10
2600,6,23,saturday,1,night,20 - 5:59,,24.8417,89.375,bogra sadar,bogura,rajshahi,38,35,30,116,,58,10,,,rainy,murder,10
2601,6,23,wednesday,0,night,20 - 5:59,,24.805,88.95,naogaon sadar,naogaon,rajshahi,37,34,28,353,,66,9,,,rainy,murder,10
2602,6,23,wednesday,0,night,20 - 5:59,,24.1083,90.0917,mirzapur,tangail,dhaka,35,32,27,353,,72,9,,,rainy,murder,10
2603,3,10,thursday,0,night,20 - 5:59,,23.6167,88.7833,damurhuda,chuadanga,khulna,36,31,24,113,,19,10,,,hot,murder,10
2604,2,9,monday,0,night,20 - 5:59,,22.7167,89.075,satkhira sadar,satkhira,khulna,36,30,24,116,,39,10,,,winter,murder,10
2605,5,20,sunday,0,morning,6 - 11:59,,25.9417,88.8444,nilphamari sadar,nilphamari,rangpur,37,32,24,116,,66,10,,,hot,murder,10
2606,5,20,friday,1,night,20 - 5:59,,24.005,89.25,pabna sadar,pabna,rajshahi,37,34,28,299,,62,10,,,hot,murder,10
2607,6,22,friday,1,night,20 - 5:59,,25.9417,88.8444,nilphamari sadar,nilphamari,rangpur,36,34,28,116,,61,10,,,rainy,murder,10
2608,6,25,wednesday,0,night,20 - 5:59,,23.85,90.01,shibaloy,manikganj,dhaka,39,36,29,116,,59,10,,,rainy,murder,10
2609,6,22,saturday,1,night,20 - 5:59,,24.7333,88.975,raninagar,naogaon,rajshahi,36,34,29,353,,55,10,,,rainy,murder,10
2610,6,23,thursday,0,night,20 - 5:59,,24.005,89.25,pabna sadar,pabna,rajshahi,36,33,29,356,,66,10,,,rainy,murder,10
2611,6,22,saturday,1,night,20 - 5:59,,24.7333,88.975,raninagar,naogaon,rajshahi,36,34,29,353,,55,10,,,rainy,murder,10
2612,6,22,sunday,0,night,20 - 5:59,,23.2167,89.35,bagherpara,jashore,khulna,36,33,29,356,,64,10,,,rainy,murder,10
2613,6,23,tuesday,0,morning,6 - 11:59,,23.5417,89.1833,jhenaidah sadar,jhenaidah,khulna,36,33,28,356,,69,10,,,rainy,murder,10
2614,6,25,wednesday,0,night,20 - 5:59,,24.888242,91.868519,sylhet sadar,sylhet,sylhet,37,34,29,176,,66,10,,,rainy,murder,10
2615,6,25,wednesday,0,morning,6 - 11:59,,23.180315,89.1608575,jessore sadar,jashore,khulna,40,37,30,386,,55,10,,,rainy,murder,10
2616,6,25,sunday,0,evening,18 - 19:59,,23.9167,90.725,narsingdi sadar,narsingdi,dhaka,34,31,27,359,,79,7,,,rainy,murder,10
2617,4,15,monday,0,night,20 - 5:59,,23.180315,89.1608575,jessore sadar,jashore,khulna,35,31,26,200,,62,10,,,hot,murder,10
2618,3,12,saturday,1,night,20 - 5:59,,24.4778,91.7667,moulvibazar sadar,moulvibazar,sylhet,34,29,21,356,,65,9,,,hot,murder,10
2619,9,36,wednesday,0,afternoon,16 - 17:59,,25.1,89.03333,joypurhat sadar,joypurhat,rajshahi,34,32,28,200,,71,10,,,rainy,murder,10
2620,5,20,sunday,0,night,20 - 5:59,,22.2333,92.1917,bandarban sadar,bandarban,chattogram,34,31,28,353,,79,10,,,hot,murder,10
2621,9,36,thursday,0,night,20 - 5:59,,23.996158,90.419726,gazipur sadar,gazipur,dhaka,33,31,27,386,,78,10,,,rainy,murder,10
2622,9,36,saturday,1,night,20 - 5:59,,23.996158,90.419726,gazipur sadar,gazipur,dhaka,33,30,27,386,,79,10,,,rainy,murder,10
2623,2,7,tuesday,0,night,20 - 5:59,,22.7167,89.075,satkhira sadar,satkhira,khulna,32,27,21,113,,31,10,,,winter,murder,10
2624,2,6,tuesday,0,night,20 - 5:59,,24.005,89.25,pabna sadar,pabna,rajshahi,30,26,20,113,,35,10,,,winter,murder,10
2625,2,6,tuesday,0,night,20 - 5:59,,24.005,89.25,pabna sadar,pabna,rajshahi,30,26,20,113,,35,10,,,winter,murder,10
2626,1,5,tuesday,0,evening,18 - 19:59,,23.755,89.65,rajbari sadar,rajbari,dhaka,29,24,19,113,,36,10,,,winter,murder,10
2627,9,37,thursday,0,night,20 - 5:59,,23.775,88.6417,meherpur sadar,meherpur,khulna,29,28,26,353,,90,10,,,rainy,murder,10
2628,9,37,monday,0,night,20 - 5:59,,23.5417,89.1833,jhenaidah sadar,jhenaidah,khulna,34,31,27,386,,82,9,,,rainy,murder,10
2629,5,19,saturday,1,night,20 - 5:59,,21.454718,92.010452,coxsbazar sadar,coxsbazar,chattogram,33,31,27,119,,77,10,,,hot,murder,10
2630,5,18,sunday,0,afternoon,16 - 17:59,,22.66667,89.8,bagerhat sadar,bagerhat,khulna,36,32,27,353,,64,10,,,hot,murder,10
2631,5,22,thursday,0,night,20 - 5:59,,22.65,92.1833,rangamati sadar,rangamati,chattogram,37,33,26,113,,71,10,,,hot,murder,10
2632,4,16,saturday,1,night,20 - 5:59,,24.6333,90.2667,fulbaria,mymensingh,mymensingh,36,32,26,113,,41,10,,,hot,murder,10
2633,4,16,wednesday,0,night,20 - 5:59,,24.75,90.4167,mymensingh sadar,mymensingh,mymensingh,36,33,27,200,,68,10,,,hot,murder,10
2634,4,17,monday,0,morning,6 - 11:59,,22.95,90.825,lakshmipur sadar,lakshmipur,chattogram,39,34,27,176,,45,10,,,hot,murder,10
2635,5,19,thursday,0,night,20 - 5:59,,22.2333,92.1917,bandarban sadar,bandarban,chattogram,33,30,27,119,,78,10,,,hot,murder,10
2636,5,19,wednesday,0,night,20 - 5:59,,22.2333,92.1917,bandarban sadar,bandarban,chattogram,33,30,26,116,,81,10,,,hot,murder,10
2637,2,7,sunday,0,night,20 - 5:59,,23.5417,89.1833,jhenaidah sadar,jhenaidah,khulna,32,28,22,113,,36,10,,,winter,murder,10
2638,2,8,wednesday,0,night,20 - 5:59,,23.9,89.1333,kushtia sadar,kushtia,khulna,34,29,21,113,,36,10,,,winter,murder,10
2639,9,37,saturday,1,night,20 - 5:59,,22.7167,89.075,satkhira sadar,satkhira,khulna,34,31,27,356,,76,9,,,rainy,murder,10
2640,9,37,saturday,1,night,20 - 5:59,,23.2167,89.35,bagherpara,jashore,khulna,34,32,27,176,,73,10,,,rainy,murder,10
2641,9,36,saturday,1,night,20 - 5:59,,24.005,89.25,pabna sadar,pabna,rajshahi,33,31,26,386,,77,10,,,rainy,murder,10
2642,9,38,friday,1,night,20 - 5:59,,22.8111,90.2444,wazirpur,barisal,barisal,31,29,27,359,,78,7,,,rainy,murder,10
2643,9,40,monday,0,night,20 - 5:59,,24.4333,90.7833,kishoreganj sadar,kishoreganj,dhaka,29,26,23,356,,88,7,,,rainy,murder,10
2644,9,39,saturday,1,night,20 - 5:59,,23.180315,89.1608575,jessore sadar,jashore,khulna,35,32,28,119,,65,10,,,rainy,murder,10
2645,5,20,friday,1,evening,18 - 19:59,,24.005,89.25,pabna sadar,pabna,rajshahi,35,32,27,356,,60,9,,,hot,murder,10
2646,5,19,wednesday,0,night,20 - 5:59,,25.1,89.03333,joypurhat sadar,joypurhat,rajshahi,38,35,27,386,,63,10,,,hot,murder,10
2647,7,29,saturday,1,night,20 - 5:59,,24.9167,89.9583,jamalpur sadar,jamalpur,mymensingh,34,31,28,356,,73,9,,,rainy,murder,10
2648,5,22,tuesday,0,night,20 - 5:59,,23.0744,88.8667,sharsha,jashore,khulna,38,36,30,116,,52,10,,,hot,murder,10
2649,5,22,wednesday,0,night,20 - 5:59,,23.9,89.1333,kushtia sadar,kushtia,khulna,37,35,29,356,,53,9,,,hot,murder,10
2650,1,1,saturday,1,night,20 - 5:59,,24.9167,89.9583,jamalpur sadar,jamalpur,mymensingh,30,25,18,113,,47,10,,,winter,murder,10
2651,1,3,tuesday,0,morning,6 - 11:59,,24.7417,89.8333,sarishabari,jamalpur,mymensingh,29,24,14,113,,38,10,,,winter,murder,10
2652,7,30,saturday,1,night,20 - 5:59,,25.4153,89.3167,pirgonj,rangpur,rangpur,33,31,27,386,,75,9,,,rainy,murder,10
2653,1,2,thursday,0,evening,18 - 19:59,,26.0208,88.4667,thakurgaon sadar,thakurgaon,rangpur,24,20,14,113,,43,10,,,winter,murder,10
2654,7,29,tuesday,0,night,20 - 5:59,,24.25,89.9167,tangail sadar,tangail,dhaka,34,32,27,386,,74,10,,,rainy,murder,10
2655,7,30,tuesday,0,night,20 - 5:59,,23.996158,90.419726,gazipur sadar,gazipur,dhaka,34,31,27,359,,79,8,,,rainy,murder,10
2656,3,10,thursday,0,night,20 - 5:59,,24.75,90.4167,mymensingh sadar,mymensingh,mymensingh,35,30,21,113,,35,10,,,hot,murder,10
2657,3,10,wednesday,0,noon,12 - 15:59,,24.4583,89.7,sirajganj sadar,sirajganj,rajshahi,35,30,23,113,,27,10,,,hot,murder,10
2658,3,10,monday,0,night,20 - 5:59,,22.8111,90.2444,wazirpur,barisal,barisal,34,30,23,143,,70,9,,,hot,murder,10
2659,3,9,friday,1,morning,6 - 11:59,,24.4583,89.7,sirajganj sadar,sirajganj,rajshahi,34,30,23,113,,36,10,,,hot,murder,10
2660,2,8,wednesday,0,noon,12 - 15:59,,24.8417,89.375,bogra sadar,bogura,rajshahi,32,28,24,113,,39,10,,,winter,murder,10
2661,3,10,monday,0,night,20 - 5:59,,25.4153,89.3167,pirgonj,rangpur,rangpur,34,29,22,113,,44,10,,,hot,murder,10
2662,7,29,tuesday,0,night,20 - 5:59,,23.0744,88.8667,sharsha,jashore,khulna,34,32,27,386,,78,9,,,rainy,murder,10
2663,7,29,monday,0,night,20 - 5:59,,24.0211,91.2797,bijoynagar,brahmanbaria,chattogram,34,31,26,386,,78,10,,,rainy,murder,10
2664,7,29,monday,0,night,20 - 5:59,,23.0744,88.8667,sharsha,jashore,khulna,33,31,27,353,,79,10,,,rainy,murder,10
2665,3,13,monday,0,night,20 - 5:59,,24.888242,91.868519,sylhet sadar,sylhet,sylhet,35,31,24,113,,42,10,,,hot,murder,10
2666,3,11,monday,0,night,20 - 5:59,,23.6,90.5,narayanganj sadar,narayanganj,dhaka,37,31,24,113,,40,10,,,hot,murder,10
2667,3,13,wednesday,0,night,20 - 5:59,,25.1417,89.7833,dewangonj,jamalpur,mymensingh,36,30,22,113,,41,10,,,hot,murder,10
2668,1,3,tuesday,0,night,20 - 5:59,,23.996158,90.419726,gazipur sadar,gazipur,dhaka,29,24,15,113,,37,10,,,winter,murder,10
2669,8,35,friday,1,night,20 - 5:59,,24.888242,91.868519,sylhet sadar,sylhet,sylhet,36,32,26,353,,74,10,,,rainy,murder,10
2670,2,7,wednesday,0,afternoon,16 - 17:59,,23.5417,89.1833,jhenaidah sadar,jhenaidah,khulna,32,28,20,113,,35,10,,,winter,murder,10
2671,2,5,thursday,0,night,20 - 5:59,,24.005,89.25,pabna sadar,pabna,rajshahi,28,22,15,113,,43,10,,,winter,murder,10
2672,1,4,sunday,0,night,20 - 5:59,,24.6333,90.2667,fulbaria,mymensingh,mymensingh,31,26,18,113,,44,10,,,winter,murder,10
2673,1,2,sunday,0,night,20 - 5:59,,25.7583,89.2333,rangpur sadar,rangpur,rangpur,26,20,12,113,,35,10,,,winter,murder,10
2674,6,25,monday,0,morning,6 - 11:59,,23.6,90.5,narayanganj sadar,narayanganj,dhaka,36,33,28,200,,75,10,,,rainy,murder,10
2675,6,23,friday,1,night,20 - 5:59,,24.375,91.4167,habiganj sadar,habiganj,sylhet,36,32,26,356,,78,8,,,rainy,murder,10
2676,7,28,monday,0,noon,12 - 15:59,,23.996158,90.419726,gazipur sadar,gazipur,dhaka,34,31,27,356,,78,10,,,rainy,murder,10
2677,6,26,wednesday,0,night,20 - 5:59,,24.888242,91.868519,sylhet sadar,sylhet,sylhet,31,29,27,359,,88,5,,,rainy,murder,10
2678,1,2,wednesday,0,noon,12 - 15:59,,22.5778,89.99,pirojpur sadar,pirojpur,barisal,28,23,16,113,,51,10,,,winter,murder,10
2679,6,26,friday,1,night,20 - 5:59,,22.6903,90.6525,bhola sadar,bhola,barisal,33,31,28,356,,76,10,,,rainy,murder,10
2680,1,2,saturday,1,night,20 - 5:59,,24.4778,91.7667,moulvibazar sadar,moulvibazar,sylhet,27,21,13,113,,50,10,,,winter,murder,10
2681,1,3,tuesday,0,night,20 - 5:59,,23.9167,90.725,narsingdi sadar,narsingdi,dhaka,28,23,15,113,,39,10,,,winter,murder,10
2682,5,22,tuesday,0,evening,18 - 19:59,,24.4583,89.7,sirajganj sadar,sirajganj,rajshahi,38,34,28,113,,63,10,,,hot,murder,10
2683,6,26,thursday,0,night,20 - 5:59,,25.7583,89.2333,rangpur sadar,rangpur,rangpur,34,31,27,386,,79,8,,,rainy,murder,10
2684,12,50,saturday,1,night,20 - 5:59,,24.7833,91.35,derai,sunamganj,sylhet,31,25,19,113,,74,10,,,winter,murder,10
2685,9,36,monday,0,night,20 - 5:59,,25.1,89.03333,joypurhat sadar,joypurhat,rajshahi,35,33,28,353,,66,9,,,rainy,murder,10
2686,6,24,friday,1,night,20 - 5:59,,24.75,90.4167,mymensingh sadar,mymensingh,mymensingh,28,26,25,353,,92,8,,,rainy,murder,10
2687,7,29,saturday,1,night,20 - 5:59,,22.7,90.3667,barisal sadar,barisal,barisal,34,32,29,356,,74,10,,,rainy,murder,10
2688,6,26,wednesday,0,morning,6 - 11:59,,22.1508,90.1264,barguna sadar,barguna,barisal,35,33,29,116,,71,10,,,rainy,murder,10
2689,1,2,wednesday,0,night,20 - 5:59,,23.6,90.5,narayanganj sadar,narayanganj,dhaka,28,23,18,113,,44,10,,,winter,murder,10
2690,6,24,wednesday,0,morning,6 - 11:59,,23.9528,91.1167,brahmanbaria sadar,brahmanbaria,chattogram,33,30,25,359,,84,8,,,rainy,murder,10
2691,6,22,saturday,1,noon,12 - 15:59,,22.50439,89.97897,zianagar,pirojpur,barisal,35,33,29,353,,66,10,,,rainy,murder,10
2692,1,2,wednesday,0,night,20 - 5:59,,23.6,90.5,narayanganj sadar,narayanganj,dhaka,28,23,18,113,,44,10,,,winter,murder,10
2693,6,24,monday,0,night,20 - 5:59,,23.180315,89.1608575,jessore sadar,jashore,khulna,37,34,29,200,,64,10,,,rainy,murder,10
2694,7,30,thursday,0,morning,6 - 11:59,,22.50439,89.97897,zianagar,pirojpur,barisal,32,31,28,359,,77,8,,,rainy,murder,10
2695,7,30,wednesday,0,noon,12 - 15:59,,23.180315,89.1608575,jessore sadar,jashore,khulna,35,32,27,386,,74,9,,,rainy,murder,10
2696,6,23,friday,1,afternoon,16 - 17:59,,23.8833,91.2166,akhaura,brahmanbaria,chattogram,35,33,27,356,,73,10,,,rainy,murder,10
2697,7,30,thursday,0,morning,6 - 11:59,,23.4,89.0167,kotchandpur,jhenaidah,khulna,32,31,27,359,,78,8,,,rainy,murder,10
2698,12,53,thursday,0,night,20 - 5:59,,24.75,90.4167,mymensingh sadar,mymensingh,mymensingh,29,25,19,113,,57,10,,,winter,murder,10
2699,1,52,sunday,0,night,20 - 5:59,,24.4778,91.7667,moulvibazar sadar,moulvibazar,sylhet,30,24,16,113,,70,10,,,winter,murder,10
2700,1,1,monday,0,noon,12 - 15:59,,24.98333,90.18333,nokla,sherpur,mymensingh,30,24,16,113,,56,10,,,winter,murder,10
2701,2,8,saturday,1,evening,18 - 19:59,,24.888242,91.868519,sylhet sadar,sylhet,sylhet,34,28,21,113,,44,10,,,winter,murder,10
2702,7,30,tuesday,0,morning,6 - 11:59,,24.6333,90.2667,fulbaria,mymensingh,mymensingh,33,31,26,356,,80,8,,,rainy,murder,10
2703,1,1,wednesday,0,noon,12 - 15:59,,24.75,90.4167,mymensingh sadar,mymensingh,mymensingh,30,25,18,113,,48,10,,,winter,murder,10
2704,7,29,saturday,1,night,20 - 5:59,,24.6611,89.2333,nondigram,bogura,rajshahi,35,33,28,353,,69,10,,,rainy,murder,10
2705,6,26,friday,1,afternoon,16 - 17:59,,24.8417,89.375,bogra sadar,bogura,rajshahi,34,32,28,386,,76,8,,,rainy,murder,10
2706,6,26,thursday,0,night,20 - 5:59,,24.8417,89.375,bogra sadar,bogura,rajshahi,35,32,28,200,,73,10,,,rainy,murder,10
2707,11,48,wednesday,0,night,20 - 5:59,,23.5417,89.1833,jhenaidah sadar,jhenaidah,khulna,33,28,23,113,,53,10,,,winter,murder,10
2708,1,2,wednesday,0,night,20 - 5:59,,23.6,90.5,narayanganj sadar,narayanganj,dhaka,28,23,18,113,,44,10,,,winter,murder,10
2709,11,47,thursday,0,night,20 - 5:59,,23.459349,91.18264,comilla sadar,comilla,chattogram,31,27,19,113,,62,10,,,winter,murder,10
2710,3,10,thursday,0,night,20 - 5:59,,22.63996,92.191949,baghaichari,rangamati,chattogram,34,27,18,176,,72,10,,,hot,murder,10
2711,1,2,wednesday,0,night,20 - 5:59,,23.6,90.5,narayanganj sadar,narayanganj,dhaka,28,23,18,113,,44,10,,,winter,murder,10
2712,11,46,sunday,0,night,20 - 5:59,,24.4583,89.7,sirajganj sadar,sirajganj,rajshahi,31,27,22,113,,60,10,,,winter,murder,10
2713,11,46,saturday,1,night,20 - 5:59,,24.25,89.9167,tangail sadar,tangail,dhaka,30,27,22,113,,53,10,,,winter,murder,10
2714,6,25,monday,0,night,20 - 5:59,,23.4875,89.4208,magura sadar,magura,khulna,37,32,29,359,,75,7,,,rainy,murder,10
2715,5,22,monday,0,night,20 - 5:59,,22.50439,89.97897,zianagar,pirojpur,barisal,39,35,30,200,,63,10,,,hot,murder,10
2716,11,46,wednesday,0,night,20 - 5:59,,25.025,89.13333,khetlal,joypurhat,rajshahi,31,28,22,113,,53,10,,,winter,murder,10
2717,4,16,monday,0,night,20 - 5:59,,24.005,89.25,pabna sadar,pabna,rajshahi,41,35,27,113,,36,10,,,hot,murder,10
2718,10,40,friday,1,night,20 - 5:59,,24.56667,91.515,nabiganj,habiganj,sylhet,35,30,23,113,,68,10,,,rainy,murder,10
2719,2,7,monday,0,morning,6 - 11:59,,24.56667,91.515,nabiganj,habiganj,sylhet,32,27,18,113,,56,10,,,winter,murder,10
2720,5,19,tuesday,0,night,20 - 5:59,,24.56667,91.515,nabiganj,habiganj,sylhet,37,34,27,113,,55,10,,,hot,murder,10
2721,4,14,wednesday,0,night,20 - 5:59,,24.56667,91.515,nabiganj,habiganj,sylhet,33,28,20,200,,72,9,,,hot,murder,10
2722,4,14,wednesday,0,night,20 - 5:59,,23.8833,90.9833,nabinagar,brahmanbaria,chattogram,35,30,22,113,,44,10,,,hot,murder,10
2723,4,14,wednesday,0,night,20 - 5:59,,23.8833,90.9833,nabinagar,brahmanbaria,chattogram,35,30,22,113,,44,10,,,hot,murder,10
2724,5,18,tuesday,0,night,20 - 5:59,,23.8833,90.9833,nabinagar,brahmanbaria,chattogram,34,31,24,200,,67,10,,,hot,murder,10
2725,5,18,tuesday,0,night,20 - 5:59,,23.8833,90.9833,nabinagar,brahmanbaria,chattogram,34,31,24,200,,67,10,,,hot,murder,10
2726,3,9,saturday,1,night,20 - 5:59,,23.8833,90.9833,nabinagar,brahmanbaria,chattogram,34,29,21,113,,54,10,,,hot,murder,10
2727,3,9,saturday,1,night,20 - 5:59,,23.8833,90.9833,nabinagar,brahmanbaria,chattogram,34,29,21,113,,54,10,,,hot,murder,10
2728,7,26,sunday,0,night,20 - 5:59,,23.8833,90.9833,nabinagar,brahmanbaria,chattogram,33,30,26,356,,81,8,,,rainy,murder,10
2729,7,26,sunday,0,night,20 - 5:59,,23.8833,90.9833,nabinagar,brahmanbaria,chattogram,33,30,26,356,,81,8,,,rainy,murder,10
2730,9,37,sunday,0,morning,6 - 11:59,,23.4153,89.8917,nagarkanda,faridpur,dhaka,35,32,29,356,,71,9,,,rainy,murder,10
2731,10,41,sunday,0,morning,6 - 11:59,,23.4153,89.8917,nagarkanda,faridpur,dhaka,33,30,26,116,,65,10,,,rainy,murder,10
2732,6,22,sunday,0,night,20 - 5:59,,24.05,89.86806,nagarpur,tangail,dhaka,36,33,28,386,,77,9,,,rainy,murder,10
2733,4,17,friday,1,morning,6 - 11:59,,24.05,89.86806,nagarpur,tangail,dhaka,36,31,26,116,,71,10,,,hot,murder,10
2734,4,14,sunday,0,night,20 - 5:59,,24.05,89.86806,nagarpur,tangail,dhaka,43,37,27,113,,43,10,,,hot,murder,10
2735,4,16,tuesday,0,night,20 - 5:59,,24.05,89.86806,nagarpur,tangail,dhaka,37,33,26,116,,47,10,,,hot,murder,10
2736,5,19,friday,1,morning,6 - 11:59,,21.4167,92.1833,naikhongchhari,bandarban,chattogram,35,32,28,116,,73,10,,,hot,murder,10
2737,11,47,wednesday,0,night,20 - 5:59,,22.6222,90.2708,nalchity,jhalakathi,barisal,31,27,22,113,,59,10,,,winter,murder,10
2738,2,5,friday,1,night,20 - 5:59,,24.5667,90.6833,nandail,mymensingh,mymensingh,29,23,17,119,,41,10,,,winter,murder,10
2739,3,12,saturday,1,afternoon,16 - 17:59,,24.5667,90.6833,nandail,mymensingh,mymensingh,34,30,22,356,,60,9,,,hot,murder,10
2740,4,16,friday,1,night,20 - 5:59,,24.5667,90.6833,nandail,mymensingh,mymensingh,30,27,23,356,,87,8,,,hot,murder,10
2741,3,9,saturday,1,night,20 - 5:59,,24.5667,90.6833,nandail,mymensingh,mymensingh,36,30,23,113,,47,10,,,hot,murder,10
2742,2,5,friday,1,night,20 - 5:59,,24.5667,90.6833,nandail,mymensingh,mymensingh,29,23,17,119,,41,10,,,winter,murder,10
2743,5,18,thursday,0,morning,6 - 11:59,,22.8583,92.1167,naniarchar,rangamati,chattogram,37,31,24,113,,68,8,,,hot,murder,10
2744,9,38,friday,1,morning,6 - 11:59,,22.8583,92.1167,naniarchar,rangamati,chattogram,35,30,24,356,,82,9,,,rainy,murder,10
2745,7,30,saturday,1,morning,6 - 11:59,,23.6,90.5,narayanganj sadar,narayanganj,dhaka,31,29,27,353,,83,10,,,rainy,murder,10
2746,4,17,tuesday,0,night,20 - 5:59,,23.6,90.5,narayanganj sadar,narayanganj,dhaka,35,31,27,386,,78,10,,,hot,murder,10
2747,7,28,tuesday,0,morning,6 - 11:59,,23.6,90.5,narayanganj sadar,narayanganj,dhaka,33,30,28,356,,80,9,,,rainy,murder,10
2748,3,13,friday,1,evening,18 - 19:59,,23.6,90.5,narayanganj sadar,narayanganj,dhaka,35,33,27,116,,45,10,,,hot,murder,10
2749,5,19,monday,0,morning,6 - 11:59,,23.6,90.5,narayanganj sadar,narayanganj,dhaka,34,31,28,386,,75,9,,,hot,murder,10
2750,2,5,sunday,0,afternoon,16 - 17:59,,23.3,90.4,naria,shariatpur,dhaka,28,26,20,113,,36,10,,,winter,murder,10
2751,6,25,saturday,1,night,20 - 5:59,,23.3,90.4,naria,shariatpur,dhaka,34,32,28,386,,73,10,,,rainy,murder,10
2752,9,37,sunday,0,evening,18 - 19:59,,23.9167,90.725,narsingdi sadar,narsingdi,dhaka,35,31,28,263,,67,9,,,rainy,murder,10
2753,2,8,tuesday,0,night,20 - 5:59,,23.9167,90.725,narsingdi sadar,narsingdi,dhaka,32,27,21,353,,75,10,,,winter,murder,10
2754,5,19,tuesday,0,night,20 - 5:59,,23.9167,90.725,narsingdi sadar,narsingdi,dhaka,37,35,30,116,,51,10,,,hot,murder,10
2755,4,15,tuesday,0,afternoon,16 - 17:59,,24.207,91.2097,nasirnagar,brahmanbaria,chattogram,39,34,27,116,,66,10,,,hot,murder,10
2756,4,15,tuesday,0,afternoon,16 - 17:59,,24.207,91.2097,nasirnagar,brahmanbaria,chattogram,39,34,27,116,,66,10,,,hot,murder,10
2757,5,22,tuesday,0,night,20 - 5:59,,24.207,91.2097,nasirnagar,brahmanbaria,chattogram,36,33,29,176,,64,10,,,hot,murder,10
2758,5,22,tuesday,0,night,20 - 5:59,,24.207,91.2097,nasirnagar,brahmanbaria,chattogram,36,33,29,176,,64,10,,,hot,murder,10
2759,9,39,monday,0,night,20 - 5:59,,24.207,91.2097,nasirnagar,brahmanbaria,chattogram,35,32,28,353,,69,10,,,rainy,murder,10
2760,9,39,monday,0,night,20 - 5:59,,24.207,91.2097,nasirnagar,brahmanbaria,chattogram,35,32,28,353,,69,10,,,rainy,murder,10
2761,5,18,tuesday,0,night,20 - 5:59,,24.4139,88.93,natore sadar,natore,rajshahi,37,34,27,386,,54,10,,,hot,murder,10
2762,3,13,wednesday,0,night,20 - 5:59,,24.4139,88.93,natore sadar,natore,rajshahi,38,34,28,113,,40,10,,,hot,murder,10
2763,3,11,saturday,1,night,20 - 5:59,,24.4139,88.93,natore sadar,natore,rajshahi,35,32,26,116,,30,10,,,hot,murder,10
2764,2,8,monday,0,morning,6 - 11:59,,25.4167,89.0833,nawabganj,dinajpur,rangpur,25,23,19,113,,54,10,,,winter,murder,10
2765,12,52,wednesday,0,morning,6 - 11:59,,25.4167,89.0833,nawabganj,dinajpur,rangpur,24,21,16,113,,47,10,,,winter,murder,10
2766,8,32,saturday,1,morning,6 - 11:59,,25.4167,89.0833,nawabganj,dinajpur,rangpur,35,34,28,386,,66,9,,,rainy,murder,10
2767,5,22,wednesday,0,afternoon,16 - 17:59,,25.4167,89.0833,nawabganj,dinajpur,rangpur,37,34,27,176,,54,9,,,hot,murder,10
2768,5,21,monday,0,morning,6 - 11:59,,25.4167,89.0833,nawabganj,dinajpur,rangpur,39,34,27,386,,72,9,,,hot,murder,10
2769,3,12,thursday,0,morning,6 - 11:59,,22.7461,89.9678,nazirpur,pirojpur,barisal,33,29,22,116,,64,10,,,hot,murder,10
2770,6,26,friday,1,morning,6 - 11:59,,22.7461,89.9678,nazirpur,pirojpur,barisal,35,32,29,359,,71,8,,,rainy,murder,10
2771,6,26,tuesday,0,night,20 - 5:59,,22.7472,90.1036,nesarabad,pirojpur,barisal,35,33,29,353,,68,10,,,rainy,murder,10
2772,2,6,thursday,0,night,20 - 5:59,,22.7472,90.1036,nesarabad,pirojpur,barisal,31,27,21,116,,44,10,,,winter,murder,10
2773,1,3,saturday,1,night,20 - 5:59,,24.875,90.7333,netrokona sadar,netrokona,mymensingh,27,24,20,113,,54,10,,,winter,murder,10
2774,6,24,tuesday,0,night,20 - 5:59,,24.875,90.7333,netrokona sadar,netrokona,mymensingh,36,33,29,356,,70,9,,,rainy,murder,10
2775,11,48,thursday,0,evening,18 - 19:59,,24.875,90.7333,netrokona sadar,netrokona,mymensingh,32,26,18,113,,54,10,,,winter,murder,10
2776,6,24,monday,0,morning,6 - 11:59,,24.875,90.7333,netrokona sadar,netrokona,mymensingh,35,32,27,353,,73,10,,,rainy,murder,10
2777,1,4,monday,0,night,20 - 5:59,,24.875,90.7333,netrokona sadar,netrokona,mymensingh,31,26,19,113,,49,10,,,winter,murder,10
2778,1,3,friday,1,night,20 - 5:59,,24.875,90.7333,netrokona sadar,netrokona,mymensingh,30,25,19,113,,51,10,,,winter,murder,10
2779,1,4,monday,0,night,20 - 5:59,,24.3167,90.9333,nikli,kishoreganj,dhaka,29,25,20,113,,51,10,,,winter,murder,10
2780,5,20,thursday,0,night,20 - 5:59,,25.9417,88.8444,nilphamari sadar,nilphamari,rangpur,35,31,25,305,,69,9,,,hot,murder,10
2781,6,22,friday,1,night,20 - 5:59,,25.9417,88.8444,nilphamari sadar,nilphamari,rangpur,36,34,28,116,,61,10,,,rainy,murder,10
2782,9,39,wednesday,0,night,20 - 5:59,,25.9417,88.8444,nilphamari sadar,nilphamari,rangpur,36,33,28,113,,67,10,,,rainy,murder,10
2783,3,13,friday,1,night,20 - 5:59,,22.8256,91.1014,noakhali sadar,noakhali,chattogram,30,29,27,353,,79,8,,,hot,murder,10
2784,9,37,saturday,1,afternoon,16 - 17:59,,22.8256,91.1014,noakhali sadar,noakhali,chattogram,31,29,26,353,,84,10,,,rainy,murder,10
2785,9,39,saturday,1,night,20 - 5:59,,22.8256,91.1014,noakhali sadar,noakhali,chattogram,31,28,24,353,,79,10,,,rainy,murder,10
2786,1,2,wednesday,0,night,20 - 5:59,,22.8256,91.1014,noakhali sadar,noakhali,chattogram,30,25,17,113,,46,10,,,winter,murder,10
2787,7,27,sunday,0,morning,6 - 11:59,,24.6611,89.2333,nondigram,bogura,rajshahi,31,30,27,356,,82,9,,,rainy,murder,10
2788,2,7,tuesday,0,night,20 - 5:59,,24.4417,88.6278,paba,rajshahi,rajshahi,35,30,23,113,,30,10,,,winter,murder,10
2789,12,49,friday,1,afternoon,16 - 17:59,,24.005,89.25,pabna sadar,pabna,rajshahi,28,24,20,113,,44,10,,,winter,murder,10
2790,8,31,wednesday,0,night,20 - 5:59,,24.005,89.25,pabna sadar,pabna,rajshahi,35,32,29,356,,71,9,,,rainy,murder,10
2791,5,20,friday,1,night,20 - 5:59,,24.005,89.25,pabna sadar,pabna,rajshahi,37,34,28,299,,62,10,,,hot,murder,10
2792,5,21,wednesday,0,morning,6 - 11:59,,24.005,89.25,pabna sadar,pabna,rajshahi,37,34,29,356,,65,8,,,hot,murder,10
2793,7,31,monday,0,night,20 - 5:59,,24.005,89.25,pabna sadar,pabna,rajshahi,34,32,28,353,,70,10,,,rainy,murder,10
2794,4,15,sunday,0,night,20 - 5:59,,24.005,89.25,pabna sadar,pabna,rajshahi,39,34,27,176,,47,10,,,hot,murder,10
2795,2,7,monday,0,night,20 - 5:59,,24.005,89.25,pabna sadar,pabna,rajshahi,33,29,23,113,,39,10,,,winter,murder,10
2796,12,49,monday,0,evening,18 - 19:59,,24.005,89.25,pabna sadar,pabna,rajshahi,28,25,21,113,,48,10,,,winter,murder,10
2797,4,16,monday,0,night,20 - 5:59,,24.005,89.25,pabna sadar,pabna,rajshahi,39,34,27,176,,48,10,,,hot,murder,10
2798,5,20,saturday,1,night,20 - 5:59,,24.005,89.25,pabna sadar,pabna,rajshahi,40,36,29,116,,57,10,,,hot,murder,10
2799,4,15,friday,1,evening,18 - 19:59,,24.005,89.25,pabna sadar,pabna,rajshahi,35,33,27,356,,60,8,,,hot,murder,10
2800,4,17,tuesday,0,night,20 - 5:59,,24.005,89.25,pabna sadar,pabna,rajshahi,39,36,31,113,,42,10,,,hot,murder,10
2801,8,31,thursday,0,noon,12 - 15:59,,24.3333,90.6833,pakundia,kishoreganj,dhaka,33,30,26,356,,80,10,,,rainy,murder,10
2802,1,5,tuesday,0,night,20 - 5:59,,24.3333,90.6833,pakundia,kishoreganj,dhaka,30,25,18,113,,51,10,,,winter,murder,10
2803,7,30,friday,1,morning,6 - 11:59,,24.3333,90.6833,pakundia,kishoreganj,dhaka,31,29,26,359,,90,6,,,rainy,murder,10
2804,12,51,saturday,1,night,20 - 5:59,,24.3333,90.6833,pakundia,kishoreganj,dhaka,23,21,18,116,,61,10,,,winter,murder,10
2805,4,16,sunday,0,morning,6 - 11:59,,25.2833,89.35,palashbari,gaibandha,rangpur,32,28,22,386,,81,10,,,hot,murder,10
2806,3,13,thursday,0,night,20 - 5:59,,25.2833,89.35,palashbari,gaibandha,rangpur,38,31,24,359,,71,9,,,hot,murder,10
2807,4,14,monday,0,night,20 - 5:59,,26.3347,88.5583,panchagarh sadar,panchagarh,rangpur,29,25,20,386,,69,9,,,hot,murder,10
2808,3,13,saturday,1,night,20 - 5:59,,26.3347,88.5583,panchagarh sadar,panchagarh,rangpur,32,29,20,113,,39,10,,,hot,murder,10
2809,4,14,friday,1,night,20 - 5:59,,26.3347,88.5583,panchagarh sadar,panchagarh,rangpur,39,34,24,113,,43,10,,,hot,murder,10
2810,4,17,thursday,0,night,20 - 5:59,,26.3347,88.5583,panchagarh sadar,panchagarh,rangpur,32,29,21,356,,52,9,,,hot,murder,10
2811,4,16,sunday,0,morning,6 - 11:59,,23.29,91.9,panchari,khagrachhari,chattogram,33,30,27,353,,73,9,,,hot,murder,10
2812,3,11,friday,1,night,20 - 5:59,,23.29,91.9,panchari,khagrachhari,chattogram,37,32,24,116,,49,10,,,hot,murder,10
2813,7,29,friday,1,night,20 - 5:59,,25.195,89.02,panchbibi,joypurhat,rajshahi,36,34,29,353,,67,10,,,rainy,murder,10
2814,3,11,friday,1,evening,18 - 19:59,,25.195,89.02,panchbibi,joypurhat,rajshahi,36,32,23,116,,30,10,,,hot,murder,10
2815,7,29,thursday,0,night,20 - 5:59,,25.195,89.02,panchbibi,joypurhat,rajshahi,39,37,30,116,,54,10,,,rainy,murder,10
2816,5,18,wednesday,0,afternoon,16 - 17:59,,25.195,89.02,panchbibi,joypurhat,rajshahi,36,32,25,386,,61,8,,,hot,murder,10
2817,3,11,monday,0,morning,6 - 11:59,,25.195,89.02,panchbibi,joypurhat,rajshahi,33,30,20,113,,43,10,,,hot,murder,10
2818,6,26,wednesday,0,night,20 - 5:59,,25.195,89.02,panchbibi,joypurhat,rajshahi,37,34,29,386,,65,10,,,rainy,murder,10
2819,4,14,tuesday,0,night,20 - 5:59,,23.7917,89.4167,pangsa,rajbari,dhaka,35,31,25,200,,62,10,,,hot,murder,10
2820,3,11,saturday,1,night,20 - 5:59,,23.7917,89.4167,pangsa,rajbari,dhaka,35,32,26,116,,32,10,,,hot,murder,10
2821,6,23,wednesday,0,night,20 - 5:59,,25.6533,88.9155,parbatipur,dinajpur,rangpur,37,34,29,386,,69,10,,,rainy,murder,10
2822,5,21,thursday,0,night,20 - 5:59,,25.6533,88.9155,parbatipur,dinajpur,rangpur,33,30,26,356,,78,7,,,hot,murder,10
2823,1,2,thursday,0,morning,6 - 11:59,,25.6533,88.9155,parbatipur,dinajpur,rangpur,28,23,17,113,,44,10,,,winter,murder,10
2824,12,49,monday,0,evening,18 - 19:59,,25.6533,88.9155,parbatipur,dinajpur,rangpur,31,25,19,113,,53,10,,,winter,murder,10
2825,12,49,thursday,0,night,20 - 5:59,,25.6533,88.9155,parbatipur,dinajpur,rangpur,29,26,20,113,,50,10,,,winter,murder,10
2826,6,25,monday,0,night,20 - 5:59,,25.6533,88.9155,parbatipur,dinajpur,rangpur,34,32,27,356,,73,9,,,rainy,murder,10
2827,3,11,tuesday,0,night,20 - 5:59,,22.0458,89.9689,pathorghata,barguna,barisal,34,29,24,200,,69,10,,,hot,murder,10
2828,1,2,tuesday,0,morning,6 - 11:59,,22.0458,89.9689,pathorghata,barguna,barisal,29,25,20,113,,45,10,,,winter,murder,10
2829,1,2,monday,0,night,20 - 5:59,,22.0458,89.9689,pathorghata,barguna,barisal,31,26,20,113,,44,10,,,winter,murder,10
2830,6,24,thursday,0,noon,12 - 15:59,,22.0458,89.9689,pathorghata,barguna,barisal,36,33,30,386,,72,10,,,rainy,murder,10
2831,1,2,tuesday,0,morning,6 - 11:59,,22.0458,89.9689,pathorghata,barguna,barisal,29,25,20,113,,45,10,,,winter,murder,10
2832,2,5,thursday,0,morning,6 - 11:59,,22.0458,89.9689,pathorghata,barguna,barisal,29,26,21,116,,52,10,,,winter,murder,10
2833,3,12,wednesday,0,night,20 - 5:59,,25.05,88.7333,patnitala,naogaon,rajshahi,33,29,21,113,,45,10,,,hot,murder,10
2834,3,10,friday,1,night,20 - 5:59,,25.05,88.7333,patnitala,naogaon,rajshahi,34,31,22,113,,26,10,,,hot,murder,10
2835,12,49,tuesday,0,night,20 - 5:59,,25.05,88.7333,patnitala,naogaon,rajshahi,27,25,18,113,,54,10,,,winter,murder,10
2836,5,21,saturday,1,evening,18 - 19:59,,22.3542,90.3181,patuakhali sadar,patuakhali,barisal,28,28,28,122,,90,10,,,hot,murder,10
2837,6,24,sunday,0,night,20 - 5:59,,22.3542,90.3181,patuakhali sadar,patuakhali,barisal,35,33,30,353,,75,10,,,rainy,murder,10
2838,6,24,sunday,0,night,20 - 5:59,,22.3542,90.3181,patuakhali sadar,patuakhali,barisal,35,33,30,353,,75,10,,,rainy,murder,10
2839,5,18,thursday,0,morning,6 - 11:59,,22.3542,90.3181,patuakhali sadar,patuakhali,barisal,35,32,29,113,,68,10,,,hot,murder,10
2840,8,34,wednesday,0,night,20 - 5:59,,25.1917,89.6167,phulchari,gaibandha,rangpur,35,33,29,359,,64,9,,,rainy,murder,10
2841,5,20,tuesday,0,night,20 - 5:59,,24.95,90.35,phulpur,mymensingh,mymensingh,34,31,25,353,,67,9,,,hot,murder,10
2842,1,2,saturday,1,evening,18 - 19:59,,24.95,90.35,phulpur,mymensingh,mymensingh,28,21,14,113,,31,10,,,winter,murder,10
2843,1,1,friday,1,morning,6 - 11:59,,24.95,90.35,phulpur,mymensingh,mymensingh,30,24,17,113,,45,10,,,winter,murder,10
2844,5,19,wednesday,0,evening,18 - 19:59,,24.95,90.35,phulpur,mymensingh,mymensingh,36,32,26,386,,77,9,,,hot,murder,10
2845,5,18,thursday,0,night,20 - 5:59,,24.95,90.35,phulpur,mymensingh,mymensingh,36,32,25,176,,64,10,,,hot,murder,10
2846,9,36,monday,0,night,20 - 5:59,,24.95,90.35,phulpur,mymensingh,mymensingh,33,30,26,356,,80,9,,,rainy,murder,10
2847,5,21,friday,1,night,20 - 5:59,,25.58,89.4,pirgacha,rangpur,rangpur,32,28,25,356,,78,9,,,hot,murder,10
2848,6,26,friday,1,night,20 - 5:59,,25.58,89.4,pirgacha,rangpur,rangpur,34,31,28,353,,80,10,,,rainy,murder,10
2849,5,22,tuesday,0,night,20 - 5:59,,25.8542,88.3667,pirganj,thakurgaon,rangpur,34,31,25,356,,68,9,,,hot,murder,10
2850,9,37,saturday,1,morning,6 - 11:59,,25.4153,89.3167,pirgonj,rangpur,rangpur,31,29,25,359,,86,7,,,rainy,murder,10
2851,6,22,saturday,1,night,20 - 5:59,,25.4153,89.3167,pirgonj,rangpur,rangpur,36,34,28,116,,61,10,,,rainy,murder,10
2852,7,30,thursday,0,noon,12 - 15:59,,22.5778,89.99,pirojpur sadar,pirojpur,barisal,32,31,28,359,,77,8,,,rainy,murder,10
2853,4,17,monday,0,afternoon,16 - 17:59,,22.5778,89.99,pirojpur sadar,pirojpur,barisal,32,30,28,353,,80,9,,,hot,murder,10
2854,8,32,thursday,0,night,20 - 5:59,,22.5778,89.99,pirojpur sadar,pirojpur,barisal,32,30,28,359,,78,8,,,rainy,murder,10
2855,4,17,tuesday,0,morning,6 - 11:59,,22.5778,89.99,pirojpur sadar,pirojpur,barisal,34,32,29,263,,70,9,,,hot,murder,10
2856,6,24,tuesday,0,night,20 - 5:59,,24.9333,90.6028,purbadhala,netrokona,mymensingh,36,33,29,356,,70,9,,,rainy,murder,10
2857,6,24,sunday,0,night,20 - 5:59,,24.9333,90.6028,purbadhala,netrokona,mymensingh,35,31,26,356,,83,9,,,rainy,murder,10
2858,6,24,sunday,0,night,20 - 5:59,,24.9333,90.6028,purbadhala,netrokona,mymensingh,35,31,26,356,,83,9,,,rainy,murder,10
2859,9,36,tuesday,0,night,20 - 5:59,,24.9333,90.6028,purbadhala,netrokona,mymensingh,34,32,27,386,,85,7,,,rainy,murder,10
2860,7,28,monday,0,night,20 - 5:59,,22.5667,90.1417,rajapur,jhalakathi,barisal,33,31,28,356,,75,9,,,rainy,murder,10
2861,3,13,tuesday,0,night,20 - 5:59,,22.5667,90.1417,rajapur,jhalakathi,barisal,39,33,26,113,,44,10,,,hot,murder,10
2862,4,14,friday,1,night,20 - 5:59,,22.3833,92.2417,rajasthali,rangamati,chattogram,38,32,24,248,,71,7,,,hot,murder,10
2863,5,22,wednesday,0,evening,18 - 19:59,,24.5194,91.8667,rajnagar,moulvibazar,sylhet,37,33,27,113,,61,10,,,hot,murder,10
2864,9,38,tuesday,0,morning,6 - 11:59,,24.5194,91.8667,rajnagar,moulvibazar,sylhet,33,30,25,176,,82,9,,,rainy,murder,10
2865,1,1,tuesday,0,evening,18 - 19:59,,24.5194,91.8667,rajnagar,moulvibazar,sylhet,29,22,13,113,,55,10,,,winter,murder,10
2866,1,1,wednesday,0,evening,18 - 19:59,,24.5194,91.8667,rajnagar,moulvibazar,sylhet,29,24,15,113,,60,10,,,winter,murder,10
2867,5,19,tuesday,0,night,20 - 5:59,,23.2083,90.0333,rajoir,madaripur,dhaka,41,35,26,119,,63,10,,,hot,murder,10
2868,5,19,wednesday,0,afternoon,16 - 17:59,,23.2083,90.0333,rajoir,madaripur,dhaka,44,36,27,116,,63,10,,,hot,murder,10
2869,1,2,saturday,1,evening,18 - 19:59,,22.944112,91.793518,ramgarh,khagrachhari,chattogram,28,24,17,113,,54,10,,,winter,murder,10
2870,6,26,sunday,0,night,20 - 5:59,,22.5667,89.6639,rampal,bagerhat,khulna,35,33,29,353,,69,10,,,rainy,murder,10
2871,6,24,thursday,0,night,20 - 5:59,,21.429087,92.089241,ramu,coxsbazar,chattogram,30,29,28,356,,80,9,,,rainy,murder,10
2872,12,52,tuesday,0,night,20 - 5:59,,21.429087,92.089241,ramu,coxsbazar,chattogram,25,22,18,113,,63,10,,,winter,murder,10
2873,4,15,saturday,1,noon,12 - 15:59,,25.7583,89.2333,rangpur sadar,rangpur,rangpur,35,32,26,200,,52,10,,,hot,murder,10
2874,3,10,wednesday,0,evening,18 - 19:59,,25.7583,89.2333,rangpur sadar,rangpur,rangpur,33,29,24,113,,25,10,,,hot,murder,10
2875,6,22,saturday,1,night,20 - 5:59,,24.7333,88.975,raninagar,naogaon,rajshahi,36,34,29,353,,55,10,,,rainy,murder,10
2876,6,22,saturday,1,night,20 - 5:59,,24.7333,88.975,raninagar,naogaon,rajshahi,36,34,29,353,,55,10,,,rainy,murder,10
2877,4,17,wednesday,0,morning,6 - 11:59,,25.88833,88.25167,ranisankail,thakurgaon,rangpur,39,35,25,248,,58,8,,,hot,murder,10
2878,3,9,friday,1,morning,6 - 11:59,,25.88833,88.25167,ranisankail,thakurgaon,rangpur,36,31,23,113,,29,10,,,hot,murder,10
2879,5,18,wednesday,0,night,20 - 5:59,,25.88833,88.25167,ranisankail,thakurgaon,rangpur,40,34,25,200,,61,9,,,hot,murder,10
2880,5,21,friday,1,night,20 - 5:59,,23.7931,90.5167,rupganj,narayanganj,dhaka,38,35,29,113,,62,10,,,hot,murder,10
2881,1,2,saturday,1,morning,6 - 11:59,,23.7931,90.5167,rupganj,narayanganj,dhaka,29,25,19,113,,40,10,,,winter,murder,10
2882,5,21,monday,0,morning,6 - 11:59,,23.7931,90.5167,rupganj,narayanganj,dhaka,35,32,27,386,,77,10,,,hot,murder,10
2883,2,5,thursday,0,night,20 - 5:59,,23.7931,90.5167,rupganj,narayanganj,dhaka,30,26,19,113,,51,10,,,winter,murder,10
2884,8,35,friday,1,night,20 - 5:59,,23.7931,90.5167,rupganj,narayanganj,dhaka,34,31,27,356,,76,9,,,rainy,murder,10
2885,2,6,saturday,1,night,20 - 5:59,,23.7931,90.5167,rupganj,narayanganj,dhaka,32,28,22,113,,58,10,,,winter,murder,10
2886,5,21,saturday,1,night,20 - 5:59,,23.7931,90.5167,rupganj,narayanganj,dhaka,35,32,28,200,,73,9,,,hot,murder,10
2887,6,26,wednesday,0,night,20 - 5:59,,23.7931,90.5167,rupganj,narayanganj,dhaka,37,34,28,200,,66,10,,,rainy,murder,10
2888,10,42,friday,1,morning,6 - 11:59,,23.7931,90.5167,rupganj,narayanganj,dhaka,34,30,24,113,,63,10,,,rainy,murder,10
2889,3,10,saturday,1,noon,12 - 15:59,,23.7931,90.5167,rupganj,narayanganj,dhaka,32,28,23,113,,33,10,,,hot,murder,10
2890,9,37,friday,1,night,20 - 5:59,,23.7931,90.5167,rupganj,narayanganj,dhaka,34,32,28,359,,72,7,,,rainy,murder,10
2891,2,6,wednesday,0,night,20 - 5:59,,23.7931,90.5167,rupganj,narayanganj,dhaka,32,27,20,113,,44,10,,,winter,murder,10
2892,1,3,tuesday,0,night,20 - 5:59,,22.8333,89.5833,rupsha,khulna,khulna,29,24,15,113,,33,10,,,winter,murder,10
2893,7,30,sunday,0,night,20 - 5:59,,22.8333,89.5833,rupsha,khulna,khulna,32,30,27,356,,81,10,,,rainy,murder,10
2894,9,39,thursday,0,noon,12 - 15:59,,22.8333,89.5833,rupsha,khulna,khulna,27,25,24,353,,90,9,,,rainy,murder,10
2895,3,13,thursday,0,night,20 - 5:59,,23.4764,90.0333,sadarpur,faridpur,dhaka,37,31,24,116,,58,10,,,hot,murder,10
2896,1,4,saturday,1,noon,12 - 15:59,,25.3833,89.4667,sadullapur,gaibandha,rangpur,27,23,18,176,,45,10,,,winter,murder,10
2897,2,6,wednesday,0,night,20 - 5:59,,25.1056,89.5861,saghata,gaibandha,rangpur,29,25,20,113,,38,10,,,winter,murder,10
2898,7,30,tuesday,0,night,20 - 5:59,,24.31667,90.16806,sakhipur,tangail,dhaka,28,27,26,353,,88,8,,,rainy,murder,10
2899,1,4,saturday,1,night,20 - 5:59,,24.31667,90.16806,sakhipur,tangail,dhaka,25,22,18,113,,47,10,,,winter,murder,10
2900,1,5,tuesday,0,night,20 - 5:59,,24.31667,90.16806,sakhipur,tangail,dhaka,27,23,17,113,,39,10,,,winter,murder,10
2901,3,12,saturday,1,afternoon,16 - 17:59,,23.410295,89.80207,saltha,faridpur,dhaka,35,31,23,386,,65,9,,,hot,murder,10
2902,7,29,saturday,1,evening,18 - 19:59,,23.410295,89.80207,saltha,faridpur,dhaka,33,30,27,386,,82,9,,,rainy,murder,10
2903,9,36,monday,0,afternoon,16 - 17:59,,23.410295,89.80207,saltha,faridpur,dhaka,34,31,27,356,,77,9,,,rainy,murder,10
2904,3,13,tuesday,0,afternoon,16 - 17:59,,24.0583,89.5333,santhia,pabna,rajshahi,37,33,26,176,,47,10,,,hot,murder,10
2905,6,26,tuesday,0,night,20 - 5:59,,24.0583,89.5333,santhia,pabna,rajshahi,38,34,29,356,,62,9,,,rainy,murder,10
2906,3,12,wednesday,0,morning,6 - 11:59,,24.0583,89.5333,santhia,pabna,rajshahi,33,29,22,113,,44,10,,,hot,murder,10
2907,6,26,wednesday,0,night,20 - 5:59,,24.0583,89.5333,santhia,pabna,rajshahi,39,34,29,116,,60,10,,,rainy,murder,10
2908,8,33,friday,1,night,20 - 5:59,,24.0583,89.5333,santhia,pabna,rajshahi,35,32,28,200,,70,10,,,rainy,murder,10
2909,4,16,sunday,0,morning,6 - 11:59,,24.0583,89.5333,santhia,pabna,rajshahi,43,38,29,113,,39,10,,,hot,murder,10
2910,6,26,tuesday,0,night,20 - 5:59,,24.0583,89.5333,santhia,pabna,rajshahi,38,34,29,356,,62,9,,,rainy,murder,10
2911,6,26,tuesday,0,night,20 - 5:59,,24.0583,89.5333,santhia,pabna,rajshahi,38,34,29,356,,62,9,,,rainy,murder,10
2912,6,25,sunday,0,evening,18 - 19:59,,24.0583,89.5333,santhia,pabna,rajshahi,35,32,28,359,,72,7,,,rainy,murder,10
2913,1,4,saturday,1,night,20 - 5:59,,24.09247,91.11978,sarail,brahmanbaria,chattogram,25,22,17,113,,46,10,,,winter,murder,10
2914,8,31,thursday,0,night,20 - 5:59,,24.09247,91.11978,sarail,brahmanbaria,chattogram,35,32,27,356,,78,8,,,rainy,murder,10
2915,7,27,wednesday,0,morning,6 - 11:59,,24.09247,91.11978,sarail,brahmanbaria,chattogram,33,30,26,359,,83,7,,,rainy,murder,10
2916,10,41,thursday,0,night,20 - 5:59,,24.09247,91.11978,sarail,brahmanbaria,chattogram,27,25,22,293,,88,6,,,rainy,murder,10
2917,5,20,wednesday,0,evening,18 - 19:59,,24.09247,91.11978,sarail,brahmanbaria,chattogram,33,31,27,386,,79,8,,,hot,murder,10
2918,8,32,tuesday,0,night,20 - 5:59,,22.2917,89.7917,sarankhola,bagerhat,khulna,31,30,28,356,,81,9,,,rainy,murder,10
2919,5,22,friday,1,night,20 - 5:59,,22.2917,89.7917,sarankhola,bagerhat,khulna,35,33,30,116,,67,10,,,hot,murder,10
2920,2,7,friday,1,night,20 - 5:59,,22.2917,89.7917,sarankhola,bagerhat,khulna,34,30,24,113,,57,10,,,winter,murder,10
2921,1,3,tuesday,0,morning,6 - 11:59,,24.7417,89.8333,sarishabari,jamalpur,mymensingh,29,24,14,113,,38,10,,,winter,murder,10
2922,5,19,sunday,0,morning,6 - 11:59,,24.7417,89.8333,sarishabari,jamalpur,mymensingh,35,31,26,356,,80,7,,,hot,murder,10
2923,1,3,tuesday,0,morning,6 - 11:59,,24.7417,89.8333,sarishabari,jamalpur,mymensingh,29,24,14,113,,38,10,,,winter,murder,10
2924,7,26,sunday,0,noon,12 - 15:59,,24.7417,89.8333,sarishabari,jamalpur,mymensingh,32,29,26,356,,86,9,,,rainy,murder,10
2925,12,52,thursday,0,morning,6 - 11:59,,24.7417,89.8333,sarishabari,jamalpur,mymensingh,25,21,15,113,,41,10,,,winter,murder,10
2926,1,4,monday,0,night,20 - 5:59,,24.7417,89.8333,sarishabari,jamalpur,mymensingh,31,25,19,113,,42,10,,,winter,murder,10
2927,1,2,sunday,0,night,20 - 5:59,,24.7417,89.8333,sarishabari,jamalpur,mymensingh,29,25,20,113,,56,10,,,winter,murder,10
2928,1,2,wednesday,0,evening,18 - 19:59,,24.7417,89.8333,sarishabari,jamalpur,mymensingh,26,22,16,113,,57,10,,,winter,murder,10
2929,4,15,wednesday,0,night,20 - 5:59,,24.7417,89.8333,sarishabari,jamalpur,mymensingh,40,33,23,113,,40,10,,,hot,murder,10
2930,5,22,thursday,0,evening,18 - 19:59,,24.7417,89.8333,sarishabari,jamalpur,mymensingh,34,31,26,356,,76,8,,,hot,murder,10
2931,4,15,monday,0,night,20 - 5:59,,22.7167,89.075,satkhira sadar,satkhira,khulna,39,34,26,116,,63,10,,,hot,murder,10
2932,1,3,friday,1,night,20 - 5:59,,23.961012,89.998051,saturia,manikganj,dhaka,28,25,20,113,,51,10,,,winter,murder,10
2933,2,6,thursday,0,night,20 - 5:59,,22.8256,91.1014,senbug,noakhali,chattogram,29,26,20,113,,66,10,,,winter,murder,10
2934,3,13,wednesday,0,night,20 - 5:59,,24.17,89.58833,shahjadpur,sirajganj,rajshahi,33,29,22,386,,43,10,,,hot,murder,10
2935,8,32,sunday,0,night,20 - 5:59,,24.17,89.58833,shahjadpur,sirajganj,rajshahi,34,32,28,356,,70,9,,,rainy,murder,10
2936,3,12,monday,0,night,20 - 5:59,,24.17,89.58833,shahjadpur,sirajganj,rajshahi,35,31,24,113,,46,10,,,hot,murder,10
2937,3,13,wednesday,0,night,20 - 5:59,,24.17,89.58833,shahjadpur,sirajganj,rajshahi,33,29,22,386,,43,10,,,hot,murder,10
2938,1,3,tuesday,0,night,20 - 5:59,,23.6917,89.25,shailkupa,jhenaidah,khulna,28,22,14,113,,36,10,,,winter,murder,10
2939,7,27,wednesday,0,night,20 - 5:59,,23.6917,89.25,shailkupa,jhenaidah,khulna,35,32,27,356,,74,10,,,rainy,murder,10
2940,4,15,thursday,0,night,20 - 5:59,,23.6917,89.25,shailkupa,jhenaidah,khulna,39,34,27,113,,29,10,,,hot,murder,10
2941,4,13,saturday,1,night,20 - 5:59,,24.762147,89.382832,shajahanpur,bogura,rajshahi,33,29,24,116,,60,10,,,hot,murder,10
2942,9,36,tuesday,0,morning,6 - 11:59,,24.762147,89.382832,shajahanpur,bogura,rajshahi,35,32,29,386,,70,10,,,rainy,murder,10
2943,7,27,friday,1,night,20 - 5:59,,24.762147,89.382832,shajahanpur,bogura,rajshahi,35,32,28,386,,72,8,,,rainy,murder,10
2944,4,17,thursday,0,evening,18 - 19:59,,24.762147,89.382832,shajahanpur,bogura,rajshahi,40,35,29,386,,60,10,,,hot,murder,10
2945,8,33,monday,0,night,20 - 5:59,,23.305,89.38,shalikha,magura,khulna,34,31,27,356,,79,9,,,rainy,murder,10
2946,7,28,friday,1,night,20 - 5:59,,24.8833,89.5667,shariakandi,bogura,rajshahi,33,31,26,353,,80,10,,,rainy,murder,10
2947,10,42,monday,0,night,20 - 5:59,,23.0744,88.8667,sharsha,jashore,khulna,33,31,24,113,,64,10,,,rainy,murder,10
2948,10,42,monday,0,night,20 - 5:59,,23.0744,88.8667,sharsha,jashore,khulna,33,31,24,113,,64,10,,,rainy,murder,10
2949,12,49,wednesday,0,night,20 - 5:59,,23.0744,88.8667,sharsha,jashore,khulna,28,25,18,116,,44,10,,,winter,murder,10
2950,4,15,friday,1,night,20 - 5:59,,23.0744,88.8667,sharsha,jashore,khulna,39,35,26,176,,51,10,,,hot,murder,10
2951,6,25,monday,0,evening,18 - 19:59,,23.0744,88.8667,sharsha,jashore,khulna,40,37,30,386,,58,10,,,rainy,murder,10
2952,6,25,tuesday,0,night,20 - 5:59,,23.0744,88.8667,sharsha,jashore,khulna,41,36,30,386,,59,10,,,rainy,murder,10
2953,5,20,wednesday,0,night,20 - 5:59,,23.0744,88.8667,sharsha,jashore,khulna,39,35,28,386,,62,9,,,hot,murder,10
2954,6,22,sunday,0,night,20 - 5:59,,23.0744,88.8667,sharsha,jashore,khulna,35,33,29,353,,65,9,,,rainy,murder,10
2955,1,1,sunday,0,night,20 - 5:59,,23.0744,88.8667,sharsha,jashore,khulna,29,26,17,113,,36,10,,,winter,murder,10
2956,6,22,saturday,1,night,20 - 5:59,,23.0744,88.8667,sharsha,jashore,khulna,38,35,30,200,,61,9,,,rainy,murder,10
2957,4,16,friday,1,night,20 - 5:59,,23.0744,88.8667,sharsha,jashore,khulna,39,35,27,113,,61,10,,,hot,murder,10
2958,9,39,friday,1,night,20 - 5:59,,23.0744,88.8667,sharsha,jashore,khulna,34,32,27,116,,66,10,,,rainy,murder,10
2959,2,6,saturday,1,night,20 - 5:59,,23.0744,88.8667,sharsha,jashore,khulna,32,27,20,113,,33,10,,,winter,murder,10
2960,5,19,friday,1,morning,6 - 11:59,,24.66667,89.41667,sherpur,bogura,rajshahi,36,33,28,356,,59,8,,,hot,murder,10
2961,5,21,tuesday,0,noon,12 - 15:59,,24.66667,89.41667,sherpur,bogura,rajshahi,37,34,28,176,,65,10,,,hot,murder,10
2962,2,5,thursday,0,evening,18 - 19:59,,25,90.0167,sherpur sadar,sherpur,mymensingh,29,24,17,113,,33,10,,,winter,murder,10
2963,5,21,sunday,0,night,20 - 5:59,,23.85,90.01,shibaloy,manikganj,dhaka,38,34,28,116,,63,10,,,hot,murder,10
2964,5,21,friday,1,night,20 - 5:59,,23.85,90.01,shibaloy,manikganj,dhaka,39,35,28,386,,59,10,,,hot,murder,10
2965,4,14,wednesday,0,night,20 - 5:59,,23.35,90.1667,shibchar,madaripur,dhaka,34,30,25,386,,74,9,,,hot,murder,10
2966,6,26,tuesday,0,night,20 - 5:59,,23.35,90.1667,shibchar,madaripur,dhaka,35,32,28,176,,71,10,,,rainy,murder,10
2967,6,24,saturday,1,night,20 - 5:59,,23.35,90.1667,shibchar,madaripur,dhaka,34,32,27,356,,76,9,,,rainy,murder,10
2968,3,11,monday,0,morning,6 - 11:59,,23.35,90.1667,shibchar,madaripur,dhaka,32,29,23,116,,71,10,,,hot,murder,10
2969,10,40,friday,1,night,20 - 5:59,,25.0167,89.3167,shibganj,chapainawabganj,rajshahi,34,31,27,356,,74,10,,,rainy,murder,10
2970,10,40,monday,0,night,20 - 5:59,,25.0167,89.3167,shibganj,chapainawabganj,rajshahi,34,32,27,116,,59,10,,,rainy,murder,10
2971,5,19,monday,0,morning,6 - 11:59,,25.0167,89.3167,shibganj,bogura,rajshahi,35,31,27,356,,77,8,,,hot,murder,10
2972,10,40,thursday,0,night,20 - 5:59,,25.0167,89.3167,shibganj,chapainawabganj,rajshahi,31,29,25,359,,80,9,,,rainy,murder,10
2973,3,9,saturday,1,night,20 - 5:59,,25.0167,89.3167,shibganj,bogura,rajshahi,35,31,26,113,,35,10,,,hot,murder,10
2974,6,24,thursday,0,night,20 - 5:59,,24.020189,90.74723,shibpur,narsingdi,dhaka,36,33,29,356,,70,9,,,rainy,murder,10
2975,6,24,thursday,0,night,20 - 5:59,,24.020189,90.74723,shibpur,narsingdi,dhaka,36,33,29,356,,70,9,,,rainy,murder,10
2976,3,13,monday,0,noon,12 - 15:59,,24.020189,90.74723,shibpur,narsingdi,dhaka,35,32,27,176,,50,10,,,hot,murder,10
2977,3,13,thursday,0,afternoon,16 - 17:59,,22.3306,89.1028,shyamnagar,satkhira,khulna,35,31,26,386,,69,9,,,hot,murder,10
2978,10,43,saturday,1,night,20 - 5:59,,23.8167,90.15,singiar,manikganj,dhaka,29,27,23,359,,87,7,,,rainy,murder,10
2979,2,7,sunday,0,night,20 - 5:59,,23.8167,90.15,singiar,manikganj,dhaka,37,32,25,113,,35,10,,,winter,murder,10
2980,6,24,monday,0,afternoon,16 - 17:59,,24.5,89.13333,singra,natore,rajshahi,32,30,28,353,,82,8,,,rainy,murder,10
2981,2,6,tuesday,0,night,20 - 5:59,,23.5667,90.3833,sirajdikhan,munshiganj,dhaka,32,28,21,113,,45,10,,,winter,murder,10
2982,2,5,monday,0,noon,12 - 15:59,,24.4583,89.7,sirajganj sadar,sirajganj,rajshahi,29,25,20,113,,47,10,,,winter,murder,10
2983,9,39,tuesday,0,night,20 - 5:59,,24.4583,89.7,sirajganj sadar,sirajganj,rajshahi,36,33,29,176,,65,10,,,rainy,murder,10
2984,8,31,sunday,0,night,20 - 5:59,,24.4583,89.7,sirajganj sadar,sirajganj,rajshahi,35,32,29,356,,73,10,,,rainy,murder,10
2985,12,48,saturday,1,afternoon,16 - 17:59,,24.4583,89.7,sirajganj sadar,sirajganj,rajshahi,28,25,22,116,,55,10,,,winter,murder,10
2986,4,16,sunday,0,night,20 - 5:59,,22.85,91.3917,sonagazi,feni,chattogram,34,32,28,386,,77,10,,,hot,murder,10
2987,4,15,sunday,0,evening,18 - 19:59,,22.85,91.3917,sonagazi,feni,chattogram,35,31,25,299,,65,10,,,hot,murder,10
2988,8,33,wednesday,0,evening,18 - 19:59,,23.03833,91.10833,sonaimori,noakhali,chattogram,33,31,28,359,,77,7,,,rainy,murder,10
2989,6,24,friday,1,night,20 - 5:59,,23.03833,91.10833,sonaimori,noakhali,chattogram,31,29,27,353,,79,10,,,rainy,murder,10
2990,3,12,wednesday,0,night,20 - 5:59,,23.03833,91.10833,sonaimori,noakhali,chattogram,36,32,25,113,,46,10,,,hot,murder,10
2991,7,28,wednesday,0,night,20 - 5:59,,23.6583,90.6083,sonargaon,narayanganj,dhaka,34,31,27,386,,81,10,,,rainy,murder,10
2992,5,18,sunday,0,morning,6 - 11:59,,23.6583,90.6083,sonargaon,narayanganj,dhaka,36,34,29,116,,58,10,,,hot,murder,10
2993,5,18,sunday,0,morning,6 - 11:59,,23.6583,90.6083,sonargaon,narayanganj,dhaka,36,34,29,116,,58,10,,,hot,murder,10
2994,6,24,sunday,0,night,20 - 5:59,,25.0333,89.4917,sonatala,bogura,rajshahi,36,33,28,359,,73,7,,,rainy,murder,10
2995,1,1,sunday,0,night,20 - 5:59,,25.0333,89.4917,sonatala,bogura,rajshahi,30,24,16,113,,55,10,,,winter,murder,10
2996,4,17,saturday,1,morning,6 - 11:59,,24.3083,91.7333,sreemangal,moulvibazar,sylhet,36,32,26,386,,79,7,,,hot,murder,10
2997,5,18,wednesday,0,night,20 - 5:59,,24.3083,91.7333,sreemangal,moulvibazar,sylhet,36,32,26,353,,73,9,,,hot,murder,10
2998,1,3,tuesday,0,morning,6 - 11:59,,24.2,90.4667,sreepur,gazipur,dhaka,29,24,15,113,,37,10,,,winter,murder,10
2999,2,8,thursday,0,night,20 - 5:59,,24.2,90.4667,sreepur,gazipur,dhaka,33,28,21,113,,39,10,,,winter,murder,10
3000,4,14,saturday,1,night,20 - 5:59,,23.6,89.3875,sreepur,magura,khulna,33,30,24,122,,52,10,,,hot,murder,10
3001,2,5,saturday,1,night,20 - 5:59,,22.6833,91.11,subarnachar,noakhali,chattogram,29,25,18,113,,34,10,,,winter,murder,10
3002,6,26,tuesday,0,night,20 - 5:59,,23.9167,89.4333,sujanagar,pabna,rajshahi,38,34,29,356,,62,9,,,rainy,murder,10
3003,5,21,thursday,0,night,20 - 5:59,,23.9167,89.4333,sujanagar,pabna,rajshahi,35,32,27,353,,66,10,,,hot,murder,10
3004,6,26,wednesday,0,night,20 - 5:59,,23.9167,89.4333,sujanagar,pabna,rajshahi,39,34,29,116,,60,10,,,rainy,murder,10
3005,12,49,monday,0,night,20 - 5:59,,23.9167,89.4333,sujanagar,pabna,rajshahi,28,25,21,113,,48,10,,,winter,murder,10
3006,10,41,sunday,0,night,20 - 5:59,,23.9167,89.4333,sujanagar,pabna,rajshahi,32,29,25,116,,66,10,,,rainy,murder,10
3007,6,26,tuesday,0,night,20 - 5:59,,23.9167,89.4333,sujanagar,pabna,rajshahi,38,34,29,356,,62,9,,,rainy,murder,10
3008,2,7,friday,1,night,20 - 5:59,,25.06667,91.4,sunamganj sadar,sunamganj,sylhet,35,29,20,113,,47,10,,,winter,murder,10
3009,3,12,tuesday,0,morning,6 - 11:59,,25.06667,91.4,sunamganj sadar,sunamganj,sylhet,32,26,18,113,,54,10,,,hot,murder,10
3010,3,9,thursday,0,evening,18 - 19:59,,25.06667,91.4,sunamganj sadar,sunamganj,sylhet,37,30,21,113,,39,10,,,hot,murder,10
3011,12,1,monday,0,evening,18 - 19:59,,25.56436,89.51909,sundarganj,gaibandha,rangpur,26,21,15,113,,50,10,,,winter,murder,10
3012,4,15,monday,0,night,20 - 5:59,,24.888242,91.868519,sylhet sadar,sylhet,sylhet,39,30,25,266,,73,8,,,hot,murder,10
3013,2,8,sunday,0,evening,18 - 19:59,,24.888242,91.868519,sylhet sadar,sylhet,sylhet,35,29,21,113,,44,10,,,winter,murder,10
3014,3,11,tuesday,0,evening,18 - 19:59,,24.888242,91.868519,sylhet sadar,sylhet,sylhet,32,28,20,113,,59,10,,,hot,murder,10
3015,6,25,sunday,0,night,20 - 5:59,,22.75,89.25,tala,satkhira,khulna,37,34,30,356,,60,9,,,rainy,murder,10
3016,10,41,sunday,0,night,20 - 5:59,,24.25,89.9167,tangail sadar,tangail,dhaka,33,30,26,113,,67,10,,,rainy,murder,10
3017,7,29,monday,0,night,20 - 5:59,,24.25,89.9167,tangail sadar,tangail,dhaka,34,31,27,386,,73,10,,,rainy,murder,10
3018,2,6,wednesday,0,night,20 - 5:59,,24.25,89.9167,tangail sadar,tangail,dhaka,29,25,19,113,,36,10,,,winter,murder,10
3019,3,13,thursday,0,night,20 - 5:59,,24.25,89.9167,tangail sadar,tangail,dhaka,34,31,24,113,,40,10,,,hot,murder,10
3020,6,24,wednesday,0,noon,12 - 15:59,,24.4333,89.375,tarash,sirajganj,rajshahi,33,31,27,359,,73,7,,,rainy,murder,10
3021,7,30,monday,0,morning,6 - 11:59,,24.4333,89.375,tarash,sirajganj,rajshahi,27,26,26,356,,90,7,,,rainy,murder,10
3022,4,17,thursday,0,afternoon,16 - 17:59,,20.8667,92.3,teknaf,coxsbazar,chattogram,33,30,25,113,,76,10,,,hot,murder,10
3023,8,35,friday,1,afternoon,16 - 17:59,,20.8667,92.3,teknaf,coxsbazar,chattogram,32,29,26,176,,83,10,,,rainy,murder,10
3024,11,44,friday,1,night,20 - 5:59,,20.8667,92.3,teknaf,coxsbazar,chattogram,30,27,23,113,,77,10,,,winter,murder,10
3025,4,17,friday,1,night,20 - 5:59,,20.8667,92.3,teknaf,coxsbazar,chattogram,35,32,27,113,,69,10,,,hot,murder,10
3026,8,32,tuesday,0,night,20 - 5:59,,22.9417,89.6694,terokhada,khulna,khulna,34,31,27,386,,82,7,,,rainy,murder,10
3027,10,42,monday,0,afternoon,16 - 17:59,,26.48274,88.35069,tetulia,panchagarh,rangpur,30,25,14,113,,69,10,,,rainy,murder,10
3028,4,15,friday,1,noon,12 - 15:59,,26.0208,88.4667,thakurgaon sadar,thakurgaon,rangpur,38,33,25,176,,39,10,,,hot,murder,10
3029,9,39,monday,0,morning,6 - 11:59,,26.0208,88.4667,thakurgaon sadar,thakurgaon,rangpur,32,29,25,353,,74,10,,,rainy,murder,10
3030,9,36,thursday,0,morning,6 - 11:59,,26.0208,88.4667,thakurgaon sadar,thakurgaon,rangpur,35,31,27,353,,71,10,,,rainy,murder,10
3031,4,15,saturday,1,noon,12 - 15:59,,21.82174,92.43776,thanchi,bandarban,chattogram,32,29,25,176,,74,10,,,hot,murder,10
3032,2,6,sunday,0,night,20 - 5:59,,23.5,90.4583,tongibari,munshiganj,dhaka,29,25,20,122,,31,10,,,winter,murder,10
3033,9,36,saturday,1,night,20 - 5:59,,23.5,90.4583,tongibari,munshiganj,dhaka,34,31,28,353,,75,10,,,rainy,murder,10
3034,8,35,wednesday,0,noon,12 - 15:59,,24.575,90.39167,trishal,mymensingh,mymensingh,33,30,26,356,,81,9,,,rainy,murder,10
3035,9,39,monday,0,night,20 - 5:59,,24.575,90.39167,trishal,mymensingh,mymensingh,35,32,27,176,,72,9,,,rainy,murder,10
3036,10,43,saturday,1,night,20 - 5:59,,24.575,90.39167,trishal,mymensingh,mymensingh,27,24,21,359,,94,7,,,rainy,murder,10
3037,2,7,tuesday,0,night,20 - 5:59,,24.575,90.39167,trishal,mymensingh,mymensingh,34,29,22,113,,37,10,,,winter,murder,10
3038,5,22,thursday,0,morning,6 - 11:59,,24.575,90.39167,trishal,mymensingh,mymensingh,36,33,27,356,,67,9,,,hot,murder,10
3039,8,33,thursday,0,morning,6 - 11:59,,24.575,90.39167,trishal,mymensingh,mymensingh,32,30,26,359,,84,8,,,rainy,murder,10
3040,5,18,tuesday,0,night,20 - 5:59,,24.575,90.39167,trishal,mymensingh,mymensingh,36,32,25,113,,65,10,,,hot,murder,10
3041,12,49,tuesday,0,night,20 - 5:59,,24.575,90.39167,trishal,mymensingh,mymensingh,29,25,18,113,,64,10,,,winter,murder,10
3042,6,22,saturday,1,morning,6 - 11:59,,24.575,90.39167,trishal,mymensingh,mymensingh,33,29,26,359,,78,8,,,rainy,murder,10
3043,3,9,saturday,1,night,20 - 5:59,,24.575,90.39167,trishal,mymensingh,mymensingh,35,30,22,113,,41,10,,,hot,murder,10
3044,9,36,wednesday,0,morning,6 - 11:59,,24.575,90.39167,trishal,mymensingh,mymensingh,35,32,27,356,,70,9,,,rainy,murder,10
3045,4,16,friday,1,evening,18 - 19:59,,22.9,89.8833,tungipara,gopalganj,dhaka,37,33,29,116,,69,10,,,hot,murder,10
3046,1,3,wednesday,0,night,20 - 5:59,,22.9,89.8833,tungipara,gopalganj,dhaka,28,23,17,113,,44,10,,,winter,murder,10
3047,4,14,sunday,0,night,20 - 5:59,,22.9,89.8833,tungipara,gopalganj,dhaka,33,30,26,119,,60,10,,,hot,murder,10
3048,11,45,sunday,0,morning,6 - 11:59,,22.9,89.8833,tungipara,gopalganj,dhaka,33,29,24,113,,51,10,,,winter,murder,10
3049,3,11,friday,1,night,20 - 5:59,,21.242504,92.14122,ukhiya,coxsbazar,chattogram,28,26,22,122,,81,10,,,hot,murder,10
3050,6,25,monday,0,night,20 - 5:59,,21.242504,92.14122,ukhiya,coxsbazar,chattogram,34,31,27,116,,78,10,,,rainy,murder,10
3051,3,13,thursday,0,night,20 - 5:59,,24.3194,89.5667,ullapara,sirajganj,rajshahi,36,31,24,113,,54,10,,,hot,murder,10
3052,6,26,thursday,0,morning,6 - 11:59,,24.3194,89.5667,ullapara,sirajganj,rajshahi,36,31,27,359,,74,8,,,rainy,murder,10
3053,4,17,thursday,0,night,20 - 5:59,,22.50439,89.97897,zianagar,pirojpur,barisal,35,32,27,386,,66,10,,,hot,murder,10
3054,3,10,wednesday,0,night,20 - 5:59,,23.01667,89.43333,abhaynagar,jashore,khulna,37,32,24,113,,24,10,,,hot,rape,7
3055,7,27,friday,1,morning,6 - 11:59,,23.01667,89.43333,abhaynagar,jashore,khulna,34,32,29,386,,69,10,,,rainy,rape,7
3056,10,42,tuesday,0,night,20 - 5:59,,23.01667,89.43333,abhaynagar,jashore,khulna,33,30,26,113,,58,10,,,rainy,rape,7
3057,10,42,wednesday,0,night,20 - 5:59,,23.01667,89.43333,abhaynagar,jashore,khulna,34,30,25,113,,57,10,,,rainy,rape,7
3058,3,10,wednesday,0,night,20 - 5:59,,23.01667,89.43333,abhaynagar,jashore,khulna,37,32,24,113,,24,10,,,hot,rape,7
3059,2,7,friday,1,night,20 - 5:59,,23.01667,89.43333,abhaynagar,jashore,khulna,31,27,20,113,,33,10,,,winter,rape,7
3060,9,36,monday,0,night,20 - 5:59,,24.81667,89,adamdighi,bogura,rajshahi,31,28,25,386,,85,9,,,rainy,rape,7
3061,1,2,saturday,1,night,20 - 5:59,,24.81667,89,adamdighi,bogura,rajshahi,25,21,17,116,,61,10,,,winter,rape,7
3062,9,36,sunday,0,evening,18 - 19:59,,24.81667,89,adamdighi,bogura,rajshahi,33,30,26,356,,80,10,,,rainy,rape,7
3063,4,15,friday,1,night,20 - 5:59,,24.81667,89,adamdighi,bogura,rajshahi,38,33,25,176,,45,10,,,hot,rape,7
3064,2,6,monday,0,night,20 - 5:59,,25.925,89.35,aditmari,lalmonirhat,rangpur,29,25,19,113,,47,10,,,winter,rape,7
3065,5,18,thursday,0,night,20 - 5:59,,25.925,89.35,aditmari,lalmonirhat,rangpur,35,30,23,386,,76,9,,,hot,rape,7
3066,9,36,wednesday,0,night,20 - 5:59,,25.925,89.35,aditmari,lalmonirhat,rangpur,32,29,25,386,,84,9,,,rainy,rape,7
3067,9,35,sunday,0,night,20 - 5:59,,25.925,89.35,aditmari,lalmonirhat,rangpur,32,29,26,359,,89,7,,,rainy,rape,7
3068,2,9,tuesday,0,night,20 - 5:59,,25.925,89.35,aditmari,lalmonirhat,rangpur,34,27,18,113,,36,10,,,winter,rape,7
3069,10,42,friday,1,afternoon,16 - 17:59,,25.925,89.35,aditmari,lalmonirhat,rangpur,31,27,22,356,,81,9,,,rainy,rape,7
3070,4,18,monday,0,morning,6 - 11:59,,24.5472,91.25,ajmiriganj,habiganj,sylhet,39,34,27,353,,65,10,,,hot,rape,7
3071,4,18,monday,0,morning,6 - 11:59,,24.5472,91.25,ajmiriganj,habiganj,sylhet,39,34,27,353,,65,10,,,hot,rape,7
3072,6,23,monday,0,night,20 - 5:59,,23.8833,91.2166,akhaura,brahmanbaria,chattogram,33,31,26,356,,84,9,,,rainy,rape,7
3073,3,11,sunday,0,night,20 - 5:59,,23.8833,91.2166,akhaura,brahmanbaria,chattogram,33,28,19,116,,54,10,,,hot,rape,7
3074,6,24,thursday,0,night,20 - 5:59,,24.975,89.02,akkelpur,joypurhat,rajshahi,34,32,28,356,,72,9,,,rainy,rape,7
3075,12,49,sunday,0,morning,6 - 11:59,,23.7583,88.95,alamdanga,chuadanga,khulna,27,23,17,113,,49,10,,,winter,rape,7
3076,2,7,saturday,1,evening,18 - 19:59,,23.7583,88.95,alamdanga,chuadanga,khulna,30,25,18,119,,36,10,,,winter,rape,7
3077,8,33,saturday,1,night,20 - 5:59,,23.7583,88.95,alamdanga,chuadanga,khulna,34,31,26,356,,81,8,,,rainy,rape,7
3078,7,31,monday,0,night,20 - 5:59,,23.2833,89.7167,alfadanga,faridpur,dhaka,34,32,28,356,,76,9,,,rainy,rape,7
3079,10,40,wednesday,0,night,20 - 5:59,,23.2833,89.7167,alfadanga,faridpur,dhaka,35,32,28,116,,67,10,,,rainy,rape,7
3080,11,47,sunday,0,night,20 - 5:59,,21.6667,92.3056,alikadam,bandarban,chattogram,28,24,19,113,,70,10,,,winter,rape,7
3081,1,2,friday,1,night,20 - 5:59,,21.6667,92.3056,alikadam,bandarban,chattogram,25,22,17,113,,50,10,,,winter,rape,7
3082,1,4,friday,1,night,20 - 5:59,,22.1294,90.2289,amtali,barguna,barisal,28,25,18,119,,51,10,,,winter,rape,7
3083,8,33,tuesday,0,night,20 - 5:59,,22.1294,90.2289,amtali,barguna,barisal,33,31,28,200,,76,10,,,rainy,rape,7
3084,6,26,sunday,0,night,20 - 5:59,,22.1294,90.2289,amtali,barguna,barisal,34,32,30,176,,71,9,,,rainy,rape,7
3085,8,34,thursday,0,night,20 - 5:59,,22.1294,90.2289,amtali,barguna,barisal,33,31,29,353,,75,10,,,rainy,rape,7
3086,7,28,tuesday,0,morning,6 - 11:59,,23.7917,90.65,araihazar,narayanganj,dhaka,32,30,26,356,,83,10,,,rainy,rape,7
3087,2,8,monday,0,evening,18 - 19:59,,23.7917,90.65,araihazar,narayanganj,dhaka,32,27,20,113,,43,10,,,winter,rape,7
3088,7,29,friday,1,noon,12 - 15:59,,23.7917,90.65,araihazar,narayanganj,dhaka,34,32,28,356,,73,10,,,rainy,rape,7
3089,7,29,friday,1,noon,12 - 15:59,,23.7917,90.65,araihazar,narayanganj,dhaka,34,32,28,356,,73,10,,,rainy,rape,7
3090,7,29,friday,1,noon,12 - 15:59,,23.7917,90.65,araihazar,narayanganj,dhaka,34,32,28,356,,73,10,,,rainy,rape,7
3091,7,28,thursday,0,morning,6 - 11:59,,23.7917,90.65,araihazar,narayanganj,dhaka,32,29,27,359,,84,6,,,rainy,rape,7
3092,2,8,monday,0,evening,18 - 19:59,,23.7917,90.65,araihazar,narayanganj,dhaka,32,27,20,113,,43,10,,,winter,rape,7
3093,6,25,friday,1,evening,18 - 19:59,,23.7917,90.65,araihazar,narayanganj,dhaka,35,32,28,356,,71,9,,,rainy,rape,7
3094,9,39,friday,1,night,20 - 5:59,,23.7917,90.65,araihazar,narayanganj,dhaka,32,29,24,353,,79,10,,,rainy,rape,7
3095,6,25,sunday,0,morning,6 - 11:59,,23.7917,90.65,araihazar,narayanganj,dhaka,35,33,28,353,,72,10,,,rainy,rape,7
3096,5,21,friday,1,morning,6 - 11:59,,23.7917,90.65,araihazar,narayanganj,dhaka,35,32,27,359,,76,5,,,hot,rape,7
3097,5,21,thursday,0,morning,6 - 11:59,,23.7917,90.65,araihazar,narayanganj,dhaka,36,33,28,356,,69,9,,,hot,rape,7
3098,7,29,wednesday,0,noon,12 - 15:59,,23.7917,90.65,araihazar,narayanganj,dhaka,35,32,27,356,,76,9,,,rainy,rape,7
3099,9,38,wednesday,0,night,20 - 5:59,,24.0366,91.005,ashuganj,brahmanbaria,chattogram,31,28,26,356,,88,8,,,rainy,rape,7
3100,7,29,friday,1,night,20 - 5:59,,22.55,89.1681,assasuni,satkhira,khulna,35,32,29,386,,70,10,,,rainy,rape,7
3101,7,29,friday,1,night,20 - 5:59,,22.55,89.1681,assasuni,satkhira,khulna,35,32,29,386,,70,10,,,rainy,rape,7
3102,7,28,thursday,0,night,20 - 5:59,,22.55,89.1681,assasuni,satkhira,khulna,33,31,27,386,,76,10,,,rainy,rape,7
3103,7,29,friday,1,night,20 - 5:59,,22.55,89.1681,assasuni,satkhira,khulna,35,32,29,386,,70,10,,,rainy,rape,7
3104,7,29,wednesday,0,night,20 - 5:59,,22.55,89.1681,assasuni,satkhira,khulna,36,34,29,176,,67,10,,,rainy,rape,7
3105,5,19,saturday,1,morning,6 - 11:59,,24.1333,89.25,atghoria,pabna,rajshahi,39,36,30,116,,45,10,,,hot,rape,7
3106,3,10,friday,1,afternoon,16 - 17:59,,25.66667,89.05,badargonj,rangpur,rangpur,38,32,22,113,,25,10,,,hot,rape,7
3107,1,1,wednesday,0,night,20 - 5:59,,25.66667,89.05,badargonj,rangpur,rangpur,25,21,15,113,,68,10,,,winter,rape,7
3108,7,27,thursday,0,night,20 - 5:59,,25.66667,89.05,badargonj,rangpur,rangpur,31,29,27,359,,88,8,,,rainy,rape,7
3109,4,15,thursday,0,night,20 - 5:59,,24.5639,88.8083,bagmara,rajshahi,rajshahi,39,35,27,113,,28,10,,,hot,rape,7
3110,1,52,sunday,0,night,20 - 5:59,,24.5639,88.8083,bagmara,rajshahi,rajshahi,29,24,19,113,,51,10,,,winter,rape,7
3111,4,16,monday,0,night,20 - 5:59,,24.5639,88.8083,bagmara,rajshahi,rajshahi,41,37,30,113,,49,10,,,hot,rape,7
3112,4,16,monday,0,night,20 - 5:59,,24.5639,88.8083,bagmara,rajshahi,rajshahi,41,37,30,113,,49,10,,,hot,rape,7
3113,4,16,monday,0,night,20 - 5:59,,24.5639,88.8083,bagmara,rajshahi,rajshahi,41,37,30,113,,49,10,,,hot,rape,7
3114,4,16,monday,0,night,20 - 5:59,,24.5639,88.8083,bagmara,rajshahi,rajshahi,41,37,30,113,,49,10,,,hot,rape,7
3115,11,45,monday,0,evening,18 - 19:59,,24.3556,91.5417,bahubal,habiganj,sylhet,32,27,18,143,,83,8,,,winter,rape,7
3116,2,8,thursday,0,night,20 - 5:59,,24.3556,91.5417,bahubal,habiganj,sylhet,31,25,17,113,,58,10,,,winter,rape,7
3117,12,52,thursday,0,morning,6 - 11:59,,22.55,90.3389,bakerganj,barisal,barisal,26,23,17,113,,42,10,,,winter,rape,7
3118,11,45,saturday,1,night,20 - 5:59,,26.1,88.275,baliadangi,thakurgaon,rangpur,32,27,21,116,,66,10,,,winter,rape,7
3119,10,42,friday,1,morning,6 - 11:59,,26.1,88.275,baliadangi,thakurgaon,rangpur,31,27,21,176,,79,10,,,rainy,rape,7
3120,2,5,thursday,0,noon,12 - 15:59,,26.1,88.275,baliadangi,thakurgaon,rangpur,27,23,17,113,,47,10,,,winter,rape,7
3121,10,41,wednesday,0,morning,6 - 11:59,,23.635,89.55,baliakandi,rajbari,dhaka,34,32,27,116,,73,10,,,rainy,rape,7
3122,5,20,tuesday,0,night,20 - 5:59,,23.635,89.55,baliakandi,rajbari,dhaka,36,33,28,200,,59,9,,,hot,rape,7
3123,3,10,saturday,1,night,20 - 5:59,,22.7819,90.1667,banaripara,barisal,barisal,31,27,24,356,,75,9,,,hot,rape,7
3124,7,28,saturday,1,night,20 - 5:59,,22.7819,90.1667,banaripara,barisal,barisal,33,31,27,356,,74,10,,,rainy,rape,7
3125,1,5,tuesday,0,night,20 - 5:59,,23.7778,90.8083,bancharampur,brahmanbaria,chattogram,25,22,20,200,,53,10,,,winter,rape,7
3126,6,22,saturday,1,evening,18 - 19:59,,23.6167,90.525,bandar,narayanganj,dhaka,35,33,29,356,,66,9,,,rainy,rape,7
3127,2,6,friday,1,night,20 - 5:59,,23.6167,90.525,bandar,narayanganj,dhaka,31,26,20,113,,36,10,,,winter,rape,7
3128,10,40,saturday,1,night,20 - 5:59,,22.2333,92.1917,bandarban sadar,bandarban,chattogram,32,29,26,176,,83,9,,,rainy,rape,7
3129,1,3,monday,0,morning,6 - 11:59,,24.5417,91.3333,baniachong,habiganj,sylhet,28,22,14,113,,62,10,,,winter,rape,7
3130,5,19,thursday,0,night,20 - 5:59,,24.5417,91.3333,baniachong,habiganj,sylhet,37,33,27,176,,57,10,,,hot,rape,7
3131,1,2,thursday,0,afternoon,16 - 17:59,,24.5417,91.3333,baniachong,habiganj,sylhet,27,19,11,113,,65,10,,,winter,rape,7
3132,9,37,saturday,1,morning,6 - 11:59,,24.5417,91.3333,baniachong,habiganj,sylhet,35,31,26,353,,79,9,,,rainy,rape,7
3133,1,4,thursday,0,night,20 - 5:59,,24.3083,89.1708,baraigram,natore,rajshahi,30,25,18,113,,36,10,,,winter,rape,7
3134,11,46,monday,0,night,20 - 5:59,,24.3083,89.1708,baraigram,natore,rajshahi,33,28,23,113,,56,10,,,winter,rape,7
3135,11,47,thursday,0,noon,12 - 15:59,,24.3083,89.1708,baraigram,natore,rajshahi,31,28,22,113,,57,10,,,winter,rape,7
3136,6,25,tuesday,0,night,20 - 5:59,,24.3083,89.1708,baraigram,natore,rajshahi,39,36,31,356,,56,9,,,rainy,rape,7
3137,10,42,sunday,0,night,20 - 5:59,,24.9,90.875,barhatta,netrokona,mymensingh,32,28,23,113,,72,10,,,rainy,rape,7
3138,10,42,sunday,0,night,20 - 5:59,,24.9,90.875,barhatta,netrokona,mymensingh,32,28,23,113,,72,10,,,rainy,rape,7
3139,3,10,sunday,0,night,20 - 5:59,,22.7,90.3667,barisal sadar,barisal,barisal,36,32,25,113,,46,10,,,hot,rape,7
3140,8,32,tuesday,0,morning,6 - 11:59,,24.7083,92.2,barlekha,moulvibazar,sylhet,37,33,27,386,,75,10,,,rainy,rape,7
3141,8,33,wednesday,0,evening,18 - 19:59,,24.7083,92.2,barlekha,moulvibazar,sylhet,35,32,25,356,,82,7,,,rainy,rape,7
3142,10,40,thursday,0,afternoon,16 - 17:59,,24.7083,92.2,barlekha,moulvibazar,sylhet,37,33,25,113,,75,10,,,rainy,rape,7
3143,6,23,saturday,1,night,20 - 5:59,,22.4292,90.5139,bauphal,patuakhali,barisal,35,32,29,386,,76,8,,,rainy,rape,7
3144,6,23,saturday,1,night,20 - 5:59,,22.4292,90.5139,bauphal,patuakhali,barisal,35,32,29,386,,76,8,,,rainy,rape,7
3145,9,35,saturday,1,night,20 - 5:59,,22.4292,90.5139,bauphal,patuakhali,barisal,33,31,28,356,,74,9,,,rainy,rape,7
3146,10,43,tuesday,0,evening,18 - 19:59,,22.4292,90.5139,bauphal,patuakhali,barisal,31,29,25,176,,76,10,,,rainy,rape,7
3147,10,43,tuesday,0,evening,18 - 19:59,,22.4292,90.5139,bauphal,patuakhali,barisal,31,29,25,176,,76,10,,,rainy,rape,7
3148,11,45,thursday,0,night,20 - 5:59,,22.95,91.1,begumganj,noakhali,chattogram,32,28,22,113,,73,10,,,winter,rape,7
3149,11,46,tuesday,0,night,20 - 5:59,,24.0917,90.85,belabo,narsingdi,dhaka,31,28,22,113,,63,10,,,winter,rape,7
3150,5,18,tuesday,0,evening,18 - 19:59,,24.0667,89.625,bera,pabna,rajshahi,33,31,25,200,,66,10,,,hot,rape,7
3151,1,4,monday,0,morning,6 - 11:59,,24.0667,89.625,bera,pabna,rajshahi,29,26,20,113,,45,10,,,winter,rape,7
3152,5,21,monday,0,night,20 - 5:59,,24.0667,89.625,bera,pabna,rajshahi,35,32,26,386,,73,10,,,hot,rape,7
3153,8,33,thursday,0,night,20 - 5:59,,22.4167,90.1681,betagi,barguna,barisal,33,31,28,386,,73,10,,,rainy,rape,7
3154,8,33,tuesday,0,noon,12 - 15:59,,22.4167,90.1681,betagi,barguna,barisal,33,31,28,356,,76,9,,,rainy,rape,7
3155,5,19,monday,0,night,20 - 5:59,,24.05,90.98333,bhairab,kishoreganj,dhaka,38,33,26,356,,67,9,,,hot,rape,7
3156,5,22,wednesday,0,morning,6 - 11:59,,24.375,90.37833,bhaluka,mymensingh,mymensingh,34,31,26,386,,77,9,,,hot,rape,7
3157,8,33,sunday,0,morning,6 - 11:59,,24.375,90.37833,bhaluka,mymensingh,mymensingh,33,29,26,356,,83,9,,,rainy,rape,7
3158,2,6,friday,1,night,20 - 5:59,,24.375,90.37833,bhaluka,mymensingh,mymensingh,30,25,18,113,,43,10,,,winter,rape,7
3159,8,32,friday,1,noon,12 - 15:59,,22.4889,90.0733,bhandaria,pirojpur,barisal,33,31,28,386,,79,8,,,rainy,rape,7
3160,2,6,wednesday,0,evening,18 - 19:59,,23.3833,89.9833,bhanga,faridpur,dhaka,31,26,19,116,,35,10,,,winter,rape,7
3161,11,47,friday,1,noon,12 - 15:59,,23.3833,89.9833,bhanga,faridpur,dhaka,31,27,21,113,,42,10,,,winter,rape,7
3162,7,26,sunday,0,night,20 - 5:59,,23.3833,89.9833,bhanga,faridpur,dhaka,34,32,27,359,,74,8,,,rainy,rape,7
3163,5,21,thursday,0,night,20 - 5:59,,24.225,89.4,bhangura,pabna,rajshahi,37,34,29,356,,60,8,,,hot,rape,7
3164,9,36,thursday,0,night,20 - 5:59,,24.0167,88.9917,bheramara,kushtia,khulna,34,31,26,176,,79,10,,,rainy,rape,7
3165,4,16,sunday,0,night,20 - 5:59,,24.0167,88.9917,bheramara,kushtia,khulna,32,29,26,353,,55,10,,,hot,rape,7
3166,4,15,thursday,0,night,20 - 5:59,,24.0167,88.9917,bheramara,kushtia,khulna,39,34,26,176,,41,10,,,hot,rape,7
3167,8,35,thursday,0,night,20 - 5:59,,24.4583,89.8667,bhuapur,tangail,dhaka,34,32,27,356,,74,9,,,rainy,rape,7
3168,8,33,friday,1,night,20 - 5:59,,24.4583,89.8667,bhuapur,tangail,dhaka,36,33,29,116,,66,10,,,rainy,rape,7
3169,8,35,thursday,0,night,20 - 5:59,,24.4583,89.8667,bhuapur,tangail,dhaka,34,32,27,356,,74,9,,,rainy,rape,7
3170,9,36,tuesday,0,morning,6 - 11:59,,24.0211,91.2797,bijoynagar,brahmanbaria,chattogram,33,30,25,359,,84,6,,,rainy,rape,7
3171,6,24,thursday,0,morning,6 - 11:59,,25.3783,88.9833,birampur,dinajpur,rangpur,35,32,27,356,,78,8,,,rainy,rape,7
3172,6,24,wednesday,0,morning,6 - 11:59,,25.3783,88.9833,birampur,dinajpur,rangpur,35,33,28,386,,73,9,,,rainy,rape,7
3173,1,3,monday,0,afternoon,16 - 17:59,,26,88.5833,birganj,dinajpur,rangpur,26,21,15,113,,58,10,,,winter,rape,7
3174,4,14,saturday,1,morning,6 - 11:59,,26,88.5833,birganj,dinajpur,rangpur,34,31,24,116,,45,10,,,hot,rape,7
3175,11,44,friday,1,night,20 - 5:59,,26,88.5833,birganj,dinajpur,rangpur,31,27,22,116,,67,10,,,winter,rape,7
3176,5,22,friday,1,noon,12 - 15:59,,26,88.5833,birganj,dinajpur,rangpur,33,30,24,356,,71,9,,,hot,rape,7
3177,8,33,thursday,0,evening,18 - 19:59,,26,88.5833,birganj,dinajpur,rangpur,35,31,27,353,,74,10,,,rainy,rape,7
3178,11,44,friday,1,night,20 - 5:59,,26,88.5833,birganj,dinajpur,rangpur,31,27,22,116,,67,10,,,winter,rape,7
3179,10,41,tuesday,0,night,20 - 5:59,,26,88.5833,birganj,dinajpur,rangpur,30,27,25,356,,91,8,,,rainy,rape,7
3180,3,11,tuesday,0,noon,12 - 15:59,,26,88.5833,birganj,dinajpur,rangpur,30,26,19,113,,34,10,,,hot,rape,7
3181,4,17,tuesday,0,noon,12 - 15:59,,25.6333,88.5333,birol,dinajpur,rangpur,38,34,28,113,,49,10,,,hot,rape,7
3182,8,34,sunday,0,morning,6 - 11:59,,25.6333,88.5333,birol,dinajpur,rangpur,35,31,27,176,,70,10,,,rainy,rape,7
3183,8,34,friday,1,night,20 - 5:59,,25.6333,88.5333,birol,dinajpur,rangpur,35,32,28,353,,71,9,,,rainy,rape,7
3184,11,45,tuesday,0,night,20 - 5:59,,25.6333,88.5333,birol,dinajpur,rangpur,32,27,21,176,,75,10,,,winter,rape,7
3185,5,19,tuesday,0,noon,12 - 15:59,,25.6333,88.5333,birol,dinajpur,rangpur,41,34,26,113,,53,10,,,hot,rape,7
3186,10,41,wednesday,0,night,20 - 5:59,,24.8083,91.7639,bishwanath,sylhet,sylhet,31,28,23,176,,77,10,,,rainy,rape,7
3187,7,28,sunday,0,evening,18 - 19:59,,23.3917,89.6833,boalmari,faridpur,dhaka,35,33,28,356,,70,10,,,rainy,rape,7
3188,8,32,friday,1,noon,12 - 15:59,,23.3917,89.6833,boalmari,faridpur,dhaka,34,31,27,386,,78,10,,,rainy,rape,7
3189,7,29,thursday,0,night,20 - 5:59,,24.8417,89.375,bogra sadar,bogura,rajshahi,33,30,26,386,,78,10,,,rainy,rape,7
3190,4,16,monday,0,evening,18 - 19:59,,23.55,91.1264,burichang,comilla,chattogram,38,34,27,113,,59,10,,,hot,rape,7
3191,4,16,monday,0,evening,18 - 19:59,,23.55,91.1264,burichang,comilla,chattogram,38,34,27,113,,59,10,,,hot,rape,7
3192,4,16,monday,0,evening,18 - 19:59,,23.55,91.1264,burichang,comilla,chattogram,38,34,27,113,,59,10,,,hot,rape,7
3193,4,16,monday,0,evening,18 - 19:59,,23.55,91.1264,burichang,comilla,chattogram,38,34,27,113,,59,10,,,hot,rape,7
3194,7,29,wednesday,0,night,20 - 5:59,,21.7861,92.0778,chakaria,coxsbazar,chattogram,31,30,28,353,,82,10,,,rainy,rape,7
3195,8,34,saturday,1,night,20 - 5:59,,21.7861,92.0778,chakaria,coxsbazar,chattogram,29,28,26,356,,85,10,,,rainy,rape,7
3196,9,36,monday,0,night,20 - 5:59,,21.7861,92.0778,chakaria,coxsbazar,chattogram,32,29,26,356,,83,9,,,rainy,rape,7
3197,12,50,monday,0,night,20 - 5:59,,21.7861,92.0778,chakaria,coxsbazar,chattogram,26,23,18,113,,72,10,,,winter,rape,7
3198,11,46,sunday,0,night,20 - 5:59,,21.7861,92.0778,chakaria,coxsbazar,chattogram,29,27,24,353,,82,10,,,winter,rape,7
3199,6,24,sunday,0,night,20 - 5:59,,21.7861,92.0778,chakaria,coxsbazar,chattogram,32,29,28,356,,86,9,,,rainy,rape,7
3200,7,28,thursday,0,night,20 - 5:59,,21.7861,92.0778,chakaria,coxsbazar,chattogram,29,28,27,359,,86,6,,,rainy,rape,7
3201,7,29,friday,1,night,20 - 5:59,,21.7861,92.0778,chakaria,coxsbazar,chattogram,31,30,27,356,,82,9,,,rainy,rape,7
3202,9,36,monday,0,night,20 - 5:59,,21.7861,92.0778,chakaria,coxsbazar,chattogram,32,29,26,356,,83,9,,,rainy,rape,7
3203,3,13,monday,0,noon,12 - 15:59,,21.7861,92.0778,chakaria,coxsbazar,chattogram,33,29,23,113,,77,10,,,hot,rape,7
3204,7,29,friday,1,night,20 - 5:59,,21.7861,92.0778,chakaria,coxsbazar,chattogram,31,30,27,356,,82,9,,,rainy,rape,7
3205,7,29,friday,1,night,20 - 5:59,,21.7861,92.0778,chakaria,coxsbazar,chattogram,31,30,27,356,,82,9,,,rainy,rape,7
3206,7,29,friday,1,night,20 - 5:59,,23.591766,89.976222,charbhadrasan,faridpur,dhaka,36,33,30,386,,67,10,,,rainy,rape,7
3207,8,31,wednesday,0,morning,6 - 11:59,,24.225,89.2917,chatmohar,pabna,rajshahi,35,32,29,356,,71,9,,,rainy,rape,7
3208,12,51,wednesday,0,night,20 - 5:59,,24.225,89.2917,chatmohar,pabna,rajshahi,29,24,18,113,,46,10,,,winter,rape,7
3209,12,51,wednesday,0,night,20 - 5:59,,24.225,89.2917,chatmohar,pabna,rajshahi,29,24,18,113,,46,10,,,winter,rape,7
3210,2,8,saturday,1,evening,18 - 19:59,,24.225,89.2917,chatmohar,pabna,rajshahi,35,30,23,113,,42,10,,,winter,rape,7
3211,7,27,tuesday,0,noon,12 - 15:59,,24.225,89.2917,chatmohar,pabna,rajshahi,33,30,27,296,,81,8,,,rainy,rape,7
3212,5,20,wednesday,0,noon,12 - 15:59,,23.0361,91.5194,chhagalnaiya,feni,chattogram,35,33,27,200,,73,10,,,hot,rape,7
3213,4,16,wednesday,0,evening,18 - 19:59,,25.0417,91.675,chhatak,sunamganj,sylhet,36,31,25,353,,55,9,,,hot,rape,7
3214,9,38,saturday,1,night,20 - 5:59,,25.6625,88.7833,chirirbandar,dinajpur,rangpur,32,29,26,299,,84,8,,,rainy,rape,7
3215,7,28,wednesday,0,noon,12 - 15:59,,25.6625,88.7833,chirirbandar,dinajpur,rangpur,31,29,27,356,,84,8,,,rainy,rape,7
3216,8,34,sunday,0,night,20 - 5:59,,23.180315,89.1608575,chougachha,jashore,khulna,31,29,26,356,,86,8,,,rainy,rape,7
3217,8,34,sunday,0,night,20 - 5:59,,23.180315,89.1608575,chougachha,jashore,khulna,31,29,26,356,,86,8,,,rainy,rape,7
3218,8,34,saturday,1,morning,6 - 11:59,,23.180315,89.1608575,chougachha,jashore,khulna,29,28,27,359,,88,8,,,rainy,rape,7
3219,2,6,friday,1,morning,6 - 11:59,,23.180315,89.1608575,chougachha,jashore,khulna,32,28,20,113,,35,10,,,winter,rape,7
3220,12,50,sunday,0,morning,6 - 11:59,,23.180315,89.1608575,chougachha,jashore,khulna,29,25,21,113,,56,10,,,winter,rape,7
3221,5,21,monday,0,evening,18 - 19:59,,23.180315,89.1608575,chougachha,jashore,khulna,36,33,28,386,,75,9,,,hot,rape,7
3222,5,20,saturday,1,night,20 - 5:59,,23.180315,89.1608575,chougachha,jashore,khulna,37,34,28,305,,64,10,,,hot,rape,7
3223,5,18,saturday,1,evening,18 - 19:59,,24.2083,91.5222,chunarughat,habiganj,sylhet,31,28,22,356,,84,8,,,hot,rape,7
3224,10,41,monday,0,night,20 - 5:59,,24.2083,91.5222,chunarughat,habiganj,sylhet,31,28,24,176,,85,9,,,rainy,rape,7
3225,10,41,monday,0,night,20 - 5:59,,24.2083,91.5222,chunarughat,habiganj,sylhet,31,28,24,176,,85,9,,,rainy,rape,7
3226,1,2,thursday,0,morning,6 - 11:59,,24.2083,91.5222,chunarughat,habiganj,sylhet,27,22,13,113,,56,10,,,winter,rape,7
3227,4,16,thursday,0,morning,6 - 11:59,,24.2083,91.5222,chunarughat,habiganj,sylhet,32,29,25,356,,78,7,,,hot,rape,7
3228,1,2,thursday,0,morning,6 - 11:59,,24.2083,91.5222,chunarughat,habiganj,sylhet,27,22,13,113,,56,10,,,winter,rape,7
3229,9,40,monday,0,night,20 - 5:59,,24.2083,91.5222,chunarughat,habiganj,sylhet,30,27,23,356,,91,6,,,rainy,rape,7
3230,9,40,monday,0,night,20 - 5:59,,24.2083,91.5222,chunarughat,habiganj,sylhet,30,27,23,356,,91,6,,,rainy,rape,7
3231,5,18,tuesday,0,night,20 - 5:59,,24.2083,91.5222,chunarughat,habiganj,sylhet,37,31,23,200,,66,10,,,hot,rape,7
3232,2,8,saturday,1,morning,6 - 11:59,,24.2083,91.5222,chunarughat,habiganj,sylhet,34,28,19,113,,49,10,,,winter,rape,7
3233,3,12,monday,0,morning,6 - 11:59,,24.2083,91.5222,chunarughat,habiganj,sylhet,35,30,20,113,,57,10,,,hot,rape,7
3234,6,26,wednesday,0,night,20 - 5:59,,23.459349,91.18264,comilla sadar,comilla,chattogram,33,31,27,386,,78,10,,,rainy,rape,7
3235,3,11,sunday,0,night,20 - 5:59,,22.875,91.2833,companiganj,noakhali,chattogram,37,32,26,113,,51,10,,,hot,rape,7
3236,4,14,saturday,1,night,20 - 5:59,,21.7861,92.0778,chakaria,coxsbazar,chattogram,31,29,26,116,,72,10,,,hot,rape,7
3237,4,15,thursday,0,night,20 - 5:59,,22.9375,91.3042,daganbhuiyan,feni,chattogram,35,31,25,119,,66,10,,,hot,rape,7
3238,11,45,thursday,0,night,20 - 5:59,,22.9375,91.3042,daganbhuiyan,feni,chattogram,31,27,23,113,,76,10,,,winter,rape,7
3239,7,27,tuesday,0,morning,6 - 11:59,,22.9375,91.3042,daganbhuiyan,feni,chattogram,31,28,26,353,,89,9,,,rainy,rape,7
3240,5,20,sunday,0,morning,6 - 11:59,,22.9375,91.3042,daganbhuiyan,feni,chattogram,32,29,25,386,,79,9,,,hot,rape,7
3241,4,18,monday,0,night,20 - 5:59,,24.9,91.86667,dakshinsurma,sylhet,sylhet,34,30,23,386,,60,10,,,hot,rape,7
3242,4,18,tuesday,0,night,20 - 5:59,,22.2833,90.5903,dashmina,patuakhali,barisal,35,32,27,176,,68,10,,,hot,rape,7
3243,4,18,monday,0,night,20 - 5:59,,22.2833,90.5903,dashmina,patuakhali,barisal,32,30,26,176,,66,10,,,hot,rape,7
3244,4,18,monday,0,night,20 - 5:59,,22.2833,90.5903,dashmina,patuakhali,barisal,32,30,26,176,,66,10,,,hot,rape,7
3245,4,18,tuesday,0,night,20 - 5:59,,22.2833,90.5903,dashmina,patuakhali,barisal,35,32,27,176,,68,10,,,hot,rape,7
3246,4,18,tuesday,0,night,20 - 5:59,,22.2833,90.5903,dashmina,patuakhali,barisal,35,32,27,176,,68,10,,,hot,rape,7
3247,4,18,tuesday,0,night,20 - 5:59,,22.2833,90.5903,dashmina,patuakhali,barisal,35,32,27,176,,68,10,,,hot,rape,7
3248,6,24,tuesday,0,evening,18 - 19:59,,22.2833,90.5903,dashmina,patuakhali,barisal,30,29,28,359,,84,8,,,rainy,rape,7
3249,9,39,friday,1,morning,6 - 11:59,,23.5333,90.7167,daudkandi,comilla,chattogram,33,30,26,356,,85,8,,,rainy,rape,7
3250,6,25,tuesday,0,night,20 - 5:59,,26.158752,88.718945,debiganj,panchagarh,rangpur,39,33,27,353,,70,10,,,rainy,rape,7
3251,6,25,monday,0,night,20 - 5:59,,26.158752,88.718945,debiganj,panchagarh,rangpur,35,31,25,356,,76,9,,,rainy,rape,7
3252,2,7,monday,0,evening,18 - 19:59,,26.158752,88.718945,debiganj,panchagarh,rangpur,27,22,15,122,,54,10,,,winter,rape,7
3253,4,17,wednesday,0,morning,6 - 11:59,,26.158752,88.718945,debiganj,panchagarh,rangpur,38,34,26,113,,40,10,,,hot,rape,7
3254,6,24,monday,0,night,20 - 5:59,,24.1417,89.9667,delduar,tangail,dhaka,38,34,29,200,,61,10,,,rainy,rape,7
3255,1,4,sunday,0,evening,18 - 19:59,,25.1417,89.7833,dewangonj,jamalpur,mymensingh,28,24,17,113,,46,10,,,winter,rape,7
3256,10,41,wednesday,0,night,20 - 5:59,,24.75,90.4167,mymensingh sadar,mymensingh,mymensingh,31,27,22,116,,76,10,,,rainy,rape,7
3257,7,30,thursday,0,morning,6 - 11:59,,24.075,90.2167,kaliakair,gazipur,dhaka,33,30,27,356,,78,9,,,rainy,rape,7
3258,10,43,saturday,1,night,20 - 5:59,,24.689813,89.950603,dhanbari,tangail,dhaka,32,29,23,113,,64,10,,,rainy,rape,7
3259,4,13,friday,1,morning,6 - 11:59,,24.689813,89.950603,dhanbari,tangail,dhaka,33,27,22,359,,69,8,,,hot,rape,7
3260,8,34,sunday,0,night,20 - 5:59,,24.9,91.0167,dharmapasha,sunamganj,sylhet,35,31,25,353,,76,9,,,rainy,rape,7
3261,8,34,sunday,0,night,20 - 5:59,,24.9,91.0167,dharmapasha,sunamganj,sylhet,35,31,25,353,,76,9,,,rainy,rape,7
3262,12,51,saturday,1,night,20 - 5:59,,24.6833,89.5375,dhunot,bogura,rajshahi,29,26,21,122,,54,10,,,winter,rape,7
3263,4,15,sunday,0,night,20 - 5:59,,24.6833,89.5375,dhunot,bogura,rajshahi,38,34,26,356,,57,10,,,hot,rape,7
3264,3,11,friday,1,noon,12 - 15:59,,24.6833,89.5375,dhunot,bogura,rajshahi,33,28,19,176,,36,10,,,hot,rape,7
3265,7,30,saturday,1,noon,12 - 15:59,,23.2583,92.0583,dighinala,khagrachhari,chattogram,29,28,26,356,,89,9,,,rainy,rape,7
3266,7,30,saturday,1,noon,12 - 15:59,,23.2583,92.0583,dighinala,khagrachhari,chattogram,29,28,26,356,,89,9,,,rainy,rape,7
3267,7,31,wednesday,0,evening,18 - 19:59,,23.2583,92.0583,dighinala,khagrachhari,chattogram,29,28,25,356,,83,8,,,rainy,rape,7
3268,7,31,wednesday,0,evening,18 - 19:59,,23.2583,92.0583,dighinala,khagrachhari,chattogram,29,28,25,356,,83,8,,,rainy,rape,7
3269,3,11,monday,0,night,20 - 5:59,,23.2583,92.0583,dighinala,khagrachhari,chattogram,35,30,21,113,,27,10,,,hot,rape,7
3270,1,1,saturday,1,night,20 - 5:59,,26.1278,88.925,dimla,nilphamari,rangpur,31,25,17,113,,36,10,,,winter,rape,7
3271,8,33,saturday,1,night,20 - 5:59,,26.1278,88.925,dimla,nilphamari,rangpur,34,32,26,116,,67,10,,,rainy,rape,7
3272,11,47,wednesday,0,night,20 - 5:59,,26.1278,88.925,dimla,nilphamari,rangpur,31,26,20,113,,64,10,,,winter,rape,7
3273,12,49,monday,0,night,20 - 5:59,,26.1278,88.925,dimla,nilphamari,rangpur,29,25,19,116,,70,10,,,winter,rape,7
3274,10,40,sunday,0,night,20 - 5:59,,26.1,88.8361,domar,nilphamari,rangpur,34,31,26,113,,72,10,,,rainy,rape,7
3275,5,18,thursday,0,night,20 - 5:59,,25.05,91.5667,dowarabazar,sunamganj,sylhet,34,31,24,176,,63,10,,,hot,rape,7
3276,1,4,friday,1,night,20 - 5:59,,22.442809,90.414608,dumki,patuakhali,barisal,25,20,14,113,,32,10,,,winter,rape,7
3277,12,50,friday,1,noon,12 - 15:59,,25.09,90.7,durgapur,netrokona,mymensingh,30,24,17,113,,62,10,,,winter,rape,7
3278,4,16,thursday,0,evening,18 - 19:59,,22.76889,89.70139,fakirhat,bagerhat,khulna,38,36,31,113,,47,10,,,hot,rape,7
3279,7,30,sunday,0,night,20 - 5:59,,23.125,90.7486,faridgonj,chandpur,chattogram,30,27,25,359,,85,7,,,rainy,rape,7
3280,10,44,wednesday,0,morning,6 - 11:59,,23.125,90.7486,faridgonj,chandpur,chattogram,31,28,24,113,,72,10,,,rainy,rape,7
3281,2,7,friday,1,night,20 - 5:59,,23.125,90.7486,faridgonj,chandpur,chattogram,30,26,20,113,,41,10,,,winter,rape,7
3282,11,44,wednesday,0,night,20 - 5:59,,23.605717,89.841728,faridpur sadar,faridpur,dhaka,33,29,24,113,,63,10,,,winter,rape,7
3283,4,16,thursday,0,evening,18 - 19:59,,23.605717,89.841728,faridpur sadar,faridpur,dhaka,38,33,27,176,,62,9,,,hot,rape,7
3284,3,11,sunday,0,night,20 - 5:59,,23.605717,89.841728,faridpur sadar,faridpur,dhaka,36,32,24,113,,36,10,,,hot,rape,7
3285,5,21,thursday,0,morning,6 - 11:59,,24.6333,90.2667,fulbaria,mymensingh,mymensingh,37,34,28,356,,61,9,,,hot,rape,7
3286,9,36,tuesday,0,morning,6 - 11:59,,24.6333,90.2667,fulbaria,mymensingh,mymensingh,34,32,27,356,,72,9,,,rainy,rape,7
3287,8,34,monday,0,evening,18 - 19:59,,24.4167,90.55,gafargaon,mymensingh,mymensingh,34,31,26,353,,75,10,,,rainy,rape,7
3288,8,34,tuesday,0,evening,18 - 19:59,,24.4167,90.55,gafargaon,mymensingh,mymensingh,34,31,26,353,,75,10,,,rainy,rape,7
3289,4,16,thursday,0,night,20 - 5:59,,24.4167,90.55,gafargaon,mymensingh,mymensingh,35,32,27,113,,49,10,,,hot,rape,7
3290,4,15,thursday,0,night,20 - 5:59,,24.4167,90.55,gafargaon,mymensingh,mymensingh,32,29,23,176,,64,10,,,hot,rape,7
3291,10,42,sunday,0,noon,12 - 15:59,,24.4167,90.55,gafargaon,mymensingh,mymensingh,32,29,24,113,,69,10,,,rainy,rape,7
3292,4,16,thursday,0,night,20 - 5:59,,24.4167,90.55,gafargaon,mymensingh,mymensingh,35,32,27,113,,49,10,,,hot,rape,7
3293,4,13,sunday,0,night,20 - 5:59,,24.4167,90.55,gafargaon,mymensingh,mymensingh,35,30,22,113,,49,10,,,hot,rape,7
3294,8,33,tuesday,0,night,20 - 5:59,,25.333317,89.520761,gaibandha sadar,gaibandha,rangpur,33,30,27,359,,77,6,,,rainy,rape,7
3295,8,33,friday,1,night,20 - 5:59,,25.333317,89.520761,gaibandha sadar,gaibandha,rangpur,35,32,26,386,,74,9,,,rainy,rape,7
3296,8,33,thursday,0,night,20 - 5:59,,25.333317,89.520761,gaibandha sadar,gaibandha,rangpur,33,31,26,359,,78,7,,,rainy,rape,7
3297,10,40,wednesday,0,night,20 - 5:59,,22.1639,90.4306,galachipa,patuakhali,barisal,31,29,26,353,,77,9,,,rainy,rape,7
3298,5,22,wednesday,0,night,20 - 5:59,,22.1639,90.4306,galachipa,patuakhali,barisal,34,32,29,353,,67,10,,,hot,rape,7
3299,5,20,thursday,0,night,20 - 5:59,,25.85,89.2167,gangachara,rangpur,rangpur,37,33,25,176,,68,9,,,hot,rape,7
3300,11,47,monday,0,night,20 - 5:59,,25.85,89.2167,gangachara,rangpur,rangpur,31,25,18,113,,65,10,,,winter,rape,7
3301,5,21,thursday,0,night,20 - 5:59,,25.85,89.2167,gangachara,rangpur,rangpur,39,35,27,116,,55,10,,,hot,rape,7
3302,10,41,wednesday,0,night,20 - 5:59,,23.81667,88.755,gangni,meherpur,khulna,33,31,28,356,,72,9,,,rainy,rape,7
3303,7,29,tuesday,0,morning,6 - 11:59,,24.46667,89.96667,ghatail,tangail,dhaka,34,33,28,356,,76,9,,,rainy,rape,7
3304,9,35,sunday,0,night,20 - 5:59,,24.46667,89.96667,ghatail,tangail,dhaka,37,34,29,116,,64,10,,,rainy,rape,7
3305,9,38,thursday,0,night,20 - 5:59,,25.2458,89.2167,ghoraghat,dinajpur,rangpur,35,32,26,113,,68,10,,,rainy,rape,7
3306,9,36,sunday,0,evening,18 - 19:59,,22.638229,88.415531,goalanda,rajbari,dhaka,34,31,27,116,,75,10,,,rainy,rape,7
3307,7,31,tuesday,0,night,20 - 5:59,,25.1333,89.3917,gobindaganj,gaibandha,rangpur,33,31,27,356,,75,8,,,rainy,rape,7
3308,8,35,monday,0,night,20 - 5:59,,25.1333,89.3917,gobindaganj,gaibandha,rangpur,34,31,28,356,,75,9,,,rainy,rape,7
3309,11,44,wednesday,0,night,20 - 5:59,,24.4667,88.3306,godagari,rajshahi,rajshahi,33,30,23,113,,61,10,,,winter,rape,7
3310,6,23,wednesday,0,morning,6 - 11:59,,24.4667,88.3306,godagari,rajshahi,rajshahi,36,34,29,386,,66,8,,,rainy,rape,7
3311,11,44,wednesday,0,night,20 - 5:59,,24.4667,88.3306,godagari,rajshahi,rajshahi,33,30,23,113,,61,10,,,winter,rape,7
3312,11,47,saturday,1,morning,6 - 11:59,,24.8583,92.0208,golapganj,sylhet,sylhet,32,27,19,113,,72,10,,,winter,rape,7
3313,11,47,friday,1,night,20 - 5:59,,23.07667,90.43167,gosairhat,shariatpur,dhaka,30,26,21,113,,46,10,,,winter,rape,7
3314,1,1,tuesday,0,evening,18 - 19:59,,24.75833,90.575,gouripur,mymensingh,mymensingh,28,24,18,113,,53,10,,,winter,rape,7
3315,1,1,friday,1,night,20 - 5:59,,24.75833,90.575,gouripur,mymensingh,mymensingh,30,24,17,113,,45,10,,,winter,rape,7
3316,9,37,tuesday,0,night,20 - 5:59,,24.75833,90.575,gouripur,mymensingh,mymensingh,34,31,26,359,,80,8,,,rainy,rape,7
3317,9,37,monday,0,noon,12 - 15:59,,24.75833,90.575,gouripur,mymensingh,mymensingh,33,30,26,386,,83,8,,,rainy,rape,7
3318,6,23,wednesday,0,night,20 - 5:59,,24.75833,90.575,gouripur,mymensingh,mymensingh,37,34,28,356,,73,9,,,rainy,rape,7
3319,2,6,thursday,0,night,20 - 5:59,,22.9736,90.2306,gournadi,barisal,barisal,32,27,21,113,,39,10,,,winter,rape,7
3320,3,10,wednesday,0,night,20 - 5:59,,22.9736,90.2306,gournadi,barisal,barisal,30,27,23,353,,65,10,,,hot,rape,7
3321,2,7,wednesday,0,night,20 - 5:59,,25.2833,89.0167,hakimpur,dinajpur,rangpur,35,28,18,113,,39,10,,,winter,rape,7
3322,6,22,saturday,1,evening,18 - 19:59,,25.125,90.35,haluaghat,mymensingh,mymensingh,34,31,26,353,,71,10,,,rainy,rape,7
3323,2,7,saturday,1,noon,12 - 15:59,,23.6417,89.05,harinakundu,jhenaidah,khulna,31,27,21,113,,39,10,,,winter,rape,7
3324,3,9,friday,1,noon,12 - 15:59,,23.6417,89.05,harinakundu,jhenaidah,khulna,35,31,24,113,,33,10,,,hot,rape,7
3325,6,23,friday,1,evening,18 - 19:59,,23.6417,89.05,harinakundu,jhenaidah,khulna,36,34,29,359,,62,9,,,rainy,rape,7
3326,5,19,thursday,0,evening,18 - 19:59,,25.8083,88.1417,haripur,thakurgaon,rangpur,39,37,30,116,,40,10,,,hot,rape,7
3327,6,22,friday,1,evening,18 - 19:59,,23.7333,89.9667,harirampur,manikganj,dhaka,35,33,28,116,,65,10,,,rainy,rape,7
3328,5,22,wednesday,0,morning,6 - 11:59,,26.1125,89.1333,hatibandha,lalmonirhat,rangpur,33,30,24,353,,82,9,,,hot,rape,7
3329,3,11,friday,1,night,20 - 5:59,,26.1125,89.1333,hatibandha,lalmonirhat,rangpur,31,27,18,386,,39,10,,,hot,rape,7
3330,2,7,wednesday,0,night,20 - 5:59,,26.1125,89.1333,hatibandha,lalmonirhat,rangpur,32,27,19,113,,39,10,,,winter,rape,7
3331,11,45,sunday,0,night,20 - 5:59,,24.15,89.0667,ishurdi,pabna,rajshahi,26,24,22,302,,86,8,,,winter,rape,7
3332,11,46,monday,0,night,20 - 5:59,,24.15,89.0667,ishurdi,pabna,rajshahi,29,26,21,119,,78,10,,,winter,rape,7
3333,11,45,saturday,1,night,20 - 5:59,,24.15,89.0667,ishurdi,pabna,rajshahi,26,24,22,305,,89,8,,,winter,rape,7
3334,2,6,monday,0,night,20 - 5:59,,24.15,89.0667,ishurdi,pabna,rajshahi,30,26,19,113,,35,10,,,winter,rape,7
3335,8,33,friday,1,night,20 - 5:59,,25.0833,89.7917,islampur,jamalpur,mymensingh,34,32,27,386,,76,9,,,rainy,rape,7
3336,8,34,thursday,0,night,20 - 5:59,,25.0833,89.7917,islampur,jamalpur,mymensingh,37,33,29,356,,70,10,,,rainy,rape,7
3337,3,12,friday,1,night,20 - 5:59,,25.0833,89.7917,islampur,jamalpur,mymensingh,36,30,21,113,,43,10,,,hot,rape,7
3338,4,14,friday,1,night,20 - 5:59,,24.6833,90.625,iswarganj,mymensingh,mymensingh,32,28,22,176,,59,10,,,hot,rape,7
3339,12,52,saturday,1,afternoon,16 - 17:59,,24.6833,90.625,iswarganj,mymensingh,mymensingh,28,23,16,113,,53,10,,,winter,rape,7
3340,8,32,friday,1,morning,6 - 11:59,,24.6833,90.625,iswarganj,mymensingh,mymensingh,29,28,27,359,,90,6,,,rainy,rape,7
3341,12,50,friday,1,night,20 - 5:59,,24.6833,90.625,iswarganj,mymensingh,mymensingh,29,26,21,113,,54,10,,,winter,rape,7
3342,12,49,tuesday,0,night,20 - 5:59,,24.7667,91.5431,jagannathpur,sunamganj,sylhet,32,26,18,113,,72,10,,,winter,rape,7
3343,9,36,monday,0,evening,18 - 19:59,,26.0167,89.025,jaldhaka,nilphamari,rangpur,37,34,29,353,,63,10,,,rainy,rape,7
3344,8,34,saturday,1,night,20 - 5:59,,26.0167,89.025,jaldhaka,nilphamari,rangpur,31,29,26,356,,80,8,,,rainy,rape,7
3345,9,36,monday,0,evening,18 - 19:59,,26.0167,89.025,jaldhaka,nilphamari,rangpur,37,34,29,353,,63,10,,,rainy,rape,7
3346,11,47,tuesday,0,night,20 - 5:59,,24.9167,89.9583,jamalpur sadar,jamalpur,mymensingh,29,26,21,116,,63,10,,,winter,rape,7
3347,8,32,tuesday,0,morning,6 - 11:59,,23.180315,89.1608575,jessore sadar,jashore,khulna,34,31,27,386,,82,7,,,rainy,rape,7
3348,2,9,tuesday,0,afternoon,16 - 17:59,,23.180315,89.1608575,jessore sadar,jashore,khulna,31,26,20,356,,62,9,,,winter,rape,7
3349,4,16,saturday,1,night,20 - 5:59,,23.180315,89.1608575,jessore sadar,jashore,khulna,37,33,28,122,,66,10,,,hot,rape,7
3350,4,15,wednesday,0,morning,6 - 11:59,,23.180315,89.1608575,jessore sadar,jashore,khulna,36,33,27,176,,55,10,,,hot,rape,7
3351,11,46,thursday,0,night,20 - 5:59,,23.180315,89.1608575,jessore sadar,jashore,khulna,33,30,25,113,,48,10,,,winter,rape,7
3352,4,16,sunday,0,night,20 - 5:59,,23.180315,89.1608575,jessore sadar,jashore,khulna,33,31,28,356,,74,10,,,hot,rape,7
3353,3,13,saturday,1,night,20 - 5:59,,23.180315,89.1608575,jessore sadar,jashore,khulna,35,31,26,386,,65,9,,,hot,rape,7
3354,2,8,wednesday,0,evening,18 - 19:59,,23.1,89.1333,jhikargacha,jashore,khulna,34,29,22,113,,37,10,,,winter,rape,7
3355,1,5,tuesday,0,afternoon,16 - 17:59,,23.1,89.1333,jhikargacha,jashore,khulna,25,22,19,176,,45,10,,,winter,rape,7
3356,9,39,thursday,0,night,20 - 5:59,,23.1,89.1333,jhikargacha,jashore,khulna,34,31,27,353,,71,10,,,rainy,rape,7
3357,1,5,monday,0,morning,6 - 11:59,,23.1,89.1333,jhikargacha,jashore,khulna,28,24,19,113,,32,10,,,winter,rape,7
3358,1,5,wednesday,0,morning,6 - 11:59,,23.1,89.1333,jhikargacha,jashore,khulna,30,25,20,113,,32,10,,,winter,rape,7
3359,2,8,sunday,0,night,20 - 5:59,,23.1,89.1333,jhikargacha,jashore,khulna,34,30,24,113,,37,10,,,winter,rape,7
3360,8,35,thursday,0,night,20 - 5:59,,25.1,89.03333,joypurhat sadar,joypurhat,rajshahi,35,33,28,353,,66,10,,,rainy,rape,7
3361,1,3,tuesday,0,morning,6 - 11:59,,24.58006,92.16467,juri,moulvibazar,sylhet,28,23,16,113,,59,10,,,winter,rape,7
3362,1,3,saturday,1,night,20 - 5:59,,22.8333,91.2,kabirhat,noakhali,chattogram,29,25,19,113,,48,10,,,winter,rape,7
3363,2,7,thursday,0,noon,12 - 15:59,,23.35,90.8917,kachua,chandpur,chattogram,33,30,25,113,,48,10,,,winter,rape,7
3364,2,6,tuesday,0,night,20 - 5:59,,25.7917,88.6,kaharol,dinajpur,rangpur,31,26,18,113,,55,10,,,winter,rape,7
3365,5,22,tuesday,0,night,20 - 5:59,,25.7917,88.6,kaharol,dinajpur,rangpur,34,31,25,119,,67,10,,,hot,rape,7
3366,6,25,thursday,0,night,20 - 5:59,,25.7917,88.6,kaharol,dinajpur,rangpur,37,34,29,356,,66,9,,,rainy,rape,7
3367,12,51,saturday,1,noon,12 - 15:59,,25.0583,89.1833,kalai,joypurhat,rajshahi,29,26,21,122,,54,10,,,winter,rape,7
3368,12,51,saturday,1,noon,12 - 15:59,,25.0583,89.1833,kalai,joypurhat,rajshahi,29,26,21,122,,54,10,,,winter,rape,7
3369,10,40,friday,1,night,20 - 5:59,,25.0583,89.1833,kalai,joypurhat,rajshahi,34,32,28,356,,68,10,,,rainy,rape,7
3370,4,15,saturday,1,afternoon,16 - 17:59,,25.0583,89.1833,kalai,joypurhat,rajshahi,35,33,27,353,,58,10,,,hot,rape,7
3371,12,51,friday,1,night,20 - 5:59,,25.0583,89.1833,kalai,joypurhat,rajshahi,28,25,20,116,,56,10,,,winter,rape,7
3372,4,18,tuesday,0,morning,6 - 11:59,,21.9861,90.2422,kalapara,patuakhali,barisal,35,32,27,176,,68,10,,,hot,rape,7
3373,4,16,monday,0,morning,6 - 11:59,,21.9861,90.2422,kalapara,patuakhali,barisal,35,32,26,143,,74,9,,,hot,rape,7
3374,11,48,tuesday,0,noon,12 - 15:59,,21.9861,90.2422,kalapara,patuakhali,barisal,32,28,22,113,,71,10,,,winter,rape,7
3375,4,18,tuesday,0,morning,6 - 11:59,,21.9861,90.2422,kalapara,patuakhali,barisal,35,32,27,176,,68,10,,,hot,rape,7
3376,4,18,monday,0,night,20 - 5:59,,21.9861,90.2422,kalapara,patuakhali,barisal,32,30,26,176,,66,10,,,hot,rape,7
3377,4,17,wednesday,0,night,20 - 5:59,,21.9861,90.2422,kalapara,patuakhali,barisal,38,35,29,113,,49,10,,,hot,rape,7
3378,8,33,friday,1,night,20 - 5:59,,21.9861,90.2422,kalapara,patuakhali,barisal,29,28,27,356,,85,8,,,rainy,rape,7
3379,8,34,thursday,0,night,20 - 5:59,,21.9861,90.2422,kalapara,patuakhali,barisal,33,30,28,353,,77,10,,,rainy,rape,7
3380,6,27,monday,0,night,20 - 5:59,,23.925,90.5667,kaliganj,gazipur,dhaka,33,30,26,386,,78,9,,,rainy,rape,7
3381,4,18,monday,0,evening,18 - 19:59,,23.925,90.5667,kaliganj,gazipur,dhaka,32,29,24,356,,66,8,,,hot,rape,7
3382,4,18,monday,0,evening,18 - 19:59,,23.925,90.5667,kaliganj,gazipur,dhaka,32,29,24,356,,66,8,,,hot,rape,7
3383,2,6,wednesday,0,night,20 - 5:59,,23.4139,89.1333,kaliganj,jhenaidah,khulna,30,26,21,113,,34,10,,,winter,rape,7
3384,4,17,friday,1,night,20 - 5:59,,23.4139,89.1333,kaliganj,jhenaidah,khulna,32,30,28,386,,67,10,,,hot,rape,7
3385,3,10,tuesday,0,night,20 - 5:59,,24.3833,90.0083,kalihati,tangail,dhaka,34,29,22,113,,50,10,,,hot,rape,7
3386,5,22,monday,0,night,20 - 5:59,,24.3833,90.0083,kalihati,tangail,dhaka,36,33,27,176,,66,10,,,hot,rape,7
3387,3,11,wednesday,0,night,20 - 5:59,,24.3833,90.0083,kalihati,tangail,dhaka,31,26,17,113,,32,10,,,hot,rape,7
3388,4,16,sunday,0,morning,6 - 11:59,,24.3833,90.0083,kalihati,tangail,dhaka,43,37,28,119,,47,10,,,hot,rape,7
3389,9,39,thursday,0,evening,18 - 19:59,,24.3833,90.0083,kalihati,tangail,dhaka,29,26,24,293,,86,9,,,rainy,rape,7
3390,3,10,thursday,0,night,20 - 5:59,,23.0667,90.2417,kalkini,madaripur,dhaka,29,27,23,122,,62,10,,,hot,rape,7
3391,5,20,friday,1,night,20 - 5:59,,23.0667,90.2417,kalkini,madaripur,dhaka,36,33,28,200,,72,10,,,hot,rape,7
3392,5,21,friday,1,night,20 - 5:59,,25.0833,90.8917,kalmakanda,netrokona,mymensingh,34,31,27,116,,71,10,,,hot,rape,7
3393,2,8,saturday,1,afternoon,16 - 17:59,,25.0833,90.8917,kalmakanda,netrokona,mymensingh,32,28,20,113,,54,10,,,winter,rape,7
3394,11,46,friday,1,evening,18 - 19:59,,22.73,90.88,kamalnagar,lakshmipur,chattogram,28,26,24,353,,83,10,,,winter,rape,7
3395,12,49,wednesday,0,night,20 - 5:59,,24.3667,91.8667,kamolganj,moulvibazar,sylhet,29,24,16,113,,69,10,,,winter,rape,7
3396,2,6,sunday,0,night,20 - 5:59,,24.3667,91.8667,kamolganj,moulvibazar,sylhet,31,24,13,113,,53,10,,,winter,rape,7
3397,12,51,friday,1,evening,18 - 19:59,,24.3667,91.8667,kamolganj,moulvibazar,sylhet,26,21,14,113,,68,10,,,winter,rape,7
3398,11,45,monday,0,evening,18 - 19:59,,24.3667,91.8667,kamolganj,moulvibazar,sylhet,31,27,20,176,,79,9,,,winter,rape,7
3399,6,23,wednesday,0,night,20 - 5:59,,24.3667,91.8667,kamolganj,moulvibazar,sylhet,34,32,26,386,,78,7,,,rainy,rape,7
3400,12,52,sunday,0,evening,18 - 19:59,,24.3667,91.8667,kamolganj,moulvibazar,sylhet,27,21,13,113,,66,10,,,winter,rape,7
3401,1,1,thursday,0,night,20 - 5:59,,24.3667,91.8667,kamolganj,moulvibazar,sylhet,28,22,15,113,,64,10,,,winter,rape,7
3402,2,6,friday,1,night,20 - 5:59,,24.3667,91.8667,kamolganj,moulvibazar,sylhet,30,25,17,116,,57,10,,,winter,rape,7
3403,10,42,friday,1,afternoon,16 - 17:59,,24.1,90.57,kapasia,gazipur,dhaka,30,27,22,116,,77,10,,,rainy,rape,7
3404,6,25,friday,1,evening,18 - 19:59,,24.1,90.57,kapasia,gazipur,dhaka,35,32,28,356,,71,9,,,rainy,rape,7
3405,10,42,thursday,0,night,20 - 5:59,,24.1,90.57,kapasia,gazipur,dhaka,35,30,23,113,,71,10,,,rainy,rape,7
3406,6,25,sunday,0,morning,6 - 11:59,,24.1,90.57,kapasia,gazipur,dhaka,35,33,28,353,,72,10,,,rainy,rape,7
3407,2,5,saturday,1,morning,6 - 11:59,,22.5,92.2167,kaptai,rangamati,chattogram,30,25,16,113,,53,10,,,winter,rape,7
3408,6,25,tuesday,0,night,20 - 5:59,,23.759377,91.143823,kasba,brahmanbaria,chattogram,38,34,27,113,,75,10,,,rainy,rape,7
3409,6,25,monday,0,night,20 - 5:59,,23.759377,91.143823,kasba,brahmanbaria,chattogram,36,33,27,200,,76,10,,,rainy,rape,7
3410,12,52,wednesday,0,night,20 - 5:59,,25.7708,89.4167,kaunia,rangpur,rangpur,26,22,15,113,,60,10,,,winter,rape,7
3411,3,11,sunday,0,night,20 - 5:59,,22.62,90.07,kawkhali,pirojpur,barisal,34,30,22,113,,62,10,,,hot,rape,7
3412,5,21,saturday,1,evening,18 - 19:59,,22.5333,92.0167,kawkhali,rangamati,chattogram,35,31,25,356,,77,8,,,hot,rape,7
3413,8,31,sunday,0,morning,6 - 11:59,,22.62,90.07,kawkhali,pirojpur,barisal,33,30,27,353,,75,9,,,rainy,rape,7
3414,3,11,thursday,0,night,20 - 5:59,,22.62,90.07,kawkhali,pirojpur,barisal,33,29,21,113,,34,10,,,hot,rape,7
3415,12,49,friday,1,night,20 - 5:59,,22.870267,89.237263,keshabpur,jashore,khulna,29,24,18,113,,45,10,,,winter,rape,7
3416,7,30,tuesday,0,night,20 - 5:59,,22.870267,89.237263,keshabpur,jashore,khulna,33,31,27,119,,75,10,,,rainy,rape,7
3417,6,26,friday,1,night,20 - 5:59,,22.870267,89.237263,keshabpur,jashore,khulna,33,32,30,356,,70,9,,,rainy,rape,7
3418,12,52,wednesday,0,night,20 - 5:59,,22.870267,89.237263,keshabpur,jashore,khulna,27,23,17,113,,46,10,,,winter,rape,7
3419,6,25,thursday,0,evening,18 - 19:59,,23.0417,91.9944,khagrachhari sadar,khagrachhari,chattogram,35,31,26,356,,82,9,,,rainy,rape,7
3420,11,47,monday,0,night,20 - 5:59,,24.7,91.125,khaliajuri,netrokona,mymensingh,31,27,23,113,,68,10,,,winter,rape,7
3421,11,47,friday,1,noon,12 - 15:59,,24.7,91.125,khaliajuri,netrokona,mymensingh,32,27,22,113,,63,10,,,winter,rape,7
3422,11,47,friday,1,noon,12 - 15:59,,24.7,91.125,khaliajuri,netrokona,mymensingh,32,27,22,113,,63,10,,,winter,rape,7
3423,12,48,sunday,0,night,20 - 5:59,,25.9278,88.7333,khansama,dinajpur,rangpur,31,27,21,113,,65,10,,,winter,rape,7
3424,7,28,thursday,0,night,20 - 5:59,,23.8,89.2833,khoksa,kushtia,khulna,31,29,27,359,,84,7,,,rainy,rape,7
3425,7,28,thursday,0,night,20 - 5:59,,23.8,89.2833,khoksa,kushtia,khulna,31,29,27,359,,84,7,,,rainy,rape,7
3426,6,26,wednesday,0,night,20 - 5:59,,23.8,89.2833,khoksa,kushtia,khulna,39,34,29,116,,60,10,,,rainy,rape,7
3427,7,27,tuesday,0,evening,18 - 19:59,,23.8,89.2833,khoksa,kushtia,khulna,34,31,28,356,,74,9,,,rainy,rape,7
3428,9,40,monday,0,night,20 - 5:59,,23.8,89.2833,khoksa,kushtia,khulna,26,25,24,353,,92,8,,,rainy,rape,7
3429,8,33,saturday,1,night,20 - 5:59,,25.9111,89.025,kishorganj,nilphamari,rangpur,32,31,27,359,,84,7,,,rainy,rape,7
3430,2,8,sunday,0,noon,12 - 15:59,,25.9111,89.025,kishorganj,nilphamari,rangpur,31,26,20,119,,54,10,,,winter,rape,7
3431,1,4,thursday,0,night,20 - 5:59,,22.9833,89.9917,kotalipara,gopalganj,dhaka,31,27,21,113,,48,10,,,winter,rape,7
3432,8,33,tuesday,0,morning,6 - 11:59,,22.9833,89.9917,kotalipara,gopalganj,dhaka,34,31,28,356,,76,9,,,rainy,rape,7
3433,8,33,tuesday,0,morning,6 - 11:59,,22.9833,89.9917,kotalipara,gopalganj,dhaka,34,31,28,356,,76,9,,,rainy,rape,7
3434,5,18,saturday,1,night,20 - 5:59,,23.4,89.0167,kotchandpur,jhenaidah,khulna,41,36,28,200,,56,10,,,hot,rape,7
3435,6,23,thursday,0,night,20 - 5:59,,24.489182,92.024555,kulaura,moulvibazar,sylhet,37,33,28,176,,67,10,,,rainy,rape,7
3436,7,27,wednesday,0,night,20 - 5:59,,24.489182,92.024555,kulaura,moulvibazar,sylhet,32,29,25,359,,86,8,,,rainy,rape,7
3437,4,16,monday,0,night,20 - 5:59,,24.489182,92.024555,kulaura,moulvibazar,sylhet,38,33,25,113,,56,10,,,hot,rape,7
3438,10,41,saturday,1,night,20 - 5:59,,24.489182,92.024555,kulaura,moulvibazar,sylhet,26,23,22,302,,95,8,,,rainy,rape,7
3439,4,16,monday,0,night,20 - 5:59,,24.489182,92.024555,kulaura,moulvibazar,sylhet,38,33,25,113,,56,10,,,hot,rape,7
3440,2,5,saturday,1,evening,18 - 19:59,,24.489182,92.024555,kulaura,moulvibazar,sylhet,29,23,14,116,,57,10,,,winter,rape,7
3441,5,20,tuesday,0,night,20 - 5:59,,24.489182,92.024555,kulaura,moulvibazar,sylhet,33,30,25,356,,84,9,,,hot,rape,7
3442,4,16,monday,0,night,20 - 5:59,,24.489182,92.024555,kulaura,moulvibazar,sylhet,38,33,25,113,,56,10,,,hot,rape,7
3443,10,43,thursday,0,night,20 - 5:59,,24.489182,92.024555,kulaura,moulvibazar,sylhet,23,22,21,302,,86,9,,,rainy,rape,7
3444,4,16,monday,0,night,20 - 5:59,,24.489182,92.024555,kulaura,moulvibazar,sylhet,38,33,25,113,,56,10,,,hot,rape,7
3445,8,34,tuesday,0,noon,12 - 15:59,,24.489182,92.024555,kulaura,moulvibazar,sylhet,33,30,25,200,,77,10,,,rainy,rape,7
3446,4,16,thursday,0,night,20 - 5:59,,24.489182,92.024555,kulaura,moulvibazar,sylhet,35,32,26,119,,47,10,,,hot,rape,7
3447,2,5,sunday,0,evening,18 - 19:59,,24.489182,92.024555,kulaura,moulvibazar,sylhet,30,25,16,113,,51,10,,,winter,rape,7
3448,7,30,wednesday,0,evening,18 - 19:59,,24.489182,92.024555,kulaura,moulvibazar,sylhet,32,29,25,386,,89,8,,,rainy,rape,7
3449,12,49,saturday,1,night,20 - 5:59,,23.8542,89.2417,kumarkhali,kushtia,khulna,30,26,21,113,,49,10,,,winter,rape,7
3450,7,29,wednesday,0,night,20 - 5:59,,25.915,89.45,lalmonirhat sadar,lalmonirhat,rangpur,31,29,28,356,,81,9,,,rainy,rape,7
3451,9,39,sunday,0,night,20 - 5:59,,25.915,89.45,lalmonirhat sadar,lalmonirhat,rangpur,23,23,22,302,,95,8,,,rainy,rape,7
3452,4,18,wednesday,0,night,20 - 5:59,,21.775,92.2,lama,bandarban,chattogram,32,30,27,116,,79,10,,,hot,rape,7
3453,5,21,monday,0,evening,18 - 19:59,,21.775,92.2,lama,bandarban,chattogram,35,33,29,176,,76,10,,,hot,rape,7
3454,8,34,friday,1,night,20 - 5:59,,21.775,92.2,lama,bandarban,chattogram,31,28,27,353,,85,10,,,rainy,rape,7
3455,8,34,tuesday,0,night,20 - 5:59,,21.775,92.2,lama,bandarban,chattogram,29,28,27,356,,85,9,,,rainy,rape,7
3456,8,31,saturday,1,noon,12 - 15:59,,22.95,92.15,langadu,rangamati,chattogram,34,30,24,356,,84,7,,,rainy,rape,7
3457,7,28,sunday,0,evening,18 - 19:59,,24.1028,91.2917,madhabpur,habiganj,sylhet,36,32,27,356,,78,9,,,rainy,rape,7
3458,1,3,friday,1,night,20 - 5:59,,24.1028,91.2917,madhabpur,habiganj,sylhet,28,25,18,116,,52,10,,,winter,rape,7
3459,2,7,tuesday,0,morning,6 - 11:59,,24.1028,91.2917,madhabpur,habiganj,sylhet,29,25,18,113,,48,10,,,winter,rape,7
3460,1,2,tuesday,0,night,20 - 5:59,,24.1028,91.2917,madhabpur,habiganj,sylhet,24,22,13,113,,52,10,,,winter,rape,7
3461,5,20,sunday,0,night,20 - 5:59,,24.1028,91.2917,madhabpur,habiganj,sylhet,32,31,27,359,,76,8,,,hot,rape,7
3462,12,51,tuesday,0,night,20 - 5:59,,24.1028,91.2917,madhabpur,habiganj,sylhet,26,23,17,116,,70,10,,,winter,rape,7
3463,1,4,tuesday,0,night,20 - 5:59,,24.1028,91.2917,madhabpur,habiganj,sylhet,31,27,18,113,,53,10,,,winter,rape,7
3464,8,31,thursday,0,night,20 - 5:59,,23.5417,89.6306,madhukhali,faridpur,dhaka,31,29,26,359,,82,8,,,rainy,rape,7
3465,6,25,saturday,1,night,20 - 5:59,,23.5417,89.6306,madhukhali,faridpur,dhaka,34,32,28,386,,71,9,,,rainy,rape,7
3466,11,48,monday,0,evening,18 - 19:59,,24.61667,90.01806,madhupur,tangail,dhaka,31,27,22,113,,63,10,,,winter,rape,7
3467,5,19,friday,1,evening,18 - 19:59,,24.61667,90.01806,madhupur,tangail,dhaka,44,37,27,116,,60,10,,,hot,rape,7
3468,8,34,thursday,0,night,20 - 5:59,,24.61667,90.01806,madhupur,tangail,dhaka,35,33,29,176,,66,10,,,rainy,rape,7
3469,8,33,wednesday,0,night,20 - 5:59,,24.61667,90.01806,madhupur,tangail,dhaka,36,32,29,356,,70,9,,,rainy,rape,7
3470,5,21,friday,1,night,20 - 5:59,,24.61667,90.01806,madhupur,tangail,dhaka,34,30,25,356,,79,8,,,hot,rape,7
3471,10,42,tuesday,0,noon,12 - 15:59,,24.61667,90.01806,madhupur,tangail,dhaka,30,27,22,386,,85,9,,,rainy,rape,7
3472,8,34,friday,1,night,20 - 5:59,,24.61667,90.01806,madhupur,tangail,dhaka,35,32,28,353,,66,10,,,rainy,rape,7
3473,8,34,thursday,0,night,20 - 5:59,,24.61667,90.01806,madhupur,tangail,dhaka,35,33,29,176,,66,10,,,rainy,rape,7
3474,5,21,monday,0,evening,18 - 19:59,,24.61667,90.01806,madhupur,tangail,dhaka,40,35,27,116,,59,10,,,hot,rape,7
3475,2,6,sunday,0,night,20 - 5:59,,23.0167,89.2333,manirampur,jashore,khulna,33,27,20,113,,35,10,,,winter,rape,7
3476,11,45,monday,0,night,20 - 5:59,,23.0167,89.2333,manirampur,jashore,khulna,33,29,24,119,,68,10,,,winter,rape,7
3477,12,51,friday,1,night,20 - 5:59,,23.0167,89.2333,manirampur,jashore,khulna,27,23,17,113,,56,10,,,winter,rape,7
3478,7,28,monday,0,night,20 - 5:59,,23.0167,89.2333,manirampur,jashore,khulna,35,32,28,353,,69,10,,,rainy,rape,7
3479,10,44,tuesday,0,night,20 - 5:59,,23.0167,89.2333,manirampur,jashore,khulna,27,25,22,266,,83,9,,,rainy,rape,7
3480,1,1,sunday,0,night,20 - 5:59,,23.0167,89.2333,manirampur,jashore,khulna,26,21,14,113,,45,10,,,winter,rape,7
3481,3,11,monday,0,evening,18 - 19:59,,23.0167,89.2333,manirampur,jashore,khulna,32,28,20,113,,34,10,,,hot,rape,7
3482,10,42,friday,1,noon,12 - 15:59,,23.0167,89.2333,manirampur,jashore,khulna,26,26,25,359,,92,6,,,rainy,rape,7
3483,7,29,sunday,0,night,20 - 5:59,,23.0167,89.2333,manirampur,jashore,khulna,35,32,28,356,,74,9,,,rainy,rape,7
3484,10,44,thursday,0,night,20 - 5:59,,23.0167,89.2333,manirampur,jashore,khulna,29,27,24,116,,74,10,,,rainy,rape,7
3485,4,14,sunday,0,night,20 - 5:59,,23.0167,89.2333,manirampur,jashore,khulna,36,32,25,116,,48,10,,,hot,rape,7
3486,11,46,monday,0,noon,12 - 15:59,,23.0167,89.2333,manirampur,jashore,khulna,28,26,22,116,,80,10,,,winter,rape,7
3487,9,36,wednesday,0,night,20 - 5:59,,23.0167,89.2333,manirampur,jashore,khulna,31,30,27,386,,85,9,,,rainy,rape,7
3488,11,46,wednesday,0,evening,18 - 19:59,,23.0167,89.2333,manirampur,jashore,khulna,31,28,23,113,,66,10,,,winter,rape,7
3489,9,36,thursday,0,night,20 - 5:59,,23.0167,89.2333,manirampur,jashore,khulna,32,30,27,356,,84,9,,,rainy,rape,7
3490,2,6,tuesday,0,morning,6 - 11:59,,22.2869,89.9667,mathbaria,pirojpur,barisal,28,26,21,176,,61,10,,,winter,rape,7
3491,10,41,thursday,0,morning,6 - 11:59,,22.2869,89.9667,mathbaria,pirojpur,barisal,33,31,27,113,,78,10,,,rainy,rape,7
3492,9,37,sunday,0,night,20 - 5:59,,22.2869,89.9667,mathbaria,pirojpur,barisal,32,30,28,176,,80,10,,,rainy,rape,7
3493,12,52,sunday,0,afternoon,16 - 17:59,,22.2869,89.9667,mathbaria,pirojpur,barisal,26,22,16,113,,46,10,,,winter,rape,7
3494,8,33,thursday,0,night,20 - 5:59,,22.2869,89.9667,mathbaria,pirojpur,barisal,33,31,28,353,,76,10,,,rainy,rape,7
3495,5,20,thursday,0,night,20 - 5:59,,22.2869,89.9667,mathbaria,pirojpur,barisal,35,32,29,200,,72,10,,,hot,rape,7
3496,2,6,tuesday,0,morning,6 - 11:59,,22.2869,89.9667,mathbaria,pirojpur,barisal,28,26,21,176,,61,10,,,winter,rape,7
3497,5,18,thursday,0,night,20 - 5:59,,22.2869,89.9667,mathbaria,pirojpur,barisal,32,31,28,200,,67,10,,,hot,rape,7
3498,6,27,monday,0,evening,18 - 19:59,,22.8319,90.5333,mehendiganj,barisal,barisal,33,31,28,353,,71,10,,,rainy,rape,7
3499,4,15,wednesday,0,evening,18 - 19:59,,24.9667,89.8333,melandah,jamalpur,mymensingh,35,30,23,176,,64,9,,,hot,rape,7
3500,11,45,tuesday,0,night,20 - 5:59,,24.9667,89.8333,melandah,jamalpur,mymensingh,30,27,22,176,,72,10,,,winter,rape,7
3501,4,17,thursday,0,morning,6 - 11:59,,24.9667,89.8333,melandah,jamalpur,mymensingh,38,32,27,386,,74,10,,,hot,rape,7
3502,8,34,friday,1,night,20 - 5:59,,23.9333,89,mirpur,kushtia,khulna,33,31,28,353,,78,10,,,rainy,rape,7
3503,5,22,monday,0,night,20 - 5:59,,22.3625,90.2417,mirzaganj,patuakhali,barisal,37,34,30,116,,67,10,,,hot,rape,7
3504,4,15,friday,1,night,20 - 5:59,,24.1083,90.0917,mirzapur,tangail,dhaka,34,32,26,353,,60,10,,,hot,rape,7
3505,6,23,monday,0,night,20 - 5:59,,25.5417,89.2833,mithapukur,rangpur,rangpur,37,33,27,353,,67,10,,,rainy,rape,7
3506,8,33,friday,1,night,20 - 5:59,,25.5417,89.2833,mithapukur,rangpur,rangpur,34,31,27,386,,76,10,,,rainy,rape,7
3507,12,51,tuesday,0,night,20 - 5:59,,25.5417,89.2833,mithapukur,rangpur,rangpur,25,20,14,248,,85,8,,,winter,rape,7
3508,7,28,thursday,0,noon,12 - 15:59,,21.55,91.95,moheshkhali,coxsbazar,chattogram,29,28,27,359,,86,6,,,rainy,rape,7
3509,7,28,thursday,0,noon,12 - 15:59,,21.55,91.95,moheshkhali,coxsbazar,chattogram,29,28,27,359,,86,6,,,rainy,rape,7
3510,7,27,tuesday,0,evening,18 - 19:59,,21.55,91.95,moheshkhali,coxsbazar,chattogram,28,27,27,356,,88,7,,,rainy,rape,7
3511,8,35,wednesday,0,night,20 - 5:59,,23.35,88.9125,moheshpur,jhenaidah,khulna,30,28,25,356,,90,7,,,rainy,rape,7
3512,12,51,thursday,0,night,20 - 5:59,,23.35,88.9125,moheshpur,jhenaidah,khulna,25,21,14,113,,45,10,,,winter,rape,7
3513,10,43,sunday,0,morning,6 - 11:59,,22.8887,89.771842,mollahat,bagerhat,khulna,29,27,23,119,,82,10,,,rainy,rape,7
3514,10,43,tuesday,0,night,20 - 5:59,,22.8887,89.771842,mollahat,bagerhat,khulna,32,29,25,176,,71,10,,,rainy,rape,7
3515,7,28,saturday,1,night,20 - 5:59,,22.4833,89.6083,mongla,bagerhat,khulna,33,31,28,359,,79,8,,,rainy,rape,7
3516,10,43,wednesday,0,night,20 - 5:59,,22.2986,90.9792,monpura,bhola,barisal,31,29,26,176,,75,9,,,rainy,rape,7
3517,10,43,saturday,1,evening,18 - 19:59,,22.2986,90.9792,monpura,bhola,barisal,29,28,25,356,,85,8,,,rainy,rape,7
3518,7,27,tuesday,0,night,20 - 5:59,,22.45,89.8583,morrelganj,bagerhat,khulna,31,30,28,356,,80,8,,,rainy,rape,7
3519,11,44,friday,1,night,20 - 5:59,,22.45,89.8583,morrelganj,bagerhat,khulna,30,28,24,116,,76,10,,,winter,rape,7
3520,1,3,wednesday,0,night,20 - 5:59,,22.45,89.8583,morrelganj,bagerhat,khulna,29,25,19,113,,60,10,,,winter,rape,7
3521,7,28,friday,1,night,20 - 5:59,,24.7583,90.2667,muktagacha,mymensingh,mymensingh,35,32,27,200,,81,10,,,rainy,rape,7
3522,4,17,monday,0,morning,6 - 11:59,,24.7583,90.2667,muktagacha,mymensingh,mymensingh,31,29,23,386,,87,9,,,hot,rape,7
3523,11,48,thursday,0,night,20 - 5:59,,24.7583,90.2667,muktagacha,mymensingh,mymensingh,31,26,20,113,,66,10,,,winter,rape,7
3524,8,33,sunday,0,evening,18 - 19:59,,24.75,90.4167,mymensingh sadar,mymensingh,mymensingh,33,30,26,353,,78,9,,,rainy,rape,7
3525,3,12,friday,1,night,20 - 5:59,,25.7583,89.2333,rangpur sadar,rangpur,rangpur,38,31,22,113,,18,10,,,hot,rape,7
3526,4,14,thursday,0,night,20 - 5:59,,25.8542,88.3667,pirganj,thakurgaon,rangpur,35,31,24,116,,40,10,,,hot,rape,7
3527,12,51,monday,0,night,20 - 5:59,,25.6333,88.65,dinajpur sadar,dinajpur,rangpur,27,23,18,116,,53,10,,,winter,rape,7
3528,12,51,monday,0,night,20 - 5:59,,25.6333,88.65,dinajpur sadar,dinajpur,rangpur,27,23,18,116,,53,10,,,winter,rape,7
3529,12,50,monday,0,evening,18 - 19:59,,23.6,90.5,narayanganj sadar,narayanganj,dhaka,28,25,21,116,,54,10,,,winter,rape,7
3530,12,49,sunday,0,noon,12 - 15:59,,23.605717,89.841728,faridpur sadar,faridpur,dhaka,28,25,20,119,,53,10,,,winter,rape,7
3531,5,19,wednesday,0,night,20 - 5:59,,24.3167,90.9333,nikli,kishoreganj,dhaka,32,30,25,359,,83,8,,,hot,rape,7
3532,3,12,monday,0,night,20 - 5:59,,24.375,91.4167,habiganj sadar,habiganj,sylhet,35,30,20,113,,57,10,,,hot,rape,7
3533,3,11,sunday,0,noon,12 - 15:59,,22.7,90.3667,barisal sadar,barisal,barisal,33,30,24,263,,58,9,,,hot,rape,7
3534,3,11,wednesday,0,night,20 - 5:59,,25.8167,89.65,kurigram sadar,kurigram,rangpur,33,30,21,116,,39,10,,,hot,rape,7
3535,3,10,saturday,1,night,20 - 5:59,,25.9417,88.8444,syedpur,nilphamari,rangpur,35,31,26,113,,23,10,,,hot,rape,7
3536,6,22,thursday,0,night,20 - 5:59,,26.0208,88.4667,thakurgaon sadar,thakurgaon,rangpur,39,34,27,176,,66,10,,,rainy,rape,7
3537,11,47,saturday,1,noon,12 - 15:59,,22.7167,89.075,satkhira sadar,satkhira,khulna,31,27,22,113,,62,10,,,winter,rape,7
3538,11,46,friday,1,night,20 - 5:59,,24.9167,89.9583,jamalpur sadar,jamalpur,mymensingh,34,30,25,113,,72,10,,,winter,rape,7
3539,9,39,friday,1,night,20 - 5:59,,24.25,89.9167,tangail sadar,tangail,dhaka,34,32,28,176,,65,10,,,rainy,rape,7
3540,11,44,saturday,1,night,20 - 5:59,,23.996158,90.419726,gazipur sadar,gazipur,dhaka,35,30,23,113,,69,10,,,winter,rape,7
3541,8,35,tuesday,0,night,20 - 5:59,,24.75,90.4167,mymensingh sadar,mymensingh,mymensingh,33,31,27,353,,78,10,,,rainy,rape,7
3542,8,35,tuesday,0,night,20 - 5:59,,24.75,90.4167,mymensingh sadar,mymensingh,mymensingh,33,31,27,353,,78,10,,,rainy,rape,7
3543,8,32,wednesday,0,evening,18 - 19:59,,26.3347,88.5583,panchagarh sadar,panchagarh,rangpur,34,31,26,356,,73,8,,,rainy,rape,7
3544,5,21,saturday,1,night,20 - 5:59,,24.9167,89.9583,jamalpur sadar,jamalpur,mymensingh,33,30,26,359,,83,7,,,hot,rape,7
3545,5,18,wednesday,0,morning,6 - 11:59,,23.605717,89.841728,faridpur sadar,faridpur,dhaka,35,33,28,386,,58,9,,,hot,rape,7
3546,7,29,saturday,1,night,20 - 5:59,,23.6,90.5,narayanganj sadar,narayanganj,dhaka,32,29,28,353,,79,10,,,rainy,rape,7
3547,7,29,tuesday,0,morning,6 - 11:59,,25.915,89.45,lalmonirhat sadar,lalmonirhat,rangpur,35,32,28,386,,69,10,,,rainy,rape,7
3548,7,29,monday,0,morning,6 - 11:59,,24.888242,91.868519,sylhet sadar,sylhet,sylhet,36,33,27,353,,70,10,,,rainy,rape,7
3549,7,28,thursday,0,night,20 - 5:59,,25.7583,89.2333,rangpur sadar,rangpur,rangpur,35,32,28,353,,71,9,,,rainy,rape,7
3550,6,23,tuesday,0,morning,6 - 11:59,,22.5778,89.99,pirojpur sadar,pirojpur,barisal,34,32,29,359,,70,7,,,rainy,rape,7
3551,2,6,saturday,1,morning,6 - 11:59,,23.180315,89.1608575,jessore sadar,jashore,khulna,34,29,23,113,,44,10,,,winter,rape,7
3552,10,41,sunday,0,noon,12 - 15:59,,22.5778,89.99,pirojpur sadar,pirojpur,barisal,34,31,26,353,,74,10,,,rainy,rape,7
3553,10,43,thursday,0,night,20 - 5:59,,25.1,89.03333,joypurhat sadar,joypurhat,rajshahi,32,28,22,113,,74,10,,,rainy,rape,7
3554,10,42,sunday,0,morning,6 - 11:59,,25.9417,88.8444,nilphamari sadar,nilphamari,rangpur,30,26,21,116,,81,10,,,rainy,rape,7
3555,10,44,monday,0,evening,18 - 19:59,,23.180315,89.1608575,jessore sadar,jashore,khulna,28,26,23,113,,72,10,,,rainy,rape,7
3556,11,44,saturday,1,night,20 - 5:59,,23.996158,90.419726,gazipur sadar,gazipur,dhaka,34,29,23,113,,61,10,,,winter,rape,7
3557,1,4,friday,1,morning,6 - 11:59,,24.75,90.4167,mymensingh sadar,mymensingh,mymensingh,28,25,19,113,,45,10,,,winter,rape,7
3558,7,28,friday,1,night,20 - 5:59,,24.8417,89.375,bogra sadar,bogura,rajshahi,33,31,26,353,,80,10,,,rainy,rape,7
3559,11,45,wednesday,0,night,20 - 5:59,,23.605717,89.841728,faridpur sadar,faridpur,dhaka,35,31,26,113,,59,10,,,winter,rape,7
3560,11,45,wednesday,0,night,20 - 5:59,,26.0208,88.4667,thakurgaon sadar,thakurgaon,rangpur,33,28,21,113,,63,10,,,winter,rape,7
3561,7,29,sunday,0,night,20 - 5:59,,24.888242,91.868519,sylhet sadar,sylhet,sylhet,31,29,25,356,,84,8,,,rainy,rape,7
3562,7,30,tuesday,0,morning,6 - 11:59,,23.9,89.1333,kushtia sadar,kushtia,khulna,32,30,26,356,,84,8,,,rainy,rape,7
3563,8,33,friday,1,morning,6 - 11:59,,25.915,89.45,lalmonirhat sadar,lalmonirhat,rangpur,34,31,27,386,,76,10,,,rainy,rape,7
3564,8,34,monday,0,noon,12 - 15:59,,24.6333,90.2667,fulbaria,mymensingh,mymensingh,34,30,24,116,,78,10,,,rainy,rape,7
3565,9,35,thursday,0,night,20 - 5:59,,23.85,90.0111,manikganj sadar,manikganj,dhaka,33,31,27,359,,78,8,,,rainy,rape,7
3566,8,34,friday,1,night,20 - 5:59,,24.61667,90.01806,madhupur,tangail,dhaka,35,32,28,353,,66,10,,,rainy,rape,7
3567,2,6,monday,0,night,20 - 5:59,,24.020189,90.74723,shibpur,narsingdi,dhaka,30,24,17,113,,42,10,,,winter,rape,7
3568,3,12,monday,0,noon,12 - 15:59,,24.9167,89.9583,jamalpur sadar,jamalpur,mymensingh,38,32,24,176,,56,10,,,hot,rape,7
3569,8,32,tuesday,0,morning,6 - 11:59,,23.6,90.5,narayanganj sadar,narayanganj,dhaka,33,31,28,353,,77,10,,,rainy,rape,7
3570,8,31,tuesday,0,morning,6 - 11:59,,24.7667,91.5431,jagannathpur,sunamganj,sylhet,35,32,28,386,,74,10,,,rainy,rape,7
3571,8,31,saturday,1,morning,6 - 11:59,,23.0667,90.2417,kalkini,madaripur,dhaka,33,32,29,386,,77,10,,,rainy,rape,7
3572,7,29,monday,0,night,20 - 5:59,,24.8417,89.375,bogra sadar,bogura,rajshahi,37,34,29,116,,67,10,,,rainy,rape,7
3573,7,29,tuesday,0,morning,6 - 11:59,,24.8417,89.375,bogra sadar,bogura,rajshahi,37,34,30,113,,66,10,,,rainy,rape,7
3574,8,32,sunday,0,morning,6 - 11:59,,22.5778,89.99,pirojpur sadar,pirojpur,barisal,32,31,28,356,,78,9,,,rainy,rape,7
3575,9,40,monday,0,night,20 - 5:59,,23.85,90.01,shibaloy,manikganj,dhaka,30,27,24,359,,86,7,,,rainy,rape,7
3576,8,33,wednesday,0,night,20 - 5:59,,26.0208,88.4667,thakurgaon sadar,thakurgaon,rangpur,34,32,29,356,,73,8,,,rainy,rape,7
3577,8,33,tuesday,0,night,20 - 5:59,,22.3542,90.3181,patuakhali sadar,patuakhali,barisal,33,31,28,356,,76,9,,,rainy,rape,7
3578,3,10,monday,0,noon,12 - 15:59,,23.180315,89.1608575,jessore sadar,jashore,khulna,36,33,26,113,,29,10,,,hot,rape,7
3579,1,1,sunday,0,night,20 - 5:59,,22.7,90.3667,barisal sadar,barisal,barisal,27,24,20,113,,64,10,,,winter,rape,7
3580,3,11,tuesday,0,morning,6 - 11:59,,24.875,89.17,dupchanchia,bogura,rajshahi,34,30,24,116,,41,10,,,hot,rape,7
3581,3,12,wednesday,0,night,20 - 5:59,,23.996158,90.419726,gazipur sadar,gazipur,dhaka,37,33,25,176,,48,10,,,hot,rape,7
3582,3,11,thursday,0,morning,6 - 11:59,,22.66667,89.8,bagerhat sadar,bagerhat,khulna,36,32,25,113,,51,10,,,hot,rape,7
3583,8,31,wednesday,0,morning,6 - 11:59,,25.915,89.45,lalmonirhat sadar,lalmonirhat,rangpur,36,32,27,176,,75,9,,,rainy,rape,7
3584,6,25,saturday,1,night,20 - 5:59,,22.3542,90.3181,patuakhali sadar,patuakhali,barisal,32,31,29,353,,73,9,,,rainy,rape,7
3585,1,52,sunday,0,night,20 - 5:59,,24.005,89.25,pabna sadar,pabna,rajshahi,28,24,18,113,,53,10,,,winter,rape,7
3586,8,35,wednesday,0,night,20 - 5:59,,22.3542,90.3181,patuakhali sadar,patuakhali,barisal,32,31,28,386,,76,9,,,rainy,rape,7
3587,8,35,wednesday,0,noon,12 - 15:59,,24.375,91.4167,habiganj sadar,habiganj,sylhet,33,30,26,356,,85,8,,,rainy,rape,7
3588,8,35,friday,1,night,20 - 5:59,,24.2167,90.05,basail,tangail,dhaka,35,31,27,386,,77,10,,,rainy,rape,7
3589,2,6,saturday,1,morning,6 - 11:59,,23.180315,89.1608575,jessore sadar,jashore,khulna,29,24,18,113,,33,10,,,winter,rape,7
3590,6,25,thursday,0,night,20 - 5:59,,23.6417,88.8583,chuadanga sadar,chuadanga,khulna,37,34,29,356,,61,10,,,rainy,rape,7
3591,6,25,monday,0,noon,12 - 15:59,,22.8256,91.1014,noakhali sadar,noakhali,chattogram,32,30,27,176,,77,9,,,rainy,rape,7
3592,6,23,thursday,0,night,20 - 5:59,,25.333317,89.520761,gaibandha sadar,gaibandha,rangpur,35,32,27,356,,76,8,,,rainy,rape,7
3593,5,21,thursday,0,evening,18 - 19:59,,24.9167,89.9583,jamalpur sadar,jamalpur,mymensingh,33,30,25,356,,79,8,,,hot,rape,7
3594,5,19,sunday,0,night,20 - 5:59,,23.996158,90.419726,gazipur sadar,gazipur,dhaka,37,34,28,353,,68,9,,,hot,rape,7
3595,5,19,sunday,0,night,20 - 5:59,,23.9,89.1333,kushtia sadar,kushtia,khulna,40,35,29,389,,62,9,,,hot,rape,7
3596,4,17,thursday,0,night,20 - 5:59,,24.075,90.2167,kaliakair,gazipur,dhaka,41,35,28,386,,62,10,,,hot,rape,7
3597,8,31,sunday,0,night,20 - 5:59,,23.996158,90.419726,gazipur sadar,gazipur,dhaka,31,29,25,353,,83,9,,,rainy,rape,7
3598,9,35,sunday,0,night,20 - 5:59,,25.9417,88.8444,syedpur,nilphamari,rangpur,34,31,28,356,,77,8,,,rainy,rape,7
3599,8,33,thursday,0,noon,12 - 15:59,,23.1667,90.2083,madaripur sadar,madaripur,dhaka,32,30,28,359,,80,9,,,rainy,rape,7
3600,8,32,tuesday,0,night,20 - 5:59,,24.2,90.4667,sreepur,gazipur,dhaka,33,31,26,356,,79,9,,,rainy,rape,7
3601,4,15,thursday,0,noon,12 - 15:59,,24.9167,89.9583,jamalpur sadar,jamalpur,mymensingh,35,31,23,386,,59,10,,,hot,rape,7
3602,4,16,thursday,0,evening,18 - 19:59,,24.46667,89.96667,ghatail,tangail,dhaka,37,34,28,116,,39,10,,,hot,rape,7
3603,4,18,tuesday,0,evening,18 - 19:59,,24.8917,89.75,madarganj,jamalpur,mymensingh,36,32,24,176,,62,10,,,hot,rape,7
3604,5,19,thursday,0,morning,6 - 11:59,,23.85,90.0111,manikganj sadar,manikganj,dhaka,40,35,28,200,,55,10,,,hot,rape,7
3605,5,19,sunday,0,night,20 - 5:59,,24.4139,88.93,natore sadar,natore,rajshahi,38,35,30,386,,53,10,,,hot,rape,7
3606,5,20,wednesday,0,evening,18 - 19:59,,24.75,90.4167,mymensingh sadar,mymensingh,mymensingh,37,33,27,353,,66,10,,,hot,rape,7
3607,5,20,thursday,0,evening,18 - 19:59,,25.9417,88.8444,nilphamari sadar,nilphamari,rangpur,38,33,26,176,,66,9,,,hot,rape,7
3608,5,22,tuesday,0,night,20 - 5:59,,22.6431,90.2,jhalakathi sadar,jhalakathi,barisal,36,33,30,386,,69,10,,,hot,rape,7
3609,5,22,friday,1,evening,18 - 19:59,,26.0208,88.4667,thakurgaon sadar,thakurgaon,rangpur,35,33,27,359,,73,8,,,hot,rape,7
3610,6,23,thursday,0,night,20 - 5:59,,25.06667,91.4,sunamganj sadar,sunamganj,sylhet,36,34,28,176,,67,10,,,rainy,rape,7
3611,6,23,friday,1,morning,6 - 11:59,,23.755,89.65,rajbari sadar,rajbari,dhaka,37,35,30,353,,61,10,,,rainy,rape,7
3612,6,23,saturday,1,noon,12 - 15:59,,22.2333,92.1917,bandarban sadar,bandarban,chattogram,32,31,28,356,,72,9,,,rainy,rape,7
3613,4,17,tuesday,0,night,20 - 5:59,,25.333317,89.520761,gaibandha sadar,gaibandha,rangpur,35,30,20,113,,58,10,,,hot,rape,7
3614,7,31,friday,1,morning,6 - 11:59,,23.180315,89.1608575,jessore sadar,jashore,khulna,26,25,25,308,,90,8,,,rainy,rape,7
3615,8,32,friday,1,night,20 - 5:59,,26.0208,88.4667,thakurgaon sadar,thakurgaon,rangpur,34,31,28,386,,78,9,,,rainy,rape,7
3616,5,21,saturday,1,night,20 - 5:59,,24.9389,88.2028,bholahat,chapainawabganj,rajshahi,27,27,27,356,,83,8,,,hot,rape,7
3617,8,35,wednesday,0,night,20 - 5:59,,22.66667,89.8,bagerhat sadar,bagerhat,khulna,34,32,29,356,,72,9,,,rainy,rape,7
3618,6,26,friday,1,night,20 - 5:59,,23.9,89.1333,kushtia sadar,kushtia,khulna,34,31,28,359,,79,8,,,rainy,rape,7
3619,3,12,saturday,1,night,20 - 5:59,,23.180315,89.1608575,jessore sadar,jashore,khulna,39,33,24,113,,56,10,,,hot,rape,7
3620,5,20,saturday,1,night,20 - 5:59,,25.4153,89.3167,pirgonj,rangpur,rangpur,35,31,25,386,,79,9,,,hot,rape,7
3621,5,20,thursday,0,night,20 - 5:59,,23.996158,90.419726,gazipur sadar,gazipur,dhaka,36,33,28,353,,75,10,,,hot,rape,7
3622,5,19,thursday,0,noon,12 - 15:59,,22.5778,89.99,pirojpur sadar,pirojpur,barisal,38,34,28,386,,63,10,,,hot,rape,7
3623,11,47,friday,1,night,20 - 5:59,,23.996158,90.419726,gazipur sadar,gazipur,dhaka,31,28,22,113,,67,10,,,winter,rape,7
3624,4,17,thursday,0,evening,18 - 19:59,,23.180315,89.1608575,jessore sadar,jashore,khulna,40,35,28,116,,59,10,,,hot,rape,7
3625,2,8,friday,1,night,20 - 5:59,,23.20833,90.35,shariatpur sadar,shariatpur,dhaka,33,29,22,113,,45,10,,,winter,rape,7
3626,2,5,saturday,1,night,20 - 5:59,,23.5417,89.1833,jhenaidah sadar,jhenaidah,khulna,32,26,19,113,,46,10,,,winter,rape,7
3627,11,46,monday,0,noon,12 - 15:59,,22.3542,90.3181,patuakhali sadar,patuakhali,barisal,34,28,22,113,,60,10,,,winter,rape,7
3628,9,37,monday,0,evening,18 - 19:59,,24.586659,88.275275,chapainawabganj sadar,chapainawabganj,rajshahi,35,32,28,356,,72,9,,,rainy,rape,7
3629,11,47,friday,1,night,20 - 5:59,,25.51667,88.88333,fulbari,dinajpur,rangpur,29,25,21,113,,56,10,,,winter,rape,7
3630,4,17,tuesday,0,evening,18 - 19:59,,23.180315,89.1608575,jessore sadar,jashore,khulna,42,35,29,119,,59,10,,,hot,rape,7
3631,4,16,wednesday,0,night,20 - 5:59,,24.4583,89.7,sirajganj sadar,sirajganj,rajshahi,37,33,26,176,,57,10,,,hot,rape,7
3632,4,15,sunday,0,morning,6 - 11:59,,26.3347,88.5583,panchagarh sadar,panchagarh,rangpur,34,31,24,305,,47,10,,,hot,rape,7
3633,4,15,saturday,1,night,20 - 5:59,,22.95,90.825,lakshmipur sadar,lakshmipur,chattogram,34,31,26,299,,65,10,,,hot,rape,7
3634,4,14,wednesday,0,evening,18 - 19:59,,24.375,91.4167,habiganj sadar,habiganj,sylhet,32,28,25,386,,85,7,,,hot,rape,7
3635,4,14,saturday,1,night,20 - 5:59,,23.0744,88.8667,sharsha,jashore,khulna,42,38,29,113,,42,10,,,hot,rape,7
3636,12,53,thursday,0,night,20 - 5:59,,22.8256,91.1014,noakhali sadar,noakhali,chattogram,30,25,19,122,,59,10,,,winter,rape,7
3637,7,30,friday,1,night,20 - 5:59,,25.333317,89.520761,gaibandha sadar,gaibandha,rangpur,35,32,28,176,,68,10,,,rainy,rape,7
3638,7,28,saturday,1,night,20 - 5:59,,23.6,90.5,narayanganj sadar,narayanganj,dhaka,34,32,27,116,,75,10,,,rainy,rape,7
3639,7,26,sunday,0,morning,6 - 11:59,,24.4333,90.7833,kishoreganj sadar,kishoreganj,dhaka,31,29,26,359,,86,8,,,rainy,rape,7
3640,6,23,sunday,0,morning,6 - 11:59,,23.605717,89.841728,faridpur sadar,faridpur,dhaka,32,30,28,359,,76,7,,,rainy,rape,7
3641,10,40,friday,1,night,20 - 5:59,,26.0208,88.4667,thakurgaon sadar,thakurgaon,rangpur,34,31,26,176,,77,10,,,rainy,rape,7
3642,10,41,tuesday,0,evening,18 - 19:59,,26.3347,88.5583,panchagarh sadar,panchagarh,rangpur,29,26,24,356,,90,9,,,rainy,rape,7
3643,7,30,monday,0,night,20 - 5:59,,23.6,90.5,narayanganj sadar,narayanganj,dhaka,33,31,28,386,,76,10,,,rainy,rape,7
3644,7,27,wednesday,0,evening,18 - 19:59,,25.51667,88.88333,fulbari,dinajpur,rangpur,34,32,28,200,,71,10,,,rainy,rape,7
3645,7,28,tuesday,0,noon,12 - 15:59,,24.4139,88.93,natore sadar,natore,rajshahi,33,31,27,359,,80,6,,,rainy,rape,7
3646,7,28,tuesday,0,noon,12 - 15:59,,25.8167,89.65,kurigram sadar,kurigram,rangpur,28,27,25,356,,94,7,,,rainy,rape,7
3647,7,27,saturday,1,night,20 - 5:59,,24.4139,88.93,natore sadar,natore,rajshahi,32,30,28,359,,80,8,,,rainy,rape,7
3648,7,27,saturday,1,night,20 - 5:59,,25.8167,89.65,kurigram sadar,kurigram,rangpur,33,30,27,356,,79,8,,,rainy,rape,7
3649,6,23,thursday,0,night,20 - 5:59,,23.9167,90.725,narsingdi sadar,narsingdi,dhaka,34,31,26,356,,76,9,,,rainy,rape,7
3650,5,21,saturday,1,morning,6 - 11:59,,23.9528,91.1167,brahmanbaria sadar,brahmanbaria,chattogram,31,30,27,386,,85,9,,,hot,rape,7
3651,4,15,friday,1,night,20 - 5:59,,24.25,89.9167,tangail sadar,tangail,dhaka,34,32,26,353,,60,10,,,hot,rape,7
3652,3,12,monday,0,evening,18 - 19:59,,26.35,89.01667,patgram,lalmonirhat,rangpur,32,28,21,113,,26,10,,,hot,rape,7
3653,8,31,saturday,1,night,20 - 5:59,,25.06667,91.4,sunamganj sadar,sunamganj,sylhet,35,31,26,386,,80,10,,,rainy,rape,7
3654,4,15,tuesday,0,morning,6 - 11:59,,23.605717,89.841728,faridpur sadar,faridpur,dhaka,37,32,25,386,,63,9,,,hot,rape,7
3655,2,5,friday,1,night,20 - 5:59,,23.180315,89.1608575,jessore sadar,jashore,khulna,29,24,18,116,,32,10,,,winter,rape,7
3656,4,14,tuesday,0,evening,18 - 19:59,,24.020189,90.74723,shibpur,narsingdi,dhaka,34,30,24,386,,70,8,,,hot,rape,7
3657,3,10,sunday,0,night,20 - 5:59,,23.0744,88.8667,sharsha,jashore,khulna,33,30,21,176,,57,10,,,hot,rape,7
3658,7,26,friday,1,night,20 - 5:59,,23.6,90.5,narayanganj sadar,narayanganj,dhaka,35,32,28,176,,71,10,,,rainy,rape,7
3659,3,10,tuesday,0,noon,12 - 15:59,,22.95,90.825,lakshmipur sadar,lakshmipur,chattogram,27,24,22,359,,79,9,,,hot,rape,7
3660,7,30,saturday,1,night,20 - 5:59,,22.6903,90.6525,bhola sadar,bhola,barisal,30,29,28,359,,82,8,,,rainy,rape,7
3661,7,31,monday,0,night,20 - 5:59,,22.6903,90.6525,bhola sadar,bhola,barisal,31,29,28,356,,80,8,,,rainy,rape,7
3662,10,41,saturday,1,night,20 - 5:59,,23.996158,90.419726,gazipur sadar,gazipur,dhaka,26,25,23,353,,88,9,,,rainy,rape,7
3663,9,40,monday,0,night,20 - 5:59,,23.0417,91.9944,khagrachhari sadar,khagrachhari,chattogram,30,27,23,356,,90,7,,,rainy,rape,7
3664,1,3,tuesday,0,morning,6 - 11:59,,25.915,89.45,lalmonirhat sadar,lalmonirhat,rangpur,25,22,17,113,,45,10,,,winter,rape,7
3665,8,35,thursday,0,night,20 - 5:59,,24.005,89.25,pabna sadar,pabna,rajshahi,34,32,27,119,,74,10,,,rainy,rape,7
3666,8,33,saturday,1,night,20 - 5:59,,23.6,90.5,narayanganj sadar,narayanganj,dhaka,33,30,26,353,,79,10,,,rainy,rape,7
3667,7,31,monday,0,night,20 - 5:59,,22.66667,89.8,bagerhat sadar,bagerhat,khulna,31,30,27,356,,79,8,,,rainy,rape,7
3668,7,30,saturday,1,night,20 - 5:59,,22.66667,89.8,bagerhat sadar,bagerhat,khulna,31,29,27,359,,82,8,,,rainy,rape,7
3669,12,49,saturday,1,night,20 - 5:59,,23.605717,89.841728,faridpur sadar,faridpur,dhaka,31,26,20,113,,69,10,,,winter,rape,7
3670,3,9,sunday,0,noon,12 - 15:59,,23.180315,89.1608575,jessore sadar,jashore,khulna,30,26,19,116,,34,10,,,hot,rape,7
3671,2,9,monday,0,night,20 - 5:59,,23.6,90.5,narayanganj sadar,narayanganj,dhaka,30,25,21,119,,54,10,,,winter,rape,7
3672,1,4,saturday,1,noon,12 - 15:59,,23.6,90.5,narayanganj sadar,narayanganj,dhaka,33,28,22,113,,45,10,,,winter,rape,7
3673,10,41,tuesday,0,morning,6 - 11:59,,26.0208,88.4667,thakurgaon sadar,thakurgaon,rangpur,30,27,25,356,,91,8,,,rainy,rape,7
3674,12,49,thursday,0,night,20 - 5:59,,25.7583,89.2333,rangpur sadar,rangpur,rangpur,29,25,19,113,,68,10,,,winter,rape,7
3675,11,45,wednesday,0,morning,6 - 11:59,,24.4139,88.93,natore sadar,natore,rajshahi,32,27,21,113,,75,10,,,winter,rape,7
3676,9,38,thursday,0,night,20 - 5:59,,22.3542,90.3181,patuakhali sadar,patuakhali,barisal,31,29,27,299,,82,10,,,rainy,rape,7
3677,10,40,sunday,0,night,20 - 5:59,,24.4778,91.7667,moulvibazar sadar,moulvibazar,sylhet,35,31,25,113,,71,10,,,rainy,rape,7
3678,10,41,monday,0,night,20 - 5:59,,23.228401,90.645015,chandpur sadar,chandpur,chattogram,34,31,28,113,,70,10,,,rainy,rape,7
3679,12,49,friday,1,night,20 - 5:59,,22.95,90.825,lakshmipur sadar,lakshmipur,chattogram,29,26,24,176,,65,10,,,winter,rape,7
3680,12,51,thursday,0,night,20 - 5:59,,24.4778,91.7667,moulvibazar sadar,moulvibazar,sylhet,27,22,14,113,,68,10,,,winter,rape,7
3681,12,53,tuesday,0,night,20 - 5:59,,24.888242,91.868519,sylhet sadar,sylhet,sylhet,26,20,13,113,,63,10,,,winter,rape,7
3682,12,52,thursday,0,night,20 - 5:59,,24.888242,91.868519,sylhet sadar,sylhet,sylhet,31,26,19,113,,57,10,,,winter,rape,7
3683,1,3,saturday,1,night,20 - 5:59,,25.915,89.45,lalmonirhat sadar,lalmonirhat,rangpur,29,22,15,116,,57,10,,,winter,rape,7
3684,1,3,tuesday,0,night,20 - 5:59,,25.915,89.45,lalmonirhat sadar,lalmonirhat,rangpur,26,22,17,113,,67,10,,,winter,rape,7
3685,4,14,thursday,0,night,20 - 5:59,,22.5778,89.99,pirojpur sadar,pirojpur,barisal,37,32,26,116,,61,10,,,hot,rape,7
3686,4,14,thursday,0,night,20 - 5:59,,25.7583,89.2333,rangpur sadar,rangpur,rangpur,39,33,23,113,,22,10,,,hot,rape,7
3687,9,38,monday,0,night,20 - 5:59,,22.2333,92.1917,bandarban sadar,bandarban,chattogram,33,29,26,356,,82,9,,,rainy,rape,7
3688,4,15,wednesday,0,morning,6 - 11:59,,23.9528,91.1167,brahmanbaria sadar,brahmanbaria,chattogram,32,30,26,386,,78,9,,,hot,rape,7
3689,9,38,monday,0,night,20 - 5:59,,24.4583,89.7,sirajganj sadar,sirajganj,rajshahi,34,32,28,353,,70,9,,,rainy,rape,7
3690,12,51,wednesday,0,morning,6 - 11:59,,23.9528,91.1167,brahmanbaria sadar,brahmanbaria,chattogram,28,24,17,113,,64,10,,,winter,rape,7
3691,10,41,sunday,0,night,20 - 5:59,,26.0208,88.4667,thakurgaon sadar,thakurgaon,rangpur,35,31,25,113,,72,10,,,rainy,rape,7
3692,10,42,monday,0,noon,12 - 15:59,,23.180315,89.1608575,jessore sadar,jashore,khulna,34,30,25,113,,70,10,,,rainy,rape,7
3693,10,41,sunday,0,night,20 - 5:59,,25.6333,88.65,dinajpur sadar,dinajpur,rangpur,36,32,25,113,,73,10,,,rainy,rape,7
3694,10,43,thursday,0,night,20 - 5:59,,25.7583,89.2333,rangpur sadar,rangpur,rangpur,31,27,23,116,,78,10,,,rainy,rape,7
3695,9,39,wednesday,0,night,20 - 5:59,,24.9167,89.9583,jamalpur sadar,jamalpur,mymensingh,29,27,24,353,,82,9,,,rainy,rape,7
3696,11,44,sunday,0,night,20 - 5:59,,23.180315,89.1608575,jessore sadar,jashore,khulna,29,26,21,116,,83,10,,,winter,rape,7
3697,11,44,saturday,1,night,20 - 5:59,,24.005,89.25,pabna sadar,pabna,rajshahi,26,24,23,302,,87,8,,,winter,rape,7
3698,11,46,wednesday,0,night,20 - 5:59,,22.5778,89.99,pirojpur sadar,pirojpur,barisal,30,26,20,113,,63,10,,,winter,rape,7
3699,12,48,saturday,1,night,20 - 5:59,,25.6333,88.65,dinajpur sadar,dinajpur,rangpur,30,26,18,113,,62,10,,,winter,rape,7
3700,12,51,monday,0,noon,12 - 15:59,,24.805,88.95,naogaon sadar,naogaon,rajshahi,29,25,20,113,,51,10,,,winter,rape,7
3701,9,37,thursday,0,noon,12 - 15:59,,22.6431,90.2,jhalakathi sadar,jhalakathi,barisal,35,32,29,356,,69,9,,,rainy,rape,7
3702,11,45,sunday,0,night,20 - 5:59,,23.6,90.5,narayanganj sadar,narayanganj,dhaka,31,27,22,113,,76,10,,,winter,rape,7
3703,5,18,saturday,1,noon,12 - 15:59,,24.075,90.2167,kaliakair,gazipur,dhaka,37,33,28,386,,62,10,,,hot,rape,7
3704,5,22,tuesday,0,morning,6 - 11:59,,24.075,90.2167,kaliakair,gazipur,dhaka,33,31,27,356,,79,9,,,hot,rape,7
3705,9,37,wednesday,0,night,20 - 5:59,,25.333317,89.520761,gaibandha sadar,gaibandha,rangpur,33,30,27,386,,80,7,,,rainy,rape,7
3706,1,5,wednesday,0,night,20 - 5:59,,23.605717,89.841728,faridpur sadar,faridpur,dhaka,29,24,16,113,,37,10,,,winter,rape,7
3707,2,6,wednesday,0,morning,6 - 11:59,,23.0417,91.9944,khagrachhari sadar,khagrachhari,chattogram,32,25,14,113,,66,10,,,winter,rape,7
3708,2,6,tuesday,0,night,20 - 5:59,,25.915,89.45,lalmonirhat sadar,lalmonirhat,rangpur,32,26,19,113,,40,10,,,winter,rape,7
3709,3,10,monday,0,night,20 - 5:59,,25.915,89.45,lalmonirhat sadar,lalmonirhat,rangpur,37,31,22,113,,35,10,,,hot,rape,7
3710,3,12,thursday,0,night,20 - 5:59,,24.8417,89.375,bogra sadar,bogura,rajshahi,36,31,22,113,,38,10,,,hot,rape,7
3711,6,25,monday,0,night,20 - 5:59,,25.7583,89.2333,rangpur sadar,rangpur,rangpur,38,35,28,356,,66,9,,,rainy,rape,7
3712,8,33,wednesday,0,night,20 - 5:59,,22.3542,90.3181,patuakhali sadar,patuakhali,barisal,32,30,27,353,,78,10,,,rainy,rape,7
3713,9,39,thursday,0,afternoon,16 - 17:59,,25.915,89.45,lalmonirhat sadar,lalmonirhat,rangpur,34,30,26,359,,83,6,,,rainy,rape,7
3714,10,41,tuesday,0,evening,18 - 19:59,,23.1667,90.2083,madaripur sadar,madaripur,dhaka,30,28,25,353,,88,9,,,rainy,rape,7
3715,5,20,monday,0,evening,18 - 19:59,,26.3083,88.4583,atwari,panchagarh,rangpur,39,33,26,386,,68,9,,,hot,rape,7
3716,12,52,friday,1,night,20 - 5:59,,22.3542,90.3181,patuakhali sadar,patuakhali,barisal,27,22,16,113,,50,10,,,winter,rape,7
3717,6,23,friday,1,night,20 - 5:59,,25.915,89.45,lalmonirhat sadar,lalmonirhat,rangpur,38,34,28,359,,67,7,,,rainy,rape,7
3718,7,31,monday,0,night,20 - 5:59,,23.175,89.505,narail sadar,narail,khulna,33,31,27,356,,78,10,,,rainy,rape,7
3719,8,35,saturday,1,morning,6 - 11:59,,25.915,89.45,lalmonirhat sadar,lalmonirhat,rangpur,36,32,27,356,,75,9,,,rainy,rape,7
3720,9,36,thursday,0,night,20 - 5:59,,23.9,89.1333,kushtia sadar,kushtia,khulna,34,31,26,176,,79,10,,,rainy,rape,7
3721,9,39,sunday,0,night,20 - 5:59,,24.888242,91.868519,sylhet sadar,sylhet,sylhet,35,30,23,176,,77,10,,,rainy,rape,7
3722,10,41,friday,1,night,20 - 5:59,,23.175,89.505,narail sadar,narail,khulna,34,31,26,353,,75,10,,,rainy,rape,7
3723,10,42,sunday,0,night,20 - 5:59,,26.0208,88.4667,thakurgaon sadar,thakurgaon,rangpur,33,28,22,113,,71,10,,,rainy,rape,7
3724,2,7,monday,0,night,20 - 5:59,,24.75,90.4167,mymensingh sadar,mymensingh,mymensingh,31,26,18,113,,33,10,,,winter,rape,7
3725,11,44,sunday,0,night,20 - 5:59,,24.4778,91.7667,moulvibazar sadar,moulvibazar,sylhet,32,27,18,143,,83,8,,,winter,rape,7
3726,11,45,wednesday,0,night,20 - 5:59,,24.4333,89.375,tarash,sirajganj,rajshahi,33,29,22,113,,70,10,,,winter,rape,7
3727,10,41,thursday,0,night,20 - 5:59,,23.6,90.5,narayanganj sadar,narayanganj,dhaka,29,27,25,356,,83,10,,,rainy,rape,7
3728,10,43,wednesday,0,evening,18 - 19:59,,24.586659,88.275275,chapainawabganj sadar,chapainawabganj,rajshahi,32,28,22,116,,70,10,,,rainy,rape,7
3729,12,52,tuesday,0,night,20 - 5:59,,24.586659,88.275275,chapainawabganj sadar,chapainawabganj,rajshahi,25,19,13,113,,40,10,,,winter,rape,7
3730,12,52,tuesday,0,night,20 - 5:59,,24.586659,88.275275,chapainawabganj sadar,chapainawabganj,rajshahi,25,19,13,113,,40,10,,,winter,rape,7
3731,1,3,wednesday,0,night,20 - 5:59,,22.7,90.3667,barisal sadar,barisal,barisal,29,25,18,113,,43,10,,,winter,rape,7
3732,8,33,tuesday,0,night,20 - 5:59,,24.56667,91.515,nabiganj,habiganj,sylhet,35,31,26,116,,78,10,,,rainy,rape,7
3733,8,34,friday,1,night,20 - 5:59,,23.8833,90.9833,nabinagar,brahmanbaria,chattogram,29,28,26,359,,88,7,,,rainy,rape,7
3734,8,34,friday,1,night,20 - 5:59,,23.8833,90.9833,nabinagar,brahmanbaria,chattogram,29,28,26,359,,88,7,,,rainy,rape,7
3735,3,10,sunday,0,morning,6 - 11:59,,23.4153,89.8917,nagarkanda,faridpur,dhaka,33,28,21,119,,41,10,,,hot,rape,7
3736,1,3,wednesday,0,morning,6 - 11:59,,23.4153,89.8917,nagarkanda,faridpur,dhaka,29,24,17,113,,43,10,,,winter,rape,7
3737,11,46,monday,0,noon,12 - 15:59,,21.4167,92.1833,naikhongchhari,bandarban,chattogram,28,26,24,353,,84,10,,,winter,rape,7
3738,11,46,wednesday,0,evening,18 - 19:59,,21.4167,92.1833,naikhongchhari,bandarban,chattogram,29,26,22,113,,83,10,,,winter,rape,7
3739,8,33,tuesday,0,night,20 - 5:59,,22.6222,90.2708,nalchity,jhalakathi,barisal,30,29,28,359,,81,7,,,rainy,rape,7
3740,8,33,thursday,0,night,20 - 5:59,,22.6222,90.2708,nalchity,jhalakathi,barisal,29,28,27,359,,86,9,,,rainy,rape,7
3741,8,33,friday,1,night,20 - 5:59,,22.6222,90.2708,nalchity,jhalakathi,barisal,30,28,27,356,,84,9,,,rainy,rape,7
3742,2,7,sunday,0,night,20 - 5:59,,25.08333,90.18528,nalitabari,sherpur,mymensingh,36,30,22,113,,36,10,,,winter,rape,7
3743,6,24,tuesday,0,evening,18 - 19:59,,24.5667,90.6833,nandail,mymensingh,mymensingh,36,33,29,356,,69,10,,,rainy,rape,7
3744,2,7,thursday,0,morning,6 - 11:59,,24.5667,90.6833,nandail,mymensingh,mymensingh,29,24,17,113,,32,10,,,winter,rape,7
3745,6,26,friday,1,night,20 - 5:59,,24.5667,90.6833,nandail,mymensingh,mymensingh,32,30,27,356,,86,9,,,rainy,rape,7
3746,1,2,saturday,1,night,20 - 5:59,,24.5667,90.6833,nandail,mymensingh,mymensingh,25,22,18,116,,57,10,,,winter,rape,7
3747,6,26,monday,0,night,20 - 5:59,,24.5667,90.6833,nandail,mymensingh,mymensingh,36,33,28,353,,69,10,,,rainy,rape,7
3748,1,4,tuesday,0,night,20 - 5:59,,23.6,90.5,narayanganj sadar,narayanganj,dhaka,30,25,19,116,,48,10,,,winter,rape,7
3749,7,29,sunday,0,morning,6 - 11:59,,23.6,90.5,narayanganj sadar,narayanganj,dhaka,32,30,27,356,,81,8,,,rainy,rape,7
3750,12,49,thursday,0,night,20 - 5:59,,23.6,90.5,narayanganj sadar,narayanganj,dhaka,30,27,22,113,,70,10,,,winter,rape,7
3751,12,52,wednesday,0,night,20 - 5:59,,24.207,91.2097,nasirnagar,brahmanbaria,chattogram,30,26,20,113,,62,10,,,winter,rape,7
3752,12,52,wednesday,0,night,20 - 5:59,,24.207,91.2097,nasirnagar,brahmanbaria,chattogram,30,26,20,113,,62,10,,,winter,rape,7
3753,2,7,sunday,0,night,20 - 5:59,,22.7461,89.9678,nazirpur,pirojpur,barisal,26,23,19,296,,63,9,,,winter,rape,7
3754,11,45,saturday,1,afternoon,16 - 17:59,,22.7461,89.9678,nazirpur,pirojpur,barisal,30,26,21,113,,79,10,,,winter,rape,7
3755,4,14,thursday,0,morning,6 - 11:59,,22.7461,89.9678,nazirpur,pirojpur,barisal,37,32,26,116,,61,10,,,hot,rape,7
3756,3,11,wednesday,0,night,20 - 5:59,,22.7461,89.9678,nazirpur,pirojpur,barisal,35,29,22,113,,43,10,,,hot,rape,7
3757,1,5,tuesday,0,night,20 - 5:59,,22.7461,89.9678,nazirpur,pirojpur,barisal,31,26,19,113,,44,10,,,winter,rape,7
3758,5,19,friday,1,night,20 - 5:59,,22.7472,90.1036,nesarabad,pirojpur,barisal,40,35,28,116,,59,10,,,hot,rape,7
3759,8,34,friday,1,night,20 - 5:59,,22.7472,90.1036,nesarabad,pirojpur,barisal,32,30,27,356,,78,9,,,rainy,rape,7
3760,8,34,sunday,0,morning,6 - 11:59,,22.7472,90.1036,nesarabad,pirojpur,barisal,32,30,26,386,,78,9,,,rainy,rape,7
3761,11,46,wednesday,0,night,20 - 5:59,,24.875,90.7333,netrokona sadar,netrokona,mymensingh,31,25,18,113,,73,10,,,winter,rape,7
3762,6,26,monday,0,night,20 - 5:59,,24.8583,88.5667,niamatpur,naogaon,rajshahi,33,30,28,359,,75,8,,,rainy,rape,7
3763,11,47,thursday,0,night,20 - 5:59,,25.9417,88.8444,nilphamari sadar,nilphamari,rangpur,30,26,20,113,,61,10,,,winter,rape,7
3764,9,36,wednesday,0,night,20 - 5:59,,24.6611,89.2333,nondigram,bogura,rajshahi,29,28,28,305,,85,9,,,rainy,rape,7
3765,5,21,thursday,0,night,20 - 5:59,,24.6611,89.2333,nondigram,bogura,rajshahi,39,36,30,176,,50,10,,,hot,rape,7
3766,9,36,wednesday,0,night,20 - 5:59,,24.6611,89.2333,nondigram,bogura,rajshahi,29,28,28,305,,85,9,,,rainy,rape,7
3767,4,15,friday,1,night,20 - 5:59,,24.6611,89.2333,nondigram,bogura,rajshahi,42,35,24,113,,22,10,,,hot,rape,7
3768,9,39,thursday,0,morning,6 - 11:59,,24.4417,88.6278,paba,rajshahi,rajshahi,26,24,23,308,,94,7,,,rainy,rape,7
3769,5,22,monday,0,night,20 - 5:59,,24.4417,88.6278,paba,rajshahi,rajshahi,37,34,29,386,,55,10,,,hot,rape,7
3770,6,24,sunday,0,night,20 - 5:59,,24.4417,88.6278,paba,rajshahi,rajshahi,44,39,30,113,,50,10,,,rainy,rape,7
3771,7,30,wednesday,0,night,20 - 5:59,,24.005,89.25,pabna sadar,pabna,rajshahi,33,30,27,356,,80,9,,,rainy,rape,7
3772,5,22,wednesday,0,evening,18 - 19:59,,23.95,90.625,palash,narsingdi,dhaka,34,31,27,356,,78,9,,,hot,rape,7
3773,5,21,thursday,0,night,20 - 5:59,,23.95,90.625,palash,narsingdi,dhaka,31,30,27,386,,86,7,,,hot,rape,7
3774,8,34,thursday,0,night,20 - 5:59,,23.95,90.625,palash,narsingdi,dhaka,32,30,27,359,,83,6,,,rainy,rape,7
3775,11,46,monday,0,evening,18 - 19:59,,26.3347,88.5583,panchagarh sadar,panchagarh,rangpur,29,25,18,113,,59,10,,,winter,rape,7
3776,11,46,saturday,1,evening,18 - 19:59,,25.195,89.02,panchbibi,joypurhat,rajshahi,30,27,23,113,,63,10,,,winter,rape,7
3777,7,28,friday,1,night,20 - 5:59,,25.195,89.02,panchbibi,joypurhat,rajshahi,33,31,26,353,,81,9,,,rainy,rape,7
3778,10,42,tuesday,0,night,20 - 5:59,,25.195,89.02,panchbibi,joypurhat,rajshahi,31,28,23,386,,82,9,,,rainy,rape,7
3779,1,2,saturday,1,night,20 - 5:59,,25.195,89.02,panchbibi,joypurhat,rajshahi,25,19,12,113,,32,10,,,winter,rape,7
3780,4,16,sunday,0,night,20 - 5:59,,25.195,89.02,panchbibi,joypurhat,rajshahi,32,29,22,386,,80,10,,,hot,rape,7
3781,4,16,sunday,0,night,20 - 5:59,,25.195,89.02,panchbibi,joypurhat,rajshahi,32,29,22,386,,80,10,,,hot,rape,7
3782,10,42,wednesday,0,noon,12 - 15:59,,25.6533,88.9155,parbatipur,dinajpur,rangpur,35,30,23,113,,70,10,,,rainy,rape,7
3783,12,48,sunday,0,noon,12 - 15:59,,25.6533,88.9155,parbatipur,dinajpur,rangpur,28,26,22,113,,53,10,,,winter,rape,7
3784,10,42,tuesday,0,noon,12 - 15:59,,25.6533,88.9155,parbatipur,dinajpur,rangpur,36,31,25,113,,69,10,,,rainy,rape,7
3785,10,42,tuesday,0,noon,12 - 15:59,,25.6533,88.9155,parbatipur,dinajpur,rangpur,36,31,25,113,,69,10,,,rainy,rape,7
3786,10,42,tuesday,0,noon,12 - 15:59,,25.6533,88.9155,parbatipur,dinajpur,rangpur,36,31,25,113,,69,10,,,rainy,rape,7
3787,8,35,tuesday,0,morning,6 - 11:59,,25.6533,88.9155,parbatipur,dinajpur,rangpur,37,32,28,356,,68,9,,,rainy,rape,7
3788,10,42,wednesday,0,noon,12 - 15:59,,25.6533,88.9155,parbatipur,dinajpur,rangpur,35,30,23,113,,70,10,,,rainy,rape,7
3789,10,42,tuesday,0,noon,12 - 15:59,,25.6533,88.9155,parbatipur,dinajpur,rangpur,36,31,25,113,,69,10,,,rainy,rape,7
3790,4,14,sunday,0,night,20 - 5:59,,25.6533,88.9155,parbatipur,dinajpur,rangpur,33,29,25,386,,69,8,,,hot,rape,7
3791,7,28,friday,1,evening,18 - 19:59,,25.6533,88.9155,parbatipur,dinajpur,rangpur,28,27,25,302,,92,7,,,rainy,rape,7
3792,8,33,friday,1,morning,6 - 11:59,,25.6533,88.9155,parbatipur,dinajpur,rangpur,34,31,28,386,,78,8,,,rainy,rape,7
3793,8,31,friday,1,morning,6 - 11:59,,25.6533,88.9155,parbatipur,dinajpur,rangpur,34,32,29,353,,74,10,,,rainy,rape,7
3794,10,42,tuesday,0,noon,12 - 15:59,,25.6533,88.9155,parbatipur,dinajpur,rangpur,36,31,25,113,,69,10,,,rainy,rape,7
3795,10,43,sunday,0,morning,6 - 11:59,,25.6533,88.9155,parbatipur,dinajpur,rangpur,31,27,22,113,,69,10,,,rainy,rape,7
3796,1,4,saturday,1,evening,18 - 19:59,,26.35,89.01667,patgram,lalmonirhat,rangpur,24,21,17,176,,55,9,,,winter,rape,7
3797,3,12,thursday,0,evening,18 - 19:59,,26.35,89.01667,patgram,lalmonirhat,rangpur,33,29,19,113,,36,10,,,hot,rape,7
3798,3,11,tuesday,0,evening,18 - 19:59,,26.35,89.01667,patgram,lalmonirhat,rangpur,36,31,21,113,,29,10,,,hot,rape,7
3799,4,15,thursday,0,morning,6 - 11:59,,22.0458,89.9689,pathorghata,barguna,barisal,32,30,26,386,,74,10,,,hot,rape,7
3800,8,32,thursday,0,night,20 - 5:59,,22.0458,89.9689,pathorghata,barguna,barisal,32,30,28,386,,78,9,,,rainy,rape,7
3801,1,4,wednesday,0,night,20 - 5:59,,22.3542,90.3181,patuakhali sadar,patuakhali,barisal,33,28,22,113,,48,10,,,winter,rape,7
3802,10,42,tuesday,0,noon,12 - 15:59,,21.813624,91.964845,pekua,coxsbazar,chattogram,29,27,24,113,,77,10,,,rainy,rape,7
3803,7,30,friday,1,night,20 - 5:59,,24.95,90.35,phulpur,mymensingh,mymensingh,31,29,26,353,,86,9,,,rainy,rape,7
3804,9,39,wednesday,0,night,20 - 5:59,,24.95,90.35,phulpur,mymensingh,mymensingh,28,26,24,353,,83,10,,,rainy,rape,7
3805,8,34,sunday,0,night,20 - 5:59,,25.58,89.4,pirgacha,rangpur,rangpur,31,28,26,359,,90,7,,,rainy,rape,7
3806,3,11,tuesday,0,afternoon,16 - 17:59,,25.58,89.4,pirgacha,rangpur,rangpur,38,31,21,113,,30,10,,,hot,rape,7
3807,1,5,thursday,0,night,20 - 5:59,,25.58,89.4,pirgacha,rangpur,rangpur,30,24,16,116,,36,10,,,winter,rape,7
3808,11,44,saturday,1,noon,12 - 15:59,,25.8542,88.3667,pirganj,thakurgaon,rangpur,34,27,21,113,,63,10,,,winter,rape,7
3809,10,42,wednesday,0,afternoon,16 - 17:59,,25.8542,88.3667,pirganj,thakurgaon,rangpur,33,29,24,176,,82,9,,,rainy,rape,7
3810,8,31,sunday,0,morning,6 - 11:59,,22.5778,89.99,pirojpur sadar,pirojpur,barisal,32,30,28,356,,77,9,,,rainy,rape,7
3811,7,30,tuesday,0,morning,6 - 11:59,,24.9333,90.6028,purbadhala,netrokona,mymensingh,32,30,26,176,,84,9,,,rainy,rape,7
3812,2,9,monday,0,morning,6 - 11:59,,24.375,88.85,puthia,rajshahi,rajshahi,30,26,19,113,,53,10,,,winter,rape,7
3813,3,10,saturday,1,evening,18 - 19:59,,24.375,88.85,puthia,rajshahi,rajshahi,36,31,22,113,,26,10,,,hot,rape,7
3814,7,31,wednesday,0,night,20 - 5:59,,22.5667,90.1417,rajapur,jhalakathi,barisal,32,30,26,359,,77,7,,,rainy,rape,7
3815,7,28,friday,1,night,20 - 5:59,,22.5667,90.1417,rajapur,jhalakathi,barisal,33,31,27,176,,76,10,,,rainy,rape,7
3816,7,31,wednesday,0,night,20 - 5:59,,22.5667,90.1417,rajapur,jhalakathi,barisal,32,30,26,359,,77,7,,,rainy,rape,7
3817,11,48,thursday,0,night,20 - 5:59,,22.5667,90.1417,rajapur,jhalakathi,barisal,29,26,20,113,,51,10,,,winter,rape,7
3818,12,51,tuesday,0,night,20 - 5:59,,22.5667,90.1417,rajapur,jhalakathi,barisal,28,23,17,113,,53,10,,,winter,rape,7
3819,1,2,saturday,1,night,20 - 5:59,,22.5667,90.1417,rajapur,jhalakathi,barisal,25,20,15,113,,38,10,,,winter,rape,7
3820,4,14,wednesday,0,morning,6 - 11:59,,22.5667,90.1417,rajapur,jhalakathi,barisal,30,29,26,353,,75,8,,,hot,rape,7
3821,9,36,friday,1,night,20 - 5:59,,22.5667,90.1417,rajapur,jhalakathi,barisal,32,30,27,353,,77,10,,,rainy,rape,7
3822,8,33,friday,1,night,20 - 5:59,,23.755,89.65,rajbari sadar,rajbari,dhaka,30,28,27,389,,92,6,,,rainy,rape,7
3823,5,22,wednesday,0,evening,18 - 19:59,,24.5194,91.8667,rajnagar,moulvibazar,sylhet,37,33,27,113,,61,10,,,hot,rape,7
3824,1,2,tuesday,0,morning,6 - 11:59,,23.2083,90.0333,rajoir,madaripur,dhaka,26,21,16,116,,61,10,,,winter,rape,7
3825,10,43,monday,0,night,20 - 5:59,,23.105,90.875,ramganj,lakshmipur,chattogram,32,30,26,116,,70,10,,,rainy,rape,7
3826,7,28,thursday,0,night,20 - 5:59,,23.105,90.875,ramganj,lakshmipur,chattogram,32,30,27,353,,80,9,,,rainy,rape,7
3827,3,12,tuesday,0,night,20 - 5:59,,22.944112,91.793518,ramgarh,khagrachhari,chattogram,30,27,23,113,,65,10,,,hot,rape,7
3828,8,34,thursday,0,morning,6 - 11:59,,22.6056,90.9972,ramgati,lakshmipur,chattogram,33,30,28,299,,77,9,,,rainy,rape,7
3829,2,9,friday,1,night,20 - 5:59,,22.5667,89.6639,rampal,bagerhat,khulna,34,30,24,113,,62,10,,,winter,rape,7
3830,4,16,thursday,0,night,20 - 5:59,,22.5667,89.6639,rampal,bagerhat,khulna,38,36,31,113,,47,10,,,hot,rape,7
3831,4,16,thursday,0,night,20 - 5:59,,22.5667,89.6639,rampal,bagerhat,khulna,38,36,31,113,,47,10,,,hot,rape,7
3832,8,32,thursday,0,night,20 - 5:59,,22.5667,89.6639,rampal,bagerhat,khulna,33,31,27,386,,78,9,,,rainy,rape,7
3833,4,15,thursday,0,night,20 - 5:59,,22.5667,89.6639,rampal,bagerhat,khulna,33,30,26,386,,71,10,,,hot,rape,7
3834,4,13,sunday,0,night,20 - 5:59,,22.5667,89.6639,rampal,bagerhat,khulna,36,32,26,113,,58,10,,,hot,rape,7
3835,12,51,monday,0,night,20 - 5:59,,21.429087,92.089241,ramu,coxsbazar,chattogram,26,23,18,113,,74,10,,,winter,rape,7
3836,3,10,wednesday,0,morning,6 - 11:59,,25.88833,88.25167,ranisankail,thakurgaon,rangpur,33,29,23,113,,27,10,,,hot,rape,7
3837,6,23,wednesday,0,night,20 - 5:59,,25.88833,88.25167,ranisankail,thakurgaon,rangpur,37,34,29,200,,67,10,,,rainy,rape,7
3838,3,10,wednesday,0,morning,6 - 11:59,,25.88833,88.25167,ranisankail,thakurgaon,rangpur,33,29,23,113,,27,10,,,hot,rape,7
3839,6,23,friday,1,night,20 - 5:59,,22.1667,92.3333,rowangchhari,bandarban,chattogram,36,32,26,386,,79,8,,,rainy,rape,7
3840,12,51,sunday,0,noon,12 - 15:59,,22.1667,92.3333,rowangchhari,bandarban,chattogram,31,24,12,248,,81,5,,,winter,rape,7
3841,5,21,thursday,0,morning,6 - 11:59,,22.1667,92.3333,rowangchhari,bandarban,chattogram,39,33,26,176,,71,9,,,hot,rape,7
3842,5,21,friday,1,morning,6 - 11:59,,22.1667,92.3333,rowangchhari,bandarban,chattogram,35,31,25,386,,77,7,,,hot,rape,7
3843,6,23,friday,1,night,20 - 5:59,,22.1667,92.3333,rowangchhari,bandarban,chattogram,36,32,26,386,,79,8,,,rainy,rape,7
3844,9,38,tuesday,0,night,20 - 5:59,,23.7931,90.5167,rupganj,narayanganj,dhaka,35,32,27,116,,71,10,,,rainy,rape,7
3845,9,39,tuesday,0,night,20 - 5:59,,23.7931,90.5167,rupganj,narayanganj,dhaka,29,27,26,353,,80,10,,,rainy,rape,7
3846,5,20,wednesday,0,evening,18 - 19:59,,23.7931,90.5167,rupganj,narayanganj,dhaka,36,34,29,200,,64,9,,,hot,rape,7
3847,3,10,friday,1,night,20 - 5:59,,23.7931,90.5167,rupganj,narayanganj,dhaka,35,31,22,113,,33,10,,,hot,rape,7
3848,9,36,saturday,1,night,20 - 5:59,,23.7931,90.5167,rupganj,narayanganj,dhaka,33,30,27,386,,79,10,,,rainy,rape,7
3849,1,4,friday,1,night,20 - 5:59,,23.7931,90.5167,rupganj,narayanganj,dhaka,31,27,20,113,,47,10,,,winter,rape,7
3850,6,23,wednesday,0,night,20 - 5:59,,23.7931,90.5167,rupganj,narayanganj,dhaka,37,34,29,353,,68,10,,,rainy,rape,7
3851,1,2,friday,1,night,20 - 5:59,,23.7931,90.5167,rupganj,narayanganj,dhaka,29,25,19,113,,45,10,,,winter,rape,7
3852,12,51,friday,1,night,20 - 5:59,,25.3833,89.4667,sadullapur,gaibandha,rangpur,26,24,21,116,,59,10,,,winter,rape,7
3853,6,23,wednesday,0,evening,18 - 19:59,,25.3833,89.4667,sadullapur,gaibandha,rangpur,37,35,30,116,,56,10,,,rainy,rape,7
3854,11,45,saturday,1,morning,6 - 11:59,,25.3833,89.4667,sadullapur,gaibandha,rangpur,31,26,19,143,,77,8,,,winter,rape,7
3855,9,36,friday,1,evening,18 - 19:59,,25.1056,89.5861,saghata,gaibandha,rangpur,33,30,26,176,,76,10,,,rainy,rape,7
3856,8,31,saturday,1,night,20 - 5:59,,24.31667,90.16806,sakhipur,tangail,dhaka,35,32,29,200,,72,9,,,rainy,rape,7
3857,7,28,thursday,0,evening,18 - 19:59,,23.410295,89.80207,saltha,faridpur,dhaka,33,30,27,356,,82,8,,,rainy,rape,7
3858,7,29,friday,1,noon,12 - 15:59,,23.410295,89.80207,saltha,faridpur,dhaka,34,32,28,359,,75,8,,,rainy,rape,7
3859,7,29,wednesday,0,noon,12 - 15:59,,23.410295,89.80207,saltha,faridpur,dhaka,35,33,28,356,,74,9,,,rainy,rape,7
3860,9,39,friday,1,evening,18 - 19:59,,23.410295,89.80207,saltha,faridpur,dhaka,29,27,24,353,,81,10,,,rainy,rape,7
3861,7,29,friday,1,noon,12 - 15:59,,23.410295,89.80207,saltha,faridpur,dhaka,34,32,28,359,,75,8,,,rainy,rape,7
3862,7,29,friday,1,noon,12 - 15:59,,23.410295,89.80207,saltha,faridpur,dhaka,34,32,28,359,,75,8,,,rainy,rape,7
3863,11,45,wednesday,0,night,20 - 5:59,,24.0583,89.5333,santhia,pabna,rajshahi,32,28,23,113,,61,10,,,winter,rape,7
3864,3,10,saturday,1,night,20 - 5:59,,24.0583,89.5333,santhia,pabna,rajshahi,38,34,26,116,,20,10,,,hot,rape,7
3865,11,46,tuesday,0,night,20 - 5:59,,25.125,88.58167,sapahar,naogaon,rajshahi,29,26,19,113,,69,10,,,winter,rape,7
3866,9,38,monday,0,night,20 - 5:59,,24.7417,89.8333,sarishabari,jamalpur,mymensingh,35,31,26,353,,75,9,,,rainy,rape,7
3867,8,33,saturday,1,night,20 - 5:59,,22.7167,89.075,satkhira sadar,satkhira,khulna,31,28,26,356,,87,9,,,rainy,rape,7
3868,10,42,tuesday,0,night,20 - 5:59,,23.961012,89.998051,saturia,manikganj,dhaka,32,29,24,116,,64,10,,,rainy,rape,7
3869,2,8,tuesday,0,night,20 - 5:59,,22.8256,91.1014,senbug,noakhali,chattogram,32,28,21,113,,49,10,,,winter,rape,7
3870,7,31,tuesday,0,night,20 - 5:59,,22.8256,91.1014,senbug,noakhali,chattogram,32,30,27,356,,79,9,,,rainy,rape,7
3871,9,39,tuesday,0,night,20 - 5:59,,22.8256,91.1014,senbug,noakhali,chattogram,31,29,27,359,,81,5,,,rainy,rape,7
3872,2,8,friday,1,night,20 - 5:59,,24.17,89.58833,shahjadpur,sirajganj,rajshahi,33,29,22,113,,44,10,,,winter,rape,7
3873,3,13,wednesday,0,night,20 - 5:59,,24.17,89.58833,shahjadpur,sirajganj,rajshahi,33,29,22,386,,43,10,,,hot,rape,7
3874,8,34,wednesday,0,night,20 - 5:59,,24.17,89.58833,shahjadpur,sirajganj,rajshahi,33,31,27,356,,80,8,,,rainy,rape,7
3875,11,45,tuesday,0,night,20 - 5:59,,23.6917,89.25,shailkupa,jhenaidah,khulna,33,28,22,113,,66,10,,,winter,rape,7
3876,2,7,saturday,1,night,20 - 5:59,,24.762147,89.382832,shajahanpur,bogura,rajshahi,28,24,20,293,,52,10,,,winter,rape,7
3877,11,48,tuesday,0,night,20 - 5:59,,24.8833,89.5667,shariakandi,bogura,rajshahi,31,26,20,113,,64,10,,,winter,rape,7
3878,6,26,saturday,1,evening,18 - 19:59,,23.20833,90.35,shariatpur sadar,shariatpur,dhaka,34,32,28,299,,75,9,,,rainy,rape,7
3879,10,42,tuesday,0,night,20 - 5:59,,23.0744,88.8667,sharsha,jashore,khulna,32,29,25,359,,83,9,,,rainy,rape,7
3880,6,24,sunday,0,night,20 - 5:59,,23.0744,88.8667,sharsha,jashore,khulna,38,34,29,386,,68,9,,,rainy,rape,7
3881,9,36,tuesday,0,night,20 - 5:59,,23.0744,88.8667,sharsha,jashore,khulna,33,31,27,356,,83,9,,,rainy,rape,7
3882,10,40,saturday,1,night,20 - 5:59,,23.0744,88.8667,sharsha,jashore,khulna,32,31,26,122,,73,10,,,rainy,rape,7
3883,9,40,monday,0,night,20 - 5:59,,23.0744,88.8667,sharsha,jashore,khulna,29,27,23,356,,87,8,,,rainy,rape,7
3884,3,9,thursday,0,night,20 - 5:59,,23.0744,88.8667,sharsha,jashore,khulna,34,32,26,113,,36,10,,,hot,rape,7
3885,10,43,wednesday,0,night,20 - 5:59,,23.0744,88.8667,sharsha,jashore,khulna,33,30,25,119,,62,10,,,rainy,rape,7
3886,12,53,monday,0,morning,6 - 11:59,,23.0744,88.8667,sharsha,jashore,khulna,25,22,17,113,,34,10,,,winter,rape,7
3887,4,15,monday,0,evening,18 - 19:59,,23.0744,88.8667,sharsha,jashore,khulna,44,40,30,113,,32,10,,,hot,rape,7
3888,7,29,wednesday,0,night,20 - 5:59,,23.0744,88.8667,sharsha,jashore,khulna,37,34,29,356,,68,10,,,rainy,rape,7
3889,9,37,sunday,0,night,20 - 5:59,,24.66667,89.41667,sherpur,bogura,rajshahi,33,31,27,356,,77,9,,,rainy,rape,7
3890,11,46,monday,0,night,20 - 5:59,,24.66667,89.41667,sherpur,bogura,rajshahi,29,25,20,176,,74,10,,,winter,rape,7
3891,5,20,thursday,0,night,20 - 5:59,,24.66667,89.41667,sherpur,bogura,rajshahi,36,32,26,200,,70,10,,,hot,rape,7
3892,7,28,friday,1,morning,6 - 11:59,,24.66667,89.41667,sherpur,bogura,rajshahi,33,31,28,386,,78,9,,,rainy,rape,7
3893,6,22,sunday,0,morning,6 - 11:59,,24.66667,89.41667,sherpur,bogura,rajshahi,37,33,28,359,,77,9,,,rainy,rape,7
3894,1,4,sunday,0,night,20 - 5:59,,24.66667,89.41667,sherpur,bogura,rajshahi,29,25,20,113,,48,10,,,winter,rape,7
3895,9,35,sunday,0,evening,18 - 19:59,,24.66667,89.41667,sherpur,bogura,rajshahi,34,31,27,356,,77,8,,,rainy,rape,7
3896,4,17,wednesday,0,noon,12 - 15:59,,25.0167,89.3167,shibganj,bogura,rajshahi,36,31,26,389,,55,9,,,hot,rape,7
3897,7,30,friday,1,night,20 - 5:59,,25.0167,89.3167,shibganj,chapainawabganj,rajshahi,31,29,28,356,,81,8,,,rainy,rape,7
3898,6,23,saturday,1,night,20 - 5:59,,24.020189,90.74723,shibpur,narsingdi,dhaka,33,31,27,359,,76,9,,,rainy,rape,7
3899,4,16,sunday,0,night,20 - 5:59,,23.8167,90.15,singiar,manikganj,dhaka,38,34,28,116,,36,10,,,hot,rape,7
3900,4,18,tuesday,0,morning,6 - 11:59,,24.5,89.13333,singra,natore,rajshahi,41,36,28,176,,59,10,,,hot,rape,7
3901,6,23,sunday,0,morning,6 - 11:59,,23.5667,90.3833,sirajdikhan,munshiganj,dhaka,33,30,26,356,,85,9,,,rainy,rape,7
3902,6,23,sunday,0,morning,6 - 11:59,,23.5667,90.3833,sirajdikhan,munshiganj,dhaka,33,30,26,356,,85,9,,,rainy,rape,7
3903,3,11,monday,0,night,20 - 5:59,,23.5667,90.3833,sirajdikhan,munshiganj,dhaka,31,27,20,113,,40,10,,,hot,rape,7
3904,10,41,saturday,1,night,20 - 5:59,,24.4583,89.7,sirajganj sadar,sirajganj,rajshahi,32,28,25,356,,84,9,,,rainy,rape,7
3905,11,47,thursday,0,noon,12 - 15:59,,23.03833,91.10833,sonaimori,noakhali,chattogram,32,27,20,113,,59,10,,,winter,rape,7
3906,6,26,thursday,0,night,20 - 5:59,,23.03833,91.10833,sonaimori,noakhali,chattogram,34,31,29,353,,76,10,,,rainy,rape,7
3907,10,41,monday,0,evening,18 - 19:59,,23.6583,90.6083,sonargaon,narayanganj,dhaka,32,29,26,116,,77,10,,,rainy,rape,7
3908,5,21,friday,1,night,20 - 5:59,,23.6583,90.6083,sonargaon,narayanganj,dhaka,33,30,26,356,,89,8,,,hot,rape,7
3909,5,20,monday,0,night,20 - 5:59,,23.6583,90.6083,sonargaon,narayanganj,dhaka,36,32,28,386,,71,10,,,hot,rape,7
3910,5,18,sunday,0,morning,6 - 11:59,,23.6583,90.6083,sonargaon,narayanganj,dhaka,36,34,29,116,,58,10,,,hot,rape,7
3911,2,6,wednesday,0,noon,12 - 15:59,,25.0333,89.4917,sonatala,bogura,rajshahi,29,25,20,116,,46,10,,,winter,rape,7
3912,4,17,wednesday,0,night,20 - 5:59,,25.15,89.90056,sreebordi,sherpur,mymensingh,36,33,26,113,,44,10,,,hot,rape,7
3913,6,23,wednesday,0,noon,12 - 15:59,,25.15,89.90056,sreebordi,sherpur,mymensingh,33,30,25,386,,77,9,,,rainy,rape,7
3914,2,8,friday,1,night,20 - 5:59,,25.15,89.90056,sreebordi,sherpur,mymensingh,31,26,20,113,,52,10,,,winter,rape,7
3915,1,1,thursday,0,night,20 - 5:59,,25.15,89.90056,sreebordi,sherpur,mymensingh,26,22,17,113,,52,10,,,winter,rape,7
3916,11,45,saturday,1,night,20 - 5:59,,25.15,89.90056,sreebordi,sherpur,mymensingh,31,26,18,113,,59,10,,,winter,rape,7
3917,7,30,wednesday,0,evening,18 - 19:59,,24.3083,91.7333,sreemangal,moulvibazar,sylhet,30,28,25,356,,90,9,,,rainy,rape,7
3918,1,3,monday,0,night,20 - 5:59,,24.3083,91.7333,sreemangal,moulvibazar,sylhet,29,23,15,113,,61,10,,,winter,rape,7
3919,6,25,wednesday,0,evening,18 - 19:59,,24.3083,91.7333,sreemangal,moulvibazar,sylhet,32,29,25,356,,83,8,,,rainy,rape,7
3920,10,42,friday,1,night,20 - 5:59,,24.3083,91.7333,sreemangal,moulvibazar,sylhet,33,29,23,176,,79,10,,,rainy,rape,7
3921,10,42,wednesday,0,night,20 - 5:59,,24.2,90.4667,sreepur,gazipur,dhaka,32,29,26,113,,60,10,,,rainy,rape,7
3922,6,24,saturday,1,evening,18 - 19:59,,24.2,90.4667,sreepur,gazipur,dhaka,34,31,26,176,,80,10,,,rainy,rape,7
3923,6,23,tuesday,0,night,20 - 5:59,,24.2,90.4667,sreepur,gazipur,dhaka,36,33,28,386,,76,9,,,rainy,rape,7
3924,9,38,friday,1,morning,6 - 11:59,,23.6,89.3875,sreepur,magura,khulna,34,31,27,176,,75,10,,,rainy,rape,7
3925,10,40,saturday,1,night,20 - 5:59,,24.2,90.4667,sreepur,gazipur,dhaka,33,31,26,176,,72,10,,,rainy,rape,7
3926,10,44,wednesday,0,night,20 - 5:59,,24.2,90.4667,sreepur,gazipur,dhaka,35,30,25,113,,61,10,,,rainy,rape,7
3927,9,40,monday,0,night,20 - 5:59,,24.2,90.4667,sreepur,gazipur,dhaka,30,27,23,356,,86,6,,,rainy,rape,7
3928,4,16,monday,0,night,20 - 5:59,,24.2,90.4667,sreepur,gazipur,dhaka,38,35,29,113,,47,10,,,hot,rape,7
3929,9,36,tuesday,0,night,20 - 5:59,,23.6,89.3875,sreepur,magura,khulna,35,33,28,359,,68,9,,,rainy,rape,7
3930,10,42,tuesday,0,night,20 - 5:59,,24.2,90.4667,sreepur,gazipur,dhaka,31,29,26,116,,65,10,,,rainy,rape,7
3931,1,5,monday,0,morning,6 - 11:59,,22.6833,91.11,subarnachar,noakhali,chattogram,29,26,22,116,,46,10,,,winter,rape,7
3932,1,5,thursday,0,night,20 - 5:59,,22.6833,91.11,subarnachar,noakhali,chattogram,32,25,17,113,,44,10,,,winter,rape,7
3933,12,52,sunday,0,night,20 - 5:59,,22.6833,91.11,subarnachar,noakhali,chattogram,29,23,16,113,,51,10,,,winter,rape,7
3934,12,52,sunday,0,night,20 - 5:59,,22.6833,91.11,subarnachar,noakhali,chattogram,29,23,16,113,,51,10,,,winter,rape,7
3935,8,31,saturday,1,night,20 - 5:59,,22.6833,91.11,subarnachar,noakhali,chattogram,32,30,27,353,,83,10,,,rainy,rape,7
3936,1,1,tuesday,0,night,20 - 5:59,,22.6833,91.11,subarnachar,noakhali,chattogram,31,26,19,113,,48,10,,,winter,rape,7
3937,10,40,wednesday,0,night,20 - 5:59,,22.6833,91.11,subarnachar,noakhali,chattogram,35,32,28,176,,74,10,,,rainy,rape,7
3938,8,33,sunday,0,morning,6 - 11:59,,23.9167,89.4333,sujanagar,pabna,rajshahi,33,31,27,116,,74,10,,,rainy,rape,7
3939,9,38,thursday,0,night,20 - 5:59,,23.9167,89.4333,sujanagar,pabna,rajshahi,34,30,28,359,,72,7,,,rainy,rape,7
3940,9,36,thursday,0,night,20 - 5:59,,23.9167,89.4333,sujanagar,pabna,rajshahi,34,31,26,176,,78,10,,,rainy,rape,7
3941,4,16,sunday,0,night,20 - 5:59,,23.9167,89.4333,sujanagar,pabna,rajshahi,32,29,26,263,,54,9,,,hot,rape,7
3942,5,18,sunday,0,morning,6 - 11:59,,23.9167,89.4333,sujanagar,pabna,rajshahi,37,33,28,353,,66,9,,,hot,rape,7
3943,1,2,monday,0,night,20 - 5:59,,25.06667,91.4,sunamganj sadar,sunamganj,sylhet,32,26,18,113,,44,10,,,winter,rape,7
3944,1,3,tuesday,0,afternoon,16 - 17:59,,25.0917,91.175,tahirpur,sunamganj,sylhet,27,23,16,113,,55,10,,,winter,rape,7
3945,11,46,saturday,1,evening,18 - 19:59,,22.75,89.25,tala,satkhira,khulna,31,28,24,113,,70,10,,,winter,rape,7
3946,11,46,friday,1,evening,18 - 19:59,,22.75,89.25,tala,satkhira,khulna,32,28,23,113,,74,10,,,winter,rape,7
3947,7,27,saturday,1,night,20 - 5:59,,22.75,89.25,tala,satkhira,khulna,34,32,28,176,,73,10,,,rainy,rape,7
3948,9,35,sunday,0,night,20 - 5:59,,24.25,89.9167,tangail sadar,tangail,dhaka,37,34,29,116,,64,10,,,rainy,rape,7
3949,10,44,thursday,0,morning,6 - 11:59,,24.6028,88.5806,tanore,rajshahi,rajshahi,30,27,22,116,,70,10,,,rainy,rape,7
3950,4,14,friday,1,evening,18 - 19:59,,25.8111,89.0167,taragonj,rangpur,rangpur,32,27,21,386,,68,10,,,hot,rape,7
3951,7,28,sunday,0,morning,6 - 11:59,,26.48274,88.35069,tetulia,panchagarh,rangpur,35,32,22,356,,71,8,,,rainy,rape,7
3952,1,4,saturday,1,night,20 - 5:59,,26.48274,88.35069,tetulia,panchagarh,rangpur,22,18,8,113,,35,10,,,winter,rape,7
3953,8,35,tuesday,0,morning,6 - 11:59,,26.0208,88.4667,thakurgaon sadar,thakurgaon,rangpur,35,33,28,119,,68,10,,,rainy,rape,7
3954,9,39,friday,1,night,20 - 5:59,,26.0208,88.4667,thakurgaon sadar,thakurgaon,rangpur,29,27,24,359,,87,8,,,rainy,rape,7
3955,10,40,thursday,0,night,20 - 5:59,,26.0208,88.4667,thakurgaon sadar,thakurgaon,rangpur,35,31,27,113,,72,10,,,rainy,rape,7
3956,10,43,saturday,1,evening,18 - 19:59,,26.0208,88.4667,thakurgaon sadar,thakurgaon,rangpur,26,23,18,122,,85,10,,,rainy,rape,7
3957,10,43,wednesday,0,night,20 - 5:59,,26.0208,88.4667,thakurgaon sadar,thakurgaon,rangpur,27,25,20,116,,66,10,,,rainy,rape,7
3958,9,39,friday,1,night,20 - 5:59,,26.0208,88.4667,thakurgaon sadar,thakurgaon,rangpur,29,27,24,359,,87,8,,,rainy,rape,7
3959,12,49,tuesday,0,evening,18 - 19:59,,24.575,90.39167,trishal,mymensingh,mymensingh,29,25,20,113,,63,10,,,winter,rape,7
3960,5,20,wednesday,0,morning,6 - 11:59,,24.575,90.39167,trishal,mymensingh,mymensingh,37,33,27,353,,66,10,,,hot,rape,7
3961,7,28,thursday,0,noon,12 - 15:59,,21.242504,92.14122,ukhiya,coxsbazar,chattogram,29,28,27,359,,86,6,,,rainy,rape,7
3962,12,49,monday,0,evening,18 - 19:59,,21.242504,92.14122,ukhiya,coxsbazar,chattogram,26,23,19,113,,70,10,,,winter,rape,7
3963,7,27,tuesday,0,evening,18 - 19:59,,21.242504,92.14122,ukhiya,coxsbazar,chattogram,28,27,27,356,,88,7,,,rainy,rape,7
3964,7,28,thursday,0,noon,12 - 15:59,,21.242504,92.14122,ukhiya,coxsbazar,chattogram,29,28,27,359,,86,6,,,rainy,rape,7
3965,6,26,tuesday,0,night,20 - 5:59,,24.8778,92.3722,zakiganj,sylhet,sylhet,31,30,26,359,,89,6,,,rainy,rape,7
3966,8,35,friday,1,night,20 - 5:59,,22.50439,89.97897,zianagar,pirojpur,barisal,33,30,26,356,,79,9,,,rainy,rape,7
3967,10,44,thursday,0,afternoon,16 - 17:59,,23.01667,89.43333,abhaynagar,jashore,khulna,29,27,24,116,,74,10,,,rainy,assault,6
3968,11,44,friday,1,night,20 - 5:59,,25.925,89.35,aditmari,lalmonirhat,rangpur,29,25,20,113,,74,10,,,winter,assault,6
3969,9,35,thursday,0,night,20 - 5:59,,25.925,89.35,aditmari,lalmonirhat,rangpur,33,31,27,356,,77,9,,,rainy,assault,6
3970,3,11,friday,1,morning,6 - 11:59,,25.925,89.35,aditmari,lalmonirhat,rangpur,32,27,19,113,,31,10,,,hot,assault,6
3971,11,44,saturday,1,night,20 - 5:59,,25.925,89.35,aditmari,lalmonirhat,rangpur,29,26,22,143,,80,9,,,winter,assault,6
3972,8,34,monday,0,night,20 - 5:59,,25.925,89.35,aditmari,lalmonirhat,rangpur,34,31,26,353,,74,10,,,rainy,assault,6
3973,4,16,friday,1,noon,12 - 15:59,,22.9667,90.15,agailjhara,barisal,barisal,37,33,29,116,,69,10,,,hot,assault,6
3974,5,20,sunday,0,morning,6 - 11:59,,23.8833,91.2166,akhaura,brahmanbaria,chattogram,32,29,25,359,,83,8,,,hot,assault,6
3975,2,5,saturday,1,morning,6 - 11:59,,23.8833,91.2166,akhaura,brahmanbaria,chattogram,31,26,17,113,,54,10,,,winter,assault,6
3976,2,5,saturday,1,morning,6 - 11:59,,23.8833,91.2166,akhaura,brahmanbaria,chattogram,31,26,17,113,,54,10,,,winter,assault,6
3977,8,32,tuesday,0,afternoon,16 - 17:59,,24.975,89.02,akkelpur,joypurhat,rajshahi,34,32,27,176,,73,10,,,rainy,assault,6
3978,8,33,saturday,1,night,20 - 5:59,,24.975,89.02,akkelpur,joypurhat,rajshahi,34,31,27,356,,77,10,,,rainy,assault,6
3979,8,33,saturday,1,night,20 - 5:59,,24.975,89.02,akkelpur,joypurhat,rajshahi,34,31,27,356,,77,10,,,rainy,assault,6
3980,6,23,saturday,1,night,20 - 5:59,,23.7583,88.95,alamdanga,chuadanga,khulna,35,32,28,356,,68,9,,,rainy,assault,6
3981,2,8,monday,0,night,20 - 5:59,,23.7583,88.95,alamdanga,chuadanga,khulna,35,31,25,113,,33,10,,,winter,assault,6
3982,10,42,wednesday,0,night,20 - 5:59,,23.7583,88.95,alamdanga,chuadanga,khulna,33,30,26,356,,76,9,,,rainy,assault,6
3983,6,23,friday,1,night,20 - 5:59,,22.1294,90.2289,amtali,barguna,barisal,34,32,28,356,,73,7,,,rainy,assault,6
3984,11,48,monday,0,morning,6 - 11:59,,22.1294,90.2289,amtali,barguna,barisal,31,27,23,113,,70,10,,,winter,assault,6
3985,2,8,saturday,1,morning,6 - 11:59,,22.1294,90.2289,amtali,barguna,barisal,34,29,22,113,,38,10,,,winter,assault,6
3986,9,38,saturday,1,night,20 - 5:59,,22.1294,90.2289,amtali,barguna,barisal,34,32,28,116,,75,10,,,rainy,assault,6
3987,4,17,tuesday,0,night,20 - 5:59,,22.1294,90.2289,amtali,barguna,barisal,34,31,27,119,,74,10,,,hot,assault,6
3988,9,38,saturday,1,night,20 - 5:59,,22.1294,90.2289,amtali,barguna,barisal,34,32,28,116,,75,10,,,rainy,assault,6
3989,3,13,friday,1,night,20 - 5:59,,22.1294,90.2289,amtali,barguna,barisal,33,30,25,122,,73,10,,,hot,assault,6
3990,9,38,thursday,0,night,20 - 5:59,,22.1294,90.2289,amtali,barguna,barisal,34,32,28,116,,71,10,,,rainy,assault,6
3991,5,22,monday,0,night,20 - 5:59,,23.7917,90.65,araihazar,narayanganj,dhaka,35,32,27,359,,78,8,,,hot,assault,6
3992,6,24,monday,0,night,20 - 5:59,,24.1333,89.25,atghoria,pabna,rajshahi,27,27,26,308,,87,7,,,rainy,assault,6
3993,10,43,friday,1,night,20 - 5:59,,26.3083,88.4583,atwari,panchagarh,rangpur,30,26,21,176,,75,10,,,rainy,assault,6
3994,5,20,saturday,1,evening,18 - 19:59,,24.96667,88.9,badalgachi,naogaon,rajshahi,41,36,29,116,,57,10,,,hot,assault,6
3995,9,36,monday,0,night,20 - 5:59,,25.66667,89.05,badargonj,rangpur,rangpur,34,32,27,359,,72,8,,,rainy,assault,6
3996,1,4,sunday,0,noon,12 - 15:59,,24.33,88.945,bagatipara,natore,rajshahi,30,26,19,113,,43,10,,,winter,assault,6
3997,11,47,tuesday,0,night,20 - 5:59,,22.66667,89.8,bagerhat sadar,bagerhat,khulna,30,27,22,116,,66,10,,,winter,assault,6
3998,1,1,monday,0,night,20 - 5:59,,24.1917,88.8333,bagha,rajshahi,rajshahi,30,25,19,113,,48,10,,,winter,assault,6
3999,10,43,monday,0,morning,6 - 11:59,,24.1917,88.8333,bagha,rajshahi,rajshahi,33,29,24,116,,63,10,,,rainy,assault,6
4000,2,5,saturday,1,afternoon,16 - 17:59,,26.1,88.275,baliadangi,thakurgaon,rangpur,28,24,18,113,,51,10,,,winter,assault,6
4001,1,1,tuesday,0,night,20 - 5:59,,23.635,89.55,baliakandi,rajbari,dhaka,29,25,20,113,,49,10,,,winter,assault,6
4002,9,37,wednesday,0,noon,12 - 15:59,,23.635,89.55,baliakandi,rajbari,dhaka,34,32,28,353,,73,10,,,rainy,assault,6
4003,2,8,tuesday,0,night,20 - 5:59,,23.635,89.55,baliakandi,rajbari,dhaka,32,27,19,113,,38,10,,,winter,assault,6
4004,8,34,wednesday,0,night,20 - 5:59,,23.7778,90.8083,bancharampur,brahmanbaria,chattogram,35,32,28,386,,72,10,,,rainy,assault,6
4005,6,25,wednesday,0,afternoon,16 - 17:59,,23.6167,90.525,bandar,narayanganj,dhaka,38,34,29,200,,66,10,,,rainy,assault,6
4006,11,45,monday,0,afternoon,16 - 17:59,,23.6167,90.525,bandar,narayanganj,dhaka,28,26,22,176,,81,10,,,winter,assault,6
4007,11,47,thursday,0,night,20 - 5:59,,22.2333,92.1917,bandarban sadar,bandarban,chattogram,28,25,21,113,,70,10,,,winter,assault,6
4008,7,30,wednesday,0,morning,6 - 11:59,,24.5417,91.3333,baniachong,habiganj,sylhet,30,28,25,356,,90,7,,,rainy,assault,6
4009,5,18,saturday,1,afternoon,16 - 17:59,,24.5417,91.3333,baniachong,habiganj,sylhet,26,25,25,359,,89,8,,,hot,assault,6
4010,3,12,sunday,0,morning,6 - 11:59,,24.5417,91.3333,baniachong,habiganj,sylhet,36,31,22,113,,47,10,,,hot,assault,6
4011,11,47,tuesday,0,morning,6 - 11:59,,24.3083,89.1708,baraigram,natore,rajshahi,33,28,22,113,,51,10,,,winter,assault,6
4012,3,12,saturday,1,night,20 - 5:59,,22.1508,90.1264,barguna sadar,barguna,barisal,34,30,25,116,,72,10,,,hot,assault,6
4013,1,3,monday,0,night,20 - 5:59,,22.7,90.3667,barisal sadar,barisal,barisal,27,24,20,113,,48,10,,,winter,assault,6
4014,2,8,friday,1,evening,18 - 19:59,,22.7,90.3667,barisal sadar,barisal,barisal,31,28,24,116,,63,10,,,winter,assault,6
4015,3,11,tuesday,0,noon,12 - 15:59,,22.7,90.3667,barisal sadar,barisal,barisal,34,30,24,200,,66,10,,,hot,assault,6
4016,1,3,monday,0,night,20 - 5:59,,22.7,90.3667,barisal sadar,barisal,barisal,27,24,20,113,,48,10,,,winter,assault,6
4017,8,32,wednesday,0,night,20 - 5:59,,24.7083,92.2,barlekha,moulvibazar,sylhet,32,29,25,353,,86,8,,,rainy,assault,6
4018,10,40,saturday,1,night,20 - 5:59,,24.7083,92.2,barlekha,moulvibazar,sylhet,36,31,25,176,,75,9,,,rainy,assault,6
4019,2,5,thursday,0,noon,12 - 15:59,,24.2167,90.05,basail,tangail,dhaka,28,23,15,113,,43,10,,,winter,assault,6
4020,10,42,friday,1,night,20 - 5:59,,22.4292,90.5139,bauphal,patuakhali,barisal,33,30,26,113,,74,10,,,rainy,assault,6
4021,2,5,saturday,1,morning,6 - 11:59,,22.4292,90.5139,bauphal,patuakhali,barisal,32,28,23,113,,51,10,,,winter,assault,6
4022,6,26,saturday,1,night,20 - 5:59,,22.4292,90.5139,bauphal,patuakhali,barisal,33,31,28,356,,73,9,,,rainy,assault,6
4023,3,12,tuesday,0,night,20 - 5:59,,22.4292,90.5139,bauphal,patuakhali,barisal,33,29,22,113,,53,10,,,hot,assault,6
4024,9,39,sunday,0,night,20 - 5:59,,22.4292,90.5139,bauphal,patuakhali,barisal,32,30,27,353,,73,10,,,rainy,assault,6
4025,12,50,tuesday,0,morning,6 - 11:59,,22.4292,90.5139,bauphal,patuakhali,barisal,32,27,20,113,,48,10,,,winter,assault,6
4026,3,12,thursday,0,night,20 - 5:59,,22.4292,90.5139,bauphal,patuakhali,barisal,33,29,23,176,,59,10,,,hot,assault,6
4027,8,35,friday,1,night,20 - 5:59,,22.4292,90.5139,bauphal,patuakhali,barisal,32,30,28,356,,77,10,,,rainy,assault,6
4028,9,39,monday,0,night,20 - 5:59,,24.825,92.1625,beanibazar,sylhet,sylhet,32,28,24,353,,85,10,,,rainy,assault,6
4029,10,43,wednesday,0,night,20 - 5:59,,22.95,91.1,begumganj,noakhali,chattogram,34,30,24,176,,79,9,,,rainy,assault,6
4030,5,21,friday,1,night,20 - 5:59,,24.2917,89.7,belkuchi,sirajganj,rajshahi,36,32,26,386,,75,7,,,hot,assault,6
4031,4,17,friday,1,night,20 - 5:59,,24.2917,89.7,belkuchi,sirajganj,rajshahi,33,30,26,386,,73,8,,,hot,assault,6
4032,11,46,thursday,0,night,20 - 5:59,,24.2917,89.7,belkuchi,sirajganj,rajshahi,30,25,19,113,,58,10,,,winter,assault,6
4033,6,23,wednesday,0,night,20 - 5:59,,24.0667,89.625,bera,pabna,rajshahi,37,34,29,176,,65,10,,,rainy,assault,6
4034,11,46,thursday,0,night,20 - 5:59,,24.0667,89.625,bera,pabna,rajshahi,30,25,19,113,,61,10,,,winter,assault,6
4035,4,17,thursday,0,morning,6 - 11:59,,24.0667,89.625,bera,pabna,rajshahi,38,36,29,113,,40,10,,,hot,assault,6
4036,4,16,thursday,0,morning,6 - 11:59,,24.0667,89.625,bera,pabna,rajshahi,40,35,29,122,,53,10,,,hot,assault,6
4037,3,13,wednesday,0,night,20 - 5:59,,24.375,90.37833,bhaluka,mymensingh,mymensingh,38,32,24,113,,33,10,,,hot,assault,6
4038,5,21,saturday,1,noon,12 - 15:59,,24.375,90.37833,bhaluka,mymensingh,mymensingh,33,30,26,359,,83,8,,,hot,assault,6
4039,9,39,wednesday,0,morning,6 - 11:59,,22.4889,90.0733,bhandaria,pirojpur,barisal,29,28,26,356,,86,8,,,rainy,assault,6
4040,12,49,saturday,1,morning,6 - 11:59,,22.4889,90.0733,bhandaria,pirojpur,barisal,28,25,19,119,,62,10,,,winter,assault,6
4041,6,23,sunday,0,night,20 - 5:59,,22.4889,90.0733,bhandaria,pirojpur,barisal,31,29,28,359,,79,7,,,rainy,assault,6
4042,9,39,thursday,0,afternoon,16 - 17:59,,22.4889,90.0733,bhandaria,pirojpur,barisal,32,30,27,356,,81,8,,,rainy,assault,6
4043,3,11,wednesday,0,morning,6 - 11:59,,23.3833,89.9833,bhanga,faridpur,dhaka,33,28,19,113,,30,10,,,hot,assault,6
4044,4,17,monday,0,morning,6 - 11:59,,24.0167,88.9917,bheramara,kushtia,khulna,36,32,27,356,,70,9,,,hot,assault,6
4045,11,45,saturday,1,night,20 - 5:59,,24.0167,88.9917,bheramara,kushtia,khulna,33,29,24,113,,49,10,,,winter,assault,6
4046,9,38,monday,0,night,20 - 5:59,,24.0211,91.2797,bijoynagar,brahmanbaria,chattogram,34,30,25,353,,84,8,,,rainy,assault,6
4047,7,28,thursday,0,morning,6 - 11:59,,24.0211,91.2797,bijoynagar,brahmanbaria,chattogram,31,28,26,353,,88,9,,,rainy,assault,6
4048,7,27,thursday,0,morning,6 - 11:59,,25.3783,88.9833,birampur,dinajpur,rangpur,35,33,28,356,,72,6,,,rainy,assault,6
4049,3,11,monday,0,night,20 - 5:59,,26,88.5833,birganj,dinajpur,rangpur,32,28,20,113,,40,10,,,hot,assault,6
4050,9,37,tuesday,0,night,20 - 5:59,,26,88.5833,birganj,dinajpur,rangpur,36,32,26,116,,60,10,,,rainy,assault,6
4051,6,23,thursday,0,night,20 - 5:59,,26,88.5833,birganj,dinajpur,rangpur,37,34,28,353,,64,10,,,rainy,assault,6
4052,4,14,friday,1,night,20 - 5:59,,25.6333,88.5333,birol,dinajpur,rangpur,32,27,21,353,,70,10,,,hot,assault,6
4053,9,36,wednesday,0,night,20 - 5:59,,25.8,88.4611,bochaganj,dinajpur,rangpur,33,31,26,386,,83,9,,,rainy,assault,6
4054,9,36,wednesday,0,night,20 - 5:59,,25.8,88.4611,bochaganj,dinajpur,rangpur,33,31,26,386,,83,9,,,rainy,assault,6
4055,6,24,saturday,1,night,20 - 5:59,,24.8417,89.375,bogra sadar,bogura,rajshahi,38,34,28,386,,70,10,,,rainy,assault,6
4056,9,35,sunday,0,afternoon,16 - 17:59,,24.8417,89.375,bogra sadar,bogura,rajshahi,37,34,29,113,,64,10,,,rainy,assault,6
4057,6,24,thursday,0,night,20 - 5:59,,24.8417,89.375,bogra sadar,bogura,rajshahi,38,34,29,356,,64,9,,,rainy,assault,6
4058,3,9,thursday,0,morning,6 - 11:59,,24.8417,89.375,bogra sadar,bogura,rajshahi,32,29,23,116,,43,10,,,hot,assault,6
4059,7,30,wednesday,0,night,20 - 5:59,,24.8417,89.375,bogra sadar,bogura,rajshahi,33,31,28,359,,79,7,,,rainy,assault,6
4060,8,33,wednesday,0,evening,18 - 19:59,,25.185884,89.869977,bokshiganj,jamalpur,mymensingh,35,30,26,200,,80,10,,,rainy,assault,6
4061,4,17,friday,1,morning,6 - 11:59,,25.185884,89.869977,bokshiganj,jamalpur,mymensingh,33,28,24,353,,85,10,,,hot,assault,6
4062,9,39,saturday,1,night,20 - 5:59,,23.9528,91.1167,brahmanbaria sadar,brahmanbaria,chattogram,35,32,26,353,,74,10,,,rainy,assault,6
4063,7,30,wednesday,0,noon,12 - 15:59,,23.9528,91.1167,brahmanbaria sadar,brahmanbaria,chattogram,30,27,25,356,,91,7,,,rainy,assault,6
4064,11,48,tuesday,0,night,20 - 5:59,,23.9528,91.1167,brahmanbaria sadar,brahmanbaria,chattogram,33,28,19,113,,66,10,,,winter,assault,6
4065,10,40,saturday,1,night,20 - 5:59,,23.9528,91.1167,brahmanbaria sadar,brahmanbaria,chattogram,34,31,24,356,,68,9,,,rainy,assault,6
4066,5,21,wednesday,0,night,20 - 5:59,,23.9528,91.1167,brahmanbaria sadar,brahmanbaria,chattogram,32,30,26,359,,83,7,,,hot,assault,6
4067,5,19,sunday,0,morning,6 - 11:59,,23.9528,91.1167,brahmanbaria sadar,brahmanbaria,chattogram,34,31,25,200,,65,10,,,hot,assault,6
4068,10,41,wednesday,0,afternoon,16 - 17:59,,21.7861,92.0778,chakaria,coxsbazar,chattogram,26,25,24,302,,89,8,,,rainy,assault,6
4069,8,32,saturday,1,morning,6 - 11:59,,21.7861,92.0778,chakaria,coxsbazar,chattogram,31,29,27,386,,83,8,,,rainy,assault,6
4070,1,4,sunday,0,noon,12 - 15:59,,24.586659,88.275275,chapainawabganj sadar,chapainawabganj,rajshahi,30,25,18,113,,41,10,,,winter,assault,6
4071,3,10,friday,1,noon,12 - 15:59,,24.225,89.2917,chatmohar,pabna,rajshahi,33,29,24,176,,58,9,,,hot,assault,6
4072,9,39,monday,0,morning,6 - 11:59,,24.225,89.2917,chatmohar,pabna,rajshahi,34,31,27,119,,64,10,,,rainy,assault,6
4073,3,10,tuesday,0,morning,6 - 11:59,,24.225,89.2917,chatmohar,pabna,rajshahi,36,32,25,116,,28,10,,,hot,assault,6
4074,3,13,wednesday,0,morning,6 - 11:59,,24.2111,89.7208,chauhali,sirajganj,rajshahi,33,29,22,386,,42,10,,,hot,assault,6
4075,9,37,sunday,0,night,20 - 5:59,,25.6625,88.7833,chirirbandar,dinajpur,rangpur,35,32,27,113,,69,10,,,rainy,assault,6
4076,12,49,monday,0,morning,6 - 11:59,,23.180315,89.1608575,chougachha,jashore,khulna,29,26,23,113,,45,10,,,winter,assault,6
4077,11,48,wednesday,0,morning,6 - 11:59,,23.180315,89.1608575,chougachha,jashore,khulna,30,26,21,116,,59,10,,,winter,assault,6
4078,10,43,thursday,0,morning,6 - 11:59,,23.180315,89.1608575,chougachha,jashore,khulna,33,29,25,113,,63,10,,,rainy,assault,6
4079,2,8,thursday,0,morning,6 - 11:59,,23.180315,89.1608575,chougachha,jashore,khulna,34,29,23,113,,34,10,,,winter,assault,6
4080,9,37,thursday,0,night,20 - 5:59,,23.180315,89.1608575,chougachha,jashore,khulna,34,31,27,119,,73,10,,,rainy,assault,6
4081,8,31,saturday,1,evening,18 - 19:59,,23.6417,88.8583,chuadanga sadar,chuadanga,khulna,33,31,26,386,,78,9,,,rainy,assault,6
4082,4,17,friday,1,night,20 - 5:59,,24.2083,91.5222,chunarughat,habiganj,sylhet,36,31,23,356,,59,10,,,hot,assault,6
4083,8,33,monday,0,night,20 - 5:59,,24.2083,91.5222,chunarughat,habiganj,sylhet,34,31,26,356,,82,9,,,rainy,assault,6
4084,1,1,thursday,0,noon,12 - 15:59,,23.459349,91.18264,comilla sadar,comilla,chattogram,28,24,18,116,,59,10,,,winter,assault,6
4085,10,42,tuesday,0,night,20 - 5:59,,23.459349,91.18264,comilla sadar,comilla,chattogram,34,31,26,116,,79,10,,,rainy,assault,6
4086,10,42,saturday,1,night,20 - 5:59,,23.459349,91.18264,comilla sadar,comilla,chattogram,31,28,24,176,,78,10,,,rainy,assault,6
4087,1,5,wednesday,0,morning,6 - 11:59,,21.454718,92.010452,coxsbazar sadar,coxsbazar,chattogram,25,22,18,113,,53,10,,,winter,assault,6
4088,2,8,saturday,1,night,20 - 5:59,,24.9,91.86667,dakshinsurma,sylhet,sylhet,33,27,18,113,,49,10,,,winter,assault,6
4089,11,46,sunday,0,night,20 - 5:59,,23.6167,88.7833,damurhuda,chuadanga,khulna,33,27,20,113,,44,10,,,winter,assault,6
4090,7,30,saturday,1,night,20 - 5:59,,23.6167,88.7833,damurhuda,chuadanga,khulna,35,33,28,353,,67,10,,,rainy,assault,6
4091,8,32,monday,0,night,20 - 5:59,,22.2833,90.5903,dashmina,patuakhali,barisal,32,30,28,353,,77,10,,,rainy,assault,6
4092,8,32,monday,0,night,20 - 5:59,,22.2833,90.5903,dashmina,patuakhali,barisal,32,30,28,353,,77,10,,,rainy,assault,6
4093,3,11,saturday,1,night,20 - 5:59,,22.2833,90.5903,dashmina,patuakhali,barisal,34,30,25,116,,54,10,,,hot,assault,6
4094,7,30,wednesday,0,afternoon,16 - 17:59,,24.0014,88.875,daulatpur,kushtia,khulna,32,30,27,359,,82,7,,,rainy,assault,6
4095,3,9,sunday,0,morning,6 - 11:59,,25.1417,89.7833,dewangonj,jamalpur,mymensingh,27,24,17,113,,50,10,,,hot,assault,6
4096,10,43,tuesday,0,afternoon,16 - 17:59,,24.9,91.0167,dharmapasha,sunamganj,sylhet,32,29,24,176,,71,10,,,rainy,assault,6
4097,3,9,friday,1,afternoon,16 - 17:59,,24.9,91.0167,dharmapasha,sunamganj,sylhet,34,29,22,113,,53,10,,,hot,assault,6
4098,10,43,thursday,0,afternoon,16 - 17:59,,24.9,91.0167,dharmapasha,sunamganj,sylhet,29,27,24,359,,84,8,,,rainy,assault,6
4099,9,37,friday,1,morning,6 - 11:59,,24.6833,89.5375,dhunot,bogura,rajshahi,34,32,28,359,,76,8,,,rainy,assault,6
4100,5,21,monday,0,night,20 - 5:59,,24.6833,89.5375,dhunot,bogura,rajshahi,36,32,26,386,,70,9,,,hot,assault,6
4101,10,40,sunday,0,night,20 - 5:59,,24.6833,89.5375,dhunot,bogura,rajshahi,33,30,26,359,,78,8,,,rainy,assault,6
4102,10,40,monday,0,night,20 - 5:59,,24.6833,89.5375,dhunot,bogura,rajshahi,34,32,28,200,,70,10,,,rainy,assault,6
4103,8,31,thursday,0,noon,12 - 15:59,,23.2583,92.0583,dighinala,khagrachhari,chattogram,30,29,26,359,,85,7,,,rainy,assault,6
4104,8,32,monday,0,morning,6 - 11:59,,26.1278,88.925,dimla,nilphamari,rangpur,35,32,28,386,,72,9,,,rainy,assault,6
4105,2,8,tuesday,0,morning,6 - 11:59,,26.1278,88.925,dimla,nilphamari,rangpur,28,23,18,113,,55,10,,,winter,assault,6
4106,11,48,tuesday,0,morning,6 - 11:59,,26.1278,88.925,dimla,nilphamari,rangpur,30,25,20,113,,64,10,,,winter,assault,6
4107,3,13,sunday,0,morning,6 - 11:59,,26.1278,88.925,dimla,nilphamari,rangpur,35,31,24,176,,57,10,,,hot,assault,6
4108,1,4,wednesday,0,morning,6 - 11:59,,26.1278,88.925,dimla,nilphamari,rangpur,27,24,20,116,,41,10,,,winter,assault,6
4109,8,31,friday,1,afternoon,16 - 17:59,,26.1278,88.925,dimla,nilphamari,rangpur,34,32,29,353,,74,10,,,rainy,assault,6
4110,5,18,monday,0,morning,6 - 11:59,,25.6333,88.65,dinajpur sadar,dinajpur,rangpur,36,32,26,113,,52,10,,,hot,assault,6
4111,8,32,wednesday,0,morning,6 - 11:59,,25.6333,88.65,dinajpur sadar,dinajpur,rangpur,34,32,28,353,,74,10,,,rainy,assault,6
4112,9,37,monday,0,noon,12 - 15:59,,26.1,88.8361,domar,nilphamari,rangpur,34,31,27,356,,76,9,,,rainy,assault,6
4113,3,10,saturday,1,morning,6 - 11:59,,22.442809,90.414608,dumki,patuakhali,barisal,33,29,23,113,,34,10,,,hot,assault,6
4114,3,10,thursday,0,morning,6 - 11:59,,24.4556,88.7667,durgapur,rajshahi,rajshahi,31,26,22,116,,62,10,,,hot,assault,6
4115,5,19,friday,1,evening,18 - 19:59,,24.4556,88.7667,durgapur,rajshahi,rajshahi,39,36,30,386,,48,10,,,hot,assault,6
4116,11,47,tuesday,0,night,20 - 5:59,,23.125,90.7486,faridgonj,chandpur,chattogram,31,28,24,113,,58,10,,,winter,assault,6
4117,12,49,tuesday,0,afternoon,16 - 17:59,,23.125,90.7486,faridgonj,chandpur,chattogram,32,27,22,113,,66,10,,,winter,assault,6
4118,4,15,friday,1,afternoon,16 - 17:59,,23.0167,91.3917,feni sadar,feni,chattogram,36,32,25,176,,63,10,,,hot,assault,6
4119,11,48,wednesday,0,morning,6 - 11:59,,24.875,89.45,gabtali,bogura,rajshahi,30,26,22,113,,63,10,,,winter,assault,6
4120,10,42,thursday,0,morning,6 - 11:59,,24.875,89.45,gabtali,bogura,rajshahi,30,27,24,356,,80,8,,,rainy,assault,6
4121,10,44,tuesday,0,morning,6 - 11:59,,24.875,89.45,gabtali,bogura,rajshahi,28,25,20,116,,77,10,,,rainy,assault,6
4122,1,4,sunday,0,morning,6 - 11:59,,24.875,89.45,gabtali,bogura,rajshahi,30,25,19,113,,47,10,,,winter,assault,6
4123,5,18,thursday,0,noon,12 - 15:59,,24.4167,90.55,gafargaon,mymensingh,mymensingh,34,31,25,353,,63,9,,,hot,assault,6
4124,5,18,thursday,0,night,20 - 5:59,,24.4167,90.55,gafargaon,mymensingh,mymensingh,36,32,26,113,,64,10,,,hot,assault,6
4125,4,15,monday,0,noon,12 - 15:59,,24.4167,90.55,gafargaon,mymensingh,mymensingh,36,32,24,353,,64,10,,,hot,assault,6
4126,1,5,monday,0,morning,6 - 11:59,,25.333317,89.520761,gaibandha sadar,gaibandha,rangpur,28,23,18,113,,42,10,,,winter,assault,6
4127,8,31,sunday,0,morning,6 - 11:59,,22.1639,90.4306,galachipa,patuakhali,barisal,33,31,29,200,,75,10,,,rainy,assault,6
4128,3,12,saturday,1,night,20 - 5:59,,22.1639,90.4306,galachipa,patuakhali,barisal,36,33,28,113,,50,10,,,hot,assault,6
4129,9,37,friday,1,evening,18 - 19:59,,22.1639,90.4306,galachipa,patuakhali,barisal,33,31,28,176,,75,10,,,rainy,assault,6
4130,3,11,monday,0,night,20 - 5:59,,22.1639,90.4306,galachipa,patuakhali,barisal,30,27,22,113,,47,10,,,hot,assault,6
4131,11,46,monday,0,noon,12 - 15:59,,23.81667,88.755,gangni,meherpur,khulna,33,29,24,113,,55,10,,,winter,assault,6
4132,1,1,monday,0,morning,6 - 11:59,,23.81667,88.755,gangni,meherpur,khulna,29,24,19,113,,47,10,,,winter,assault,6
4133,11,45,sunday,0,noon,12 - 15:59,,23.81667,88.755,gangni,meherpur,khulna,33,30,24,113,,52,10,,,winter,assault,6
4134,5,21,wednesday,0,noon,12 - 15:59,,23.996158,90.419726,gazipur sadar,gazipur,dhaka,38,34,28,200,,65,10,,,hot,assault,6
4135,6,25,monday,0,morning,6 - 11:59,,24.46667,89.96667,ghatail,tangail,dhaka,32,30,27,359,,84,7,,,rainy,assault,6
4136,1,1,monday,0,night,20 - 5:59,,24.46667,89.96667,ghatail,tangail,dhaka,25,21,18,176,,53,10,,,winter,assault,6
4137,11,45,thursday,0,night,20 - 5:59,,24.46667,89.96667,ghatail,tangail,dhaka,31,28,24,116,,67,10,,,winter,assault,6
4138,9,39,monday,0,night,20 - 5:59,,24.46667,89.96667,ghatail,tangail,dhaka,34,32,27,119,,62,10,,,rainy,assault,6
4139,2,6,friday,1,night,20 - 5:59,,25.1333,89.3917,gobindaganj,gaibandha,rangpur,29,26,22,113,,43,10,,,winter,assault,6
4140,10,40,sunday,0,night,20 - 5:59,,25.1333,89.3917,gobindaganj,gaibandha,rangpur,33,30,27,116,,74,10,,,rainy,assault,6
4141,10,42,saturday,1,afternoon,16 - 17:59,,25.1333,89.3917,gobindaganj,gaibandha,rangpur,33,29,24,116,,67,10,,,rainy,assault,6
4142,3,12,saturday,1,morning,6 - 11:59,,24.8583,92.0208,golapganj,sylhet,sylhet,39,34,24,113,,32,10,,,hot,assault,6
4143,3,12,saturday,1,morning,6 - 11:59,,24.8583,92.0208,golapganj,sylhet,sylhet,39,34,24,113,,32,10,,,hot,assault,6
4144,9,35,sunday,0,night,20 - 5:59,,23.0167,89.8333,gopalganj sadar,gopalganj,dhaka,35,32,28,356,,76,9,,,rainy,assault,6
4145,3,11,saturday,1,morning,6 - 11:59,,24.5583,89.9167,gopalpur,tangail,dhaka,35,31,26,116,,35,10,,,hot,assault,6
4146,4,16,wednesday,0,night,20 - 5:59,,24.75833,90.575,gouripur,mymensingh,mymensingh,35,31,24,176,,66,9,,,hot,assault,6
4147,7,30,thursday,0,morning,6 - 11:59,,24.75833,90.575,gouripur,mymensingh,mymensingh,32,30,26,359,,85,7,,,rainy,assault,6
4148,7,30,thursday,0,morning,6 - 11:59,,24.75833,90.575,gouripur,mymensingh,mymensingh,34,31,26,176,,77,9,,,rainy,assault,6
4149,2,8,saturday,1,afternoon,16 - 17:59,,24.75833,90.575,gouripur,mymensingh,mymensingh,34,29,21,113,,36,10,,,winter,assault,6
4150,5,21,wednesday,0,morning,6 - 11:59,,24.75833,90.575,gouripur,mymensingh,mymensingh,34,32,27,386,,76,8,,,hot,assault,6
4151,8,34,thursday,0,noon,12 - 15:59,,24.75833,90.575,gouripur,mymensingh,mymensingh,34,31,27,356,,80,9,,,rainy,assault,6
4152,3,13,wednesday,0,night,20 - 5:59,,24.75833,90.575,gouripur,mymensingh,mymensingh,36,31,23,113,,43,10,,,hot,assault,6
4153,10,43,monday,0,night,20 - 5:59,,24.75833,90.575,gouripur,mymensingh,mymensingh,34,29,23,176,,75,10,,,rainy,assault,6
4154,2,8,monday,0,afternoon,16 - 17:59,,24.75833,90.575,gouripur,mymensingh,mymensingh,32,27,19,113,,42,10,,,winter,assault,6
4155,4,17,sunday,0,night,20 - 5:59,,22.9736,90.2306,gournadi,barisal,barisal,37,32,26,122,,67,10,,,hot,assault,6
4156,11,45,saturday,1,noon,12 - 15:59,,22.9736,90.2306,gournadi,barisal,barisal,34,29,23,113,,64,10,,,winter,assault,6
4157,2,7,tuesday,0,night,20 - 5:59,,22.9736,90.2306,gournadi,barisal,barisal,28,24,18,119,,48,10,,,winter,assault,6
4158,10,42,monday,0,afternoon,16 - 17:59,,22.9736,90.2306,gournadi,barisal,barisal,34,31,26,113,,72,10,,,rainy,assault,6
4159,3,11,wednesday,0,night,20 - 5:59,,25.1028,91.8917,gowainghat,sylhet,sylhet,34,28,19,113,,62,10,,,hot,assault,6
4160,11,47,saturday,1,night,20 - 5:59,,24.375,91.4167,habiganj sadar,habiganj,sylhet,31,25,17,143,,71,9,,,winter,assault,6
4161,7,28,thursday,0,night,20 - 5:59,,24.375,91.4167,habiganj sadar,habiganj,sylhet,32,30,26,356,,86,8,,,rainy,assault,6
4162,3,10,tuesday,0,night,20 - 5:59,,24.375,91.4167,habiganj sadar,habiganj,sylhet,31,27,20,116,,49,10,,,hot,assault,6
4163,8,31,saturday,1,morning,6 - 11:59,,24.375,91.4167,habiganj sadar,habiganj,sylhet,34,30,25,353,,83,9,,,rainy,assault,6
4164,3,10,tuesday,0,night,20 - 5:59,,24.375,91.4167,habiganj sadar,habiganj,sylhet,31,27,20,116,,49,10,,,hot,assault,6
4165,3,10,tuesday,0,night,20 - 5:59,,24.375,91.4167,habiganj sadar,habiganj,sylhet,31,27,20,116,,49,10,,,hot,assault,6
4166,1,2,thursday,0,morning,6 - 11:59,,23.0667,90.6375,haimchar,chandpur,chattogram,27,24,19,113,,57,10,,,winter,assault,6
4167,1,2,thursday,0,noon,12 - 15:59,,23.25,90.85,hajiganj,chandpur,chattogram,27,24,19,113,,57,10,,,winter,assault,6
4168,10,43,tuesday,0,night,20 - 5:59,,25.2833,89.0167,hakimpur,dinajpur,rangpur,33,30,23,353,,71,10,,,rainy,assault,6
4169,10,43,monday,0,night,20 - 5:59,,25.2833,89.0167,hakimpur,dinajpur,rangpur,33,29,22,116,,70,10,,,rainy,assault,6
4170,9,36,sunday,0,night,20 - 5:59,,25.2833,89.0167,hakimpur,dinajpur,rangpur,33,30,26,299,,80,8,,,rainy,assault,6
4171,9,36,tuesday,0,night,20 - 5:59,,25.125,90.35,haluaghat,mymensingh,mymensingh,34,31,26,356,,71,9,,,rainy,assault,6
4172,2,9,tuesday,0,morning,6 - 11:59,,25.125,90.35,haluaghat,mymensingh,mymensingh,31,27,20,113,,53,10,,,winter,assault,6
4173,11,44,thursday,0,night,20 - 5:59,,25.125,90.35,haluaghat,mymensingh,mymensingh,35,29,22,113,,73,10,,,winter,assault,6
4174,4,14,tuesday,0,night,20 - 5:59,,25.125,90.35,haluaghat,mymensingh,mymensingh,35,31,24,116,,38,10,,,hot,assault,6
4175,8,33,wednesday,0,night,20 - 5:59,,25.8083,88.1417,haripur,thakurgaon,rangpur,35,33,29,386,,73,9,,,rainy,assault,6
4176,4,15,friday,1,morning,6 - 11:59,,23.7333,89.9667,harirampur,manikganj,dhaka,39,35,27,113,,32,10,,,hot,assault,6
4177,6,24,tuesday,0,noon,12 - 15:59,,23.7333,89.9667,harirampur,manikganj,dhaka,34,29,26,359,,82,8,,,rainy,assault,6
4178,2,5,friday,1,morning,6 - 11:59,,22.3667,91.125,hatia,noakhali,chattogram,31,26,21,116,,48,10,,,winter,assault,6
4179,3,13,wednesday,0,afternoon,16 - 17:59,,26.1125,89.1333,hatibandha,lalmonirhat,rangpur,33,30,22,116,,40,10,,,hot,assault,6
4180,2,6,tuesday,0,night,20 - 5:59,,26.1125,89.1333,hatibandha,lalmonirhat,rangpur,29,24,17,113,,55,9,,,winter,assault,6
4181,3,13,tuesday,0,night,20 - 5:59,,26.1125,89.1333,hatibandha,lalmonirhat,rangpur,34,30,23,386,,38,10,,,hot,assault,6
4182,4,17,monday,0,night,20 - 5:59,,24.4167,90.65,hossainpur,kishoreganj,dhaka,37,32,27,113,,44,10,,,hot,assault,6
4183,4,17,monday,0,night,20 - 5:59,,24.15,89.0667,ishurdi,pabna,rajshahi,39,35,28,113,,51,10,,,hot,assault,6
4184,1,4,sunday,0,morning,6 - 11:59,,24.15,89.0667,ishurdi,pabna,rajshahi,27,23,18,113,,38,10,,,winter,assault,6
4185,9,35,sunday,0,night,20 - 5:59,,24.15,89.0667,ishurdi,pabna,rajshahi,33,30,27,386,,80,8,,,rainy,assault,6
4186,11,44,sunday,0,night,20 - 5:59,,24.15,89.0667,ishurdi,pabna,rajshahi,30,27,23,176,,71,10,,,winter,assault,6
4187,10,41,monday,0,night,20 - 5:59,,24.15,89.0667,ishurdi,pabna,rajshahi,37,33,28,113,,58,10,,,rainy,assault,6
4188,9,38,tuesday,0,noon,12 - 15:59,,24.15,89.0667,ishurdi,pabna,rajshahi,35,32,27,119,,71,10,,,rainy,assault,6
4189,12,51,monday,0,night,20 - 5:59,,24.15,89.0667,ishurdi,pabna,rajshahi,30,26,20,113,,49,10,,,winter,assault,6
4190,11,45,tuesday,0,afternoon,16 - 17:59,,24.15,89.0667,ishurdi,pabna,rajshahi,33,29,24,113,,59,10,,,winter,assault,6
4191,11,48,wednesday,0,afternoon,16 - 17:59,,24.15,89.0667,ishurdi,pabna,rajshahi,30,26,21,113,,39,10,,,winter,assault,6
4192,2,5,tuesday,0,night,20 - 5:59,,24.6833,90.625,iswarganj,mymensingh,mymensingh,30,25,19,113,,48,10,,,winter,assault,6
4193,1,3,thursday,0,night,20 - 5:59,,24.6833,90.625,iswarganj,mymensingh,mymensingh,31,26,19,113,,51,10,,,winter,assault,6
4194,10,43,tuesday,0,noon,12 - 15:59,,24.6833,90.625,iswarganj,mymensingh,mymensingh,33,28,22,176,,77,10,,,rainy,assault,6
4195,5,22,thursday,0,night,20 - 5:59,,25.125,92.1167,jaintiapur,sylhet,sylhet,34,30,25,356,,78,8,,,hot,assault,6
4196,10,43,tuesday,0,morning,6 - 11:59,,26.0167,89.025,jaldhaka,nilphamari,rangpur,36,29,22,113,,71,10,,,rainy,assault,6
4197,8,32,sunday,0,morning,6 - 11:59,,26.0167,89.025,jaldhaka,nilphamari,rangpur,35,32,27,386,,76,9,,,rainy,assault,6
4198,8,33,wednesday,0,night,20 - 5:59,,26.0167,89.025,jaldhaka,nilphamari,rangpur,36,34,30,176,,64,9,,,rainy,assault,6
4199,10,41,friday,1,evening,18 - 19:59,,26.0167,89.025,jaldhaka,nilphamari,rangpur,32,30,26,359,,81,7,,,rainy,assault,6
4200,1,5,monday,0,morning,6 - 11:59,,26.0167,89.025,jaldhaka,nilphamari,rangpur,30,25,18,113,,52,10,,,winter,assault,6
4201,10,41,thursday,0,night,20 - 5:59,,24.9833,91.2333,jamalganj,sunamganj,sylhet,33,28,25,356,,88,9,,,rainy,assault,6
4202,2,7,saturday,1,morning,6 - 11:59,,23.180315,89.1608575,jessore sadar,jashore,khulna,31,28,22,113,,37,10,,,winter,assault,6
4203,4,16,friday,1,morning,6 - 11:59,,23.180315,89.1608575,jessore sadar,jashore,khulna,36,33,28,116,,38,10,,,hot,assault,6
4204,1,3,monday,0,afternoon,16 - 17:59,,23.180315,89.1608575,jessore sadar,jashore,khulna,28,24,19,113,,40,10,,,winter,assault,6
4205,1,3,monday,0,afternoon,16 - 17:59,,23.180315,89.1608575,jessore sadar,jashore,khulna,28,24,19,113,,40,10,,,winter,assault,6
4206,5,19,monday,0,night,20 - 5:59,,22.6431,90.2,jhalakathi sadar,jhalakathi,barisal,38,33,27,119,,67,10,,,hot,assault,6
4207,6,23,wednesday,0,night,20 - 5:59,,22.6431,90.2,jhalakathi sadar,jhalakathi,barisal,34,32,28,356,,73,8,,,rainy,assault,6
4208,3,9,friday,1,night,20 - 5:59,,23.1,89.1333,jhikargacha,jashore,khulna,36,32,26,113,,33,10,,,hot,assault,6
4209,3,12,saturday,1,night,20 - 5:59,,23.1,89.1333,jhikargacha,jashore,khulna,37,33,26,113,,42,10,,,hot,assault,6
4210,5,19,monday,0,morning,6 - 11:59,,23.1,89.1333,jhikargacha,jashore,khulna,39,36,31,116,,50,10,,,hot,assault,6
4211,7,28,sunday,0,night,20 - 5:59,,23.4167,88.8208,jibannagar,chuadanga,khulna,34,32,28,353,,69,10,,,rainy,assault,6
4212,9,36,friday,1,night,20 - 5:59,,25.1,89.03333,joypurhat sadar,joypurhat,rajshahi,35,32,27,200,,70,10,,,rainy,assault,6
4213,10,41,tuesday,0,morning,6 - 11:59,,25.1,89.03333,joypurhat sadar,joypurhat,rajshahi,30,28,25,176,,80,10,,,rainy,assault,6
4214,3,12,sunday,0,morning,6 - 11:59,,25.1,89.03333,joypurhat sadar,joypurhat,rajshahi,38,34,26,176,,43,10,,,hot,assault,6
4215,1,2,thursday,0,night,20 - 5:59,,25.1,89.03333,joypurhat sadar,joypurhat,rajshahi,28,24,16,113,,48,10,,,winter,assault,6
4216,6,22,saturday,1,night,20 - 5:59,,25.1,89.03333,joypurhat sadar,joypurhat,rajshahi,36,35,29,353,,56,10,,,rainy,assault,6
4217,2,9,tuesday,0,night,20 - 5:59,,25.1,89.03333,joypurhat sadar,joypurhat,rajshahi,31,28,21,116,,51,10,,,winter,assault,6
4218,3,13,thursday,0,night,20 - 5:59,,24.58006,92.16467,juri,moulvibazar,sylhet,33,30,20,113,,48,10,,,hot,assault,6
4219,6,24,friday,1,night,20 - 5:59,,22.8333,91.2,kabirhat,noakhali,chattogram,33,31,29,119,,72,10,,,rainy,assault,6
4220,8,33,sunday,0,morning,6 - 11:59,,23.35,90.8917,kachua,chandpur,chattogram,32,30,28,356,,77,8,,,rainy,assault,6
4221,5,20,thursday,0,night,20 - 5:59,,23.35,90.8917,kachua,chandpur,chattogram,35,32,28,353,,71,9,,,hot,assault,6
4222,1,3,thursday,0,evening,18 - 19:59,,25.0583,89.1833,kalai,joypurhat,rajshahi,30,25,18,113,,51,10,,,winter,assault,6
4223,9,38,saturday,1,morning,6 - 11:59,,21.9861,90.2422,kalapara,patuakhali,barisal,34,32,28,116,,75,10,,,rainy,assault,6
4224,9,38,saturday,1,morning,6 - 11:59,,21.9861,90.2422,kalapara,patuakhali,barisal,34,32,28,116,,75,10,,,rainy,assault,6
4225,8,34,tuesday,0,noon,12 - 15:59,,21.9861,90.2422,kalapara,patuakhali,barisal,32,30,27,176,,75,10,,,rainy,assault,6
4226,9,38,saturday,1,morning,6 - 11:59,,21.9861,90.2422,kalapara,patuakhali,barisal,34,32,28,116,,75,10,,,rainy,assault,6
4227,9,38,tuesday,0,night,20 - 5:59,,21.9861,90.2422,kalapara,patuakhali,barisal,34,31,28,113,,71,10,,,rainy,assault,6
4228,9,36,tuesday,0,morning,6 - 11:59,,21.9861,90.2422,kalapara,patuakhali,barisal,32,31,28,353,,76,9,,,rainy,assault,6
4229,8,34,saturday,1,morning,6 - 11:59,,21.9861,90.2422,kalapara,patuakhali,barisal,32,30,28,353,,78,10,,,rainy,assault,6
4230,8,34,sunday,0,morning,6 - 11:59,,21.9861,90.2422,kalapara,patuakhali,barisal,32,30,27,356,,78,9,,,rainy,assault,6
4231,8,31,sunday,0,morning,6 - 11:59,,21.9861,90.2422,kalapara,patuakhali,barisal,33,31,28,353,,76,10,,,rainy,assault,6
4232,1,4,tuesday,0,night,20 - 5:59,,21.9861,90.2422,kalapara,patuakhali,barisal,31,26,20,113,,42,10,,,winter,assault,6
4233,2,8,wednesday,0,night,20 - 5:59,,21.9861,90.2422,kalapara,patuakhali,barisal,30,27,22,116,,68,10,,,winter,assault,6
4234,10,41,monday,0,night,20 - 5:59,,24.075,90.2167,kaliakair,gazipur,dhaka,36,32,26,113,,62,10,,,rainy,assault,6
4235,10,41,monday,0,night,20 - 5:59,,24.075,90.2167,kaliakair,gazipur,dhaka,36,32,26,113,,62,10,,,rainy,assault,6
4236,7,29,monday,0,night,20 - 5:59,,23.4139,89.1333,kaliganj,jhenaidah,khulna,36,33,28,116,,66,10,,,rainy,assault,6
4237,7,28,monday,0,night,20 - 5:59,,23.925,90.5667,kaliganj,gazipur,dhaka,35,32,27,359,,77,9,,,rainy,assault,6
4238,1,3,friday,1,night,20 - 5:59,,25.974953,89.228404,kaliganj,lalmonirhat,rangpur,26,22,16,113,,41,10,,,winter,assault,6
4239,12,49,monday,0,afternoon,16 - 17:59,,25.974953,89.228404,kaliganj,lalmonirhat,rangpur,29,24,17,113,,54,10,,,winter,assault,6
4240,11,47,tuesday,0,night,20 - 5:59,,22.45,89.0417,kaliganj,satkhira,khulna,31,29,25,116,,60,10,,,winter,assault,6
4241,2,9,tuesday,0,night,20 - 5:59,,23.4139,89.1333,kaliganj,jhenaidah,khulna,34,29,22,113,,51,10,,,winter,assault,6
4242,10,42,tuesday,0,night,20 - 5:59,,23.925,90.5667,kaliganj,gazipur,dhaka,37,32,27,116,,76,10,,,rainy,assault,6
4243,2,6,saturday,1,noon,12 - 15:59,,25.974953,89.228404,kaliganj,lalmonirhat,rangpur,31,25,18,113,,34,10,,,winter,assault,6
4244,2,8,wednesday,0,morning,6 - 11:59,,23.4139,89.1333,kaliganj,jhenaidah,khulna,35,29,22,119,,66,10,,,winter,assault,6
4245,1,3,sunday,0,night,20 - 5:59,,25.974953,89.228404,kaliganj,lalmonirhat,rangpur,28,24,18,113,,49,10,,,winter,assault,6
4246,2,8,monday,0,morning,6 - 11:59,,25.974953,89.228404,kaliganj,lalmonirhat,rangpur,32,27,20,176,,48,10,,,winter,assault,6
4247,12,50,sunday,0,night,20 - 5:59,,24.3833,90.0083,kalihati,tangail,dhaka,26,23,20,119,,47,10,,,winter,assault,6
4248,10,40,sunday,0,night,20 - 5:59,,24.3833,90.0083,kalihati,tangail,dhaka,33,30,26,176,,75,10,,,rainy,assault,6
4249,10,41,sunday,0,night,20 - 5:59,,24.3833,90.0083,kalihati,tangail,dhaka,33,30,26,113,,67,10,,,rainy,assault,6
4250,8,33,tuesday,0,night,20 - 5:59,,24.3833,90.0083,kalihati,tangail,dhaka,35,32,27,176,,74,10,,,rainy,assault,6
4251,1,3,tuesday,0,morning,6 - 11:59,,23.0667,90.2417,kalkini,madaripur,dhaka,26,24,20,113,,49,10,,,winter,assault,6
4252,1,4,wednesday,0,morning,6 - 11:59,,25.0833,90.8917,kalmakanda,netrokona,mymensingh,32,26,19,113,,45,10,,,winter,assault,6
4253,6,22,friday,1,night,20 - 5:59,,25.0833,90.8917,kalmakanda,netrokona,mymensingh,34,31,26,353,,74,10,,,rainy,assault,6
4254,5,19,friday,1,night,20 - 5:59,,25.0833,90.8917,kalmakanda,netrokona,mymensingh,38,33,28,353,,72,10,,,hot,assault,6
4255,8,34,tuesday,0,morning,6 - 11:59,,25.0833,90.8917,kalmakanda,netrokona,mymensingh,34,31,27,353,,73,10,,,rainy,assault,6
4256,10,42,friday,1,night,20 - 5:59,,24.3667,91.8667,kamolganj,moulvibazar,sylhet,31,27,22,176,,84,9,,,rainy,assault,6
4257,11,46,friday,1,night,20 - 5:59,,24.3667,91.8667,kamolganj,moulvibazar,sylhet,29,25,21,356,,88,9,,,winter,assault,6
4258,8,32,monday,0,night,20 - 5:59,,24.1,90.57,kapasia,gazipur,dhaka,33,31,27,386,,78,8,,,rainy,assault,6
4259,12,49,tuesday,0,morning,6 - 11:59,,24.1,90.57,kapasia,gazipur,dhaka,29,25,20,113,,54,10,,,winter,assault,6
4260,4,17,saturday,1,night,20 - 5:59,,24.1,90.57,kapasia,gazipur,dhaka,39,35,28,176,,57,10,,,hot,assault,6
4261,5,18,saturday,1,night,20 - 5:59,,24.4583,90.8833,karimgonj,kishoreganj,dhaka,33,31,25,386,,74,9,,,hot,assault,6
4262,7,30,sunday,0,noon,12 - 15:59,,24.25,90.7917,katiadi,kishoreganj,dhaka,32,29,25,386,,81,9,,,rainy,assault,6
4263,10,42,tuesday,0,evening,18 - 19:59,,24.65,90.8417,kendua,netrokona,mymensingh,36,32,26,113,,70,10,,,rainy,assault,6
4264,6,24,wednesday,0,night,20 - 5:59,,25.9278,88.7333,khansama,dinajpur,rangpur,33,31,28,359,,82,7,,,rainy,assault,6
4265,8,31,monday,0,night,20 - 5:59,,25.9278,88.7333,khansama,dinajpur,rangpur,34,31,28,356,,78,8,,,rainy,assault,6
4266,2,9,monday,0,morning,6 - 11:59,,23.8,89.2833,khoksa,kushtia,khulna,34,30,23,113,,31,10,,,winter,assault,6
4267,1,2,thursday,0,morning,6 - 11:59,,25.9111,89.025,kishorganj,nilphamari,rangpur,24,20,16,113,,48,10,,,winter,assault,6
4268,9,36,tuesday,0,night,20 - 5:59,,25.9111,89.025,kishorganj,nilphamari,rangpur,35,33,28,353,,66,10,,,rainy,assault,6
4269,2,6,saturday,1,morning,6 - 11:59,,25.9111,89.025,kishorganj,nilphamari,rangpur,29,24,18,113,,42,10,,,winter,assault,6
4270,8,33,saturday,1,night,20 - 5:59,,25.9111,89.025,kishorganj,nilphamari,rangpur,32,31,27,359,,84,7,,,rainy,assault,6
4271,9,39,thursday,0,noon,12 - 15:59,,22.3417,89.3,koyra,khulna,khulna,27,25,24,353,,90,9,,,rainy,assault,6
4272,7,29,thursday,0,afternoon,16 - 17:59,,24.489182,92.024555,kulaura,moulvibazar,sylhet,37,33,27,176,,76,10,,,rainy,assault,6
4273,4,17,saturday,1,morning,6 - 11:59,,24.489182,92.024555,kulaura,moulvibazar,sylhet,38,34,27,116,,55,10,,,hot,assault,6
4274,7,31,tuesday,0,morning,6 - 11:59,,24.489182,92.024555,kulaura,moulvibazar,sylhet,30,28,25,356,,89,8,,,rainy,assault,6
4275,4,17,saturday,1,morning,6 - 11:59,,24.489182,92.024555,kulaura,moulvibazar,sylhet,38,34,27,116,,55,10,,,hot,assault,6
4276,4,15,thursday,0,morning,6 - 11:59,,24.489182,92.024555,kulaura,moulvibazar,sylhet,34,29,22,176,,64,10,,,hot,assault,6
4277,10,41,thursday,0,night,20 - 5:59,,24.489182,92.024555,kulaura,moulvibazar,sylhet,26,24,23,356,,94,8,,,rainy,assault,6
4278,5,18,friday,1,evening,18 - 19:59,,24.489182,92.024555,kulaura,moulvibazar,sylhet,33,30,26,356,,75,9,,,hot,assault,6
4279,9,39,tuesday,0,noon,12 - 15:59,,24.489182,92.024555,kulaura,moulvibazar,sylhet,27,26,24,353,,88,9,,,rainy,assault,6
4280,3,10,sunday,0,morning,6 - 11:59,,24.489182,92.024555,kulaura,moulvibazar,sylhet,31,26,16,113,,47,10,,,hot,assault,6
4281,9,36,wednesday,0,noon,12 - 15:59,,24.489182,92.024555,kulaura,moulvibazar,sylhet,33,30,26,356,,86,8,,,rainy,assault,6
4282,8,32,wednesday,0,noon,12 - 15:59,,23.8542,89.2417,kumarkhali,kushtia,khulna,34,31,27,200,,78,9,,,rainy,assault,6
4283,10,40,thursday,0,night,20 - 5:59,,23.8542,89.2417,kumarkhali,kushtia,khulna,36,33,29,116,,63,10,,,rainy,assault,6
4284,3,12,tuesday,0,evening,18 - 19:59,,24.2889,91.2167,lakhai,habiganj,sylhet,32,26,20,176,,56,10,,,hot,assault,6
4285,11,48,friday,1,noon,12 - 15:59,,25.915,89.45,lalmonirhat sadar,lalmonirhat,rangpur,30,25,19,113,,58,10,,,winter,assault,6
4286,4,15,friday,1,morning,6 - 11:59,,25.915,89.45,lalmonirhat sadar,lalmonirhat,rangpur,37,32,24,113,,42,10,,,hot,assault,6
4287,6,26,wednesday,0,afternoon,16 - 17:59,,25.915,89.45,lalmonirhat sadar,lalmonirhat,rangpur,34,32,27,359,,79,8,,,rainy,assault,6
4288,10,40,friday,1,morning,6 - 11:59,,25.915,89.45,lalmonirhat sadar,lalmonirhat,rangpur,33,29,24,176,,67,10,,,rainy,assault,6
4289,6,25,monday,0,morning,6 - 11:59,,25.915,89.45,lalmonirhat sadar,lalmonirhat,rangpur,34,31,27,356,,83,9,,,rainy,assault,6
4290,2,5,monday,0,evening,18 - 19:59,,25.915,89.45,lalmonirhat sadar,lalmonirhat,rangpur,27,22,17,116,,58,10,,,winter,assault,6
4291,3,13,monday,0,night,20 - 5:59,,25.915,89.45,lalmonirhat sadar,lalmonirhat,rangpur,38,33,24,113,,25,10,,,hot,assault,6
4292,1,4,friday,1,night,20 - 5:59,,24.1028,91.2917,madhabpur,habiganj,sylhet,31,27,19,113,,48,10,,,winter,assault,6
4293,10,40,thursday,0,night,20 - 5:59,,24.1028,91.2917,madhabpur,habiganj,sylhet,35,32,27,113,,73,10,,,rainy,assault,6
4294,10,40,saturday,1,morning,6 - 11:59,,24.1028,91.2917,madhabpur,habiganj,sylhet,34,31,24,356,,68,9,,,rainy,assault,6
4295,4,15,tuesday,0,morning,6 - 11:59,,24.1028,91.2917,madhabpur,habiganj,sylhet,33,30,24,356,,75,7,,,hot,assault,6
4296,2,6,wednesday,0,night,20 - 5:59,,24.1028,91.2917,madhabpur,habiganj,sylhet,31,27,17,113,,39,10,,,winter,assault,6
4297,11,46,saturday,1,night,20 - 5:59,,23.5417,89.6306,madhukhali,faridpur,dhaka,33,30,26,113,,65,10,,,winter,assault,6
4298,11,46,saturday,1,night,20 - 5:59,,23.5417,89.6306,madhukhali,faridpur,dhaka,33,30,26,113,,65,10,,,winter,assault,6
4299,9,38,sunday,0,morning,6 - 11:59,,23.0167,89.2333,manirampur,jashore,khulna,34,31,27,356,,73,9,,,rainy,assault,6
4300,10,40,saturday,1,morning,6 - 11:59,,22.2869,89.9667,mathbaria,pirojpur,barisal,30,29,28,353,,79,8,,,rainy,assault,6
4301,6,22,sunday,0,morning,6 - 11:59,,22.2869,89.9667,mathbaria,pirojpur,barisal,34,32,29,353,,66,10,,,rainy,assault,6
4302,7,27,saturday,1,night,20 - 5:59,,22.8319,90.5333,mehendiganj,barisal,barisal,34,32,29,356,,72,9,,,rainy,assault,6
4303,3,11,friday,1,evening,18 - 19:59,,24.9667,89.8333,melandah,jamalpur,mymensingh,34,30,22,113,,47,10,,,hot,assault,6
4304,5,22,tuesday,0,night,20 - 5:59,,23.9333,89,mirpur,kushtia,khulna,42,37,29,116,,51,10,,,hot,assault,6
4305,7,31,wednesday,0,night,20 - 5:59,,23.9333,89,mirpur,kushtia,khulna,34,31,26,359,,77,6,,,rainy,assault,6
4306,5,18,wednesday,0,night,20 - 5:59,,25.5417,89.2833,mithapukur,rangpur,rangpur,35,31,25,200,,62,9,,,hot,assault,6
4307,5,18,thursday,0,morning,6 - 11:59,,25.5417,89.2833,mithapukur,rangpur,rangpur,35,32,25,356,,73,7,,,hot,assault,6
4308,3,11,friday,1,night,20 - 5:59,,23.0417,91.9944,mohalchari,khagrachhari,chattogram,34,27,17,176,,55,9,,,hot,assault,6
4309,1,2,saturday,1,night,20 - 5:59,,21.55,91.95,moheshkhali,coxsbazar,chattogram,25,21,16,113,,66,10,,,winter,assault,6
4310,6,27,monday,0,night,20 - 5:59,,21.55,91.95,moheshkhali,coxsbazar,chattogram,30,29,26,353,,79,10,,,rainy,assault,6
4311,9,39,friday,1,evening,18 - 19:59,,22.4833,89.6083,mongla,bagerhat,khulna,34,30,26,176,,78,10,,,rainy,assault,6
4312,10,41,sunday,0,night,20 - 5:59,,24.4778,91.7667,moulvibazar sadar,moulvibazar,sylhet,30,27,22,356,,90,9,,,rainy,assault,6
4313,5,22,monday,0,night,20 - 5:59,,23.65,88.6,mujibnagar,meherpur,khulna,42,37,30,119,,52,10,,,hot,assault,6
4314,1,2,tuesday,0,morning,6 - 11:59,,24.7583,90.2667,muktagacha,mymensingh,mymensingh,25,21,15,113,,50,10,,,winter,assault,6
4315,4,17,saturday,1,morning,6 - 11:59,,24.7583,90.2667,muktagacha,mymensingh,mymensingh,38,34,28,356,,56,9,,,hot,assault,6
4316,5,18,sunday,0,morning,6 - 11:59,,24.7583,90.2667,muktagacha,mymensingh,mymensingh,33,30,24,356,,80,9,,,hot,assault,6
4317,10,42,saturday,1,night,20 - 5:59,,22.915,90.415,muladi,barisal,barisal,27,27,24,356,,88,9,,,rainy,assault,6
4318,2,7,wednesday,0,noon,12 - 15:59,,24.75,90.4167,mymensingh sadar,mymensingh,mymensingh,35,29,20,113,,35,10,,,winter,assault,6
4319,2,9,monday,0,night,20 - 5:59,,24.75,90.4167,mymensingh sadar,mymensingh,mymensingh,32,27,21,386,,53,10,,,winter,assault,6
4320,5,19,friday,1,morning,6 - 11:59,,24.75,90.4167,mymensingh sadar,mymensingh,mymensingh,35,31,26,200,,71,9,,,hot,assault,6
4321,1,3,friday,1,afternoon,16 - 17:59,,24.75,90.4167,mymensingh sadar,mymensingh,mymensingh,29,24,19,113,,48,10,,,winter,assault,6
4322,9,37,sunday,0,morning,6 - 11:59,,24.75,90.4167,mymensingh sadar,mymensingh,mymensingh,33,31,27,353,,80,10,,,rainy,assault,6
4323,12,48,saturday,1,morning,6 - 11:59,,24.75,90.4167,mymensingh sadar,mymensingh,mymensingh,32,26,18,113,,66,10,,,winter,assault,6
4324,11,47,monday,0,evening,18 - 19:59,,25.6333,88.65,dinajpur sadar,dinajpur,rangpur,31,28,25,113,,59,10,,,winter,assault,6
4325,1,1,sunday,0,afternoon,16 - 17:59,,23.2167,89.35,bagherpara,jashore,khulna,29,24,19,113,,41,10,,,winter,assault,6
4326,1,2,friday,1,afternoon,16 - 17:59,,25.7583,89.2333,rangpur sadar,rangpur,rangpur,27,22,16,113,,52,10,,,winter,assault,6
4327,1,2,sunday,0,morning,6 - 11:59,,23.85,90.0111,manikganj sadar,manikganj,dhaka,28,24,18,113,,41,10,,,winter,assault,6
4328,1,2,sunday,0,noon,12 - 15:59,,24.4139,88.93,natore sadar,natore,rajshahi,29,24,18,113,,34,10,,,winter,assault,6
4329,1,53,sunday,0,morning,6 - 11:59,,24.75,90.4167,mymensingh sadar,mymensingh,mymensingh,28,24,19,113,,55,10,,,winter,assault,6
4330,7,28,tuesday,0,night,20 - 5:59,,23.180315,89.1608575,jessore sadar,jashore,khulna,34,31,28,200,,73,10,,,rainy,assault,6
4331,7,28,monday,0,night,20 - 5:59,,25.7583,89.2333,rangpur sadar,rangpur,rangpur,32,30,27,386,,83,10,,,rainy,assault,6
4332,7,28,wednesday,0,night,20 - 5:59,,25.333317,89.520761,gaibandha sadar,gaibandha,rangpur,34,31,26,386,,80,10,,,rainy,assault,6
4333,7,28,wednesday,0,morning,6 - 11:59,,21.454718,92.010452,coxsbazar sadar,coxsbazar,chattogram,31,29,27,356,,83,9,,,rainy,assault,6
4334,7,29,tuesday,0,afternoon,16 - 17:59,,24.25,89.9167,tangail sadar,tangail,dhaka,31,29,27,305,,85,8,,,rainy,assault,6
4335,7,28,wednesday,0,morning,6 - 11:59,,21.454718,92.010452,coxsbazar sadar,coxsbazar,chattogram,31,29,27,356,,83,9,,,rainy,assault,6
4336,11,48,wednesday,0,morning,6 - 11:59,,24.888242,91.868519,sylhet sadar,sylhet,sylhet,31,26,19,113,,61,10,,,winter,assault,6
4337,11,47,thursday,0,evening,18 - 19:59,,23.0744,88.8667,sharsha,jashore,khulna,29,26,20,113,,40,10,,,winter,assault,6
4338,4,15,saturday,1,night,20 - 5:59,,23.9,89.1333,kushtia sadar,kushtia,khulna,38,34,27,176,,45,10,,,hot,assault,6
4339,9,36,tuesday,0,morning,6 - 11:59,,25.6333,88.65,dinajpur sadar,dinajpur,rangpur,35,32,28,122,,65,10,,,rainy,assault,6
4340,6,24,wednesday,0,noon,12 - 15:59,,23.1667,90.2083,madaripur sadar,madaripur,dhaka,33,31,27,356,,77,10,,,rainy,assault,6
4341,6,24,thursday,0,afternoon,16 - 17:59,,25.4153,89.3167,pirgonj,rangpur,rangpur,33,30,27,299,,80,9,,,rainy,assault,6
4342,6,26,wednesday,0,night,20 - 5:59,,24.075,90.2167,kaliakair,gazipur,dhaka,36,33,29,119,,69,10,,,rainy,assault,6
4343,10,40,wednesday,0,morning,6 - 11:59,,25.7583,89.2333,rangpur sadar,rangpur,rangpur,34,30,25,113,,75,10,,,rainy,assault,6
4344,11,45,sunday,0,morning,6 - 11:59,,23.605717,89.841728,faridpur sadar,faridpur,dhaka,35,31,26,113,,49,10,,,winter,assault,6
4345,7,29,tuesday,0,night,20 - 5:59,,23.6417,88.8583,chuadanga sadar,chuadanga,khulna,32,30,27,299,,83,8,,,rainy,assault,6
4346,7,30,monday,0,morning,6 - 11:59,,23.9,89.1333,kushtia sadar,kushtia,khulna,32,30,26,356,,84,8,,,rainy,assault,6
4347,7,30,sunday,0,morning,6 - 11:59,,25.7583,89.2333,rangpur sadar,rangpur,rangpur,35,32,28,356,,74,9,,,rainy,assault,6
4348,9,37,friday,1,morning,6 - 11:59,,23.996158,90.419726,gazipur sadar,gazipur,dhaka,34,31,27,359,,73,9,,,rainy,assault,6
4349,9,37,wednesday,0,night,20 - 5:59,,23.996158,90.419726,gazipur sadar,gazipur,dhaka,33,31,26,116,,78,10,,,rainy,assault,6
4350,9,38,tuesday,0,afternoon,16 - 17:59,,26.0208,88.4667,thakurgaon sadar,thakurgaon,rangpur,32,29,27,359,,83,7,,,rainy,assault,6
4351,9,39,monday,0,night,20 - 5:59,,26.0208,88.4667,thakurgaon sadar,thakurgaon,rangpur,32,29,24,353,,79,8,,,rainy,assault,6
4352,10,39,sunday,0,night,20 - 5:59,,23.9,89.1333,kushtia sadar,kushtia,khulna,35,32,27,119,,71,10,,,rainy,assault,6
4353,10,40,tuesday,0,morning,6 - 11:59,,26.0208,88.4667,thakurgaon sadar,thakurgaon,rangpur,34,31,27,176,,76,10,,,rainy,assault,6
4354,10,40,thursday,0,morning,6 - 11:59,,26.0208,88.4667,thakurgaon sadar,thakurgaon,rangpur,34,31,27,176,,75,10,,,rainy,assault,6
4355,10,40,thursday,0,morning,6 - 11:59,,26.0208,88.4667,thakurgaon sadar,thakurgaon,rangpur,34,31,27,176,,75,10,,,rainy,assault,6
4356,10,41,friday,1,night,20 - 5:59,,26.0208,88.4667,thakurgaon sadar,thakurgaon,rangpur,32,28,22,143,,78,8,,,rainy,assault,6
4357,10,43,monday,0,night,20 - 5:59,,23.5417,89.1833,jhenaidah sadar,jhenaidah,khulna,33,30,24,113,,58,10,,,rainy,assault,6
4358,9,37,friday,1,morning,6 - 11:59,,23.996158,90.419726,gazipur sadar,gazipur,dhaka,34,31,27,359,,73,9,,,rainy,assault,6
4359,4,15,tuesday,0,night,20 - 5:59,,24.4139,88.93,natore sadar,natore,rajshahi,44,40,32,113,,13,10,,,hot,assault,6
4360,9,36,friday,1,night,20 - 5:59,,22.2333,92.1917,bandarban sadar,bandarban,chattogram,31,29,26,386,,84,9,,,rainy,assault,6
4361,9,35,saturday,1,night,20 - 5:59,,24.005,89.25,pabna sadar,pabna,rajshahi,34,32,28,356,,77,9,,,rainy,assault,6
4362,8,31,wednesday,0,night,20 - 5:59,,24.888242,91.868519,sylhet sadar,sylhet,sylhet,39,34,27,116,,72,10,,,rainy,assault,6
4363,8,32,monday,0,morning,6 - 11:59,,23.9,89.1333,kushtia sadar,kushtia,khulna,34,31,27,356,,75,10,,,rainy,assault,6
4364,8,32,friday,1,night,20 - 5:59,,23.4875,89.4208,magura sadar,magura,khulna,33,31,27,386,,80,9,,,rainy,assault,6
4365,8,33,monday,0,night,20 - 5:59,,22.7,90.3667,barisal sadar,barisal,barisal,34,32,29,176,,74,9,,,rainy,assault,6
4366,8,33,monday,0,morning,6 - 11:59,,26.0208,88.4667,thakurgaon sadar,thakurgaon,rangpur,36,33,29,116,,67,10,,,rainy,assault,6
4367,8,33,saturday,1,night,20 - 5:59,,22.5778,89.99,pirojpur sadar,pirojpur,barisal,34,32,28,356,,74,10,,,rainy,assault,6
4368,8,33,wednesday,0,morning,6 - 11:59,,26.0208,88.4667,thakurgaon sadar,thakurgaon,rangpur,35,32,28,176,,73,10,,,rainy,assault,6
4369,8,34,monday,0,night,20 - 5:59,,24.888242,91.868519,sylhet sadar,sylhet,sylhet,34,31,24,116,,79,9,,,rainy,assault,6
4370,8,34,monday,0,morning,6 - 11:59,,22.5778,89.99,pirojpur sadar,pirojpur,barisal,33,30,25,386,,79,9,,,rainy,assault,6
4371,8,34,friday,1,evening,18 - 19:59,,25.6333,88.65,dinajpur sadar,dinajpur,rangpur,38,34,29,200,,63,10,,,rainy,assault,6
4372,8,35,monday,0,night,20 - 5:59,,23.996158,90.419726,gazipur sadar,gazipur,dhaka,35,32,28,116,,70,10,,,rainy,assault,6
4373,4,14,sunday,0,night,20 - 5:59,,24.4139,88.93,natore sadar,natore,rajshahi,43,40,31,113,,17,10,,,hot,assault,6
4374,8,35,monday,0,night,20 - 5:59,,23.81667,88.755,gangni,meherpur,khulna,33,30,27,356,,80,9,,,rainy,assault,6
4375,8,35,monday,0,morning,6 - 11:59,,23.85,90.01,shibaloy,manikganj,dhaka,33,31,27,386,,79,9,,,rainy,assault,6
4376,12,49,wednesday,0,night,20 - 5:59,,24.6333,90.2667,fulbaria,mymensingh,mymensingh,30,25,20,113,,65,10,,,winter,assault,6
4377,7,26,sunday,0,morning,6 - 11:59,,25.0833,90.8917,kalmakanda,netrokona,mymensingh,33,30,26,359,,81,7,,,rainy,assault,6
4378,7,28,saturday,1,night,20 - 5:59,,22.7,90.3667,barisal sadar,barisal,barisal,33,31,28,386,,77,9,,,rainy,assault,6
4379,7,29,sunday,0,afternoon,16 - 17:59,,23.9,89.1333,kushtia sadar,kushtia,khulna,30,29,27,359,,84,8,,,rainy,assault,6
4380,7,31,monday,0,morning,6 - 11:59,,24.888242,91.868519,sylhet sadar,sylhet,sylhet,34,31,26,176,,77,10,,,rainy,assault,6
4381,8,31,saturday,1,night,20 - 5:59,,25.0833,90.8917,kalmakanda,netrokona,mymensingh,33,31,26,353,,80,9,,,rainy,assault,6
4382,8,32,wednesday,0,night,20 - 5:59,,23.85,90.0111,manikganj sadar,manikganj,dhaka,34,31,27,386,,76,10,,,rainy,assault,6
4383,4,14,monday,0,morning,6 - 11:59,,24.8417,89.375,bogra sadar,bogura,rajshahi,32,29,25,200,,79,8,,,hot,assault,6
4384,3,12,tuesday,0,night,20 - 5:59,,24.888242,91.868519,sylhet sadar,sylhet,sylhet,36,31,23,113,,44,10,,,hot,assault,6
4385,3,11,wednesday,0,morning,6 - 11:59,,24.586659,88.275275,chapainawabganj sadar,chapainawabganj,rajshahi,38,33,25,113,,30,10,,,hot,assault,6
4386,1,4,thursday,0,morning,6 - 11:59,,24.888242,91.868519,sylhet sadar,sylhet,sylhet,27,22,17,113,,59,10,,,winter,assault,6
4387,2,6,saturday,1,noon,12 - 15:59,,24.888242,91.868519,sylhet sadar,sylhet,sylhet,29,24,18,116,,49,10,,,winter,assault,6
4388,2,7,wednesday,0,afternoon,16 - 17:59,,22.65,92.1833,rangamati sadar,rangamati,chattogram,33,26,16,113,,46,10,,,winter,assault,6
4389,11,45,sunday,0,evening,18 - 19:59,,24.888242,91.868519,sylhet sadar,sylhet,sylhet,26,24,22,353,,86,10,,,winter,assault,6
4390,2,6,wednesday,0,morning,6 - 11:59,,25.1,91.3,bishwambarpur,sunamganj,sylhet,28,23,17,113,,60,10,,,winter,assault,6
4391,3,11,tuesday,0,noon,12 - 15:59,,24.888242,91.868519,sylhet sadar,sylhet,sylhet,34,27,19,113,,45,10,,,hot,assault,6
4392,3,11,tuesday,0,night,20 - 5:59,,25.51667,88.88333,fulbari,dinajpur,rangpur,35,30,22,113,,32,10,,,hot,assault,6
4393,10,43,wednesday,0,night,20 - 5:59,,26.0208,88.4667,thakurgaon sadar,thakurgaon,rangpur,32,28,23,116,,72,10,,,rainy,assault,6
4394,4,15,wednesday,0,evening,18 - 19:59,,24.6333,90.2667,fulbaria,mymensingh,mymensingh,40,33,23,113,,41,10,,,hot,assault,6
4395,8,31,thursday,0,night,20 - 5:59,,22.7,90.3667,barisal sadar,barisal,barisal,35,33,30,353,,71,9,,,rainy,assault,6
4396,8,31,thursday,0,night,20 - 5:59,,22.7,90.3667,barisal sadar,barisal,barisal,35,33,30,353,,71,9,,,rainy,assault,6
4397,7,29,monday,0,night,20 - 5:59,,24.8417,89.375,bogra sadar,bogura,rajshahi,37,34,29,116,,67,10,,,rainy,assault,6
4398,8,32,monday,0,afternoon,16 - 17:59,,24.888242,91.868519,sylhet sadar,sylhet,sylhet,30,29,27,356,,85,9,,,rainy,assault,6
4399,8,32,monday,0,afternoon,16 - 17:59,,24.888242,91.868519,sylhet sadar,sylhet,sylhet,30,29,27,356,,85,9,,,rainy,assault,6
4400,8,32,tuesday,0,noon,12 - 15:59,,21.454718,92.010452,coxsbazar sadar,coxsbazar,chattogram,31,29,26,200,,81,9,,,rainy,assault,6
4401,8,33,tuesday,0,night,20 - 5:59,,22.7,90.3667,barisal sadar,barisal,barisal,34,31,28,356,,76,9,,,rainy,assault,6
4402,8,33,saturday,1,noon,12 - 15:59,,24.888242,91.868519,sylhet sadar,sylhet,sylhet,36,33,27,176,,70,10,,,rainy,assault,6
4403,8,34,tuesday,0,afternoon,16 - 17:59,,23.9,89.1333,kushtia sadar,kushtia,khulna,35,33,28,353,,66,10,,,rainy,assault,6
4404,10,41,saturday,1,night,20 - 5:59,,24.005,89.25,pabna sadar,pabna,rajshahi,27,25,23,356,,87,9,,,rainy,assault,6
4405,10,43,friday,1,night,20 - 5:59,,23.180315,89.1608575,jessore sadar,jashore,khulna,32,29,24,113,,44,10,,,rainy,assault,6
4406,11,44,thursday,0,night,20 - 5:59,,25.0833,90.8917,kalmakanda,netrokona,mymensingh,32,28,22,113,,67,10,,,winter,assault,6
4407,11,46,sunday,0,night,20 - 5:59,,25.7583,89.2333,rangpur sadar,rangpur,rangpur,29,24,18,113,,56,10,,,winter,assault,6
4408,5,22,wednesday,0,night,20 - 5:59,,24.888242,91.868519,sylhet sadar,sylhet,sylhet,31,28,25,359,,91,7,,,hot,assault,6
4409,6,24,sunday,0,morning,6 - 11:59,,25.7583,89.2333,rangpur sadar,rangpur,rangpur,35,32,26,356,,80,8,,,rainy,assault,6
4410,12,49,friday,1,night,20 - 5:59,,24.75833,90.575,gouripur,mymensingh,mymensingh,29,25,18,113,,63,10,,,winter,assault,6
4411,12,50,monday,0,afternoon,16 - 17:59,,23.85,90.01,shibaloy,manikganj,dhaka,31,27,22,113,,48,10,,,winter,assault,6
4412,12,52,tuesday,0,afternoon,16 - 17:59,,23.0744,88.8667,sharsha,jashore,khulna,27,24,19,113,,41,10,,,winter,assault,6
4413,1,4,saturday,1,night,20 - 5:59,,22.95,90.825,lakshmipur sadar,lakshmipur,chattogram,27,24,18,113,,61,10,,,winter,assault,6
4414,2,5,tuesday,0,night,20 - 5:59,,22.7,90.3667,barisal sadar,barisal,barisal,29,26,22,116,,62,10,,,winter,assault,6
4415,2,6,thursday,0,noon,12 - 15:59,,24.8417,89.375,bogra sadar,bogura,rajshahi,30,26,21,113,,40,10,,,winter,assault,6
4416,2,8,friday,1,evening,18 - 19:59,,24.75,90.4167,mymensingh sadar,mymensingh,mymensingh,34,29,21,113,,45,10,,,winter,assault,6
4417,10,43,thursday,0,morning,6 - 11:59,,26.0208,88.4667,thakurgaon sadar,thakurgaon,rangpur,33,29,25,113,,71,10,,,rainy,assault,6
4418,11,45,wednesday,0,night,20 - 5:59,,25.7583,89.2333,rangpur sadar,rangpur,rangpur,30,26,20,353,,67,10,,,winter,assault,6
4419,9,39,wednesday,0,noon,12 - 15:59,,25.7583,89.2333,rangpur sadar,rangpur,rangpur,29,27,25,356,,94,7,,,rainy,assault,6
4420,9,39,saturday,1,night,20 - 5:59,,24.4583,89.7,sirajganj sadar,sirajganj,rajshahi,34,31,26,116,,59,10,,,rainy,assault,6
4421,10,40,thursday,0,morning,6 - 11:59,,26.0208,88.4667,thakurgaon sadar,thakurgaon,rangpur,35,32,27,113,,66,10,,,rainy,assault,6
4422,10,40,friday,1,night,20 - 5:59,,24.888242,91.868519,sylhet sadar,sylhet,sylhet,36,32,26,113,,75,10,,,rainy,assault,6
4423,10,41,monday,0,night,20 - 5:59,,23.9,89.1333,kushtia sadar,kushtia,khulna,36,33,28,113,,57,10,,,rainy,assault,6
4424,10,41,thursday,0,night,20 - 5:59,,22.5778,89.99,pirojpur sadar,pirojpur,barisal,30,27,26,356,,89,9,,,rainy,assault,6
4425,10,41,sunday,0,morning,6 - 11:59,,23.0417,91.9944,khagrachhari sadar,khagrachhari,chattogram,33,27,22,356,,88,9,,,rainy,assault,6
4426,10,42,monday,0,morning,6 - 11:59,,22.5778,89.99,pirojpur sadar,pirojpur,barisal,31,29,25,356,,78,9,,,rainy,assault,6
4427,10,42,sunday,0,morning,6 - 11:59,,24.4333,90.7833,kishoreganj sadar,kishoreganj,dhaka,32,29,24,176,,74,10,,,rainy,assault,6
4428,10,42,sunday,0,morning,6 - 11:59,,25.915,89.45,lalmonirhat sadar,lalmonirhat,rangpur,32,29,23,176,,74,10,,,rainy,assault,6
4429,10,43,monday,0,night,20 - 5:59,,23.4875,89.4208,magura sadar,magura,khulna,32,30,26,116,,66,10,,,rainy,assault,6
4430,9,37,thursday,0,night,20 - 5:59,,24.888242,91.868519,sylhet sadar,sylhet,sylhet,39,34,27,176,,71,10,,,rainy,assault,6
4431,8,35,sunday,0,night,20 - 5:59,,23.4583,90.5417,munshiganj,munshiganj,dhaka,33,31,27,353,,80,10,,,rainy,assault,6
4432,8,32,friday,1,night,20 - 5:59,,22.8256,91.1014,noakhali sadar,noakhali,chattogram,33,31,28,353,,74,10,,,rainy,assault,6
4433,8,33,monday,0,night,20 - 5:59,,24.8417,89.375,bogra sadar,bogura,rajshahi,34,32,28,356,,75,9,,,rainy,assault,6
4434,8,34,thursday,0,night,20 - 5:59,,24.888242,91.868519,sylhet sadar,sylhet,sylhet,32,27,24,359,,94,6,,,rainy,assault,6
4435,8,34,thursday,0,night,20 - 5:59,,24.888242,91.868519,sylhet sadar,sylhet,sylhet,32,27,24,359,,94,6,,,rainy,assault,6
4436,8,35,sunday,0,night,20 - 5:59,,24.888242,91.868519,sylhet sadar,sylhet,sylhet,28,26,25,356,,96,6,,,rainy,assault,6
4437,8,35,sunday,0,night,20 - 5:59,,24.888242,91.868519,sylhet sadar,sylhet,sylhet,28,26,25,356,,96,6,,,rainy,assault,6
4438,8,36,monday,0,night,20 - 5:59,,23.5417,89.1833,jhenaidah sadar,jhenaidah,khulna,33,30,27,359,,85,7,,,rainy,assault,6
4439,9,36,wednesday,0,night,20 - 5:59,,24.005,89.25,pabna sadar,pabna,rajshahi,34,31,28,353,,75,9,,,rainy,assault,6
4440,9,36,tuesday,0,afternoon,16 - 17:59,,24.4583,89.7,sirajganj sadar,sirajganj,rajshahi,32,30,27,353,,84,10,,,rainy,assault,6
4441,8,35,wednesday,0,noon,12 - 15:59,,24.375,91.4167,habiganj sadar,habiganj,sylhet,33,30,26,356,,85,8,,,rainy,assault,6
4442,9,37,monday,0,night,20 - 5:59,,23.180315,89.1608575,jessore sadar,jashore,khulna,37,33,28,116,,66,10,,,rainy,assault,6
4443,8,32,wednesday,0,night,20 - 5:59,,23.996158,90.419726,gazipur sadar,gazipur,dhaka,33,31,26,386,,78,10,,,rainy,assault,6
4444,10,42,sunday,0,night,20 - 5:59,,24.888242,91.868519,sylhet sadar,sylhet,sylhet,35,30,23,113,,71,10,,,rainy,assault,6
4445,11,45,tuesday,0,night,20 - 5:59,,23.996158,90.419726,gazipur sadar,gazipur,dhaka,30,27,23,176,,77,10,,,winter,assault,6
4446,2,6,sunday,0,morning,6 - 11:59,,25.915,89.45,lalmonirhat sadar,lalmonirhat,rangpur,31,25,17,113,,30,10,,,winter,assault,6
4447,2,7,sunday,0,noon,12 - 15:59,,24.8417,89.375,bogra sadar,bogura,rajshahi,33,29,22,113,,39,10,,,winter,assault,6
4448,2,8,saturday,1,morning,6 - 11:59,,24.805,88.95,naogaon sadar,naogaon,rajshahi,32,26,17,113,,25,10,,,winter,assault,6
4449,9,35,saturday,1,morning,6 - 11:59,,25.7583,89.2333,rangpur sadar,rangpur,rangpur,34,32,28,356,,73,9,,,rainy,assault,6
4450,9,35,saturday,1,night,20 - 5:59,,23.6,90.5,narayanganj sadar,narayanganj,dhaka,33,31,27,176,,77,10,,,rainy,assault,6
4451,9,36,wednesday,0,morning,6 - 11:59,,25.51667,88.88333,fulbari,dinajpur,rangpur,35,32,29,356,,69,10,,,rainy,assault,6
4452,9,37,saturday,1,night,20 - 5:59,,22.45,89.0417,kaliganj,satkhira,khulna,34,32,28,359,,74,8,,,rainy,assault,6
4453,9,38,tuesday,0,morning,6 - 11:59,,24.1,90.57,kapasia,gazipur,dhaka,38,34,29,113,,61,10,,,rainy,assault,6
4454,2,6,sunday,0,morning,6 - 11:59,,24.2917,89.7,belkuchi,sirajganj,rajshahi,31,26,19,113,,34,10,,,winter,assault,6
4455,10,43,tuesday,0,morning,6 - 11:59,,25.333317,89.520761,gaibandha sadar,gaibandha,rangpur,32,28,23,176,,75,10,,,rainy,assault,6
4456,8,33,wednesday,0,morning,6 - 11:59,,23.9611,89.8417,doulatpur,manikganj,dhaka,35,32,29,353,,71,10,,,rainy,assault,6
4457,8,33,saturday,1,morning,6 - 11:59,,24.75,90.4167,mymensingh sadar,mymensingh,mymensingh,37,34,29,200,,66,10,,,rainy,assault,6
4458,6,23,monday,0,night,20 - 5:59,,24.888242,91.868519,sylhet sadar,sylhet,sylhet,38,34,28,176,,59,10,,,rainy,assault,6
4459,6,25,tuesday,0,night,20 - 5:59,,24.4333,89.375,tarash,sirajganj,rajshahi,39,35,29,386,,66,10,,,rainy,assault,6
4460,6,25,thursday,0,morning,6 - 11:59,,25.7583,89.2333,rangpur sadar,rangpur,rangpur,36,33,27,356,,72,8,,,rainy,assault,6
4461,6,23,sunday,0,morning,6 - 11:59,,25.915,89.45,lalmonirhat sadar,lalmonirhat,rangpur,37,35,30,176,,58,10,,,rainy,assault,6
4462,1,1,thursday,0,evening,18 - 19:59,,25.7583,89.2333,rangpur sadar,rangpur,rangpur,26,21,16,113,,45,10,,,winter,assault,6
4463,1,2,tuesday,0,evening,18 - 19:59,,24.888242,91.868519,sylhet sadar,sylhet,sylhet,25,20,14,113,,55,10,,,winter,assault,6
4464,1,3,saturday,1,night,20 - 5:59,,26.0208,88.4667,thakurgaon sadar,thakurgaon,rangpur,32,24,15,113,,39,10,,,winter,assault,6
4465,1,4,tuesday,0,morning,6 - 11:59,,26.1278,88.925,dimla,nilphamari,rangpur,33,27,17,113,,41,10,,,winter,assault,6
4466,2,6,wednesday,0,morning,6 - 11:59,,24.888242,91.868519,sylhet sadar,sylhet,sylhet,34,26,17,113,,54,10,,,winter,assault,6
4467,7,30,thursday,0,night,20 - 5:59,,23.4875,89.4208,magura sadar,magura,khulna,34,31,28,359,,77,8,,,rainy,assault,6
4468,1,3,tuesday,0,morning,6 - 11:59,,22.5778,89.99,pirojpur sadar,pirojpur,barisal,29,23,17,113,,44,10,,,winter,assault,6
4469,1,3,thursday,0,morning,6 - 11:59,,24.8417,89.375,bogra sadar,bogura,rajshahi,31,26,21,113,,50,10,,,winter,assault,6
4470,1,3,saturday,1,morning,6 - 11:59,,23.4583,90.5417,munshiganj,munshiganj,dhaka,28,23,19,113,,47,10,,,winter,assault,6
4471,1,4,friday,1,afternoon,16 - 17:59,,23.4583,90.5417,munshiganj,munshiganj,dhaka,29,26,19,113,,48,10,,,winter,assault,6
4472,1,4,sunday,0,noon,12 - 15:59,,23.85,90.0111,manikganj sadar,manikganj,dhaka,28,25,19,113,,53,10,,,winter,assault,6
4473,2,6,wednesday,0,night,20 - 5:59,,25.7583,89.2333,rangpur sadar,rangpur,rangpur,30,25,18,113,,34,10,,,winter,assault,6
4474,2,6,wednesday,0,night,20 - 5:59,,24.375,91.4167,habiganj sadar,habiganj,sylhet,31,25,12,113,,44,10,,,winter,assault,6
4475,3,10,tuesday,0,afternoon,16 - 17:59,,25.8167,89.65,kurigram sadar,kurigram,rangpur,30,27,19,176,,50,10,,,hot,assault,6
4476,3,10,friday,1,morning,6 - 11:59,,23.0167,91.3917,feni sadar,feni,chattogram,32,27,20,113,,33,10,,,hot,assault,6
4477,3,10,thursday,0,night,20 - 5:59,,22.7,90.3667,barisal sadar,barisal,barisal,32,28,23,113,,53,10,,,hot,assault,6
4478,3,11,tuesday,0,night,20 - 5:59,,22.7,90.3667,barisal sadar,barisal,barisal,26,25,23,113,,40,10,,,hot,assault,6
4479,3,11,wednesday,0,noon,12 - 15:59,,24.375,91.4167,habiganj sadar,habiganj,sylhet,33,27,17,176,,53,10,,,hot,assault,6
4480,3,11,wednesday,0,noon,12 - 15:59,,24.375,91.4167,habiganj sadar,habiganj,sylhet,33,27,17,176,,53,10,,,hot,assault,6
4481,1,3,monday,0,night,20 - 5:59,,24.375,91.4167,habiganj sadar,habiganj,sylhet,29,21,13,113,,69,10,,,winter,assault,6
4482,3,11,friday,1,night,20 - 5:59,,23.0167,91.3917,feni sadar,feni,chattogram,33,28,19,176,,56,10,,,hot,assault,6
4483,12,50,thursday,0,morning,6 - 11:59,,24.888242,91.868519,sylhet sadar,sylhet,sylhet,32,26,18,113,,66,10,,,winter,assault,6
4484,11,45,wednesday,0,night,20 - 5:59,,23.9,89.1333,kushtia sadar,kushtia,khulna,31,27,22,113,,51,10,,,winter,assault,6
4485,11,45,wednesday,0,afternoon,16 - 17:59,,24.8417,89.375,bogra sadar,bogura,rajshahi,32,28,21,116,,59,10,,,winter,assault,6
4486,11,45,sunday,0,night,20 - 5:59,,24.375,91.4167,habiganj sadar,habiganj,sylhet,31,27,19,113,,80,10,,,winter,assault,6
4487,11,46,wednesday,0,night,20 - 5:59,,23.0744,88.8667,sharsha,jashore,khulna,31,27,21,113,,46,10,,,winter,assault,6
4488,11,46,sunday,0,night,20 - 5:59,,22.7,90.3667,barisal sadar,barisal,barisal,30,26,21,113,,59,10,,,winter,assault,6
4489,11,47,thursday,0,night,20 - 5:59,,24.4139,88.93,natore sadar,natore,rajshahi,32,28,22,113,,55,10,,,winter,assault,6
4490,12,48,thursday,0,night,20 - 5:59,,24.25,89.9167,tangail sadar,tangail,dhaka,32,27,22,113,,65,10,,,winter,assault,6
4491,12,49,tuesday,0,night,20 - 5:59,,24.25,89.9167,tangail sadar,tangail,dhaka,33,27,21,113,,66,10,,,winter,assault,6
4492,3,12,friday,1,night,20 - 5:59,,24.375,91.4167,habiganj sadar,habiganj,sylhet,36,30,19,113,,28,10,,,hot,assault,6
4493,5,21,sunday,0,evening,18 - 19:59,,24.888242,91.868519,sylhet sadar,sylhet,sylhet,37,32,25,386,,75,8,,,hot,assault,6
4494,5,22,tuesday,0,night,20 - 5:59,,23.996158,90.419726,gazipur sadar,gazipur,dhaka,35,33,28,353,,74,9,,,hot,assault,6
4495,5,22,tuesday,0,evening,18 - 19:59,,24.888242,91.868519,sylhet sadar,sylhet,sylhet,37,33,27,353,,73,9,,,hot,assault,6
4496,5,22,tuesday,0,night,20 - 5:59,,24.375,91.4167,habiganj sadar,habiganj,sylhet,35,32,27,353,,79,8,,,hot,assault,6
4497,5,22,saturday,1,morning,6 - 11:59,,22.2869,89.9667,mathbaria,pirojpur,barisal,34,32,29,122,,71,10,,,hot,assault,6
4498,6,23,thursday,0,night,20 - 5:59,,24.25,89.9167,tangail sadar,tangail,dhaka,37,34,29,176,,62,10,,,rainy,assault,6
4499,6,24,sunday,0,morning,6 - 11:59,,23.6417,88.8583,chuadanga sadar,chuadanga,khulna,34,31,28,359,,69,8,,,rainy,assault,6
4500,6,25,saturday,1,noon,12 - 15:59,,22.8256,91.1014,noakhali sadar,noakhali,chattogram,35,32,29,176,,66,10,,,rainy,assault,6
4501,6,26,friday,1,night,20 - 5:59,,24.888242,91.868519,sylhet sadar,sylhet,sylhet,28,27,26,359,,93,8,,,rainy,assault,6
4502,5,21,sunday,0,evening,18 - 19:59,,24.888242,91.868519,sylhet sadar,sylhet,sylhet,37,32,25,386,,75,8,,,hot,assault,6
4503,3,12,tuesday,0,night,20 - 5:59,,25.7583,89.2333,rangpur sadar,rangpur,rangpur,35,29,20,176,,28,10,,,hot,assault,6
4504,5,21,thursday,0,night,20 - 5:59,,24.888242,91.868519,sylhet sadar,sylhet,sylhet,37,34,27,176,,64,9,,,hot,assault,6
4505,5,20,friday,1,night,20 - 5:59,,25.6333,88.65,dinajpur sadar,dinajpur,rangpur,40,36,28,116,,51,10,,,hot,assault,6
4506,3,12,friday,1,night,20 - 5:59,,24.9167,89.9583,jamalpur sadar,jamalpur,mymensingh,36,31,22,113,,23,10,,,hot,assault,6
4507,3,13,tuesday,0,night,20 - 5:59,,23.6,90.5,narayanganj sadar,narayanganj,dhaka,37,33,25,113,,40,10,,,hot,assault,6
4508,4,15,thursday,0,afternoon,16 - 17:59,,25.06667,91.4,sunamganj sadar,sunamganj,sylhet,36,31,24,176,,53,10,,,hot,assault,6
4509,4,15,thursday,0,night,20 - 5:59,,24.375,91.4167,habiganj sadar,habiganj,sylhet,34,31,24,176,,57,10,,,hot,assault,6
4510,4,16,thursday,0,noon,12 - 15:59,,25.9417,88.8444,nilphamari sadar,nilphamari,rangpur,38,34,26,116,,36,10,,,hot,assault,6
4511,4,16,thursday,0,night,20 - 5:59,,22.5778,89.99,pirojpur sadar,pirojpur,barisal,36,33,28,116,,48,10,,,hot,assault,6
4512,4,16,thursday,0,night,20 - 5:59,,24.375,91.4167,habiganj sadar,habiganj,sylhet,35,32,26,119,,47,10,,,hot,assault,6
4513,4,16,sunday,0,night,20 - 5:59,,23.180315,89.1608575,jessore sadar,jashore,khulna,36,33,27,353,,58,10,,,hot,assault,6
4514,4,17,tuesday,0,night,20 - 5:59,,24.888242,91.868519,sylhet sadar,sylhet,sylhet,33,30,24,356,,70,9,,,hot,assault,6
4515,4,18,monday,0,night,20 - 5:59,,23.0744,88.8667,sharsha,jashore,khulna,33,32,25,353,,58,10,,,hot,assault,6
4516,5,19,monday,0,night,20 - 5:59,,22.7,90.3667,barisal sadar,barisal,barisal,36,33,27,386,,68,10,,,hot,assault,6
4517,5,19,tuesday,0,morning,6 - 11:59,,25.7583,89.2333,rangpur sadar,rangpur,rangpur,38,33,26,113,,51,10,,,hot,assault,6
4518,5,19,thursday,0,morning,6 - 11:59,,23.6,90.5,narayanganj sadar,narayanganj,dhaka,38,34,28,200,,60,10,,,hot,assault,6
4519,5,20,tuesday,0,night,20 - 5:59,,24.888242,91.868519,sylhet sadar,sylhet,sylhet,37,33,26,353,,64,10,,,hot,assault,6
4520,5,21,tuesday,0,night,20 - 5:59,,26.3347,88.5583,panchagarh sadar,panchagarh,rangpur,34,31,23,359,,68,7,,,hot,assault,6
4521,1,4,thursday,0,morning,6 - 11:59,,24.888242,91.868519,sylhet sadar,sylhet,sylhet,27,22,17,113,,59,10,,,winter,assault,6
4522,1,4,wednesday,0,morning,6 - 11:59,,23.0744,88.8667,sharsha,jashore,khulna,31,27,20,113,,34,10,,,winter,assault,6
4523,1,2,sunday,0,night,20 - 5:59,,23.9,89.1333,kushtia sadar,kushtia,khulna,26,21,17,116,,50,10,,,winter,assault,6
4524,4,14,thursday,0,night,20 - 5:59,,25.51667,88.88333,fulbari,dinajpur,rangpur,32,28,23,200,,60,10,,,hot,assault,6
4525,5,18,wednesday,0,evening,18 - 19:59,,21.82174,92.43776,thanchi,bandarban,chattogram,35,31,26,113,,75,10,,,hot,assault,6
4526,5,20,thursday,0,morning,6 - 11:59,,24.005,89.25,pabna sadar,pabna,rajshahi,39,35,28,176,,59,10,,,hot,assault,6
4527,8,33,saturday,1,night,20 - 5:59,,22.7,90.3667,barisal sadar,barisal,barisal,33,31,28,356,,75,9,,,rainy,assault,6
4528,9,37,saturday,1,night,20 - 5:59,,22.50439,89.97897,zianagar,pirojpur,barisal,32,30,27,353,,80,9,,,rainy,assault,6
4529,1,1,tuesday,0,morning,6 - 11:59,,23.0744,88.8667,sharsha,jashore,khulna,28,24,17,113,,40,10,,,winter,assault,6
4530,1,1,wednesday,0,night,20 - 5:59,,23.6,90.5,narayanganj sadar,narayanganj,dhaka,30,26,21,113,,45,10,,,winter,assault,6
4531,1,1,friday,1,morning,6 - 11:59,,24.888242,91.868519,sylhet sadar,sylhet,sylhet,28,23,16,113,,50,10,,,winter,assault,6
4532,2,5,saturday,1,morning,6 - 11:59,,22.1508,90.1264,barguna sadar,barguna,barisal,34,28,20,113,,41,10,,,winter,assault,6
4533,2,6,thursday,0,noon,12 - 15:59,,25.7583,89.2333,rangpur sadar,rangpur,rangpur,30,25,19,113,,32,10,,,winter,assault,6
4534,1,4,wednesday,0,morning,6 - 11:59,,24.75,90.4167,mymensingh sadar,mymensingh,mymensingh,31,26,20,113,,48,10,,,winter,assault,6
4535,2,8,tuesday,0,night,20 - 5:59,,25.51667,88.88333,fulbari,dinajpur,rangpur,28,24,18,113,,54,10,,,winter,assault,6
4536,1,5,monday,0,night,20 - 5:59,,23.180315,89.1608575,jessore sadar,jashore,khulna,25,23,20,116,,47,10,,,winter,assault,6
4537,3,10,sunday,0,noon,12 - 15:59,,24.888242,91.868519,sylhet sadar,sylhet,sylhet,30,25,17,113,,46,10,,,hot,assault,6
4538,3,10,friday,1,morning,6 - 11:59,,24.25,89.9167,tangail sadar,tangail,dhaka,30,26,20,113,,38,10,,,hot,assault,6
4539,3,13,saturday,1,morning,6 - 11:59,,24.75,90.4167,mymensingh sadar,mymensingh,mymensingh,34,30,24,293,,51,9,,,hot,assault,6
4540,3,13,wednesday,0,morning,6 - 11:59,,23.0167,91.3917,feni sadar,feni,chattogram,36,32,24,113,,37,10,,,hot,assault,6
4541,3,11,thursday,0,night,20 - 5:59,,26.0208,88.4667,thakurgaon sadar,thakurgaon,rangpur,32,28,20,113,,25,10,,,hot,assault,6
4542,8,34,wednesday,0,night,20 - 5:59,,23.0744,88.8667,sharsha,jashore,khulna,34,32,27,176,,75,10,,,rainy,assault,6
4543,7,28,wednesday,0,noon,12 - 15:59,,22.7,90.3667,barisal sadar,barisal,barisal,32,30,27,386,,77,10,,,rainy,assault,6
4544,7,28,tuesday,0,evening,18 - 19:59,,23.6,90.5,narayanganj sadar,narayanganj,dhaka,32,30,27,356,,80,10,,,rainy,assault,6
4545,7,27,sunday,0,noon,12 - 15:59,,23.9528,91.1167,brahmanbaria sadar,brahmanbaria,chattogram,32,29,26,200,,82,10,,,rainy,assault,6
4546,7,27,wednesday,0,morning,6 - 11:59,,22.6431,90.2,jhalakathi sadar,jhalakathi,barisal,34,32,28,356,,73,9,,,rainy,assault,6
4547,7,26,sunday,0,evening,18 - 19:59,,25.6333,88.65,dinajpur sadar,dinajpur,rangpur,32,30,27,353,,86,8,,,rainy,assault,6
4548,3,11,friday,1,night,20 - 5:59,,24.9167,89.9583,jamalpur sadar,jamalpur,mymensingh,32,28,20,113,,36,10,,,hot,assault,6
4549,7,29,tuesday,0,morning,6 - 11:59,,24.56667,91.515,nabiganj,habiganj,sylhet,33,30,26,356,,83,9,,,rainy,assault,6
4550,11,45,wednesday,0,night,20 - 5:59,,24.56667,91.515,nabiganj,habiganj,sylhet,31,27,20,113,,77,10,,,winter,assault,6
4551,9,39,monday,0,night,20 - 5:59,,23.8833,90.9833,nabinagar,brahmanbaria,chattogram,35,32,28,353,,69,10,,,rainy,assault,6
4552,9,39,monday,0,night,20 - 5:59,,23.8833,90.9833,nabinagar,brahmanbaria,chattogram,35,32,28,353,,69,10,,,rainy,assault,6
4553,2,5,monday,0,morning,6 - 11:59,,24.73092,88.41722,nachol,chapainawabganj,rajshahi,30,26,21,113,,42,10,,,winter,assault,6
4554,8,34,saturday,1,noon,12 - 15:59,,24.73092,88.41722,nachol,chapainawabganj,rajshahi,37,33,29,113,,66,10,,,rainy,assault,6
4555,7,29,tuesday,0,morning,6 - 11:59,,24.05,89.86806,nagarpur,tangail,dhaka,31,29,27,305,,85,8,,,rainy,assault,6
4556,6,23,sunday,0,night,20 - 5:59,,24.05,89.86806,nagarpur,tangail,dhaka,35,33,29,356,,78,9,,,rainy,assault,6
4557,8,31,thursday,0,night,20 - 5:59,,21.4167,92.1833,naikhongchhari,bandarban,chattogram,32,29,26,200,,80,10,,,rainy,assault,6
4558,3,10,sunday,0,morning,6 - 11:59,,24.5667,90.6833,nandail,mymensingh,mymensingh,35,30,23,116,,41,10,,,hot,assault,6
4559,10,42,thursday,0,night,20 - 5:59,,24.5667,90.6833,nandail,mymensingh,mymensingh,31,28,23,353,,80,9,,,rainy,assault,6
4560,4,17,saturday,1,night,20 - 5:59,,24.5667,90.6833,nandail,mymensingh,mymensingh,33,30,25,200,,81,8,,,hot,assault,6
4561,3,11,monday,0,night,20 - 5:59,,24.5667,90.6833,nandail,mymensingh,mymensingh,35,29,20,113,,36,10,,,hot,assault,6
4562,3,10,sunday,0,morning,6 - 11:59,,24.5667,90.6833,nandail,mymensingh,mymensingh,35,30,23,116,,41,10,,,hot,assault,6
4563,5,20,saturday,1,morning,6 - 11:59,,23.6,90.5,narayanganj sadar,narayanganj,dhaka,35,32,27,176,,73,10,,,hot,assault,6
4564,2,5,saturday,1,night,20 - 5:59,,24.207,91.2097,nasirnagar,brahmanbaria,chattogram,31,26,19,113,,42,10,,,winter,assault,6
4565,2,5,saturday,1,night,20 - 5:59,,24.207,91.2097,nasirnagar,brahmanbaria,chattogram,31,26,19,113,,42,10,,,winter,assault,6
4566,9,38,monday,0,night,20 - 5:59,,24.207,91.2097,nasirnagar,brahmanbaria,chattogram,33,30,26,353,,78,10,,,rainy,assault,6
4567,9,38,monday,0,night,20 - 5:59,,24.207,91.2097,nasirnagar,brahmanbaria,chattogram,33,30,26,353,,78,10,,,rainy,assault,6
4568,3,9,sunday,0,night,20 - 5:59,,22.7461,89.9678,nazirpur,pirojpur,barisal,30,26,18,113,,35,10,,,hot,assault,6
4569,5,22,friday,1,noon,12 - 15:59,,22.7461,89.9678,nazirpur,pirojpur,barisal,34,32,29,353,,71,9,,,hot,assault,6
4570,5,19,monday,0,night,20 - 5:59,,22.7461,89.9678,nazirpur,pirojpur,barisal,34,31,28,386,,73,9,,,hot,assault,6
4571,11,45,tuesday,0,noon,12 - 15:59,,22.7472,90.1036,nesarabad,pirojpur,barisal,30,27,22,353,,80,10,,,winter,assault,6
4572,5,19,wednesday,0,noon,12 - 15:59,,22.7472,90.1036,nesarabad,pirojpur,barisal,38,34,28,176,,62,10,,,hot,assault,6
4573,4,16,tuesday,0,morning,6 - 11:59,,22.7472,90.1036,nesarabad,pirojpur,barisal,38,33,28,386,,61,9,,,hot,assault,6
4574,4,17,tuesday,0,noon,12 - 15:59,,24.875,90.7333,netrokona sadar,netrokona,mymensingh,37,33,25,113,,45,10,,,hot,assault,6
4575,12,52,sunday,0,noon,12 - 15:59,,24.6611,89.2333,nondigram,bogura,rajshahi,27,22,16,113,,49,10,,,winter,assault,6
4576,8,33,thursday,0,afternoon,16 - 17:59,,24.4417,88.6278,paba,rajshahi,rajshahi,34,32,28,386,,73,10,,,rainy,assault,6
4577,7,28,wednesday,0,morning,6 - 11:59,,24.005,89.25,pabna sadar,pabna,rajshahi,32,29,27,359,,87,7,,,rainy,assault,6
4578,8,32,wednesday,0,night,20 - 5:59,,24.005,89.25,pabna sadar,pabna,rajshahi,34,31,27,386,,75,10,,,rainy,assault,6
4579,4,16,thursday,0,night,20 - 5:59,,25.2833,89.35,palashbari,gaibandha,rangpur,31,29,26,386,,79,7,,,hot,assault,6
4580,4,14,sunday,0,night,20 - 5:59,,25.2833,89.35,palashbari,gaibandha,rangpur,34,30,27,386,,71,8,,,hot,assault,6
4581,6,24,thursday,0,night,20 - 5:59,,25.195,89.02,panchbibi,joypurhat,rajshahi,35,32,27,356,,78,8,,,rainy,assault,6
4582,9,38,thursday,0,night,20 - 5:59,,25.195,89.02,panchbibi,joypurhat,rajshahi,32,30,26,356,,82,7,,,rainy,assault,6
4583,8,32,saturday,1,night,20 - 5:59,,23.7917,89.4167,pangsa,rajbari,dhaka,30,29,26,356,,84,9,,,rainy,assault,6
4584,7,27,thursday,0,morning,6 - 11:59,,25.6533,88.9155,parbatipur,dinajpur,rangpur,33,31,26,356,,82,8,,,rainy,assault,6
4585,5,21,saturday,1,morning,6 - 11:59,,25.6533,88.9155,parbatipur,dinajpur,rangpur,37,33,27,386,,72,10,,,hot,assault,6
4586,8,36,monday,0,morning,6 - 11:59,,25.6533,88.9155,parbatipur,dinajpur,rangpur,31,29,27,359,,91,5,,,rainy,assault,6
4587,7,28,monday,0,morning,6 - 11:59,,25.6533,88.9155,parbatipur,dinajpur,rangpur,29,28,26,356,,91,7,,,rainy,assault,6
4588,4,18,tuesday,0,morning,6 - 11:59,,25.6533,88.9155,parbatipur,dinajpur,rangpur,38,32,25,200,,66,10,,,hot,assault,6
4589,7,30,sunday,0,night,20 - 5:59,,25.6533,88.9155,parbatipur,dinajpur,rangpur,35,32,28,176,,78,9,,,rainy,assault,6
4590,10,44,tuesday,0,afternoon,16 - 17:59,,26.35,89.01667,patgram,lalmonirhat,rangpur,31,27,19,122,,68,10,,,rainy,assault,6
4591,8,34,friday,1,night,20 - 5:59,,26.35,89.01667,patgram,lalmonirhat,rangpur,36,34,27,176,,63,10,,,rainy,assault,6
4592,2,7,wednesday,0,morning,6 - 11:59,,22.0458,89.9689,pathorghata,barguna,barisal,32,28,21,113,,45,10,,,winter,assault,6
4593,8,32,tuesday,0,night,20 - 5:59,,22.3542,90.3181,patuakhali sadar,patuakhali,barisal,31,30,28,356,,77,9,,,rainy,assault,6
4594,9,35,sunday,0,night,20 - 5:59,,22.3542,90.3181,patuakhali sadar,patuakhali,barisal,33,31,28,386,,77,9,,,rainy,assault,6
4595,6,23,tuesday,0,morning,6 - 11:59,,25.1917,89.6167,phulchari,gaibandha,rangpur,33,31,26,356,,79,9,,,rainy,assault,6
4596,2,8,thursday,0,morning,6 - 11:59,,25.1917,89.6167,phulchari,gaibandha,rangpur,33,28,22,113,,49,10,,,winter,assault,6
4597,6,23,tuesday,0,morning,6 - 11:59,,25.1917,89.6167,phulchari,gaibandha,rangpur,33,31,26,356,,79,9,,,rainy,assault,6
4598,4,17,thursday,0,afternoon,16 - 17:59,,24.95,90.35,phulpur,mymensingh,mymensingh,38,31,26,386,,78,9,,,hot,assault,6
4599,2,8,thursday,0,night,20 - 5:59,,25.58,89.4,pirgacha,rangpur,rangpur,33,27,20,113,,29,10,,,winter,assault,6
4600,10,41,thursday,0,night,20 - 5:59,,25.8542,88.3667,pirganj,thakurgaon,rangpur,29,26,23,353,,91,5,,,rainy,assault,6
4601,5,18,wednesday,0,night,20 - 5:59,,22.5778,89.99,pirojpur sadar,pirojpur,barisal,37,34,28,200,,62,10,,,hot,assault,6
4602,1,5,tuesday,0,morning,6 - 11:59,,24.375,88.85,puthia,rajshahi,rajshahi,25,21,17,353,,45,10,,,winter,assault,6
4603,8,34,tuesday,0,afternoon,16 - 17:59,,24.375,88.85,puthia,rajshahi,rajshahi,35,33,28,353,,63,10,,,rainy,assault,6
4604,2,8,tuesday,0,morning,6 - 11:59,,24.375,88.85,puthia,rajshahi,rajshahi,36,29,21,113,,42,10,,,winter,assault,6
4605,10,41,wednesday,0,afternoon,16 - 17:59,,24.375,88.85,puthia,rajshahi,rajshahi,34,31,27,356,,65,9,,,rainy,assault,6
4606,4,14,sunday,0,night,20 - 5:59,,22.5667,90.1417,rajapur,jhalakathi,barisal,39,34,28,113,,65,10,,,hot,assault,6
4607,9,39,wednesday,0,night,20 - 5:59,,22.5667,90.1417,rajapur,jhalakathi,barisal,34,32,29,359,,71,9,,,rainy,assault,6
4608,1,3,sunday,0,night,20 - 5:59,,22.5667,90.1417,rajapur,jhalakathi,barisal,24,21,16,113,,37,10,,,winter,assault,6
4609,4,14,saturday,1,night,20 - 5:59,,22.5667,90.1417,rajapur,jhalakathi,barisal,37,33,26,119,,70,10,,,hot,assault,6
4610,1,3,wednesday,0,night,20 - 5:59,,22.5667,90.1417,rajapur,jhalakathi,barisal,29,24,17,113,,41,10,,,winter,assault,6
4611,4,17,wednesday,0,night,20 - 5:59,,22.5667,90.1417,rajapur,jhalakathi,barisal,40,36,29,116,,45,10,,,hot,assault,6
4612,4,16,saturday,1,night,20 - 5:59,,22.5667,90.1417,rajapur,jhalakathi,barisal,29,29,28,353,,79,10,,,hot,assault,6
4613,5,18,saturday,1,afternoon,16 - 17:59,,22.5667,90.1417,rajapur,jhalakathi,barisal,34,31,27,122,,72,10,,,hot,assault,6
4614,10,43,friday,1,night,20 - 5:59,,23.755,89.65,rajbari sadar,rajbari,dhaka,33,30,25,113,,48,10,,,rainy,assault,6
4615,6,23,thursday,0,noon,12 - 15:59,,23.755,89.65,rajbari sadar,rajbari,dhaka,33,31,27,356,,75,9,,,rainy,assault,6
4616,6,23,sunday,0,noon,12 - 15:59,,23.755,89.65,rajbari sadar,rajbari,dhaka,35,33,29,200,,68,10,,,rainy,assault,6
4617,5,21,friday,1,morning,6 - 11:59,,25.7583,89.2333,rangpur sadar,rangpur,rangpur,34,31,25,356,,76,9,,,hot,assault,6
4618,2,7,friday,1,morning,6 - 11:59,,25.7583,89.2333,rangpur sadar,rangpur,rangpur,35,30,22,113,,38,10,,,winter,assault,6
4619,7,28,sunday,0,night,20 - 5:59,,25.7583,89.2333,rangpur sadar,rangpur,rangpur,36,33,28,116,,71,10,,,rainy,assault,6
4620,4,16,saturday,1,night,20 - 5:59,,24.7333,88.975,raninagar,naogaon,rajshahi,42,38,29,119,,47,10,,,hot,assault,6
4621,9,36,wednesday,0,night,20 - 5:59,,25.88833,88.25167,ranisankail,thakurgaon,rangpur,33,30,27,356,,81,9,,,rainy,assault,6
4622,10,41,sunday,0,morning,6 - 11:59,,25.88833,88.25167,ranisankail,thakurgaon,rangpur,35,31,25,113,,72,10,,,rainy,assault,6
4623,8,34,friday,1,morning,6 - 11:59,,25.88833,88.25167,ranisankail,thakurgaon,rangpur,37,34,30,200,,62,10,,,rainy,assault,6
4624,10,43,wednesday,0,morning,6 - 11:59,,22.1667,92.3333,rowangchhari,bandarban,chattogram,33,28,20,248,,79,6,,,rainy,assault,6
4625,7,30,monday,0,noon,12 - 15:59,,23.7931,90.5167,rupganj,narayanganj,dhaka,32,30,26,305,,84,9,,,rainy,assault,6
4626,5,22,friday,1,morning,6 - 11:59,,25.3833,89.4667,sadullapur,gaibandha,rangpur,35,32,27,359,,76,7,,,hot,assault,6
4627,9,36,tuesday,0,morning,6 - 11:59,,25.3833,89.4667,sadullapur,gaibandha,rangpur,33,30,26,359,,83,7,,,rainy,assault,6
4628,12,51,wednesday,0,noon,12 - 15:59,,24.31667,90.16806,sakhipur,tangail,dhaka,24,20,16,119,,74,10,,,winter,assault,6
4629,12,1,wednesday,0,night,20 - 5:59,,24.31667,90.16806,sakhipur,tangail,dhaka,26,22,17,113,,52,10,,,winter,assault,6
4630,8,34,tuesday,0,morning,6 - 11:59,,23.410295,89.80207,saltha,faridpur,dhaka,35,32,29,359,,67,9,,,rainy,assault,6
4631,11,47,monday,0,morning,6 - 11:59,,24.0583,89.5333,santhia,pabna,rajshahi,32,29,26,113,,55,10,,,winter,assault,6
4632,4,16,friday,1,evening,18 - 19:59,,22.2917,89.7917,sarankhola,bagerhat,khulna,34,31,27,200,,74,10,,,hot,assault,6
4633,12,50,friday,1,evening,18 - 19:59,,22.2917,89.7917,sarankhola,bagerhat,khulna,29,26,21,113,,48,10,,,winter,assault,6
4634,12,49,monday,0,night,20 - 5:59,,24.7417,89.8333,sarishabari,jamalpur,mymensingh,34,27,21,113,,65,10,,,winter,assault,6
4635,5,21,sunday,0,morning,6 - 11:59,,24.7417,89.8333,sarishabari,jamalpur,mymensingh,36,32,27,359,,75,7,,,hot,assault,6
4636,4,16,monday,0,afternoon,16 - 17:59,,24.7417,89.8333,sarishabari,jamalpur,mymensingh,38,33,26,113,,45,10,,,hot,assault,6
4637,4,14,friday,1,night,20 - 5:59,,22.7167,89.075,satkhira sadar,satkhira,khulna,34,31,25,122,,63,10,,,hot,assault,6
4638,8,31,tuesday,0,morning,6 - 11:59,,23.961012,89.998051,saturia,manikganj,dhaka,34,31,26,386,,75,10,,,rainy,assault,6
4639,4,17,wednesday,0,night,20 - 5:59,,24.17,89.58833,shahjadpur,sirajganj,rajshahi,37,32,27,386,,69,10,,,hot,assault,6
4640,8,32,friday,1,morning,6 - 11:59,,23.6917,89.25,shailkupa,jhenaidah,khulna,35,32,27,200,,72,10,,,rainy,assault,6
4641,3,13,tuesday,0,morning,6 - 11:59,,24.762147,89.382832,shajahanpur,bogura,rajshahi,36,32,26,176,,51,10,,,hot,assault,6
4642,7,31,thursday,0,evening,18 - 19:59,,24.762147,89.382832,shajahanpur,bogura,rajshahi,35,32,28,359,,72,7,,,rainy,assault,6
4643,7,31,tuesday,0,morning,6 - 11:59,,24.762147,89.382832,shajahanpur,bogura,rajshahi,34,31,27,359,,76,7,,,rainy,assault,6
4644,8,33,sunday,0,morning,6 - 11:59,,24.762147,89.382832,shajahanpur,bogura,rajshahi,34,31,27,359,,76,8,,,rainy,assault,6
4645,7,30,saturday,1,morning,6 - 11:59,,24.762147,89.382832,shajahanpur,bogura,rajshahi,31,29,26,356,,83,9,,,rainy,assault,6
4646,5,19,tuesday,0,night,20 - 5:59,,25.03087,91.40376,shalla,sunamganj,sylhet,37,31,25,119,,72,10,,,hot,assault,6
4647,5,19,saturday,1,noon,12 - 15:59,,24.8833,89.5667,shariakandi,bogura,rajshahi,35,32,26,353,,53,10,,,hot,assault,6
4648,9,38,sunday,0,night,20 - 5:59,,23.0744,88.8667,sharsha,jashore,khulna,31,29,25,356,,86,8,,,rainy,assault,6
4649,7,30,wednesday,0,noon,12 - 15:59,,23.0744,88.8667,sharsha,jashore,khulna,34,32,27,356,,73,10,,,rainy,assault,6
4650,6,23,monday,0,night,20 - 5:59,,23.0744,88.8667,sharsha,jashore,khulna,39,36,30,386,,58,10,,,rainy,assault,6
4651,4,17,wednesday,0,morning,6 - 11:59,,23.0744,88.8667,sharsha,jashore,khulna,39,35,29,386,,60,10,,,hot,assault,6
4652,3,10,tuesday,0,night,20 - 5:59,,23.0744,88.8667,sharsha,jashore,khulna,31,29,22,353,,51,10,,,hot,assault,6
4653,3,10,tuesday,0,night,20 - 5:59,,23.0744,88.8667,sharsha,jashore,khulna,31,29,22,353,,51,10,,,hot,assault,6
4654,3,10,tuesday,0,night,20 - 5:59,,23.0744,88.8667,sharsha,jashore,khulna,31,29,22,353,,51,10,,,hot,assault,6
4655,11,45,friday,1,night,20 - 5:59,,23.0744,88.8667,sharsha,jashore,khulna,29,27,21,122,,54,10,,,winter,assault,6
4656,11,44,wednesday,0,night,20 - 5:59,,23.0744,88.8667,sharsha,jashore,khulna,32,30,24,116,,68,10,,,winter,assault,6
4657,6,23,tuesday,0,night,20 - 5:59,,23.0744,88.8667,sharsha,jashore,khulna,36,33,28,356,,67,10,,,rainy,assault,6
4658,6,23,tuesday,0,night,20 - 5:59,,23.0744,88.8667,sharsha,jashore,khulna,36,33,28,356,,67,10,,,rainy,assault,6
4659,5,18,thursday,0,night,20 - 5:59,,23.0744,88.8667,sharsha,jashore,khulna,35,33,29,122,,61,10,,,hot,assault,6
4660,2,6,wednesday,0,morning,6 - 11:59,,23.0744,88.8667,sharsha,jashore,khulna,30,28,21,113,,35,10,,,winter,assault,6
4661,9,38,sunday,0,afternoon,16 - 17:59,,23.35,90.1667,shibchar,madaripur,dhaka,33,30,27,356,,78,9,,,rainy,assault,6
4662,3,10,tuesday,0,night,20 - 5:59,,25.0167,89.3167,shibganj,chapainawabganj,rajshahi,30,26,20,116,,52,10,,,hot,assault,6
4663,9,38,thursday,0,night,20 - 5:59,,25.0167,89.3167,shibganj,chapainawabganj,rajshahi,36,32,28,113,,66,10,,,rainy,assault,6
4664,11,44,friday,1,morning,6 - 11:59,,25.0167,89.3167,shibganj,bogura,rajshahi,30,28,24,116,,73,10,,,winter,assault,6
4665,12,50,thursday,0,night,20 - 5:59,,25.0167,89.3167,shibganj,chapainawabganj,rajshahi,31,27,22,113,,53,10,,,winter,assault,6
4666,3,10,tuesday,0,night,20 - 5:59,,25.0167,89.3167,shibganj,chapainawabganj,rajshahi,30,26,20,116,,52,10,,,hot,assault,6
4667,3,10,tuesday,0,night,20 - 5:59,,25.0167,89.3167,shibganj,chapainawabganj,rajshahi,30,26,20,116,,52,10,,,hot,assault,6
4668,10,42,thursday,0,night,20 - 5:59,,24.020189,90.74723,shibpur,narsingdi,dhaka,32,30,27,356,,77,9,,,rainy,assault,6
4669,6,26,saturday,1,night,20 - 5:59,,23.8167,90.15,singiar,manikganj,dhaka,31,29,26,353,,83,10,,,rainy,assault,6
4670,7,28,wednesday,0,night,20 - 5:59,,23.8167,90.15,singiar,manikganj,dhaka,35,32,27,353,,74,10,,,rainy,assault,6
4671,10,41,thursday,0,night,20 - 5:59,,23.8167,90.15,singiar,manikganj,dhaka,34,31,27,119,,71,10,,,rainy,assault,6
4672,1,3,sunday,0,noon,12 - 15:59,,24.5,89.13333,singra,natore,rajshahi,31,24,17,113,,40,10,,,winter,assault,6
4673,10,42,tuesday,0,night,20 - 5:59,,23.5667,90.3833,sirajdikhan,munshiganj,dhaka,38,32,27,113,,73,10,,,rainy,assault,6
4674,3,12,monday,0,evening,18 - 19:59,,24.4583,89.7,sirajganj sadar,sirajganj,rajshahi,33,29,24,200,,42,10,,,hot,assault,6
4675,2,6,sunday,0,night,20 - 5:59,,22.85,91.3917,sonagazi,feni,chattogram,30,24,16,116,,39,10,,,winter,assault,6
4676,12,48,saturday,1,night,20 - 5:59,,23.03833,91.10833,sonaimori,noakhali,chattogram,32,27,21,113,,59,10,,,winter,assault,6
4677,5,21,wednesday,0,night,20 - 5:59,,23.6583,90.6083,sonargaon,narayanganj,dhaka,35,32,28,386,,76,9,,,hot,assault,6
4678,4,14,saturday,1,night,20 - 5:59,,23.6583,90.6083,sonargaon,narayanganj,dhaka,33,30,25,356,,73,9,,,hot,assault,6
4679,7,27,sunday,0,night,20 - 5:59,,23.6583,90.6083,sonargaon,narayanganj,dhaka,34,31,27,386,,77,9,,,rainy,assault,6
4680,7,27,tuesday,0,noon,12 - 15:59,,24.3083,91.7333,sreemangal,moulvibazar,sylhet,34,29,26,386,,84,10,,,rainy,assault,6
4681,1,2,thursday,0,night,20 - 5:59,,24.3083,91.7333,sreemangal,moulvibazar,sylhet,28,21,13,113,,61,10,,,winter,assault,6
4682,6,24,monday,0,evening,18 - 19:59,,24.3083,91.7333,sreemangal,moulvibazar,sylhet,29,27,25,356,,93,7,,,rainy,assault,6
4683,8,32,friday,1,morning,6 - 11:59,,24.2,90.4667,sreepur,gazipur,dhaka,33,31,28,353,,78,10,,,rainy,assault,6
4684,9,37,friday,1,afternoon,16 - 17:59,,24.2,90.4667,sreepur,gazipur,dhaka,34,32,28,119,,68,10,,,rainy,assault,6
4685,12,51,friday,1,evening,18 - 19:59,,23.6,89.3875,sreepur,magura,khulna,28,25,19,116,,60,10,,,winter,assault,6
4686,12,48,friday,1,morning,6 - 11:59,,24.2,90.4667,sreepur,gazipur,dhaka,33,28,24,113,,65,10,,,winter,assault,6
4687,8,34,saturday,1,night,20 - 5:59,,24.2,90.4667,sreepur,gazipur,dhaka,34,31,27,353,,78,10,,,rainy,assault,6
4688,6,24,thursday,0,night,20 - 5:59,,24.2,90.4667,sreepur,gazipur,dhaka,36,34,29,356,,68,10,,,rainy,assault,6
4689,5,22,monday,0,night,20 - 5:59,,24.2,90.4667,sreepur,gazipur,dhaka,35,32,27,356,,76,8,,,hot,assault,6
4690,4,17,friday,1,night,20 - 5:59,,24.2,90.4667,sreepur,gazipur,dhaka,33,30,26,386,,75,10,,,hot,assault,6
4691,4,16,sunday,0,night,20 - 5:59,,24.2,90.4667,sreepur,gazipur,dhaka,35,32,26,176,,62,10,,,hot,assault,6
4692,10,41,wednesday,0,night,20 - 5:59,,24.2,90.4667,sreepur,gazipur,dhaka,33,30,28,353,,78,9,,,rainy,assault,6
4693,8,35,thursday,0,night,20 - 5:59,,22.6833,91.11,subarnachar,noakhali,chattogram,32,31,28,353,,79,10,,,rainy,assault,6
4694,8,35,monday,0,night,20 - 5:59,,22.6833,91.11,subarnachar,noakhali,chattogram,31,30,26,356,,81,9,,,rainy,assault,6
4695,3,9,tuesday,0,afternoon,16 - 17:59,,23.9167,89.4333,sujanagar,pabna,rajshahi,33,30,23,116,,29,10,,,hot,assault,6
4696,2,7,saturday,1,night,20 - 5:59,,25.06667,91.4,sunamganj sadar,sunamganj,sylhet,30,26,18,113,,53,10,,,winter,assault,6
4697,10,40,friday,1,morning,6 - 11:59,,25.56436,89.51909,sundarganj,gaibandha,rangpur,35,31,26,116,,70,10,,,rainy,assault,6
4698,10,40,friday,1,morning,6 - 11:59,,25.56436,89.51909,sundarganj,gaibandha,rangpur,35,31,26,116,,70,10,,,rainy,assault,6
4699,10,40,friday,1,morning,6 - 11:59,,25.56436,89.51909,sundarganj,gaibandha,rangpur,35,31,26,116,,70,10,,,rainy,assault,6
4700,5,20,tuesday,0,evening,18 - 19:59,,24.888242,91.868519,sylhet sadar,sylhet,sylhet,36,32,25,359,,70,6,,,hot,assault,6
4701,4,14,friday,1,night,20 - 5:59,,24.888242,91.868519,sylhet sadar,sylhet,sylhet,35,29,21,353,,72,9,,,hot,assault,6
4702,3,11,thursday,0,noon,12 - 15:59,,24.888242,91.868519,sylhet sadar,sylhet,sylhet,34,30,23,113,,52,10,,,hot,assault,6
4703,3,12,monday,0,afternoon,16 - 17:59,,25.0917,91.175,tahirpur,sunamganj,sylhet,36,31,22,113,,49,10,,,hot,assault,6
4704,10,43,sunday,0,night,20 - 5:59,,24.4333,89.375,tarash,sirajganj,rajshahi,32,28,24,176,,71,10,,,rainy,assault,6
4705,7,28,thursday,0,morning,6 - 11:59,,26.0208,88.4667,thakurgaon sadar,thakurgaon,rangpur,31,28,27,353,,87,9,,,rainy,assault,6
4706,11,45,monday,0,night,20 - 5:59,,26.0208,88.4667,thakurgaon sadar,thakurgaon,rangpur,34,29,22,113,,54,10,,,winter,assault,6
4707,2,8,sunday,0,night,20 - 5:59,,26.0208,88.4667,thakurgaon sadar,thakurgaon,rangpur,29,25,20,116,,45,10,,,winter,assault,6
4708,11,44,friday,1,evening,18 - 19:59,,26.0208,88.4667,thakurgaon sadar,thakurgaon,rangpur,32,28,21,113,,57,10,,,winter,assault,6
4709,7,31,monday,0,morning,6 - 11:59,,26.0208,88.4667,thakurgaon sadar,thakurgaon,rangpur,33,31,27,386,,77,8,,,rainy,assault,6
4710,5,22,monday,0,morning,6 - 11:59,,26.0208,88.4667,thakurgaon sadar,thakurgaon,rangpur,35,31,25,386,,75,8,,,hot,assault,6
4711,5,19,thursday,0,night,20 - 5:59,,26.0208,88.4667,thakurgaon sadar,thakurgaon,rangpur,35,31,24,386,,69,9,,,hot,assault,6
4712,12,50,tuesday,0,night,20 - 5:59,,26.0208,88.4667,thakurgaon sadar,thakurgaon,rangpur,30,25,18,113,,46,10,,,winter,assault,6
4713,1,2,monday,0,night,20 - 5:59,,26.0208,88.4667,thakurgaon sadar,thakurgaon,rangpur,29,24,17,113,,34,10,,,winter,assault,6
4714,10,43,sunday,0,night,20 - 5:59,,23.5,90.4583,tongibari,munshiganj,dhaka,35,30,25,176,,61,10,,,rainy,assault,6
4715,3,12,sunday,0,noon,12 - 15:59,,23.5,90.4583,tongibari,munshiganj,dhaka,38,33,25,113,,25,10,,,hot,assault,6
4716,3,12,sunday,0,noon,12 - 15:59,,23.5,90.4583,tongibari,munshiganj,dhaka,38,33,25,113,,25,10,,,hot,assault,6
4717,5,18,tuesday,0,night,20 - 5:59,,24.575,90.39167,trishal,mymensingh,mymensingh,36,32,25,113,,65,10,,,hot,assault,6
4718,8,35,wednesday,0,night,20 - 5:59,,24.575,90.39167,trishal,mymensingh,mymensingh,34,31,27,176,,79,10,,,rainy,assault,6
4719,12,49,wednesday,0,night,20 - 5:59,,24.575,90.39167,trishal,mymensingh,mymensingh,33,27,20,113,,59,10,,,winter,assault,6
4720,5,18,saturday,1,morning,6 - 11:59,,24.575,90.39167,trishal,mymensingh,mymensingh,32,29,23,353,,74,10,,,hot,assault,6
4721,10,41,saturday,1,night,20 - 5:59,,22.8111,90.2444,wazirpur,barisal,barisal,33,30,26,113,,75,10,,,rainy,assault,6
4722,12,50,thursday,0,noon,12 - 15:59,,23.01667,89.43333,abhaynagar,jashore,khulna,31,28,23,113,,47,10,,,winter,bodyfound,9
4723,10,42,saturday,1,night,20 - 5:59,,23.01667,89.43333,abhaynagar,jashore,khulna,32,30,25,116,,71,10,,,rainy,bodyfound,9
4724,6,24,sunday,0,night,20 - 5:59,,23.01667,89.43333,abhaynagar,jashore,khulna,34,32,28,359,,69,7,,,rainy,bodyfound,9
4725,10,42,saturday,1,night,20 - 5:59,,23.01667,89.43333,abhaynagar,jashore,khulna,32,30,25,116,,71,10,,,rainy,bodyfound,9
4726,10,42,saturday,1,night,20 - 5:59,,23.01667,89.43333,abhaynagar,jashore,khulna,32,30,25,116,,71,10,,,rainy,bodyfound,9
4727,7,28,friday,1,morning,6 - 11:59,,24.81667,89,adamdighi,bogura,rajshahi,36,33,28,116,,73,10,,,rainy,bodyfound,9
4728,4,16,thursday,0,morning,6 - 11:59,,24.81667,89,adamdighi,bogura,rajshahi,39,34,25,356,,60,8,,,hot,bodyfound,9
4729,1,4,tuesday,0,night,20 - 5:59,,25.925,89.35,aditmari,lalmonirhat,rangpur,26,21,15,113,,36,10,,,winter,bodyfound,9
4730,6,26,thursday,0,night,20 - 5:59,,25.925,89.35,aditmari,lalmonirhat,rangpur,34,31,27,386,,79,8,,,rainy,bodyfound,9
4731,6,25,thursday,0,night,20 - 5:59,,25.925,89.35,aditmari,lalmonirhat,rangpur,32,30,28,359,,80,6,,,rainy,bodyfound,9
4732,2,7,tuesday,0,morning,6 - 11:59,,24.5472,91.25,ajmiriganj,habiganj,sylhet,29,25,19,113,,45,10,,,winter,bodyfound,9
4733,12,51,monday,0,morning,6 - 11:59,,23.8833,91.2166,akhaura,brahmanbaria,chattogram,30,26,20,113,,72,10,,,winter,bodyfound,9
4734,7,29,thursday,0,morning,6 - 11:59,,23.8833,91.2166,akhaura,brahmanbaria,chattogram,30,27,26,356,,91,8,,,rainy,bodyfound,9
4735,10,40,saturday,1,morning,6 - 11:59,,23.8833,91.2166,akhaura,brahmanbaria,chattogram,34,31,27,176,,75,8,,,rainy,bodyfound,9
4736,7,29,monday,0,morning,6 - 11:59,,23.8833,91.2166,akhaura,brahmanbaria,chattogram,35,33,28,386,,79,9,,,rainy,bodyfound,9
4737,1,3,saturday,1,morning,6 - 11:59,,24.975,89.02,akkelpur,joypurhat,rajshahi,25,21,14,113,,39,10,,,winter,bodyfound,9
4738,4,16,thursday,0,night,20 - 5:59,,24.975,89.02,akkelpur,joypurhat,rajshahi,44,38,29,113,,39,10,,,hot,bodyfound,9
4739,8,33,monday,0,afternoon,16 - 17:59,,24.975,89.02,akkelpur,joypurhat,rajshahi,36,33,28,356,,68,10,,,rainy,bodyfound,9
4740,12,51,saturday,1,morning,6 - 11:59,,24.975,89.02,akkelpur,joypurhat,rajshahi,27,25,21,113,,59,10,,,winter,bodyfound,9
4741,5,20,sunday,0,morning,6 - 11:59,,24.975,89.02,akkelpur,joypurhat,rajshahi,36,32,25,176,,59,10,,,hot,bodyfound,9
4742,10,40,saturday,1,night,20 - 5:59,,24.975,89.02,akkelpur,joypurhat,rajshahi,33,30,26,353,,76,10,,,rainy,bodyfound,9
4743,8,32,wednesday,0,night,20 - 5:59,,24.975,89.02,akkelpur,joypurhat,rajshahi,29,28,26,356,,84,9,,,rainy,bodyfound,9
4744,1,4,thursday,0,morning,6 - 11:59,,24.975,89.02,akkelpur,joypurhat,rajshahi,35,27,19,116,,37,10,,,winter,bodyfound,9
4745,3,9,saturday,1,morning,6 - 11:59,,24.975,89.02,akkelpur,joypurhat,rajshahi,38,32,24,113,,33,10,,,hot,bodyfound,9
4746,3,12,tuesday,0,morning,6 - 11:59,,24.975,89.02,akkelpur,joypurhat,rajshahi,36,30,21,113,,25,10,,,hot,bodyfound,9
4747,4,15,friday,1,morning,6 - 11:59,,23.7583,88.95,alamdanga,chuadanga,khulna,41,36,26,113,,15,10,,,hot,bodyfound,9
4748,10,41,friday,1,noon,12 - 15:59,,23.7583,88.95,alamdanga,chuadanga,khulna,35,31,26,176,,72,9,,,rainy,bodyfound,9
4749,1,53,friday,1,night,20 - 5:59,,21.6667,92.3056,alikadam,bandarban,chattogram,26,23,19,113,,67,10,,,winter,bodyfound,9
4750,4,16,monday,0,noon,12 - 15:59,,22.1294,90.2289,amtali,barguna,barisal,37,33,27,116,,65,10,,,hot,bodyfound,9
4751,12,53,thursday,0,morning,6 - 11:59,,22.1294,90.2289,amtali,barguna,barisal,29,24,19,122,,57,10,,,winter,bodyfound,9
4752,12,53,thursday,0,morning,6 - 11:59,,22.1294,90.2289,amtali,barguna,barisal,29,24,19,122,,57,10,,,winter,bodyfound,9
4753,10,43,monday,0,night,20 - 5:59,,22.1294,90.2289,amtali,barguna,barisal,33,30,25,113,,77,10,,,rainy,bodyfound,9
4754,11,48,monday,0,noon,12 - 15:59,,23.7917,90.65,araihazar,narayanganj,dhaka,33,28,22,113,,61,10,,,winter,bodyfound,9
4755,9,36,saturday,1,morning,6 - 11:59,,23.7917,90.65,araihazar,narayanganj,dhaka,33,30,26,356,,79,9,,,rainy,bodyfound,9
4756,10,43,monday,0,afternoon,16 - 17:59,,23.7917,90.65,araihazar,narayanganj,dhaka,32,29,25,116,,72,10,,,rainy,bodyfound,9
4757,3,12,saturday,1,night,20 - 5:59,,23.7917,90.65,araihazar,narayanganj,dhaka,35,32,24,356,,53,9,,,hot,bodyfound,9
4758,12,51,tuesday,0,noon,12 - 15:59,,23.7917,90.65,araihazar,narayanganj,dhaka,27,23,19,266,,59,9,,,winter,bodyfound,9
4759,11,48,thursday,0,noon,12 - 15:59,,23.7917,90.65,araihazar,narayanganj,dhaka,31,27,23,113,,62,10,,,winter,bodyfound,9
4760,9,37,wednesday,0,night,20 - 5:59,,23.7917,90.65,araihazar,narayanganj,dhaka,34,31,26,200,,77,9,,,rainy,bodyfound,9
4761,3,12,friday,1,morning,6 - 11:59,,24.0366,91.005,ashuganj,brahmanbaria,chattogram,34,29,21,113,,54,10,,,hot,bodyfound,9
4762,11,44,sunday,0,afternoon,16 - 17:59,,24.0366,91.005,ashuganj,brahmanbaria,chattogram,32,28,23,113,,68,10,,,winter,bodyfound,9
4763,11,44,sunday,0,afternoon,16 - 17:59,,24.0366,91.005,ashuganj,brahmanbaria,chattogram,32,28,23,113,,68,10,,,winter,bodyfound,9
4764,1,4,thursday,0,night,20 - 5:59,,24.0366,91.005,ashuganj,brahmanbaria,chattogram,27,23,18,113,,50,10,,,winter,bodyfound,9
4765,2,8,monday,0,night,20 - 5:59,,24.0366,91.005,ashuganj,brahmanbaria,chattogram,31,26,19,113,,47,10,,,winter,bodyfound,9
4766,5,18,friday,1,noon,12 - 15:59,,24.0366,91.005,ashuganj,brahmanbaria,chattogram,34,31,27,359,,70,8,,,hot,bodyfound,9
4767,5,19,wednesday,0,morning,6 - 11:59,,24.1333,89.25,atghoria,pabna,rajshahi,39,34,29,386,,62,10,,,hot,bodyfound,9
4768,3,10,thursday,0,noon,12 - 15:59,,24.1333,89.25,atghoria,pabna,rajshahi,31,26,19,113,,35,10,,,hot,bodyfound,9
4769,9,38,tuesday,0,morning,6 - 11:59,,24.61333,88.97,atrai,naogaon,rajshahi,33,30,27,356,,79,9,,,rainy,bodyfound,9
4770,4,16,tuesday,0,morning,6 - 11:59,,24.61333,88.97,atrai,naogaon,rajshahi,38,33,25,299,,52,10,,,hot,bodyfound,9
4771,4,14,saturday,1,morning,6 - 11:59,,26.3083,88.4583,atwari,panchagarh,rangpur,36,31,24,113,,36,10,,,hot,bodyfound,9
4772,5,20,thursday,0,evening,18 - 19:59,,26.3083,88.4583,atwari,panchagarh,rangpur,34,31,25,113,,58,10,,,hot,bodyfound,9
4773,8,31,monday,0,night,20 - 5:59,,26.3083,88.4583,atwari,panchagarh,rangpur,35,32,29,356,,74,9,,,rainy,bodyfound,9
4774,5,21,wednesday,0,morning,6 - 11:59,,22.8319,90.3222,babuganj,barisal,barisal,35,33,29,386,,66,10,,,hot,bodyfound,9
4775,8,34,thursday,0,morning,6 - 11:59,,24.96667,88.9,badalgachi,naogaon,rajshahi,37,34,29,116,,62,10,,,rainy,bodyfound,9
4776,12,50,tuesday,0,morning,6 - 11:59,,25.66667,89.05,badargonj,rangpur,rangpur,27,22,14,116,,41,10,,,winter,bodyfound,9
4777,12,50,saturday,1,morning,6 - 11:59,,24.33,88.945,bagatipara,natore,rajshahi,31,25,19,113,,48,10,,,winter,bodyfound,9
4778,3,12,thursday,0,morning,6 - 11:59,,22.66667,89.8,bagerhat sadar,bagerhat,khulna,36,31,24,116,,59,10,,,hot,bodyfound,9
4779,4,15,wednesday,0,morning,6 - 11:59,,22.66667,89.8,bagerhat sadar,bagerhat,khulna,34,31,26,386,,65,10,,,hot,bodyfound,9
4780,12,50,wednesday,0,morning,6 - 11:59,,24.1917,88.8333,bagha,rajshahi,rajshahi,33,29,24,113,,50,10,,,winter,bodyfound,9
4781,7,30,thursday,0,morning,6 - 11:59,,23.2167,89.35,bagherpara,jashore,khulna,34,31,28,359,,77,8,,,rainy,bodyfound,9
4782,4,16,thursday,0,morning,6 - 11:59,,23.2167,89.35,bagherpara,jashore,khulna,43,37,27,113,,39,10,,,hot,bodyfound,9
4783,2,9,monday,0,noon,12 - 15:59,,24.5639,88.8083,bagmara,rajshahi,rajshahi,35,30,23,113,,29,10,,,winter,bodyfound,9
4784,2,7,tuesday,0,morning,6 - 11:59,,24.3556,91.5417,bahubal,habiganj,sylhet,34,28,19,113,,51,10,,,winter,bodyfound,9
4785,9,39,thursday,0,morning,6 - 11:59,,22.55,90.3389,bakerganj,barisal,barisal,33,30,27,176,,79,10,,,rainy,bodyfound,9
4786,1,5,thursday,0,morning,6 - 11:59,,24.6667,91.8333,balaganj,sylhet,sylhet,32,24,14,116,,50,10,,,winter,bodyfound,9
4787,5,20,wednesday,0,morning,6 - 11:59,,24.6667,91.8333,balaganj,sylhet,sylhet,37,32,23,113,,66,10,,,hot,bodyfound,9
4788,5,19,wednesday,0,morning,6 - 11:59,,26.1,88.275,baliadangi,thakurgaon,rangpur,38,32,25,353,,63,10,,,hot,bodyfound,9
4789,12,49,wednesday,0,noon,12 - 15:59,,26.1,88.275,baliadangi,thakurgaon,rangpur,29,25,20,113,,52,10,,,winter,bodyfound,9
4790,7,28,monday,0,night,20 - 5:59,,23.635,89.55,baliakandi,rajbari,dhaka,33,31,28,356,,79,9,,,rainy,bodyfound,9
4791,10,42,saturday,1,morning,6 - 11:59,,23.635,89.55,baliakandi,rajbari,dhaka,35,31,26,116,,57,10,,,rainy,bodyfound,9
4792,9,38,thursday,0,morning,6 - 11:59,,22.7819,90.1667,banaripara,barisal,barisal,34,31,27,176,,73,10,,,rainy,bodyfound,9
4793,8,31,friday,1,noon,12 - 15:59,,23.6167,90.525,bandar,narayanganj,dhaka,33,31,27,386,,77,10,,,rainy,bodyfound,9
4794,8,32,monday,0,afternoon,16 - 17:59,,23.6167,90.525,bandar,narayanganj,dhaka,37,34,28,176,,71,10,,,rainy,bodyfound,9
4795,2,7,monday,0,afternoon,16 - 17:59,,23.6167,90.525,bandar,narayanganj,dhaka,33,27,19,113,,29,10,,,winter,bodyfound,9
4796,2,8,monday,0,afternoon,16 - 17:59,,23.6167,90.525,bandar,narayanganj,dhaka,33,28,21,113,,38,10,,,winter,bodyfound,9
4797,5,21,friday,1,noon,12 - 15:59,,22.2333,92.1917,bandarban sadar,bandarban,chattogram,33,31,27,386,,78,10,,,hot,bodyfound,9
4798,2,6,wednesday,0,night,20 - 5:59,,22.2333,92.1917,bandarban sadar,bandarban,chattogram,28,25,17,113,,50,10,,,winter,bodyfound,9
4799,8,35,monday,0,morning,6 - 11:59,,24.5417,91.3333,baniachong,habiganj,sylhet,35,31,25,176,,82,8,,,rainy,bodyfound,9
4800,11,44,sunday,0,night,20 - 5:59,,24.3083,89.1708,baraigram,natore,rajshahi,31,28,24,116,,70,10,,,winter,bodyfound,9
4801,3,10,sunday,0,morning,6 - 11:59,,24.3083,89.1708,baraigram,natore,rajshahi,37,33,26,113,,19,10,,,hot,bodyfound,9
4802,1,4,friday,1,morning,6 - 11:59,,24.3083,89.1708,baraigram,natore,rajshahi,28,24,18,113,,41,10,,,winter,bodyfound,9
4803,10,43,tuesday,0,night,20 - 5:59,,22.1508,90.1264,barguna sadar,barguna,barisal,32,30,28,116,,71,10,,,rainy,bodyfound,9
4804,11,48,thursday,0,morning,6 - 11:59,,22.1508,90.1264,barguna sadar,barguna,barisal,33,28,23,113,,58,10,,,winter,bodyfound,9
4805,6,26,tuesday,0,night,20 - 5:59,,22.7,90.3667,barisal sadar,barisal,barisal,34,32,28,356,,78,9,,,rainy,bodyfound,9
4806,11,49,monday,0,night,20 - 5:59,,22.7,90.3667,barisal sadar,barisal,barisal,30,26,22,116,,59,10,,,winter,bodyfound,9
4807,5,20,wednesday,0,noon,12 - 15:59,,22.7,90.3667,barisal sadar,barisal,barisal,37,34,29,353,,66,10,,,hot,bodyfound,9
4808,12,50,tuesday,0,night,20 - 5:59,,22.7,90.3667,barisal sadar,barisal,barisal,27,23,18,113,,45,10,,,winter,bodyfound,9
4809,8,31,friday,1,night,20 - 5:59,,22.7,90.3667,barisal sadar,barisal,barisal,32,30,28,386,,78,10,,,rainy,bodyfound,9
4810,7,29,friday,1,morning,6 - 11:59,,22.7,90.3667,barisal sadar,barisal,barisal,33,31,29,386,,75,10,,,rainy,bodyfound,9
4811,12,51,tuesday,0,night,20 - 5:59,,24.7083,92.2,barlekha,moulvibazar,sylhet,29,25,19,113,,72,10,,,winter,bodyfound,9
4812,12,51,saturday,1,evening,18 - 19:59,,24.7083,92.2,barlekha,moulvibazar,sylhet,28,24,16,113,,74,10,,,winter,bodyfound,9
4813,3,9,saturday,1,morning,6 - 11:59,,24.7083,92.2,barlekha,moulvibazar,sylhet,36,31,18,113,,40,10,,,hot,bodyfound,9
4814,5,21,tuesday,0,morning,6 - 11:59,,24.2167,90.05,basail,tangail,dhaka,35,33,28,386,,69,10,,,hot,bodyfound,9
4815,11,46,saturday,1,noon,12 - 15:59,,24.2167,90.05,basail,tangail,dhaka,30,25,19,113,,72,10,,,winter,bodyfound,9
4816,12,50,wednesday,0,morning,6 - 11:59,,24.2167,90.05,basail,tangail,dhaka,29,25,20,113,,43,10,,,winter,bodyfound,9
4817,2,8,monday,0,morning,6 - 11:59,,24.2167,90.05,basail,tangail,dhaka,31,27,19,113,,38,10,,,winter,bodyfound,9
4818,2,7,sunday,0,night,20 - 5:59,,22.95,91.1,begumganj,noakhali,chattogram,31,28,24,116,,74,10,,,winter,bodyfound,9
4819,10,43,wednesday,0,morning,6 - 11:59,,22.4667,92.375,belaichari,rangamati,chattogram,34,29,19,248,,82,5,,,rainy,bodyfound,9
4820,9,37,sunday,0,night,20 - 5:59,,24.2917,89.7,belkuchi,sirajganj,rajshahi,37,33,29,386,,67,10,,,rainy,bodyfound,9
4821,6,26,tuesday,0,afternoon,16 - 17:59,,24.2917,89.7,belkuchi,sirajganj,rajshahi,33,30,27,359,,79,8,,,rainy,bodyfound,9
4822,7,28,wednesday,0,night,20 - 5:59,,24.2917,89.7,belkuchi,sirajganj,rajshahi,33,30,27,359,,83,7,,,rainy,bodyfound,9
4823,3,12,wednesday,0,afternoon,16 - 17:59,,24.0667,89.625,bera,pabna,rajshahi,36,31,24,113,,42,10,,,hot,bodyfound,9
4824,6,25,wednesday,0,morning,6 - 11:59,,24.0667,89.625,bera,pabna,rajshahi,33,31,27,356,,76,9,,,rainy,bodyfound,9
4825,10,42,friday,1,morning,6 - 11:59,,24.0667,89.625,bera,pabna,rajshahi,31,28,24,356,,77,9,,,rainy,bodyfound,9
4826,1,2,monday,0,morning,6 - 11:59,,24.375,90.37833,bhaluka,mymensingh,mymensingh,27,24,18,113,,56,10,,,winter,bodyfound,9
4827,5,20,monday,0,morning,6 - 11:59,,24.375,90.37833,bhaluka,mymensingh,mymensingh,33,30,25,353,,67,10,,,hot,bodyfound,9
4828,11,45,friday,1,night,20 - 5:59,,24.375,90.37833,bhaluka,mymensingh,mymensingh,32,27,21,113,,60,10,,,winter,bodyfound,9
4829,8,32,sunday,0,morning,6 - 11:59,,24.375,90.37833,bhaluka,mymensingh,mymensingh,34,32,27,359,,80,8,,,rainy,bodyfound,9
4830,11,48,tuesday,0,night,20 - 5:59,,24.375,90.37833,bhaluka,mymensingh,mymensingh,32,27,20,113,,59,10,,,winter,bodyfound,9
4831,5,22,wednesday,0,morning,6 - 11:59,,24.375,90.37833,bhaluka,mymensingh,mymensingh,36,34,28,113,,56,10,,,hot,bodyfound,9
4832,6,23,sunday,0,evening,18 - 19:59,,22.4889,90.0733,bhandaria,pirojpur,barisal,31,29,28,359,,84,5,,,rainy,bodyfound,9
4833,10,43,wednesday,0,morning,6 - 11:59,,23.3833,89.9833,bhanga,faridpur,dhaka,32,29,25,353,,61,10,,,rainy,bodyfound,9
4834,1,4,thursday,0,morning,6 - 11:59,,24.0167,88.9917,bheramara,kushtia,khulna,34,26,19,116,,41,10,,,winter,bodyfound,9
4835,8,32,sunday,0,morning,6 - 11:59,,22.6903,90.6525,bhola sadar,bhola,barisal,30,28,27,356,,83,9,,,rainy,bodyfound,9
4836,9,40,wednesday,0,morning,6 - 11:59,,22.6903,90.6525,bhola sadar,bhola,barisal,34,32,29,113,,72,10,,,rainy,bodyfound,9
4837,2,8,thursday,0,morning,6 - 11:59,,24.9389,88.2028,bholahat,chapainawabganj,rajshahi,32,29,21,113,,34,10,,,winter,bodyfound,9
4838,8,33,thursday,0,morning,6 - 11:59,,24.4583,89.8667,bhuapur,tangail,dhaka,32,30,26,359,,82,8,,,rainy,bodyfound,9
4839,10,42,wednesday,0,morning,6 - 11:59,,24.0211,91.2797,bijoynagar,brahmanbaria,chattogram,34,31,26,356,,80,8,,,rainy,bodyfound,9
4840,5,20,friday,1,morning,6 - 11:59,,24.0211,91.2797,bijoynagar,brahmanbaria,chattogram,32,29,24,359,,82,7,,,hot,bodyfound,9
4841,7,28,tuesday,0,morning,6 - 11:59,,24.0211,91.2797,bijoynagar,brahmanbaria,chattogram,30,28,26,356,,90,9,,,rainy,bodyfound,9
4842,3,11,monday,0,morning,6 - 11:59,,25.3783,88.9833,birampur,dinajpur,rangpur,35,32,23,113,,23,10,,,hot,bodyfound,9
4843,1,2,thursday,0,noon,12 - 15:59,,25.3783,88.9833,birampur,dinajpur,rangpur,26,22,16,113,,56,10,,,winter,bodyfound,9
4844,4,15,monday,0,night,20 - 5:59,,25.3783,88.9833,birampur,dinajpur,rangpur,37,33,22,113,,16,10,,,hot,bodyfound,9
4845,7,31,thursday,0,evening,18 - 19:59,,25.3783,88.9833,birampur,dinajpur,rangpur,35,32,26,386,,77,8,,,rainy,bodyfound,9
4846,7,29,saturday,1,morning,6 - 11:59,,25.3783,88.9833,birampur,dinajpur,rangpur,33,31,27,356,,81,9,,,rainy,bodyfound,9
4847,2,7,wednesday,0,morning,6 - 11:59,,25.3783,88.9833,birampur,dinajpur,rangpur,33,28,19,113,,31,10,,,winter,bodyfound,9
4848,6,25,tuesday,0,noon,12 - 15:59,,26,88.5833,birganj,dinajpur,rangpur,32,30,26,359,,85,8,,,rainy,bodyfound,9
4849,5,20,sunday,0,morning,6 - 11:59,,26,88.5833,birganj,dinajpur,rangpur,37,32,25,116,,63,10,,,hot,bodyfound,9
4850,8,32,tuesday,0,morning,6 - 11:59,,26,88.5833,birganj,dinajpur,rangpur,34,32,28,356,,73,8,,,rainy,bodyfound,9
4851,5,20,saturday,1,morning,6 - 11:59,,26,88.5833,birganj,dinajpur,rangpur,34,32,26,176,,58,10,,,hot,bodyfound,9
4852,3,11,tuesday,0,night,20 - 5:59,,26,88.5833,birganj,dinajpur,rangpur,25,23,21,113,,27,10,,,hot,bodyfound,9
4853,11,48,tuesday,0,morning,6 - 11:59,,26,88.5833,birganj,dinajpur,rangpur,30,25,20,113,,61,10,,,winter,bodyfound,9
4854,6,25,friday,1,morning,6 - 11:59,,25.6333,88.5333,birol,dinajpur,rangpur,33,30,28,353,,79,10,,,rainy,bodyfound,9
4855,6,25,friday,1,morning,6 - 11:59,,25.6333,88.5333,birol,dinajpur,rangpur,33,30,28,353,,79,10,,,rainy,bodyfound,9
4856,9,40,monday,0,afternoon,16 - 17:59,,24.8083,91.7639,bishwanath,sylhet,sylhet,34,30,23,113,,72,10,,,rainy,bodyfound,9
4857,9,37,wednesday,0,morning,6 - 11:59,,23.3917,89.6833,boalmari,faridpur,dhaka,32,29,27,356,,85,9,,,rainy,bodyfound,9
4858,9,37,wednesday,0,morning,6 - 11:59,,23.3917,89.6833,boalmari,faridpur,dhaka,32,29,27,356,,85,9,,,rainy,bodyfound,9
4859,11,46,friday,1,morning,6 - 11:59,,25.8,88.4611,bochaganj,dinajpur,rangpur,32,28,23,113,,60,10,,,winter,bodyfound,9
4860,6,22,thursday,0,night,20 - 5:59,,25.8,88.4611,bochaganj,dinajpur,rangpur,40,36,29,353,,63,9,,,rainy,bodyfound,9
4861,8,31,wednesday,0,morning,6 - 11:59,,26.2083,88.5597,boda,panchagarh,rangpur,32,29,26,359,,82,7,,,rainy,bodyfound,9
4862,3,10,tuesday,0,afternoon,16 - 17:59,,26.2083,88.5597,boda,panchagarh,rangpur,30,25,18,116,,43,10,,,hot,bodyfound,9
4863,9,36,tuesday,0,morning,6 - 11:59,,24.8417,89.375,bogra sadar,bogura,rajshahi,33,30,25,359,,81,8,,,rainy,bodyfound,9
4864,12,51,saturday,1,noon,12 - 15:59,,24.8417,89.375,bogra sadar,bogura,rajshahi,25,21,16,176,,63,10,,,winter,bodyfound,9
4865,2,7,sunday,0,morning,6 - 11:59,,24.8417,89.375,bogra sadar,bogura,rajshahi,22,21,20,266,,60,8,,,winter,bodyfound,9
4866,10,41,saturday,1,morning,6 - 11:59,,25.185884,89.869977,bokshiganj,jamalpur,mymensingh,25,23,22,359,,92,7,,,rainy,bodyfound,9
4867,11,45,monday,0,morning,6 - 11:59,,25.185884,89.869977,bokshiganj,jamalpur,mymensingh,31,26,20,143,,79,7,,,winter,bodyfound,9
4868,11,46,sunday,0,afternoon,16 - 17:59,,23.9528,91.1167,brahmanbaria sadar,brahmanbaria,chattogram,31,28,23,176,,77,10,,,winter,bodyfound,9
4869,2,6,monday,0,morning,6 - 11:59,,23.9528,91.1167,brahmanbaria sadar,brahmanbaria,chattogram,32,28,18,113,,53,10,,,winter,bodyfound,9
4870,11,44,sunday,0,afternoon,16 - 17:59,,23.9528,91.1167,brahmanbaria sadar,brahmanbaria,chattogram,31,28,22,116,,75,10,,,winter,bodyfound,9
4871,9,39,thursday,0,night,20 - 5:59,,23.9528,91.1167,brahmanbaria sadar,brahmanbaria,chattogram,33,30,25,359,,82,7,,,rainy,bodyfound,9
4872,12,51,saturday,1,noon,12 - 15:59,,23.9528,91.1167,brahmanbaria sadar,brahmanbaria,chattogram,29,25,18,113,,74,10,,,winter,bodyfound,9
4873,11,44,sunday,0,afternoon,16 - 17:59,,23.9528,91.1167,brahmanbaria sadar,brahmanbaria,chattogram,31,28,22,116,,75,10,,,winter,bodyfound,9
4874,12,52,friday,1,morning,6 - 11:59,,23.9528,91.1167,brahmanbaria sadar,brahmanbaria,chattogram,29,25,19,113,,68,10,,,winter,bodyfound,9
4875,1,3,wednesday,0,morning,6 - 11:59,,23.55,91.1264,burichang,comilla,chattogram,27,23,17,113,,69,10,,,winter,bodyfound,9
4876,10,41,sunday,0,morning,6 - 11:59,,23.4833,91.0083,chandina,comilla,chattogram,32,28,24,176,,87,6,,,rainy,bodyfound,9
4877,7,30,thursday,0,night,20 - 5:59,,23.228401,90.645015,chandpur sadar,chandpur,chattogram,32,30,28,356,,77,9,,,rainy,bodyfound,9
4878,4,17,tuesday,0,morning,6 - 11:59,,23.228401,90.645015,chandpur sadar,chandpur,chattogram,34,31,29,266,,74,8,,,hot,bodyfound,9
4879,1,2,saturday,1,night,20 - 5:59,,24.586659,88.275275,chapainawabganj sadar,chapainawabganj,rajshahi,27,22,17,113,,46,10,,,winter,bodyfound,9
4880,10,42,thursday,0,morning,6 - 11:59,,24.586659,88.275275,chapainawabganj sadar,chapainawabganj,rajshahi,32,29,24,353,,82,9,,,rainy,bodyfound,9
4881,10,42,thursday,0,morning,6 - 11:59,,24.586659,88.275275,chapainawabganj sadar,chapainawabganj,rajshahi,32,29,24,353,,82,9,,,rainy,bodyfound,9
4882,1,2,saturday,1,night,20 - 5:59,,24.586659,88.275275,chapainawabganj sadar,chapainawabganj,rajshahi,27,22,17,113,,46,10,,,winter,bodyfound,9
4883,1,2,saturday,1,night,20 - 5:59,,24.586659,88.275275,chapainawabganj sadar,chapainawabganj,rajshahi,27,22,17,113,,46,10,,,winter,bodyfound,9
4884,1,2,saturday,1,night,20 - 5:59,,24.586659,88.275275,chapainawabganj sadar,chapainawabganj,rajshahi,27,22,17,113,,46,10,,,winter,bodyfound,9
4885,4,14,monday,0,night,20 - 5:59,,24.586659,88.275275,chapainawabganj sadar,chapainawabganj,rajshahi,34,31,25,116,,45,10,,,hot,bodyfound,9
4886,1,1,sunday,0,night,20 - 5:59,,24.586659,88.275275,chapainawabganj sadar,chapainawabganj,rajshahi,26,20,13,113,,51,10,,,winter,bodyfound,9
4887,3,13,thursday,0,morning,6 - 11:59,,22.1847,90.7625,charfesson,bhola,barisal,32,29,24,116,,75,10,,,hot,bodyfound,9
4888,1,1,saturday,1,morning,6 - 11:59,,24.2833,88.775,charghat,rajshahi,rajshahi,29,24,17,113,,39,10,,,winter,bodyfound,9
4889,9,38,thursday,0,morning,6 - 11:59,,24.2833,88.775,charghat,rajshahi,rajshahi,34,32,28,176,,69,10,,,rainy,bodyfound,9
4890,4,15,saturday,1,morning,6 - 11:59,,23.05,90.9583,chatkhil,noakhali,chattogram,34,31,26,116,,70,10,,,hot,bodyfound,9
4891,4,14,thursday,0,morning,6 - 11:59,,23.05,90.9583,chatkhil,noakhali,chattogram,32,30,26,356,,66,9,,,hot,bodyfound,9
4892,9,36,thursday,0,morning,6 - 11:59,,23.05,90.9583,chatkhil,noakhali,chattogram,32,30,27,386,,80,10,,,rainy,bodyfound,9
4893,1,2,friday,1,morning,6 - 11:59,,24.225,89.2917,chatmohar,pabna,rajshahi,22,17,11,113,,42,10,,,winter,bodyfound,9
4894,8,34,sunday,0,morning,6 - 11:59,,24.225,89.2917,chatmohar,pabna,rajshahi,32,30,26,356,,85,8,,,rainy,bodyfound,9
4895,7,28,saturday,1,morning,6 - 11:59,,23.2167,91.3167,chauddagram,comilla,chattogram,37,32,28,356,,78,9,,,rainy,bodyfound,9
4896,5,21,thursday,0,morning,6 - 11:59,,23.0361,91.5194,chhagalnaiya,feni,chattogram,33,31,27,200,,79,10,,,hot,bodyfound,9
4897,9,36,wednesday,0,morning,6 - 11:59,,25.6625,88.7833,chirirbandar,dinajpur,rangpur,35,32,28,176,,68,10,,,rainy,bodyfound,9
4898,9,36,wednesday,0,morning,6 - 11:59,,25.6625,88.7833,chirirbandar,dinajpur,rangpur,35,32,28,176,,68,10,,,rainy,bodyfound,9
4899,5,19,monday,0,morning,6 - 11:59,,25.6625,88.7833,chirirbandar,dinajpur,rangpur,41,36,28,113,,54,10,,,hot,bodyfound,9
4900,3,13,tuesday,0,morning,6 - 11:59,,23.6417,88.8583,chuadanga sadar,chuadanga,khulna,37,33,25,116,,36,10,,,hot,bodyfound,9
4901,5,21,tuesday,0,morning,6 - 11:59,,23.6417,88.8583,chuadanga sadar,chuadanga,khulna,45,40,31,113,,42,10,,,hot,bodyfound,9
4902,11,47,saturday,1,evening,18 - 19:59,,23.459349,91.18264,comilla sadar,comilla,chattogram,31,26,18,113,,64,10,,,winter,bodyfound,9
4903,11,48,wednesday,0,morning,6 - 11:59,,23.459349,91.18264,comilla sadar,comilla,chattogram,29,25,19,113,,59,10,,,winter,bodyfound,9
4904,9,37,thursday,0,night,20 - 5:59,,23.459349,91.18264,comilla sadar,comilla,chattogram,34,31,26,116,,78,10,,,rainy,bodyfound,9
4905,8,31,wednesday,0,night,20 - 5:59,,23.459349,91.18264,comilla sadar,comilla,chattogram,30,28,26,359,,87,8,,,rainy,bodyfound,9
4906,7,28,tuesday,0,night,20 - 5:59,,23.459349,91.18264,comilla sadar,comilla,chattogram,32,30,26,356,,82,10,,,rainy,bodyfound,9
4907,7,30,thursday,0,night,20 - 5:59,,21.454718,92.010452,coxsbazar sadar,coxsbazar,chattogram,29,28,27,359,,88,6,,,rainy,bodyfound,9
4908,6,26,thursday,0,morning,6 - 11:59,,21.454718,92.010452,coxsbazar sadar,coxsbazar,chattogram,33,31,28,353,,76,10,,,rainy,bodyfound,9
4909,4,14,sunday,0,night,20 - 5:59,,21.454718,92.010452,coxsbazar sadar,coxsbazar,chattogram,33,30,24,119,,80,8,,,hot,bodyfound,9
4910,7,30,sunday,0,morning,6 - 11:59,,24.9,91.86667,dakshinsurma,sylhet,sylhet,34,30,26,386,,81,10,,,rainy,bodyfound,9
4911,5,22,wednesday,0,morning,6 - 11:59,,23.1333,90.4333,damudya,shariatpur,dhaka,30,28,26,353,,83,10,,,hot,bodyfound,9
4912,5,19,monday,0,morning,6 - 11:59,,23.6167,88.7833,damurhuda,chuadanga,khulna,39,35,28,200,,56,10,,,hot,bodyfound,9
4913,8,32,sunday,0,noon,12 - 15:59,,23.6167,88.7833,damurhuda,chuadanga,khulna,32,30,26,356,,84,9,,,rainy,bodyfound,9
4914,3,9,wednesday,0,morning,6 - 11:59,,23.6167,88.7833,damurhuda,chuadanga,khulna,37,30,21,113,,27,10,,,hot,bodyfound,9
4915,1,2,tuesday,0,night,20 - 5:59,,23.5333,90.7167,daudkandi,comilla,chattogram,27,23,14,113,,50,10,,,winter,bodyfound,9
4916,2,7,sunday,0,night,20 - 5:59,,23.5333,90.7167,daudkandi,comilla,chattogram,37,32,24,113,,38,10,,,winter,bodyfound,9
4917,8,35,tuesday,0,morning,6 - 11:59,,24.0014,88.875,daulatpur,kushtia,khulna,32,30,27,356,,83,10,,,rainy,bodyfound,9
4918,11,46,sunday,0,morning,6 - 11:59,,24.0014,88.875,daulatpur,kushtia,khulna,32,29,24,113,,59,10,,,winter,bodyfound,9
4919,7,27,sunday,0,evening,18 - 19:59,,22.5667,88.9667,debhata,satkhira,khulna,35,32,29,359,,72,9,,,rainy,bodyfound,9
4920,12,52,monday,0,morning,6 - 11:59,,23.6,90.9917,debidwar,comilla,chattogram,26,22,18,113,,61,10,,,winter,bodyfound,9
4921,11,45,monday,0,morning,6 - 11:59,,23.6,90.9917,debidwar,comilla,chattogram,33,29,22,113,,74,10,,,winter,bodyfound,9
4922,3,11,saturday,1,morning,6 - 11:59,,23.6,90.9917,debidwar,comilla,chattogram,33,27,20,386,,65,10,,,hot,bodyfound,9
4923,7,30,wednesday,0,morning,6 - 11:59,,26.158752,88.718945,debiganj,panchagarh,rangpur,34,31,27,359,,76,6,,,rainy,bodyfound,9
4924,6,26,monday,0,evening,18 - 19:59,,26.158752,88.718945,debiganj,panchagarh,rangpur,33,31,27,353,,72,10,,,rainy,bodyfound,9
4925,7,28,sunday,0,morning,6 - 11:59,,24.1417,89.9667,delduar,tangail,dhaka,36,32,28,353,,70,9,,,rainy,bodyfound,9
4926,12,52,saturday,1,morning,6 - 11:59,,24.1417,89.9667,delduar,tangail,dhaka,29,25,19,113,,56,10,,,winter,bodyfound,9
4927,2,8,friday,1,morning,6 - 11:59,,24.1417,89.9667,delduar,tangail,dhaka,33,29,22,113,,46,10,,,winter,bodyfound,9
4928,2,8,friday,1,morning,6 - 11:59,,24.1417,89.9667,delduar,tangail,dhaka,33,29,22,113,,46,10,,,winter,bodyfound,9
4929,5,20,saturday,1,noon,12 - 15:59,,25.1417,89.7833,dewangonj,jamalpur,mymensingh,36,31,25,353,,70,9,,,hot,bodyfound,9
4930,12,51,wednesday,0,noon,12 - 15:59,,25.1417,89.7833,dewangonj,jamalpur,mymensingh,23,19,14,143,,76,7,,,winter,bodyfound,9
4931,5,19,wednesday,0,morning,6 - 11:59,,25.1417,89.7833,dewangonj,jamalpur,mymensingh,40,36,28,176,,45,10,,,hot,bodyfound,9
4932,7,30,tuesday,0,afternoon,16 - 17:59,,25.1417,89.7833,dewangonj,jamalpur,mymensingh,33,30,26,356,,81,9,,,rainy,bodyfound,9
4933,8,33,friday,1,morning,6 - 11:59,,25.1417,89.7833,dewangonj,jamalpur,mymensingh,34,31,26,353,,77,9,,,rainy,bodyfound,9
4934,7,27,sunday,0,evening,18 - 19:59,,22.5667,88.9667,debahata,satkhira,khulna,35,32,29,359,,72,9,,,rainy,bodyfound,9
4935,6,26,tuesday,0,afternoon,16 - 17:59,,24.6833,89.5375,dhunot,bogura,rajshahi,34,32,28,386,,75,10,,,rainy,bodyfound,9
4936,6,26,monday,0,night,20 - 5:59,,24.6833,89.5375,dhunot,bogura,rajshahi,31,29,26,293,,89,8,,,rainy,bodyfound,9
4937,4,16,friday,1,night,20 - 5:59,,24.6833,89.5375,dhunot,bogura,rajshahi,32,28,24,356,,80,8,,,hot,bodyfound,9
4938,3,10,friday,1,night,20 - 5:59,,24.6833,89.5375,dhunot,bogura,rajshahi,32,27,21,176,,62,9,,,hot,bodyfound,9
4939,1,1,tuesday,0,morning,6 - 11:59,,24.6833,89.5375,dhunot,bogura,rajshahi,27,22,16,113,,43,10,,,winter,bodyfound,9
4940,2,7,wednesday,0,noon,12 - 15:59,,24.6833,89.5375,dhunot,bogura,rajshahi,35,30,22,113,,26,10,,,winter,bodyfound,9
4941,8,35,thursday,0,evening,18 - 19:59,,24.6833,89.5375,dhunot,bogura,rajshahi,33,31,28,356,,78,9,,,rainy,bodyfound,9
4942,7,29,monday,0,night,20 - 5:59,,24.6833,89.5375,dhunot,bogura,rajshahi,33,31,27,356,,79,9,,,rainy,bodyfound,9
4943,6,25,sunday,0,morning,6 - 11:59,,22.9083,89.5333,digholia,khulna,khulna,36,32,28,356,,71,9,,,rainy,bodyfound,9
4944,2,9,monday,0,night,20 - 5:59,,25.6333,88.65,dinajpur sadar,dinajpur,rangpur,32,27,22,116,,49,10,,,winter,bodyfound,9
4945,9,37,thursday,0,night,20 - 5:59,,25.6333,88.65,dinajpur sadar,dinajpur,rangpur,37,33,28,176,,70,10,,,rainy,bodyfound,9
4946,8,35,tuesday,0,morning,6 - 11:59,,25.6333,88.65,dinajpur sadar,dinajpur,rangpur,30,29,27,386,,89,10,,,rainy,bodyfound,9
4947,5,21,sunday,0,night,20 - 5:59,,25.6333,88.65,dinajpur sadar,dinajpur,rangpur,40,35,30,116,,49,10,,,hot,bodyfound,9
4948,12,53,thursday,0,night,20 - 5:59,,25.6333,88.65,dinajpur sadar,dinajpur,rangpur,30,24,17,113,,50,10,,,winter,bodyfound,9
4949,7,29,saturday,1,night,20 - 5:59,,25.6333,88.65,dinajpur sadar,dinajpur,rangpur,33,30,27,176,,80,8,,,rainy,bodyfound,9
4950,7,30,sunday,0,night,20 - 5:59,,25.6333,88.65,dinajpur sadar,dinajpur,rangpur,36,33,29,353,,65,10,,,rainy,bodyfound,9
4951,10,42,tuesday,0,morning,6 - 11:59,,25.6333,88.65,dinajpur sadar,dinajpur,rangpur,33,28,23,386,,81,10,,,rainy,bodyfound,9
4952,3,9,thursday,0,morning,6 - 11:59,,26.1,88.8361,domar,nilphamari,rangpur,36,31,21,113,,25,10,,,hot,bodyfound,9
4953,7,28,tuesday,0,morning,6 - 11:59,,23.9611,89.8417,doulatpur,manikganj,dhaka,34,31,26,356,,82,9,,,rainy,bodyfound,9
4954,8,31,saturday,1,morning,6 - 11:59,,22.8083,89.425,dumuria,khulna,khulna,33,31,27,386,,81,8,,,rainy,bodyfound,9
4955,2,8,sunday,0,morning,6 - 11:59,,22.8083,89.425,dumuria,khulna,khulna,33,28,19,113,,24,10,,,winter,bodyfound,9
4956,4,16,thursday,0,morning,6 - 11:59,,22.8083,89.425,dumuria,khulna,khulna,34,31,28,356,,69,8,,,hot,bodyfound,9
4957,8,31,saturday,1,morning,6 - 11:59,,22.8083,89.425,dumuria,khulna,khulna,33,31,27,386,,81,8,,,rainy,bodyfound,9
4958,6,24,friday,1,morning,6 - 11:59,,22.8083,89.425,dumuria,khulna,khulna,35,32,28,356,,67,9,,,rainy,bodyfound,9
4959,7,29,thursday,0,morning,6 - 11:59,,22.8083,89.425,dumuria,khulna,khulna,32,30,27,356,,80,9,,,rainy,bodyfound,9
4960,10,42,thursday,0,morning,6 - 11:59,,24.875,89.17,dupchanchia,bogura,rajshahi,32,29,24,353,,84,9,,,rainy,bodyfound,9
4961,9,37,wednesday,0,morning,6 - 11:59,,24.875,89.17,dupchanchia,bogura,rajshahi,34,31,27,359,,74,6,,,rainy,bodyfound,9
4962,2,6,sunday,0,morning,6 - 11:59,,24.875,89.17,dupchanchia,bogura,rajshahi,30,26,20,113,,38,10,,,winter,bodyfound,9
4963,10,42,thursday,0,morning,6 - 11:59,,24.875,89.17,dupchanchia,bogura,rajshahi,32,29,24,353,,84,9,,,rainy,bodyfound,9
4964,6,25,friday,1,morning,6 - 11:59,,24.875,89.17,dupchanchia,bogura,rajshahi,36,34,30,386,,66,10,,,rainy,bodyfound,9
4965,3,13,thursday,0,noon,12 - 15:59,,25.09,90.7,durgapur,netrokona,mymensingh,33,29,22,386,,66,9,,,hot,bodyfound,9
4966,9,36,saturday,1,noon,12 - 15:59,,25.09,90.7,durgapur,netrokona,mymensingh,33,30,26,200,,80,10,,,rainy,bodyfound,9
4967,3,12,friday,1,morning,6 - 11:59,,24.4556,88.7667,durgapur,rajshahi,rajshahi,40,35,26,113,,23,10,,,hot,bodyfound,9
4968,10,43,thursday,0,noon,12 - 15:59,,25.09,90.7,durgapur,netrokona,mymensingh,32,29,23,176,,73,10,,,rainy,bodyfound,9
4969,12,51,thursday,0,afternoon,16 - 17:59,,24.4556,88.7667,durgapur,rajshahi,rajshahi,27,23,17,116,,54,10,,,winter,bodyfound,9
4970,7,30,tuesday,0,noon,12 - 15:59,,23.125,90.7486,faridgonj,chandpur,chattogram,33,31,28,359,,76,8,,,rainy,bodyfound,9
4971,10,40,friday,1,morning,6 - 11:59,,23.125,90.7486,faridgonj,chandpur,chattogram,30,28,25,356,,83,8,,,rainy,bodyfound,9
4972,12,52,saturday,1,evening,18 - 19:59,,24.1583,89.4528,faridpur,pabna,rajshahi,29,24,18,113,,53,10,,,winter,bodyfound,9
4973,8,33,tuesday,0,morning,6 - 11:59,,24.1583,89.4528,faridpur,pabna,rajshahi,34,31,26,356,,79,9,,,rainy,bodyfound,9
4974,8,34,thursday,0,morning,6 - 11:59,,23.605717,89.841728,faridpur sadar,faridpur,dhaka,34,32,28,359,,77,7,,,rainy,bodyfound,9
4975,11,44,wednesday,0,morning,6 - 11:59,,23.605717,89.841728,faridpur sadar,faridpur,dhaka,33,29,24,113,,63,10,,,winter,bodyfound,9
4976,6,23,wednesday,0,morning,6 - 11:59,,23.605717,89.841728,faridpur sadar,faridpur,dhaka,37,34,28,353,,66,10,,,rainy,bodyfound,9
4977,10,42,monday,0,morning,6 - 11:59,,23.605717,89.841728,faridpur sadar,faridpur,dhaka,35,31,26,113,,70,10,,,rainy,bodyfound,9
4978,10,43,monday,0,morning,6 - 11:59,,23.605717,89.841728,faridpur sadar,faridpur,dhaka,35,31,26,113,,51,10,,,rainy,bodyfound,9
4979,9,38,monday,0,morning,6 - 11:59,,23.605717,89.841728,faridpur sadar,faridpur,dhaka,37,34,29,113,,62,10,,,rainy,bodyfound,9
4980,2,9,wednesday,0,morning,6 - 11:59,,23.605717,89.841728,faridpur sadar,faridpur,dhaka,34,30,23,113,,42,10,,,winter,bodyfound,9
4981,12,51,wednesday,0,morning,6 - 11:59,,23.605717,89.841728,faridpur sadar,faridpur,dhaka,30,26,20,113,,48,10,,,winter,bodyfound,9
4982,3,13,wednesday,0,morning,6 - 11:59,,23.605717,89.841728,faridpur sadar,faridpur,dhaka,34,30,25,386,,35,10,,,hot,bodyfound,9
4983,7,30,friday,1,afternoon,16 - 17:59,,24.7083,91.9403,fenchuganj,sylhet,sylhet,39,34,27,116,,65,10,,,rainy,bodyfound,9
4984,1,1,friday,1,morning,6 - 11:59,,23.0167,91.3917,feni sadar,feni,chattogram,26,22,15,113,,69,10,,,winter,bodyfound,9
4985,1,5,monday,0,morning,6 - 11:59,,23.0167,91.3917,feni sadar,feni,chattogram,30,26,19,116,,45,10,,,winter,bodyfound,9
4986,12,49,sunday,0,morning,6 - 11:59,,23.0167,91.3917,feni sadar,feni,chattogram,28,23,17,113,,68,10,,,winter,bodyfound,9
4987,12,51,wednesday,0,morning,6 - 11:59,,25.51667,88.88333,fulbari,dinajpur,rangpur,28,22,17,113,,54,10,,,winter,bodyfound,9
4988,7,29,wednesday,0,night,20 - 5:59,,25.51667,88.88333,fulbari,dinajpur,rangpur,33,30,27,176,,81,8,,,rainy,bodyfound,9
4989,7,30,saturday,1,night,20 - 5:59,,25.51667,88.88333,fulbari,dinajpur,rangpur,33,30,26,176,,84,10,,,rainy,bodyfound,9
4990,6,23,sunday,0,morning,6 - 11:59,,25.51667,88.88333,fulbari,dinajpur,rangpur,35,32,28,386,,84,10,,,rainy,bodyfound,9
4991,4,17,monday,0,noon,12 - 15:59,,25.51667,88.88333,fulbari,dinajpur,rangpur,41,37,28,113,,13,10,,,hot,bodyfound,9
4992,10,43,monday,0,morning,6 - 11:59,,25.51667,88.88333,fulbari,dinajpur,rangpur,33,29,23,143,,75,9,,,rainy,bodyfound,9
4993,9,37,friday,1,morning,6 - 11:59,,24.6333,90.2667,fulbaria,mymensingh,mymensingh,35,32,27,176,,69,10,,,rainy,bodyfound,9
4994,7,29,sunday,0,morning,6 - 11:59,,24.6333,90.2667,fulbaria,mymensingh,mymensingh,31,29,27,359,,83,9,,,rainy,bodyfound,9
4995,9,38,monday,0,morning,6 - 11:59,,24.6333,90.2667,fulbaria,mymensingh,mymensingh,27,27,26,359,,91,8,,,rainy,bodyfound,9
4996,7,29,sunday,0,morning,6 - 11:59,,24.6333,90.2667,fulbaria,mymensingh,mymensingh,31,29,27,359,,83,9,,,rainy,bodyfound,9
4997,5,21,wednesday,0,morning,6 - 11:59,,24.6333,90.2667,fulbaria,mymensingh,mymensingh,33,30,26,359,,75,8,,,hot,bodyfound,9
4998,2,7,tuesday,0,morning,6 - 11:59,,24.6333,90.2667,fulbaria,mymensingh,mymensingh,31,26,20,113,,40,10,,,winter,bodyfound,9
4999,7,29,sunday,0,morning,6 - 11:59,,24.6333,90.2667,fulbaria,mymensingh,mymensingh,31,29,27,359,,83,9,,,rainy,bodyfound,9
5000,3,13,tuesday,0,morning,6 - 11:59,,24.875,89.45,gabtali,bogura,rajshahi,33,30,24,356,,65,9,,,hot,bodyfound,9
5001,10,43,tuesday,0,morning,6 - 11:59,,24.4167,90.55,gafargaon,mymensingh,mymensingh,33,30,25,176,,72,10,,,rainy,bodyfound,9
5002,10,40,thursday,0,night,20 - 5:59,,25.333317,89.520761,gaibandha sadar,gaibandha,rangpur,34,31,26,176,,78,10,,,rainy,bodyfound,9
5003,10,42,tuesday,0,morning,6 - 11:59,,25.333317,89.520761,gaibandha sadar,gaibandha,rangpur,34,30,24,113,,73,10,,,rainy,bodyfound,9
5004,7,29,sunday,0,morning,6 - 11:59,,23.5417,90.6083,gajaria,munshiganj,dhaka,32,30,27,356,,81,9,,,rainy,bodyfound,9
5005,9,36,saturday,1,morning,6 - 11:59,,22.1639,90.4306,galachipa,patuakhali,barisal,31,30,28,356,,81,9,,,rainy,bodyfound,9
5006,3,13,thursday,0,morning,6 - 11:59,,22.1639,90.4306,galachipa,patuakhali,barisal,36,32,26,113,,49,10,,,hot,bodyfound,9
5007,3,10,sunday,0,morning,6 - 11:59,,22.1639,90.4306,galachipa,patuakhali,barisal,33,29,24,113,,60,10,,,hot,bodyfound,9
5008,10,43,tuesday,0,morning,6 - 11:59,,22.1639,90.4306,galachipa,patuakhali,barisal,32,30,28,116,,71,10,,,rainy,bodyfound,9
5009,3,11,wednesday,0,noon,12 - 15:59,,22.1639,90.4306,galachipa,patuakhali,barisal,33,30,26,353,,54,10,,,hot,bodyfound,9
5010,6,23,tuesday,0,morning,6 - 11:59,,25.85,89.2167,gangachara,rangpur,rangpur,34,31,26,386,,83,8,,,rainy,bodyfound,9
5011,1,2,sunday,0,night,20 - 5:59,,23.996158,90.419726,gazipur sadar,gazipur,dhaka,27,22,15,113,,43,10,,,winter,bodyfound,9
5012,2,7,friday,1,night,20 - 5:59,,23.996158,90.419726,gazipur sadar,gazipur,dhaka,29,24,17,386,,39,10,,,winter,bodyfound,9
5013,4,14,saturday,1,noon,12 - 15:59,,23.996158,90.419726,gazipur sadar,gazipur,dhaka,35,30,23,116,,60,10,,,hot,bodyfound,9
5014,9,38,tuesday,0,morning,6 - 11:59,,23.996158,90.419726,gazipur sadar,gazipur,dhaka,32,29,27,359,,81,9,,,rainy,bodyfound,9
5015,2,8,saturday,1,morning,6 - 11:59,,23.996158,90.419726,gazipur sadar,gazipur,dhaka,33,27,19,113,,30,10,,,winter,bodyfound,9
5016,7,29,wednesday,0,evening,18 - 19:59,,23.996158,90.419726,gazipur sadar,gazipur,dhaka,35,33,27,353,,73,10,,,rainy,bodyfound,9
5017,5,22,monday,0,noon,12 - 15:59,,23.996158,90.419726,gazipur sadar,gazipur,dhaka,35,32,27,356,,76,8,,,hot,bodyfound,9
5018,2,7,tuesday,0,night,20 - 5:59,,23.996158,90.419726,gazipur sadar,gazipur,dhaka,30,26,20,113,,46,10,,,winter,bodyfound,9
5019,1,3,friday,1,night,20 - 5:59,,23.996158,90.419726,gazipur sadar,gazipur,dhaka,30,25,18,113,,37,10,,,winter,bodyfound,9
5020,1,3,wednesday,0,night,20 - 5:59,,23.996158,90.419726,gazipur sadar,gazipur,dhaka,29,24,18,113,,39,10,,,winter,bodyfound,9
5021,6,22,wednesday,0,night,20 - 5:59,,23.996158,90.419726,gazipur sadar,gazipur,dhaka,33,31,27,176,,79,9,,,rainy,bodyfound,9
5022,9,35,saturday,1,morning,6 - 11:59,,23.996158,90.419726,gazipur sadar,gazipur,dhaka,33,31,27,356,,77,9,,,rainy,bodyfound,9
5023,8,35,sunday,0,morning,6 - 11:59,,23.996158,90.419726,gazipur sadar,gazipur,dhaka,33,30,27,356,,82,9,,,rainy,bodyfound,9
5024,4,16,sunday,0,morning,6 - 11:59,,23.996158,90.419726,gazipur sadar,gazipur,dhaka,35,32,26,176,,62,10,,,hot,bodyfound,9
5025,8,32,tuesday,0,morning,6 - 11:59,,23.996158,90.419726,gazipur sadar,gazipur,dhaka,33,31,26,356,,79,9,,,rainy,bodyfound,9
5026,10,41,thursday,0,evening,18 - 19:59,,23.996158,90.419726,gazipur sadar,gazipur,dhaka,33,30,25,143,,79,9,,,rainy,bodyfound,9
5027,3,11,tuesday,0,night,20 - 5:59,,23.996158,90.419726,gazipur sadar,gazipur,dhaka,36,31,22,113,,48,10,,,hot,bodyfound,9
5028,5,18,sunday,0,morning,6 - 11:59,,23.996158,90.419726,gazipur sadar,gazipur,dhaka,36,32,27,200,,69,10,,,hot,bodyfound,9
5029,5,18,saturday,1,afternoon,16 - 17:59,,23.996158,90.419726,gazipur sadar,gazipur,dhaka,37,33,27,386,,68,10,,,hot,bodyfound,9
5030,10,42,friday,1,evening,18 - 19:59,,23.996158,90.419726,gazipur sadar,gazipur,dhaka,34,30,24,113,,63,10,,,rainy,bodyfound,9
5031,10,43,saturday,1,evening,18 - 19:59,,23.996158,90.419726,gazipur sadar,gazipur,dhaka,30,28,24,176,,63,10,,,rainy,bodyfound,9
5032,4,14,tuesday,0,noon,12 - 15:59,,24.46667,89.96667,ghatail,tangail,dhaka,36,32,26,386,,73,9,,,hot,bodyfound,9
5033,2,5,thursday,0,morning,6 - 11:59,,24.46667,89.96667,ghatail,tangail,dhaka,28,23,15,113,,43,10,,,winter,bodyfound,9
5034,1,4,tuesday,0,evening,18 - 19:59,,25.2458,89.2167,ghoraghat,dinajpur,rangpur,32,26,16,113,,39,10,,,winter,bodyfound,9
5035,3,13,friday,1,evening,18 - 19:59,,25.2458,89.2167,ghoraghat,dinajpur,rangpur,34,32,24,116,,41,10,,,hot,bodyfound,9
5036,11,46,wednesday,0,morning,6 - 11:59,,25.2458,89.2167,ghoraghat,dinajpur,rangpur,30,26,20,113,,66,10,,,winter,bodyfound,9
5037,1,3,wednesday,0,morning,6 - 11:59,,25.1333,89.3917,gobindaganj,gaibandha,rangpur,23,21,18,353,,63,10,,,winter,bodyfound,9
5038,6,25,monday,0,morning,6 - 11:59,,25.1333,89.3917,gobindaganj,gaibandha,rangpur,35,32,27,119,,67,10,,,rainy,bodyfound,9
5039,10,42,saturday,1,morning,6 - 11:59,,25.1333,89.3917,gobindaganj,gaibandha,rangpur,31,29,25,356,,75,9,,,rainy,bodyfound,9
5040,9,37,sunday,0,night,20 - 5:59,,25.1333,89.3917,gobindaganj,gaibandha,rangpur,34,31,28,356,,76,8,,,rainy,bodyfound,9
5041,8,35,monday,0,night,20 - 5:59,,25.1333,89.3917,gobindaganj,gaibandha,rangpur,34,31,28,356,,75,9,,,rainy,bodyfound,9
5042,9,37,wednesday,0,morning,6 - 11:59,,24.775,88.2833,gomostapur,chapainawabganj,rajshahi,32,30,26,356,,82,9,,,rainy,bodyfound,9
5043,9,39,monday,0,morning,6 - 11:59,,24.775,88.2833,gomostapur,chapainawabganj,rajshahi,28,27,25,359,,94,4,,,rainy,bodyfound,9
5044,4,14,thursday,0,morning,6 - 11:59,,24.775,88.2833,gomostapur,chapainawabganj,rajshahi,31,28,24,353,,80,9,,,hot,bodyfound,9
5045,4,14,friday,1,afternoon,16 - 17:59,,24.775,88.2833,gomostapur,chapainawabganj,rajshahi,42,38,30,113,,22,10,,,hot,bodyfound,9
5046,2,8,friday,1,morning,6 - 11:59,,24.775,88.2833,gomostapur,chapainawabganj,rajshahi,32,25,16,113,,34,10,,,winter,bodyfound,9
5047,6,25,monday,0,morning,6 - 11:59,,24.775,88.2833,gomostapur,chapainawabganj,rajshahi,43,39,32,176,,43,10,,,rainy,bodyfound,9
5048,5,22,friday,1,morning,6 - 11:59,,24.775,88.2833,gomostapur,chapainawabganj,rajshahi,41,36,29,386,,53,10,,,hot,bodyfound,9
5049,3,10,monday,0,morning,6 - 11:59,,23.0167,89.8333,gopalganj sadar,gopalganj,dhaka,35,30,22,113,,38,10,,,hot,bodyfound,9
5050,9,38,tuesday,0,night,20 - 5:59,,24.5583,89.9167,gopalpur,tangail,dhaka,36,33,29,113,,60,10,,,rainy,bodyfound,9
5051,8,34,tuesday,0,morning,6 - 11:59,,24.5583,89.9167,gopalpur,tangail,dhaka,34,31,26,353,,72,10,,,rainy,bodyfound,9
5052,12,52,saturday,1,morning,6 - 11:59,,24.5583,89.9167,gopalpur,tangail,dhaka,25,21,15,113,,36,10,,,winter,bodyfound,9
5053,8,32,monday,0,night,20 - 5:59,,22.9736,90.2306,gournadi,barisal,barisal,36,33,28,353,,74,10,,,rainy,bodyfound,9
5054,5,22,monday,0,morning,6 - 11:59,,25.1028,91.8917,gowainghat,sylhet,sylhet,39,35,27,116,,60,10,,,hot,bodyfound,9
5055,8,33,saturday,1,afternoon,16 - 17:59,,25.1028,91.8917,gowainghat,sylhet,sylhet,34,31,26,353,,82,9,,,rainy,bodyfound,9
5056,8,32,wednesday,0,afternoon,16 - 17:59,,25.1028,91.8917,gowainghat,sylhet,sylhet,35,30,26,353,,77,10,,,rainy,bodyfound,9
5057,12,51,tuesday,0,afternoon,16 - 17:59,,24.3667,89.25,gurudaspur,natore,rajshahi,30,25,21,113,,59,10,,,winter,bodyfound,9
5058,9,39,saturday,1,night,20 - 5:59,,24.375,91.4167,habiganj sadar,habiganj,sylhet,35,31,25,176,,75,10,,,rainy,bodyfound,9
5059,9,37,monday,0,night,20 - 5:59,,24.375,91.4167,habiganj sadar,habiganj,sylhet,32,28,24,356,,90,8,,,rainy,bodyfound,9
5060,3,12,wednesday,0,afternoon,16 - 17:59,,24.375,91.4167,habiganj sadar,habiganj,sylhet,37,31,21,113,,38,10,,,hot,bodyfound,9
5061,11,45,saturday,1,morning,6 - 11:59,,25.2833,89.0167,hakimpur,dinajpur,rangpur,31,27,21,116,,65,10,,,winter,bodyfound,9
5062,9,38,saturday,1,noon,12 - 15:59,,25.2833,89.0167,hakimpur,dinajpur,rangpur,32,29,26,356,,85,7,,,rainy,bodyfound,9
5063,6,24,saturday,1,morning,6 - 11:59,,25.2833,89.0167,hakimpur,dinajpur,rangpur,36,34,26,356,,69,8,,,rainy,bodyfound,9
5064,4,15,tuesday,0,noon,12 - 15:59,,25.2833,89.0167,hakimpur,dinajpur,rangpur,43,38,29,113,,13,10,,,hot,bodyfound,9
5065,1,1,sunday,0,morning,6 - 11:59,,25.2833,89.0167,hakimpur,dinajpur,rangpur,27,24,19,176,,67,10,,,winter,bodyfound,9
5066,1,4,friday,1,morning,6 - 11:59,,25.125,90.35,haluaghat,mymensingh,mymensingh,26,22,17,113,,39,10,,,winter,bodyfound,9
5067,7,29,wednesday,0,morning,6 - 11:59,,25.125,90.35,haluaghat,mymensingh,mymensingh,35,33,27,200,,71,10,,,rainy,bodyfound,9
5068,3,9,thursday,0,morning,6 - 11:59,,23.6417,89.05,harinakundu,jhenaidah,khulna,35,31,24,113,,40,10,,,hot,bodyfound,9
5069,11,44,sunday,0,morning,6 - 11:59,,23.6417,89.05,harinakundu,jhenaidah,khulna,30,26,21,116,,76,10,,,winter,bodyfound,9
5070,11,47,sunday,0,morning,6 - 11:59,,23.6417,89.05,harinakundu,jhenaidah,khulna,31,27,23,113,,54,10,,,winter,bodyfound,9
5071,10,44,thursday,0,morning,6 - 11:59,,25.8083,88.1417,haripur,thakurgaon,rangpur,30,28,22,116,,67,10,,,rainy,bodyfound,9
5072,10,41,friday,1,morning,6 - 11:59,,25.8083,88.1417,haripur,thakurgaon,rangpur,24,23,22,356,,94,5,,,rainy,bodyfound,9
5073,7,30,friday,1,morning,6 - 11:59,,23.7333,89.9667,harirampur,manikganj,dhaka,33,31,27,359,,78,8,,,rainy,bodyfound,9
5074,6,26,monday,0,afternoon,16 - 17:59,,22.3667,91.125,hatia,noakhali,chattogram,31,31,29,359,,72,6,,,rainy,bodyfound,9
5075,4,15,saturday,1,morning,6 - 11:59,,22.3667,91.125,hatia,noakhali,chattogram,34,31,26,113,,68,10,,,hot,bodyfound,9
5076,9,36,sunday,0,morning,6 - 11:59,,26.1125,89.1333,hatibandha,lalmonirhat,rangpur,35,31,27,176,,78,9,,,rainy,bodyfound,9
5077,7,27,wednesday,0,morning,6 - 11:59,,26.1125,89.1333,hatibandha,lalmonirhat,rangpur,31,29,25,356,,87,8,,,rainy,bodyfound,9
5078,8,32,friday,1,morning,6 - 11:59,,26.1125,89.1333,hatibandha,lalmonirhat,rangpur,34,31,26,386,,83,8,,,rainy,bodyfound,9
5079,1,4,saturday,1,night,20 - 5:59,,22.9,90.5083,hizla,barisal,barisal,28,25,20,113,,52,10,,,winter,bodyfound,9
5080,11,45,wednesday,0,night,20 - 5:59,,23.6833,90.7917,homna,comilla,chattogram,34,30,24,113,,61,10,,,winter,bodyfound,9
5081,4,17,monday,0,night,20 - 5:59,,23.6833,90.7917,homna,comilla,chattogram,37,33,27,386,,45,10,,,hot,bodyfound,9
5082,11,45,monday,0,morning,6 - 11:59,,24.4167,90.65,hossainpur,kishoreganj,dhaka,32,27,22,353,,73,10,,,winter,bodyfound,9
5083,6,26,monday,0,morning,6 - 11:59,,24.15,89.0667,ishurdi,pabna,rajshahi,37,34,29,119,,62,10,,,rainy,bodyfound,9
5084,12,50,saturday,1,noon,12 - 15:59,,24.15,89.0667,ishurdi,pabna,rajshahi,26,22,17,113,,50,10,,,winter,bodyfound,9
5085,12,50,tuesday,0,noon,12 - 15:59,,24.15,89.0667,ishurdi,pabna,rajshahi,31,26,20,113,,48,10,,,winter,bodyfound,9
5086,2,8,sunday,0,morning,6 - 11:59,,24.15,89.0667,ishurdi,pabna,rajshahi,34,29,19,113,,23,10,,,winter,bodyfound,9
5087,9,36,thursday,0,morning,6 - 11:59,,24.15,89.0667,ishurdi,pabna,rajshahi,35,31,26,116,,72,10,,,rainy,bodyfound,9
5088,5,22,monday,0,morning,6 - 11:59,,25.0833,89.7917,islampur,jamalpur,mymensingh,35,31,26,386,,83,9,,,hot,bodyfound,9
5089,11,44,wednesday,0,morning,6 - 11:59,,25.0833,89.7917,islampur,jamalpur,mymensingh,33,29,23,200,,76,10,,,winter,bodyfound,9
5090,10,43,thursday,0,morning,6 - 11:59,,25.0833,89.7917,islampur,jamalpur,mymensingh,33,29,23,176,,73,10,,,rainy,bodyfound,9
5091,2,9,tuesday,0,morning,6 - 11:59,,24.6833,90.625,iswarganj,mymensingh,mymensingh,34,28,19,113,,40,10,,,winter,bodyfound,9
5092,4,15,tuesday,0,morning,6 - 11:59,,24.6833,90.625,iswarganj,mymensingh,mymensingh,33,30,24,116,,55,10,,,hot,bodyfound,9
5093,10,42,thursday,0,morning,6 - 11:59,,24.6833,90.625,iswarganj,mymensingh,mymensingh,31,27,23,176,,83,10,,,rainy,bodyfound,9
5094,9,36,tuesday,0,evening,18 - 19:59,,24.5333,91.0833,itna,kishoreganj,dhaka,33,30,25,386,,83,9,,,rainy,bodyfound,9
5095,10,42,monday,0,night,20 - 5:59,,24.7667,91.5431,jagannathpur,sunamganj,sylhet,34,29,23,176,,71,10,,,rainy,bodyfound,9
5096,1,3,tuesday,0,morning,6 - 11:59,,25.125,92.1167,jaintiapur,sylhet,sylhet,29,23,17,113,,58,10,,,winter,bodyfound,9
5097,12,49,tuesday,0,night,20 - 5:59,,25.125,92.1167,jaintiapur,sylhet,sylhet,32,26,18,113,,72,10,,,winter,bodyfound,9
5098,12,49,saturday,1,morning,6 - 11:59,,26.0167,89.025,jaldhaka,nilphamari,rangpur,28,23,18,116,,69,10,,,winter,bodyfound,9
5099,1,2,wednesday,0,morning,6 - 11:59,,24.9167,89.9583,jamalpur sadar,jamalpur,mymensingh,27,22,16,113,,59,10,,,winter,bodyfound,9
5100,5,21,wednesday,0,morning,6 - 11:59,,24.9167,89.9583,jamalpur sadar,jamalpur,mymensingh,42,36,28,113,,51,10,,,hot,bodyfound,9
5101,3,10,monday,0,morning,6 - 11:59,,24.9167,89.9583,jamalpur sadar,jamalpur,mymensingh,38,32,23,113,,37,10,,,hot,bodyfound,9
5102,2,6,tuesday,0,morning,6 - 11:59,,24.9167,89.9583,jamalpur sadar,jamalpur,mymensingh,28,24,17,113,,43,10,,,winter,bodyfound,9
5103,12,50,tuesday,0,night,20 - 5:59,,24.9167,89.9583,jamalpur sadar,jamalpur,mymensingh,32,26,19,113,,53,10,,,winter,bodyfound,9
5104,8,33,saturday,1,afternoon,16 - 17:59,,24.9167,89.9583,jamalpur sadar,jamalpur,mymensingh,29,27,25,353,,93,8,,,rainy,bodyfound,9
5105,2,7,saturday,1,morning,6 - 11:59,,24.9167,89.9583,jamalpur sadar,jamalpur,mymensingh,35,30,21,113,,33,10,,,winter,bodyfound,9
5106,2,8,saturday,1,night,20 - 5:59,,23.180315,89.1608575,jessore sadar,jashore,khulna,34,28,19,113,,32,10,,,winter,bodyfound,9
5107,8,35,wednesday,0,morning,6 - 11:59,,23.180315,89.1608575,jessore sadar,jashore,khulna,32,30,27,356,,81,9,,,rainy,bodyfound,9
5108,1,4,tuesday,0,morning,6 - 11:59,,23.180315,89.1608575,jessore sadar,jashore,khulna,26,21,15,113,,34,10,,,winter,bodyfound,9
5109,8,34,thursday,0,night,20 - 5:59,,23.180315,89.1608575,jessore sadar,jashore,khulna,33,31,28,359,,76,8,,,rainy,bodyfound,9
5110,7,29,sunday,0,night,20 - 5:59,,23.180315,89.1608575,jessore sadar,jashore,khulna,30,29,27,356,,84,8,,,rainy,bodyfound,9
5111,7,29,thursday,0,morning,6 - 11:59,,23.180315,89.1608575,jessore sadar,jashore,khulna,31,29,27,359,,84,7,,,rainy,bodyfound,9
5112,7,29,sunday,0,night,20 - 5:59,,23.180315,89.1608575,jessore sadar,jashore,khulna,30,29,27,356,,84,8,,,rainy,bodyfound,9
5113,5,20,monday,0,night,20 - 5:59,,23.180315,89.1608575,jessore sadar,jashore,khulna,39,35,29,386,,59,10,,,hot,bodyfound,9
5114,4,13,friday,1,night,20 - 5:59,,23.180315,89.1608575,jessore sadar,jashore,khulna,34,31,26,386,,66,10,,,hot,bodyfound,9
5115,3,11,tuesday,0,morning,6 - 11:59,,23.180315,89.1608575,jessore sadar,jashore,khulna,26,25,24,113,,31,10,,,hot,bodyfound,9
5116,2,5,friday,1,night,20 - 5:59,,23.180315,89.1608575,jessore sadar,jashore,khulna,31,27,21,113,,42,10,,,winter,bodyfound,9
5117,12,50,wednesday,0,morning,6 - 11:59,,22.6431,90.2,jhalakathi sadar,jhalakathi,barisal,27,23,17,113,,46,10,,,winter,bodyfound,9
5118,6,25,sunday,0,night,20 - 5:59,,22.6431,90.2,jhalakathi sadar,jhalakathi,barisal,34,32,29,353,,69,10,,,rainy,bodyfound,9
5119,6,26,thursday,0,night,20 - 5:59,,22.6431,90.2,jhalakathi sadar,jhalakathi,barisal,35,32,28,386,,73,10,,,rainy,bodyfound,9
5120,3,13,thursday,0,morning,6 - 11:59,,23.5417,89.1833,jhenaidah sadar,jhenaidah,khulna,37,32,25,113,,53,10,,,hot,bodyfound,9
5121,1,4,monday,0,morning,6 - 11:59,,23.5417,89.1833,jhenaidah sadar,jhenaidah,khulna,29,24,17,113,,37,10,,,winter,bodyfound,9
5122,10,42,wednesday,0,morning,6 - 11:59,,23.5417,89.1833,jhenaidah sadar,jhenaidah,khulna,34,30,25,113,,57,10,,,rainy,bodyfound,9
5123,9,39,friday,1,morning,6 - 11:59,,23.5417,89.1833,jhenaidah sadar,jhenaidah,khulna,34,32,27,116,,68,10,,,rainy,bodyfound,9
5124,12,50,monday,0,morning,6 - 11:59,,25.1833,90.0667,jhenaigati,sherpur,mymensingh,28,23,18,116,,68,10,,,winter,bodyfound,9
5125,4,16,thursday,0,morning,6 - 11:59,,25.1833,90.0667,jhenaigati,sherpur,mymensingh,36,32,27,353,,65,10,,,hot,bodyfound,9
5126,2,7,friday,1,afternoon,16 - 17:59,,23.1,89.1333,jhikargacha,jashore,khulna,32,27,20,113,,25,10,,,winter,bodyfound,9
5127,6,23,thursday,0,morning,6 - 11:59,,23.1,89.1333,jhikargacha,jashore,khulna,35,33,29,356,,68,10,,,rainy,bodyfound,9
5128,3,9,sunday,0,evening,18 - 19:59,,23.1,89.1333,jhikargacha,jashore,khulna,34,28,20,113,,31,10,,,hot,bodyfound,9
5129,8,35,friday,1,morning,6 - 11:59,,23.4167,88.8208,jibannagar,chuadanga,khulna,34,31,27,176,,79,10,,,rainy,bodyfound,9
5130,10,42,tuesday,0,morning,6 - 11:59,,23.4167,88.8208,jibannagar,chuadanga,khulna,33,30,26,113,,56,10,,,rainy,bodyfound,9
5131,8,32,tuesday,0,morning,6 - 11:59,,25.1,89.03333,joypurhat sadar,joypurhat,rajshahi,37,35,30,356,,66,9,,,rainy,bodyfound,9
5132,9,36,wednesday,0,afternoon,16 - 17:59,,25.1,89.03333,joypurhat sadar,joypurhat,rajshahi,34,32,28,200,,71,10,,,rainy,bodyfound,9
5133,9,36,wednesday,0,afternoon,16 - 17:59,,25.1,89.03333,joypurhat sadar,joypurhat,rajshahi,34,32,28,200,,71,10,,,rainy,bodyfound,9
5134,5,19,thursday,0,night,20 - 5:59,,25.1,89.03333,joypurhat sadar,joypurhat,rajshahi,40,37,29,116,,49,10,,,hot,bodyfound,9
5135,12,51,wednesday,0,morning,6 - 11:59,,25.1,89.03333,joypurhat sadar,joypurhat,rajshahi,23,21,14,113,,70,10,,,winter,bodyfound,9
5136,10,40,sunday,0,morning,6 - 11:59,,24.8167,89.2667,kahaloo,bogura,rajshahi,37,34,30,113,,66,10,,,rainy,bodyfound,9
5137,6,23,saturday,1,morning,6 - 11:59,,24.8167,89.2667,kahaloo,bogura,rajshahi,38,35,30,116,,57,10,,,rainy,bodyfound,9
5138,6,24,friday,1,night,20 - 5:59,,25.7917,88.6,kaharol,dinajpur,rangpur,34,31,27,356,,84,9,,,rainy,bodyfound,9
5139,2,8,tuesday,0,morning,6 - 11:59,,21.9861,90.2422,kalapara,patuakhali,barisal,33,30,25,176,,67,10,,,winter,bodyfound,9
5140,4,16,thursday,0,morning,6 - 11:59,,21.9861,90.2422,kalapara,patuakhali,barisal,34,32,29,122,,70,10,,,hot,bodyfound,9
5141,3,12,tuesday,0,night,20 - 5:59,,21.9861,90.2422,kalapara,patuakhali,barisal,38,33,26,113,,39,10,,,hot,bodyfound,9
5142,8,32,monday,0,morning,6 - 11:59,,21.9861,90.2422,kalapara,patuakhali,barisal,34,32,29,176,,76,10,,,rainy,bodyfound,9
5143,7,30,wednesday,0,morning,6 - 11:59,,21.9861,90.2422,kalapara,patuakhali,barisal,32,30,28,356,,79,9,,,rainy,bodyfound,9
5144,10,42,wednesday,0,evening,18 - 19:59,,22.875,89.0417,kalaroa,satkhira,khulna,30,28,24,353,,81,10,,,rainy,bodyfound,9
5145,11,46,wednesday,0,night,20 - 5:59,,24.075,90.2167,kaliakair,gazipur,dhaka,32,28,22,113,,64,10,,,winter,bodyfound,9
5146,6,25,tuesday,0,morning,6 - 11:59,,24.075,90.2167,kaliakair,gazipur,dhaka,33,30,26,263,,83,9,,,rainy,bodyfound,9
5147,3,11,sunday,0,afternoon,16 - 17:59,,23.4139,89.1333,kaliganj,jhenaidah,khulna,37,32,24,116,,39,10,,,hot,bodyfound,9
5148,11,46,tuesday,0,morning,6 - 11:59,,23.4139,89.1333,kaliganj,jhenaidah,khulna,31,27,22,113,,51,10,,,winter,bodyfound,9
5149,8,34,wednesday,0,night,20 - 5:59,,23.4139,89.1333,kaliganj,jhenaidah,khulna,34,32,27,116,,73,10,,,rainy,bodyfound,9
5150,7,27,saturday,1,morning,6 - 11:59,,23.4139,89.1333,kaliganj,jhenaidah,khulna,34,31,28,356,,79,9,,,rainy,bodyfound,9
5151,3,11,friday,1,morning,6 - 11:59,,23.925,90.5667,kaliganj,gazipur,dhaka,33,28,19,113,,39,10,,,hot,bodyfound,9
5152,5,21,monday,0,morning,6 - 11:59,,23.4139,89.1333,kaliganj,jhenaidah,khulna,36,33,28,386,,75,9,,,hot,bodyfound,9
5153,12,52,sunday,0,noon,12 - 15:59,,23.4139,89.1333,kaliganj,jhenaidah,khulna,26,21,15,113,,26,10,,,winter,bodyfound,9
5154,8,32,saturday,1,morning,6 - 11:59,,23.925,90.5667,kaliganj,gazipur,dhaka,34,31,26,353,,79,10,,,rainy,bodyfound,9
5155,10,44,tuesday,0,morning,6 - 11:59,,24.3833,90.0083,kalihati,tangail,dhaka,29,26,22,122,,79,10,,,rainy,bodyfound,9
5156,6,26,thursday,0,evening,18 - 19:59,,24.3833,90.0083,kalihati,tangail,dhaka,32,30,27,386,,78,9,,,rainy,bodyfound,9
5157,9,36,thursday,0,morning,6 - 11:59,,24.3833,90.0083,kalihati,tangail,dhaka,33,30,26,353,,76,10,,,rainy,bodyfound,9
5158,1,3,wednesday,0,night,20 - 5:59,,23.0667,90.2417,kalkini,madaripur,dhaka,28,24,18,113,,64,10,,,winter,bodyfound,9
5159,12,50,wednesday,0,morning,6 - 11:59,,23.0667,90.2417,kalkini,madaripur,dhaka,28,26,22,116,,59,10,,,winter,bodyfound,9
5160,5,19,wednesday,0,morning,6 - 11:59,,23.0667,90.2417,kalkini,madaripur,dhaka,44,36,27,116,,63,10,,,hot,bodyfound,9
5161,4,14,wednesday,0,night,20 - 5:59,,22.73,90.88,kamalnagar,lakshmipur,chattogram,33,30,25,113,,55,10,,,hot,bodyfound,9
5162,12,52,sunday,0,afternoon,16 - 17:59,,24.3667,91.8667,kamolganj,moulvibazar,sylhet,28,21,13,113,,67,10,,,winter,bodyfound,9
5163,4,14,thursday,0,afternoon,16 - 17:59,,24.3667,91.8667,kamolganj,moulvibazar,sylhet,34,30,24,356,,80,7,,,hot,bodyfound,9
5164,7,27,wednesday,0,noon,12 - 15:59,,25.0166,92.2472,kanaighat,sylhet,sylhet,33,30,25,353,,81,10,,,rainy,bodyfound,9
5165,10,44,monday,0,morning,6 - 11:59,,24.1,90.57,kapasia,gazipur,dhaka,26,24,21,353,,83,8,,,rainy,bodyfound,9
5166,12,51,tuesday,0,morning,6 - 11:59,,24.1,90.57,kapasia,gazipur,dhaka,31,26,21,113,,67,10,,,winter,bodyfound,9
5167,6,25,friday,1,noon,12 - 15:59,,24.4583,90.8833,karimgonj,kishoreganj,dhaka,35,32,28,359,,72,8,,,rainy,bodyfound,9
5168,6,25,tuesday,0,morning,6 - 11:59,,24.4583,90.8833,karimgonj,kishoreganj,dhaka,33,30,26,353,,80,9,,,rainy,bodyfound,9
5169,2,7,thursday,0,night,20 - 5:59,,23.759377,91.143823,kasba,brahmanbaria,chattogram,32,27,16,113,,45,10,,,winter,bodyfound,9
5170,4,17,wednesday,0,night,20 - 5:59,,23.2167,89.7,kashiani,gopalganj,dhaka,37,33,27,386,,68,10,,,hot,bodyfound,9
5171,6,25,friday,1,morning,6 - 11:59,,22.4,90.125,kathalia,jhalakathi,barisal,34,32,29,353,,74,10,,,rainy,bodyfound,9
5172,9,38,monday,0,morning,6 - 11:59,,22.4,90.125,kathalia,jhalakathi,barisal,36,33,29,200,,66,10,,,rainy,bodyfound,9
5173,12,52,thursday,0,afternoon,16 - 17:59,,25.7708,89.4167,kaunia,rangpur,rangpur,25,21,15,113,,40,10,,,winter,bodyfound,9
5174,10,42,monday,0,night,20 - 5:59,,25.7708,89.4167,kaunia,rangpur,rangpur,34,30,24,113,,70,10,,,rainy,bodyfound,9
5175,5,21,saturday,1,night,20 - 5:59,,25.7708,89.4167,kaunia,rangpur,rangpur,41,36,27,176,,49,10,,,hot,bodyfound,9
5176,7,29,wednesday,0,afternoon,16 - 17:59,,22.62,90.07,kawkhali,pirojpur,barisal,31,30,27,356,,82,9,,,rainy,bodyfound,9
5177,9,36,saturday,1,noon,12 - 15:59,,24.65,90.8417,kendua,netrokona,mymensingh,34,31,26,386,,77,10,,,rainy,bodyfound,9
5178,8,31,saturday,1,morning,6 - 11:59,,24.65,90.8417,kendua,netrokona,mymensingh,32,29,26,359,,85,7,,,rainy,bodyfound,9
5179,3,12,monday,0,morning,6 - 11:59,,22.870267,89.237263,keshabpur,jashore,khulna,36,32,26,116,,60,10,,,hot,bodyfound,9
5180,7,30,sunday,0,morning,6 - 11:59,,22.870267,89.237263,keshabpur,jashore,khulna,35,32,28,176,,69,9,,,rainy,bodyfound,9
5181,2,9,monday,0,night,20 - 5:59,,23.0417,91.9944,khagrachhari sadar,khagrachhari,chattogram,33,27,14,113,,56,9,,,winter,bodyfound,9
5182,10,43,tuesday,0,morning,6 - 11:59,,24.7,91.125,khaliajuri,netrokona,mymensingh,34,30,25,113,,68,10,,,rainy,bodyfound,9
5183,8,35,thursday,0,morning,6 - 11:59,,25.9278,88.7333,khansama,dinajpur,rangpur,33,31,27,356,,77,8,,,rainy,bodyfound,9
5184,3,13,tuesday,0,morning,6 - 11:59,,25.9278,88.7333,khansama,dinajpur,rangpur,33,30,23,176,,62,10,,,hot,bodyfound,9
5185,8,33,thursday,0,morning,6 - 11:59,,25.9278,88.7333,khansama,dinajpur,rangpur,34,31,26,353,,77,10,,,rainy,bodyfound,9
5186,4,14,thursday,0,noon,12 - 15:59,,25.025,89.13333,khetlal,joypurhat,rajshahi,42,36,27,116,,49,10,,,hot,bodyfound,9
5187,7,28,friday,1,morning,6 - 11:59,,24.4333,90.7833,kishoreganj sadar,kishoreganj,dhaka,34,32,27,200,,75,10,,,rainy,bodyfound,9
5188,9,37,thursday,0,morning,6 - 11:59,,24.4333,90.7833,kishoreganj sadar,kishoreganj,dhaka,33,30,25,353,,78,10,,,rainy,bodyfound,9
5189,9,36,tuesday,0,morning,6 - 11:59,,25.9111,89.025,kishorganj,nilphamari,rangpur,35,33,28,353,,66,10,,,rainy,bodyfound,9
5190,11,47,monday,0,morning,6 - 11:59,,25.9111,89.025,kishorganj,nilphamari,rangpur,33,27,21,113,,62,10,,,winter,bodyfound,9
5191,4,15,thursday,0,morning,6 - 11:59,,24.489182,92.024555,kulaura,moulvibazar,sylhet,38,31,23,116,,69,10,,,hot,bodyfound,9
5192,10,40,thursday,0,morning,6 - 11:59,,23.8542,89.2417,kumarkhali,kushtia,khulna,36,33,29,116,,63,10,,,rainy,bodyfound,9
5193,2,9,tuesday,0,morning,6 - 11:59,,23.8542,89.2417,kumarkhali,kushtia,khulna,30,26,20,113,,44,10,,,winter,bodyfound,9
5194,1,3,tuesday,0,night,20 - 5:59,,23.9,89.1333,kushtia sadar,kushtia,khulna,25,21,15,113,,72,10,,,winter,bodyfound,9
5195,10,42,tuesday,0,morning,6 - 11:59,,23.9,89.1333,kushtia sadar,kushtia,khulna,36,32,26,113,,61,10,,,rainy,bodyfound,9
5196,2,8,monday,0,morning,6 - 11:59,,23.9,89.1333,kushtia sadar,kushtia,khulna,24,21,18,353,,62,9,,,winter,bodyfound,9
5197,10,43,thursday,0,morning,6 - 11:59,,23.9,89.1333,kushtia sadar,kushtia,khulna,31,28,24,356,,74,9,,,rainy,bodyfound,9
5198,8,33,tuesday,0,morning,6 - 11:59,,23.9,89.1333,kushtia sadar,kushtia,khulna,36,32,28,356,,74,9,,,rainy,bodyfound,9
5199,10,40,wednesday,0,morning,6 - 11:59,,23.9,89.1333,kushtia sadar,kushtia,khulna,34,30,25,176,,76,10,,,rainy,bodyfound,9
5200,9,38,wednesday,0,noon,12 - 15:59,,23.24667,91.12833,laksam,comilla,chattogram,30,28,26,359,,88,8,,,rainy,bodyfound,9
5201,2,8,saturday,1,evening,18 - 19:59,,23.24667,91.12833,laksam,comilla,chattogram,33,29,22,113,,39,10,,,winter,bodyfound,9
5202,12,51,tuesday,0,morning,6 - 11:59,,23.24667,91.12833,laksam,comilla,chattogram,26,21,14,113,,54,10,,,winter,bodyfound,9
5203,4,15,monday,0,night,20 - 5:59,,22.95,90.825,lakshmipur sadar,lakshmipur,chattogram,33,31,27,200,,79,10,,,hot,bodyfound,9
5204,7,29,friday,1,noon,12 - 15:59,,22.3211,90.7472,lalmohan,bhola,barisal,30,29,28,356,,82,10,,,rainy,bodyfound,9
5205,1,2,tuesday,0,morning,6 - 11:59,,22.3211,90.7472,lalmohan,bhola,barisal,25,22,18,116,,61,10,,,winter,bodyfound,9
5206,3,11,sunday,0,morning,6 - 11:59,,25.915,89.45,lalmonirhat sadar,lalmonirhat,rangpur,35,29,20,176,,31,10,,,hot,bodyfound,9
5207,8,31,wednesday,0,morning,6 - 11:59,,25.915,89.45,lalmonirhat sadar,lalmonirhat,rangpur,35,32,28,359,,73,7,,,rainy,bodyfound,9
5208,1,2,saturday,1,night,20 - 5:59,,21.775,92.2,lama,bandarban,chattogram,23,21,18,113,,68,10,,,winter,bodyfound,9
5209,6,24,sunday,0,morning,6 - 11:59,,21.775,92.2,lama,bandarban,chattogram,32,29,28,356,,86,9,,,rainy,bodyfound,9
5210,10,42,saturday,1,night,20 - 5:59,,21.775,92.2,lama,bandarban,chattogram,32,29,25,176,,80,9,,,rainy,bodyfound,9
5211,10,42,saturday,1,night,20 - 5:59,,21.775,92.2,lama,bandarban,chattogram,32,29,25,176,,80,9,,,rainy,bodyfound,9
5212,5,21,saturday,1,morning,6 - 11:59,,21.775,92.2,lama,bandarban,chattogram,37,34,28,176,,66,10,,,hot,bodyfound,9
5213,10,42,saturday,1,night,20 - 5:59,,21.775,92.2,lama,bandarban,chattogram,32,29,25,176,,80,9,,,rainy,bodyfound,9
5214,5,18,wednesday,0,night,20 - 5:59,,21.775,92.2,lama,bandarban,chattogram,33,31,28,353,,74,10,,,hot,bodyfound,9
5215,5,22,wednesday,0,morning,6 - 11:59,,22.95,92.15,langadu,rangamati,chattogram,40,35,26,116,,67,9,,,hot,bodyfound,9
5216,1,5,wednesday,0,morning,6 - 11:59,,23.1833,89.6625,lohagara,narail,khulna,27,21,14,119,,45,10,,,winter,bodyfound,9
5217,3,13,wednesday,0,morning,6 - 11:59,,23.46,90.54,louhajanj,munshiganj,dhaka,35,31,23,176,,54,10,,,hot,bodyfound,9
5218,3,10,thursday,0,morning,6 - 11:59,,23.46,90.54,louhajanj,munshiganj,dhaka,31,27,21,113,,65,10,,,hot,bodyfound,9
5219,7,30,friday,1,morning,6 - 11:59,,24.8917,89.75,madarganj,jamalpur,mymensingh,33,30,26,386,,80,10,,,rainy,bodyfound,9
5220,3,13,monday,0,morning,6 - 11:59,,23.1667,90.2083,madaripur sadar,madaripur,dhaka,39,34,25,113,,36,10,,,hot,bodyfound,9
5221,3,12,friday,1,afternoon,16 - 17:59,,23.1667,90.2083,madaripur sadar,madaripur,dhaka,35,31,24,263,,64,9,,,hot,bodyfound,9
5222,9,37,wednesday,0,morning,6 - 11:59,,23.1667,90.2083,madaripur sadar,madaripur,dhaka,30,29,27,386,,87,10,,,rainy,bodyfound,9
5223,8,34,thursday,0,night,20 - 5:59,,23.1667,90.2083,madaripur sadar,madaripur,dhaka,35,32,28,200,,74,10,,,rainy,bodyfound,9
5224,9,37,wednesday,0,morning,6 - 11:59,,23.1667,90.2083,madaripur sadar,madaripur,dhaka,30,29,27,386,,87,10,,,rainy,bodyfound,9
5225,12,50,tuesday,0,night,20 - 5:59,,23.5417,89.6306,madhukhali,faridpur,dhaka,31,28,23,113,,63,10,,,winter,bodyfound,9
5226,1,1,wednesday,0,morning,6 - 11:59,,23.5417,89.6306,madhukhali,faridpur,dhaka,29,24,18,113,,48,10,,,winter,bodyfound,9
5227,1,2,saturday,1,morning,6 - 11:59,,24.61667,90.01806,madhupur,tangail,dhaka,29,24,19,113,,51,10,,,winter,bodyfound,9
5228,1,2,saturday,1,morning,6 - 11:59,,24.61667,90.01806,madhupur,tangail,dhaka,29,24,19,113,,51,10,,,winter,bodyfound,9
5229,1,2,saturday,1,morning,6 - 11:59,,24.61667,90.01806,madhupur,tangail,dhaka,29,24,19,113,,51,10,,,winter,bodyfound,9
5230,1,2,saturday,1,morning,6 - 11:59,,24.61667,90.01806,madhupur,tangail,dhaka,29,24,19,113,,51,10,,,winter,bodyfound,9
5231,2,6,saturday,1,morning,6 - 11:59,,24.61667,90.01806,madhupur,tangail,dhaka,31,24,16,113,,34,10,,,winter,bodyfound,9
5232,6,24,wednesday,0,morning,6 - 11:59,,23.4875,89.4208,magura sadar,magura,khulna,37,34,28,353,,66,10,,,rainy,bodyfound,9
5233,2,6,tuesday,0,morning,6 - 11:59,,24.775,88.67,manda,naogaon,rajshahi,29,25,19,113,,48,10,,,winter,bodyfound,9
5234,10,42,friday,1,morning,6 - 11:59,,23.85,90.0111,manikganj sadar,manikganj,dhaka,33,30,25,176,,77,9,,,rainy,bodyfound,9
5235,4,17,monday,0,morning,6 - 11:59,,23.85,90.0111,manikganj sadar,manikganj,dhaka,36,32,27,386,,65,10,,,hot,bodyfound,9
5236,6,25,monday,0,morning,6 - 11:59,,23.85,90.0111,manikganj sadar,manikganj,dhaka,32,30,28,386,,84,7,,,rainy,bodyfound,9
5237,5,20,sunday,0,morning,6 - 11:59,,23.85,90.0111,manikganj sadar,manikganj,dhaka,39,35,29,200,,67,9,,,hot,bodyfound,9
5238,3,10,thursday,0,morning,6 - 11:59,,23.85,90.0111,manikganj sadar,manikganj,dhaka,30,27,21,116,,64,10,,,hot,bodyfound,9
5239,8,33,wednesday,0,morning,6 - 11:59,,23.85,90.0111,manikganj sadar,manikganj,dhaka,32,30,27,356,,84,7,,,rainy,bodyfound,9
5240,3,10,thursday,0,morning,6 - 11:59,,23.85,90.0111,manikganj sadar,manikganj,dhaka,30,27,21,116,,64,10,,,hot,bodyfound,9
5241,12,50,thursday,0,night,20 - 5:59,,23.0167,89.2333,manirampur,jashore,khulna,31,28,23,113,,47,10,,,winter,bodyfound,9
5242,9,38,wednesday,0,night,20 - 5:59,,23.0167,89.2333,manirampur,jashore,khulna,31,29,26,359,,86,8,,,rainy,bodyfound,9
5243,7,30,friday,1,afternoon,16 - 17:59,,23.0167,89.2333,manirampur,jashore,khulna,33,30,26,359,,82,9,,,rainy,bodyfound,9
5244,7,30,thursday,0,night,20 - 5:59,,23.0167,89.2333,manirampur,jashore,khulna,30,29,27,359,,84,8,,,rainy,bodyfound,9
5245,1,1,monday,0,evening,18 - 19:59,,23.0167,89.2333,manirampur,jashore,khulna,26,22,18,176,,45,10,,,winter,bodyfound,9
5246,9,36,monday,0,morning,6 - 11:59,,22.2869,89.9667,mathbaria,pirojpur,barisal,34,32,29,386,,73,9,,,rainy,bodyfound,9
5247,6,26,tuesday,0,morning,6 - 11:59,,23.0417,91.875,matiranga,khagrachhari,chattogram,35,32,28,116,,72,10,,,rainy,bodyfound,9
5248,11,45,wednesday,0,morning,6 - 11:59,,23.0417,91.875,matiranga,khagrachhari,chattogram,31,27,22,113,,78,10,,,winter,bodyfound,9
5249,2,7,saturday,1,morning,6 - 11:59,,23.0417,91.875,matiranga,khagrachhari,chattogram,32,28,22,113,,71,10,,,winter,bodyfound,9
5250,12,50,thursday,0,night,20 - 5:59,,23.775,88.6417,meherpur sadar,meherpur,khulna,32,27,23,113,,45,10,,,winter,bodyfound,9
5251,12,52,monday,0,morning,6 - 11:59,,24.9667,89.8333,melandah,jamalpur,mymensingh,27,22,14,113,,49,10,,,winter,bodyfound,9
5252,8,31,saturday,1,morning,6 - 11:59,,24.9667,89.8333,melandah,jamalpur,mymensingh,34,31,26,386,,77,10,,,rainy,bodyfound,9
5253,12,51,friday,1,morning,6 - 11:59,,24.9667,89.8333,melandah,jamalpur,mymensingh,24,21,16,116,,74,10,,,winter,bodyfound,9
5254,11,47,friday,1,morning,6 - 11:59,,24.9667,89.8333,melandah,jamalpur,mymensingh,29,25,20,113,,65,10,,,winter,bodyfound,9
5255,8,31,saturday,1,morning,6 - 11:59,,24.9667,89.8333,melandah,jamalpur,mymensingh,34,31,26,386,,77,10,,,rainy,bodyfound,9
5256,5,20,tuesday,0,noon,12 - 15:59,,24.9667,89.8333,melandah,jamalpur,mymensingh,35,32,26,386,,73,9,,,hot,bodyfound,9
5257,11,47,friday,1,morning,6 - 11:59,,24.9667,89.8333,melandah,jamalpur,mymensingh,29,25,20,113,,65,10,,,winter,bodyfound,9
5258,2,7,tuesday,0,morning,6 - 11:59,,23.9333,89,mirpur,kushtia,khulna,30,26,20,113,,40,10,,,winter,bodyfound,9
5259,7,26,friday,1,morning,6 - 11:59,,24.1083,90.0917,mirzapur,tangail,dhaka,35,33,28,356,,70,9,,,rainy,bodyfound,9
5260,11,47,tuesday,0,morning,6 - 11:59,,24.1083,90.0917,mirzapur,tangail,dhaka,31,28,23,116,,58,10,,,winter,bodyfound,9
5261,2,8,thursday,0,morning,6 - 11:59,,24.1083,90.0917,mirzapur,tangail,dhaka,33,28,21,176,,49,10,,,winter,bodyfound,9
5262,7,29,tuesday,0,morning,6 - 11:59,,24.1083,90.0917,mirzapur,tangail,dhaka,34,33,28,356,,76,9,,,rainy,bodyfound,9
5263,3,10,sunday,0,morning,6 - 11:59,,25.5417,89.2833,mithapukur,rangpur,rangpur,34,29,20,113,,29,10,,,hot,bodyfound,9
5264,8,32,monday,0,afternoon,16 - 17:59,,25.5417,89.2833,mithapukur,rangpur,rangpur,34,31,26,353,,78,9,,,rainy,bodyfound,9
5265,2,7,sunday,0,morning,6 - 11:59,,25.5417,89.2833,mithapukur,rangpur,rangpur,29,25,21,113,,39,10,,,winter,bodyfound,9
5266,10,41,monday,0,morning,6 - 11:59,,25.5417,89.2833,mithapukur,rangpur,rangpur,32,29,26,356,,79,9,,,rainy,bodyfound,9
5267,2,7,wednesday,0,morning,6 - 11:59,,23.35,88.9125,moheshpur,jhenaidah,khulna,35,31,24,113,,32,10,,,winter,bodyfound,9
5268,4,17,wednesday,0,morning,6 - 11:59,,23.35,88.9125,moheshpur,jhenaidah,khulna,39,35,29,386,,60,10,,,hot,bodyfound,9
5269,9,36,tuesday,0,night,20 - 5:59,,22.8887,89.771842,mollahat,bagerhat,khulna,35,32,29,356,,71,9,,,rainy,bodyfound,9
5270,2,9,monday,0,night,20 - 5:59,,23.1667,91.0667,monohargonj,comilla,chattogram,33,29,24,113,,51,10,,,winter,bodyfound,9
5271,3,12,friday,1,morning,6 - 11:59,,22.2986,90.9792,monpura,bhola,barisal,32,28,24,200,,70,10,,,hot,bodyfound,9
5272,12,52,thursday,0,night,20 - 5:59,,22.45,89.8583,morrelganj,bagerhat,khulna,30,26,20,113,,56,10,,,winter,bodyfound,9
5273,3,9,saturday,1,night,20 - 5:59,,22.45,89.8583,morrelganj,bagerhat,khulna,36,31,26,113,,60,10,,,hot,bodyfound,9
5274,11,48,friday,1,night,20 - 5:59,,22.45,89.8583,morrelganj,bagerhat,khulna,32,28,23,113,,58,10,,,winter,bodyfound,9
5275,3,13,friday,1,morning,6 - 11:59,,24.4778,91.7667,moulvibazar sadar,moulvibazar,sylhet,30,27,23,359,,88,7,,,hot,bodyfound,9
5276,9,38,saturday,1,evening,18 - 19:59,,23.3167,89.8667,muksudpur,gopalganj,dhaka,35,32,28,176,,72,10,,,rainy,bodyfound,9
5277,5,20,wednesday,0,morning,6 - 11:59,,23.3167,89.8667,muksudpur,gopalganj,dhaka,36,33,26,353,,69,10,,,hot,bodyfound,9
5278,3,12,friday,1,morning,6 - 11:59,,24.7583,90.2667,muktagacha,mymensingh,mymensingh,39,34,24,113,,31,10,,,hot,bodyfound,9
5279,7,30,wednesday,0,morning,6 - 11:59,,24.7583,90.2667,muktagacha,mymensingh,mymensingh,32,28,25,356,,85,9,,,rainy,bodyfound,9
5280,12,51,tuesday,0,evening,18 - 19:59,,24.7583,90.2667,muktagacha,mymensingh,mymensingh,28,23,17,119,,55,10,,,winter,bodyfound,9
5281,12,49,sunday,0,night,20 - 5:59,,24.7583,90.2667,muktagacha,mymensingh,mymensingh,30,25,18,113,,65,10,,,winter,bodyfound,9
5282,9,38,thursday,0,morning,6 - 11:59,,24.7583,90.2667,muktagacha,mymensingh,mymensingh,32,29,26,299,,83,8,,,rainy,bodyfound,9
5283,11,46,thursday,0,night,20 - 5:59,,24.7583,90.2667,muktagacha,mymensingh,mymensingh,32,26,19,113,,72,10,,,winter,bodyfound,9
5284,6,22,sunday,0,morning,6 - 11:59,,22.915,90.415,muladi,barisal,barisal,34,33,29,176,,69,10,,,rainy,bodyfound,9
5285,7,28,monday,0,noon,12 - 15:59,,22.915,90.415,muladi,barisal,barisal,32,31,28,353,,75,10,,,rainy,bodyfound,9
5286,12,52,tuesday,0,afternoon,16 - 17:59,,23.4583,90.5417,munshiganj sadar,munshiganj,dhaka,27,23,18,113,,46,10,,,winter,bodyfound,9
5287,2,9,friday,1,night,20 - 5:59,,23.4583,90.5417,munshiganj sadar,munshiganj,dhaka,34,29,23,113,,58,10,,,winter,bodyfound,9
5288,4,17,monday,0,noon,12 - 15:59,,24.75,90.4167,mymensingh sadar,mymensingh,mymensingh,36,32,26,386,,69,9,,,hot,bodyfound,9
5289,4,17,wednesday,0,morning,6 - 11:59,,24.75,90.4167,mymensingh sadar,mymensingh,mymensingh,38,33,26,386,,69,10,,,hot,bodyfound,9
5290,8,33,tuesday,0,night,20 - 5:59,,24.75,90.4167,mymensingh sadar,mymensingh,mymensingh,33,30,26,356,,83,9,,,rainy,bodyfound,9
5291,10,42,tuesday,0,morning,6 - 11:59,,24.75,90.4167,mymensingh sadar,mymensingh,mymensingh,33,28,23,113,,70,10,,,rainy,bodyfound,9
5292,10,42,sunday,0,morning,6 - 11:59,,24.75,90.4167,mymensingh sadar,mymensingh,mymensingh,32,28,23,113,,72,10,,,rainy,bodyfound,9
5293,9,37,sunday,0,noon,12 - 15:59,,24.75,90.4167,mymensingh sadar,mymensingh,mymensingh,36,33,28,116,,68,10,,,rainy,bodyfound,9
5294,5,19,thursday,0,morning,6 - 11:59,,24.75,90.4167,mymensingh sadar,mymensingh,mymensingh,36,32,25,356,,75,9,,,hot,bodyfound,9
5295,8,33,monday,0,morning,6 - 11:59,,24.75,90.4167,mymensingh sadar,mymensingh,mymensingh,33,30,26,356,,81,9,,,rainy,bodyfound,9
5296,11,46,wednesday,0,afternoon,16 - 17:59,,24.75,90.4167,mymensingh sadar,mymensingh,mymensingh,33,27,21,116,,75,10,,,winter,bodyfound,9
5297,5,19,sunday,0,morning,6 - 11:59,,24.75,90.4167,mymensingh sadar,mymensingh,mymensingh,33,31,26,200,,62,10,,,hot,bodyfound,9
5298,9,37,thursday,0,morning,6 - 11:59,,24.75,90.4167,mymensingh sadar,mymensingh,mymensingh,33,30,26,359,,78,9,,,rainy,bodyfound,9
5299,5,21,tuesday,0,morning,6 - 11:59,,24.75,90.4167,mymensingh sadar,mymensingh,mymensingh,37,34,27,113,,66,10,,,hot,bodyfound,9
5300,8,34,saturday,1,night,20 - 5:59,,23.6,90.5,narayanganj sadar,narayanganj,dhaka,34,31,27,353,,77,9,,,rainy,bodyfound,9
5301,6,23,tuesday,0,morning,6 - 11:59,,23.996158,90.419726,gazipur sadar,gazipur,dhaka,36,33,29,176,,67,10,,,rainy,bodyfound,9
5302,6,23,friday,1,morning,6 - 11:59,,23.6,90.5,narayanganj sadar,narayanganj,dhaka,34,33,29,359,,70,8,,,rainy,bodyfound,9
5303,8,33,thursday,0,morning,6 - 11:59,,23.605717,89.841728,faridpur sadar,faridpur,dhaka,34,32,28,356,,75,9,,,rainy,bodyfound,9
5304,9,37,friday,1,morning,6 - 11:59,,24.9167,89.9583,jamalpur sadar,jamalpur,mymensingh,34,31,26,356,,74,9,,,rainy,bodyfound,9
5305,8,35,thursday,0,morning,6 - 11:59,,21.454718,92.010452,coxsbazar sadar,coxsbazar,chattogram,31,29,26,353,,82,10,,,rainy,bodyfound,9
5306,2,8,tuesday,0,night,20 - 5:59,,23.996158,90.419726,gazipur sadar,gazipur,dhaka,33,28,21,119,,72,10,,,winter,bodyfound,9
5307,2,6,thursday,0,morning,6 - 11:59,,22.3542,90.3181,patuakhali sadar,patuakhali,barisal,33,28,21,113,,40,10,,,winter,bodyfound,9
5308,6,25,saturday,1,morning,6 - 11:59,,25.0417,91.675,chhatak,sunamganj,sylhet,34,31,27,356,,79,9,,,rainy,bodyfound,9
5309,11,46,monday,0,morning,6 - 11:59,,24.4139,88.93,natore sadar,natore,rajshahi,29,26,21,143,,77,9,,,winter,bodyfound,9
5310,12,49,wednesday,0,morning,6 - 11:59,,23.180315,89.1608575,jessore sadar,jashore,khulna,28,25,19,113,,50,10,,,winter,bodyfound,9
5311,5,21,sunday,0,night,20 - 5:59,,23.605717,89.841728,faridpur sadar,faridpur,dhaka,37,34,28,356,,68,9,,,hot,bodyfound,9
5312,5,19,sunday,0,morning,6 - 11:59,,24.888242,91.868519,sylhet sadar,sylhet,sylhet,37,32,26,386,,72,9,,,hot,bodyfound,9
5313,11,47,tuesday,0,morning,6 - 11:59,,25.915,89.45,lalmonirhat,lalmonirhat,rangpur,29,25,21,116,,58,10,,,winter,bodyfound,9
5314,8,32,tuesday,0,morning,6 - 11:59,,23.755,89.65,rajbari sadar,rajbari,dhaka,33,30,27,356,,78,7,,,rainy,bodyfound,9
5315,2,7,monday,0,morning,6 - 11:59,,24.805,88.95,naogaon sadar,naogaon,rajshahi,30,25,18,113,,35,10,,,winter,bodyfound,9
5316,4,16,monday,0,morning,6 - 11:59,,25.915,89.45,lalmonirhat sadar,lalmonirhat,rangpur,36,32,24,116,,49,10,,,hot,bodyfound,9
5317,4,16,wednesday,0,night,20 - 5:59,,23.6,90.5,narayanganj sadar,narayanganj,dhaka,37,33,27,356,,60,9,,,hot,bodyfound,9
5318,5,20,saturday,1,morning,6 - 11:59,,24.875,90.7333,netrokona sadar,netrokona,mymensingh,34,31,25,353,,68,10,,,hot,bodyfound,9
5319,4,15,wednesday,0,morning,6 - 11:59,,24.7333,88.975,raninagar,naogaon,rajshahi,41,34,23,113,,27,10,,,hot,bodyfound,9
5320,2,6,tuesday,0,night,20 - 5:59,,22.638229,88.415531,goalanda,rajbari,dhaka,32,28,21,113,,30,10,,,winter,bodyfound,9
5321,2,8,tuesday,0,morning,6 - 11:59,,25.4153,89.3167,pirgonj,rangpur,rangpur,32,26,19,113,,38,10,,,winter,bodyfound,9
5322,2,8,wednesday,0,morning,6 - 11:59,,23.0744,88.8667,sharsha,jashore,khulna,31,29,22,386,,59,10,,,winter,bodyfound,9
5323,2,9,thursday,0,morning,6 - 11:59,,24.8417,89.375,bogra sadar,bogura,rajshahi,34,29,24,113,,49,10,,,winter,bodyfound,9
5324,3,10,thursday,0,noon,12 - 15:59,,24.888242,91.868519,sylhet sadar,sylhet,sylhet,31,26,16,116,,48,10,,,hot,bodyfound,9
5325,3,13,thursday,0,morning,6 - 11:59,,23.0744,88.8667,sharsha,jashore,khulna,37,33,24,113,,56,10,,,hot,bodyfound,9
5326,4,14,saturday,1,afternoon,16 - 17:59,,24.888242,91.868519,sylhet sadar,sylhet,sylhet,32,27,22,356,,82,8,,,hot,bodyfound,9
5327,4,15,thursday,0,morning,6 - 11:59,,24.005,89.25,pabna sadar,pabna,rajshahi,37,34,28,116,,43,10,,,hot,bodyfound,9
5328,9,37,sunday,0,night,20 - 5:59,,22.7,90.3667,barisal sadar,barisal,barisal,33,31,28,356,,77,9,,,rainy,bodyfound,9
5329,10,40,thursday,0,morning,6 - 11:59,,23.0744,88.8667,sharsha,jashore,khulna,33,31,27,200,,74,10,,,rainy,bodyfound,9
5330,4,16,wednesday,0,evening,18 - 19:59,,23.180315,89.1608575,jessore sadar,jashore,khulna,38,33,26,176,,50,10,,,hot,bodyfound,9
5331,10,43,monday,0,night,20 - 5:59,,23.0744,88.8667,sharsha,jashore,khulna,33,30,24,113,,56,10,,,rainy,bodyfound,9
5332,10,43,tuesday,0,night,20 - 5:59,,24.075,90.2167,kaliakair,gazipur,dhaka,37,32,25,113,,71,10,,,rainy,bodyfound,9
5333,9,35,friday,1,night,20 - 5:59,,24.8417,89.375,bogra sadar,bogura,rajshahi,34,31,27,359,,77,7,,,rainy,bodyfound,9
5334,5,20,monday,0,morning,6 - 11:59,,23.0744,88.8667,sharsha,jashore,khulna,40,35,29,356,,63,9,,,hot,bodyfound,9
5335,12,49,thursday,0,morning,6 - 11:59,,23.4583,90.5417,munshiganj sadar,munshiganj,dhaka,29,27,22,176,,65,10,,,winter,bodyfound,9
5336,12,51,saturday,1,night,20 - 5:59,,23.4875,89.4208,magura sadar,magura,khulna,26,21,15,113,,59,10,,,winter,bodyfound,9
5337,1,5,friday,1,afternoon,16 - 17:59,,24.005,89.25,pabna sadar,pabna,rajshahi,28,22,16,113,,47,10,,,winter,bodyfound,9
5338,4,16,monday,0,morning,6 - 11:59,,23.0167,91.3917,feni sadar,feni,chattogram,40,35,25,113,,48,10,,,hot,bodyfound,9
5339,5,20,thursday,0,morning,6 - 11:59,,23.9528,91.1167,brahmanbaria sadar,brahmanbaria,chattogram,35,31,26,386,,82,9,,,hot,bodyfound,9
5340,5,20,saturday,1,morning,6 - 11:59,,21.454718,92.010452,coxsbazar sadar,coxsbazar,chattogram,32,30,28,116,,77,10,,,hot,bodyfound,9
5341,5,20,sunday,0,evening,18 - 19:59,,24.8417,89.375,bogra sadar,bogura,rajshahi,40,36,29,116,,50,10,,,hot,bodyfound,9
5342,6,26,monday,0,noon,12 - 15:59,,24.75,90.4167,mymensingh sadar,mymensingh,mymensingh,33,29,25,356,,90,7,,,rainy,bodyfound,9
5343,8,35,monday,0,night,20 - 5:59,,23.6,90.5,narayanganj sadar,narayanganj,dhaka,32,30,26,356,,84,8,,,rainy,bodyfound,9
5344,11,47,friday,1,night,20 - 5:59,,23.0744,88.8667,sharsha,jashore,khulna,32,29,24,113,,53,10,,,winter,bodyfound,9
5345,10,43,tuesday,0,evening,18 - 19:59,,23.0744,88.8667,sharsha,jashore,khulna,33,30,25,353,,64,10,,,rainy,bodyfound,9
5346,10,42,saturday,1,morning,6 - 11:59,,23.0744,88.8667,sharsha,jashore,khulna,32,30,25,176,,72,10,,,rainy,bodyfound,9
5347,6,25,tuesday,0,morning,6 - 11:59,,22.5778,89.99,pirojpur sadar,pirojpur,barisal,33,30,28,353,,71,9,,,rainy,bodyfound,9
5348,7,27,sunday,0,morning,6 - 11:59,,24.4139,88.93,natore sadar,natore,rajshahi,36,33,29,356,,70,9,,,rainy,bodyfound,9
5349,7,29,sunday,0,noon,12 - 15:59,,23.20833,90.35,shariatpur sadar,shariatpur,dhaka,32,30,27,356,,80,8,,,rainy,bodyfound,9
5350,8,34,tuesday,0,morning,6 - 11:59,,24.586659,88.275275,chapainawabganj sadar,chapainawabganj,rajshahi,33,30,27,353,,80,9,,,rainy,bodyfound,9
5351,8,35,tuesday,0,noon,12 - 15:59,,24.25,89.9167,tangail sadar,tangail,dhaka,34,32,27,356,,76,9,,,rainy,bodyfound,9
5352,9,38,wednesday,0,night,20 - 5:59,,24.25,89.9167,tangail sadar,tangail,dhaka,33,31,27,116,,76,10,,,rainy,bodyfound,9
5353,10,40,thursday,0,morning,6 - 11:59,,23.0744,88.8667,sharsha,jashore,khulna,35,33,29,119,,61,10,,,rainy,bodyfound,9
5354,8,33,wednesday,0,morning,6 - 11:59,,25.1,89.03333,joypurhat sadar,joypurhat,rajshahi,33,31,27,356,,78,9,,,rainy,bodyfound,9
5355,1,2,friday,1,night,20 - 5:59,,23.6,90.5,narayanganj sadar,narayanganj,dhaka,27,23,19,116,,55,10,,,winter,bodyfound,9
5356,2,7,thursday,0,afternoon,16 - 17:59,,23.6,90.5,narayanganj sadar,narayanganj,dhaka,35,30,24,113,,39,10,,,winter,bodyfound,9
5357,2,7,thursday,0,morning,6 - 11:59,,25.9417,88.8444,nilphamari sadar,nilphamari,rangpur,35,30,21,113,,33,10,,,winter,bodyfound,9
5358,8,34,monday,0,morning,6 - 11:59,,23.9528,91.1167,brahmanbaria sadar,brahmanbaria,chattogram,36,33,27,116,,70,10,,,rainy,bodyfound,9
5359,3,10,monday,0,afternoon,16 - 17:59,,22.95,92.15,langadu,rangamati,chattogram,36,30,18,113,,54,10,,,hot,bodyfound,9
5360,4,16,tuesday,0,morning,6 - 11:59,,23.6417,88.8583,chuadanga sadar,chuadanga,khulna,40,35,27,176,,48,10,,,hot,bodyfound,9
5361,12,52,friday,1,morning,6 - 11:59,,23.6,90.5,narayanganj sadar,narayanganj,dhaka,25,22,16,113,,38,10,,,winter,bodyfound,9
5362,4,16,tuesday,0,morning,6 - 11:59,,24.8417,89.375,bogra sadar,bogura,rajshahi,37,33,26,116,,45,10,,,hot,bodyfound,9
5363,10,40,sunday,0,evening,18 - 19:59,,24.586659,88.275275,chapainawabganj sadar,chapainawabganj,rajshahi,34,31,25,116,,56,10,,,rainy,bodyfound,9
5364,4,17,saturday,1,noon,12 - 15:59,,21.454718,92.010452,coxsbazar sadar,coxsbazar,chattogram,33,30,26,122,,80,10,,,hot,bodyfound,9
5365,4,16,thursday,0,evening,18 - 19:59,,24.888242,91.868519,sylhet sadar,sylhet,sylhet,31,26,24,359,,83,8,,,hot,bodyfound,9
5366,5,20,friday,1,morning,6 - 11:59,,23.6,90.5,narayanganj sadar,narayanganj,dhaka,37,34,28,356,,71,10,,,hot,bodyfound,9
5367,11,46,wednesday,0,evening,18 - 19:59,,22.8256,91.1014,noakhali sadar,noakhali,chattogram,32,29,22,113,,65,10,,,winter,bodyfound,9
5368,6,25,thursday,0,night,20 - 5:59,,23.180315,89.1608575,jessore sadar,jashore,khulna,35,33,28,359,,72,8,,,rainy,bodyfound,9
5369,5,22,monday,0,night,20 - 5:59,,24.8417,89.375,bogra sadar,bogura,rajshahi,37,34,30,176,,57,10,,,hot,bodyfound,9
5370,8,35,wednesday,0,evening,18 - 19:59,,23.996158,90.419726,gazipur sadar,gazipur,dhaka,34,32,28,353,,70,10,,,rainy,bodyfound,9
5371,9,35,sunday,0,morning,6 - 11:59,,23.996158,90.419726,gazipur sadar,gazipur,dhaka,34,32,27,353,,73,10,,,rainy,bodyfound,9
5372,10,41,thursday,0,afternoon,16 - 17:59,,24.875,90.7333,netrokona sadar,netrokona,mymensingh,34,31,27,116,,74,10,,,rainy,bodyfound,9
5373,10,42,thursday,0,morning,6 - 11:59,,23.180315,89.1608575,jessore sadar,jashore,khulna,32,29,26,353,,80,9,,,rainy,bodyfound,9
5374,11,44,saturday,1,noon,12 - 15:59,,23.6,90.5,narayanganj sadar,narayanganj,dhaka,35,30,23,113,,60,10,,,winter,bodyfound,9
5375,11,46,sunday,0,night,20 - 5:59,,23.459349,91.18264,comilla sadar,comilla,chattogram,31,28,23,353,,78,10,,,winter,bodyfound,9
5376,10,41,monday,0,night,20 - 5:59,,23.0744,88.8667,sharsha,jashore,khulna,28,27,25,356,,90,7,,,rainy,bodyfound,9
5377,12,49,tuesday,0,morning,6 - 11:59,,24.805,88.95,naogaon sadar,naogaon,rajshahi,28,25,20,113,,56,10,,,winter,bodyfound,9
5378,6,26,wednesday,0,night,20 - 5:59,,23.0744,88.8667,sharsha,jashore,khulna,36,34,29,176,,67,10,,,rainy,bodyfound,9
5379,8,31,monday,0,morning,6 - 11:59,,24.2,90.4667,sreepur,gazipur,dhaka,33,31,26,353,,75,10,,,rainy,bodyfound,9
5380,8,31,friday,1,morning,6 - 11:59,,24.888242,91.868519,sylhet sadar,sylhet,sylhet,35,32,28,386,,78,9,,,rainy,bodyfound,9
5381,12,51,monday,0,night,20 - 5:59,,23.6,90.5,narayanganj sadar,narayanganj,dhaka,31,27,22,113,,61,10,,,winter,bodyfound,9
5382,8,35,monday,0,night,20 - 5:59,,23.180315,89.1608575,jessore sadar,jashore,khulna,34,30,26,356,,83,8,,,rainy,bodyfound,9
5383,10,40,wednesday,0,night,20 - 5:59,,22.50439,89.97897,zianagar,pirojpur,barisal,35,32,27,116,,70,10,,,rainy,bodyfound,9
5384,5,18,saturday,1,night,20 - 5:59,,24.888242,91.868519,sylhet sadar,sylhet,sylhet,39,34,24,176,,61,10,,,hot,bodyfound,9
5385,5,19,thursday,0,morning,6 - 11:59,,22.442809,90.414608,dumki,patuakhali,barisal,36,34,30,386,,60,10,,,hot,bodyfound,9
5386,6,25,thursday,0,afternoon,16 - 17:59,,22.62,90.07,kawkhali,pirojpur,barisal,34,32,28,353,,73,10,,,rainy,bodyfound,9
5387,6,22,sunday,0,morning,6 - 11:59,,23.0744,88.8667,sharsha,jashore,khulna,36,34,29,359,,64,9,,,rainy,bodyfound,9
5388,5,22,monday,0,night,20 - 5:59,,24.888242,91.868519,sylhet sadar,sylhet,sylhet,35,30,25,176,,82,10,,,hot,bodyfound,9
5389,10,42,wednesday,0,morning,6 - 11:59,,22.95,90.825,lakshmipur sadar,lakshmipur,chattogram,32,29,25,176,,83,10,,,rainy,bodyfound,9
5390,10,42,friday,1,evening,18 - 19:59,,23.996158,90.419726,gazipur sadar,gazipur,dhaka,30,27,22,116,,75,10,,,rainy,bodyfound,9
5391,4,14,monday,0,morning,6 - 11:59,,23.0744,88.8667,sharsha,jashore,khulna,40,34,27,113,,61,10,,,hot,bodyfound,9
5392,1,2,wednesday,0,night,20 - 5:59,,21.9861,90.2422,kalapara,patuakhali,barisal,29,25,19,113,,44,10,,,winter,bodyfound,9
5393,1,2,saturday,1,night,20 - 5:59,,24.586659,88.275275,chapainawabganj sadar,chapainawabganj,rajshahi,27,22,17,113,,46,10,,,winter,bodyfound,9
5394,12,51,wednesday,0,night,20 - 5:59,,23.996158,90.419726,gazipur sadar,gazipur,dhaka,25,22,18,113,,54,10,,,winter,bodyfound,9
5395,12,52,tuesday,0,night,20 - 5:59,,24.2917,89.7,belkuchi,sirajganj,rajshahi,25,20,14,113,,57,10,,,winter,bodyfound,9
5396,1,2,monday,0,evening,18 - 19:59,,26.3347,88.5583,panchagarh sadar,panchagarh,rangpur,20,16,11,113,,47,10,,,winter,bodyfound,9
5397,5,21,sunday,0,night,20 - 5:59,,24.586659,88.275275,chapainawabganj sadar,chapainawabganj,rajshahi,38,35,30,356,,62,9,,,hot,bodyfound,9
5398,7,28,thursday,0,morning,6 - 11:59,,26.0208,88.4667,thakurgaon sadar,thakurgaon,rangpur,35,32,27,359,,78,7,,,rainy,bodyfound,9
5399,7,30,thursday,0,night,20 - 5:59,,23.6583,90.6083,sonargaon,narayanganj,dhaka,32,30,27,356,,82,10,,,rainy,bodyfound,9
5400,1,3,sunday,0,morning,6 - 11:59,,25.9417,88.8444,syedpur,nilphamari,rangpur,29,24,16,113,,46,10,,,winter,bodyfound,9
5401,11,47,saturday,1,morning,6 - 11:59,,24.56667,91.515,nabiganj,habiganj,sylhet,33,27,19,113,,72,10,,,winter,bodyfound,9
5402,3,12,saturday,1,morning,6 - 11:59,,24.56667,91.515,nabiganj,habiganj,sylhet,38,31,19,113,,26,10,,,hot,bodyfound,9
5403,12,50,saturday,1,night,20 - 5:59,,24.56667,91.515,nabiganj,habiganj,sylhet,27,23,19,116,,52,10,,,winter,bodyfound,9
5404,5,19,saturday,1,morning,6 - 11:59,,23.8833,90.9833,nabinagar,brahmanbaria,chattogram,36,33,27,353,,60,9,,,hot,bodyfound,9
5405,5,19,saturday,1,morning,6 - 11:59,,23.8833,90.9833,nabinagar,brahmanbaria,chattogram,36,33,27,353,,60,9,,,hot,bodyfound,9
5406,5,18,tuesday,0,night,20 - 5:59,,23.8833,90.9833,nabinagar,brahmanbaria,chattogram,34,31,24,200,,67,10,,,hot,bodyfound,9
5407,5,18,tuesday,0,night,20 - 5:59,,23.8833,90.9833,nabinagar,brahmanbaria,chattogram,34,31,24,200,,67,10,,,hot,bodyfound,9
5408,8,34,tuesday,0,morning,6 - 11:59,,24.73092,88.41722,nachol,chapainawabganj,rajshahi,36,33,29,353,,61,10,,,rainy,bodyfound,9
5409,1,2,tuesday,0,afternoon,16 - 17:59,,24.73092,88.41722,nachol,chapainawabganj,rajshahi,25,20,14,113,,51,10,,,winter,bodyfound,9
5410,1,5,wednesday,0,night,20 - 5:59,,24.73092,88.41722,nachol,chapainawabganj,rajshahi,28,23,17,113,,40,10,,,winter,bodyfound,9
5411,8,31,wednesday,0,evening,18 - 19:59,,23.4153,89.8917,nagarkanda,faridpur,dhaka,35,32,27,353,,73,10,,,rainy,bodyfound,9
5412,7,27,wednesday,0,morning,6 - 11:59,,23.4153,89.8917,nagarkanda,faridpur,dhaka,34,32,27,356,,77,9,,,rainy,bodyfound,9
5413,4,14,wednesday,0,morning,6 - 11:59,,23.4153,89.8917,nagarkanda,faridpur,dhaka,29,28,25,353,,78,10,,,hot,bodyfound,9
5414,3,10,sunday,0,morning,6 - 11:59,,24.05,89.86806,nagarpur,tangail,dhaka,34,31,26,116,,31,10,,,hot,bodyfound,9
5415,8,31,sunday,0,morning,6 - 11:59,,24.05,89.86806,nagarpur,tangail,dhaka,34,32,28,356,,73,9,,,rainy,bodyfound,9
5416,9,39,thursday,0,morning,6 - 11:59,,25.9792,89.7083,nageshwari,kurigram,rangpur,29,27,24,353,,83,10,,,rainy,bodyfound,9
5417,2,6,saturday,1,noon,12 - 15:59,,21.4167,92.1833,naikhongchhari,bandarban,chattogram,29,26,21,113,,75,10,,,winter,bodyfound,9
5418,8,33,wednesday,0,morning,6 - 11:59,,22.6222,90.2708,nalchity,jhalakathi,barisal,34,32,28,353,,73,10,,,rainy,bodyfound,9
5419,5,21,thursday,0,evening,18 - 19:59,,25.08333,90.18528,nalitabari,sherpur,mymensingh,32,29,24,356,,82,8,,,hot,bodyfound,9
5420,8,32,friday,1,morning,6 - 11:59,,25.08333,90.18528,nalitabari,sherpur,mymensingh,33,31,27,386,,81,9,,,rainy,bodyfound,9
5421,8,33,wednesday,0,morning,6 - 11:59,,24.5667,90.6833,nandail,mymensingh,mymensingh,34,31,27,386,,78,9,,,rainy,bodyfound,9
5422,7,27,friday,1,morning,6 - 11:59,,24.5667,90.6833,nandail,mymensingh,mymensingh,34,31,26,359,,80,7,,,rainy,bodyfound,9
5423,8,32,tuesday,0,afternoon,16 - 17:59,,23.16667,91.2,nangalkot,comilla,chattogram,33,29,26,386,,81,9,,,rainy,bodyfound,9
5424,12,52,sunday,0,afternoon,16 - 17:59,,23.175,89.505,narail sadar,narail,khulna,25,20,14,113,,26,10,,,winter,bodyfound,9
5425,10,43,saturday,1,night,20 - 5:59,,23.6,90.5,narayanganj sadar,narayanganj,dhaka,33,28,22,113,,72,10,,,rainy,bodyfound,9
5426,4,13,saturday,1,evening,18 - 19:59,,23.6,90.5,narayanganj sadar,narayanganj,dhaka,33,29,24,356,,68,10,,,hot,bodyfound,9
5427,1,4,sunday,0,morning,6 - 11:59,,23.6,90.5,narayanganj sadar,narayanganj,dhaka,29,26,23,116,,42,10,,,winter,bodyfound,9
5428,1,4,friday,1,noon,12 - 15:59,,23.6,90.5,narayanganj sadar,narayanganj,dhaka,28,24,17,116,,51,10,,,winter,bodyfound,9
5429,12,51,friday,1,afternoon,16 - 17:59,,23.6,90.5,narayanganj sadar,narayanganj,dhaka,27,23,18,113,,51,10,,,winter,bodyfound,9
5430,5,19,friday,1,noon,12 - 15:59,,23.6,90.5,narayanganj sadar,narayanganj,dhaka,35,33,29,386,,70,9,,,hot,bodyfound,9
5431,12,52,monday,0,night,20 - 5:59,,23.6,90.5,narayanganj sadar,narayanganj,dhaka,30,25,20,116,,60,10,,,winter,bodyfound,9
5432,5,20,thursday,0,morning,6 - 11:59,,23.6,90.5,narayanganj sadar,narayanganj,dhaka,39,34,29,200,,64,10,,,hot,bodyfound,9
5433,7,28,sunday,0,morning,6 - 11:59,,23.6,90.5,narayanganj sadar,narayanganj,dhaka,35,32,28,200,,73,9,,,rainy,bodyfound,9
5434,3,10,friday,1,night,20 - 5:59,,23.6,90.5,narayanganj sadar,narayanganj,dhaka,35,31,23,113,,33,10,,,hot,bodyfound,9
5435,12,51,sunday,0,noon,12 - 15:59,,23.6,90.5,narayanganj sadar,narayanganj,dhaka,30,27,23,113,,58,10,,,winter,bodyfound,9
5436,12,50,friday,1,night,20 - 5:59,,23.6,90.5,narayanganj sadar,narayanganj,dhaka,29,25,19,113,,51,10,,,winter,bodyfound,9
5437,5,22,thursday,0,night,20 - 5:59,,23.9167,90.725,narsingdi sadar,narsingdi,dhaka,34,31,28,356,,79,9,,,hot,bodyfound,9
5438,1,1,tuesday,0,night,20 - 5:59,,24.207,91.2097,nasirnagar,brahmanbaria,chattogram,26,22,15,113,,53,10,,,winter,bodyfound,9
5439,1,1,tuesday,0,night,20 - 5:59,,24.207,91.2097,nasirnagar,brahmanbaria,chattogram,26,22,15,113,,53,10,,,winter,bodyfound,9
5440,12,51,tuesday,0,morning,6 - 11:59,,24.4139,88.93,natore sadar,natore,rajshahi,30,25,20,113,,48,10,,,winter,bodyfound,9
5441,1,3,friday,1,morning,6 - 11:59,,24.4139,88.93,natore sadar,natore,rajshahi,26,21,15,113,,46,10,,,winter,bodyfound,9
5442,7,28,saturday,1,morning,6 - 11:59,,25.4167,89.0833,nawabganj,dinajpur,rangpur,31,29,26,356,,87,10,,,rainy,bodyfound,9
5443,5,20,saturday,1,morning,6 - 11:59,,25.4167,89.0833,nawabganj,dinajpur,rangpur,40,36,28,113,,60,10,,,hot,bodyfound,9
5444,1,1,thursday,0,night,20 - 5:59,,22.7461,89.9678,nazirpur,pirojpur,barisal,29,24,18,113,,46,10,,,winter,bodyfound,9
5445,2,7,tuesday,0,morning,6 - 11:59,,22.7472,90.1036,nesarabad,pirojpur,barisal,32,28,21,113,,37,10,,,winter,bodyfound,9
5446,11,46,tuesday,0,morning,6 - 11:59,,22.7472,90.1036,nesarabad,pirojpur,barisal,29,24,18,113,,75,10,,,winter,bodyfound,9
5447,2,5,thursday,0,morning,6 - 11:59,,24.875,90.7333,netrokona sadar,netrokona,mymensingh,29,23,15,113,,43,10,,,winter,bodyfound,9
5448,10,43,monday,0,morning,6 - 11:59,,24.875,90.7333,netrokona sadar,netrokona,mymensingh,34,30,24,113,,70,10,,,rainy,bodyfound,9
5449,2,8,monday,0,evening,18 - 19:59,,24.875,90.7333,netrokona sadar,netrokona,mymensingh,30,26,20,176,,50,10,,,winter,bodyfound,9
5450,3,10,tuesday,0,morning,6 - 11:59,,25.9417,88.8444,nilphamari sadar,nilphamari,rangpur,32,27,19,116,,40,10,,,hot,bodyfound,9
5451,10,40,monday,0,morning,6 - 11:59,,25.9417,88.8444,nilphamari sadar,nilphamari,rangpur,28,26,26,356,,92,9,,,rainy,bodyfound,9
5452,2,6,wednesday,0,morning,6 - 11:59,,22.8256,91.1014,noakhali sadar,noakhali,chattogram,30,26,20,113,,48,10,,,winter,bodyfound,9
5453,7,28,thursday,0,morning,6 - 11:59,,22.8256,91.1014,noakhali sadar,noakhali,chattogram,32,30,28,386,,78,10,,,rainy,bodyfound,9
5454,10,42,thursday,0,morning,6 - 11:59,,24.98333,90.18333,nokla,sherpur,mymensingh,32,30,27,116,,76,10,,,rainy,bodyfound,9
5455,11,47,thursday,0,night,20 - 5:59,,24.4417,88.6278,paba,rajshahi,rajshahi,32,28,22,113,,55,10,,,winter,bodyfound,9
5456,12,50,saturday,1,noon,12 - 15:59,,24.4417,88.6278,paba,rajshahi,rajshahi,30,25,20,113,,33,10,,,winter,bodyfound,9
5457,4,13,friday,1,morning,6 - 11:59,,24.005,89.25,pabna sadar,pabna,rajshahi,35,30,25,356,,60,9,,,hot,bodyfound,9
5458,5,18,tuesday,0,morning,6 - 11:59,,24.005,89.25,pabna sadar,pabna,rajshahi,37,33,27,353,,57,10,,,hot,bodyfound,9
5459,12,1,wednesday,0,night,20 - 5:59,,24.005,89.25,pabna sadar,pabna,rajshahi,27,22,17,113,,52,10,,,winter,bodyfound,9
5460,7,29,saturday,1,night,20 - 5:59,,24.005,89.25,pabna sadar,pabna,rajshahi,33,31,28,356,,75,9,,,rainy,bodyfound,9
5461,11,48,thursday,0,night,20 - 5:59,,24.005,89.25,pabna sadar,pabna,rajshahi,33,27,22,113,,45,10,,,winter,bodyfound,9
5462,10,42,tuesday,0,afternoon,16 - 17:59,,24.005,89.25,pabna sadar,pabna,rajshahi,32,29,25,359,,82,8,,,rainy,bodyfound,9
5463,12,50,wednesday,0,night,20 - 5:59,,24.005,89.25,pabna sadar,pabna,rajshahi,28,24,20,113,,60,10,,,winter,bodyfound,9
5464,1,5,thursday,0,night,20 - 5:59,,24.005,89.25,pabna sadar,pabna,rajshahi,29,23,16,119,,48,10,,,winter,bodyfound,9
5465,7,29,wednesday,0,morning,6 - 11:59,,24.3333,90.6833,pakundia,kishoreganj,dhaka,36,33,27,386,,75,9,,,rainy,bodyfound,9
5466,3,12,friday,1,morning,6 - 11:59,,24.3333,90.6833,pakundia,kishoreganj,dhaka,38,33,24,113,,33,10,,,hot,bodyfound,9
5467,3,10,monday,0,evening,18 - 19:59,,26.3347,88.5583,panchagarh sadar,panchagarh,rangpur,31,26,16,113,,24,10,,,hot,bodyfound,9
5468,9,38,tuesday,0,afternoon,16 - 17:59,,26.3347,88.5583,panchagarh sadar,panchagarh,rangpur,33,31,26,353,,77,9,,,rainy,bodyfound,9
5469,11,45,tuesday,0,evening,18 - 19:59,,26.3347,88.5583,panchagarh sadar,panchagarh,rangpur,29,25,19,113,,67,10,,,winter,bodyfound,9
5470,2,6,thursday,0,evening,18 - 19:59,,26.3347,88.5583,panchagarh sadar,panchagarh,rangpur,28,24,18,113,,52,10,,,winter,bodyfound,9
5471,7,29,friday,1,night,20 - 5:59,,26.3347,88.5583,panchagarh sadar,panchagarh,rangpur,33,30,26,353,,82,8,,,rainy,bodyfound,9
5472,10,43,tuesday,0,morning,6 - 11:59,,23.29,91.9,panchari,khagrachhari,chattogram,32,29,22,143,,83,8,,,rainy,bodyfound,9
5473,4,15,thursday,0,morning,6 - 11:59,,25.195,89.02,panchbibi,joypurhat,rajshahi,35,32,25,176,,54,9,,,hot,bodyfound,9
5474,7,28,thursday,0,morning,6 - 11:59,,25.195,89.02,panchbibi,joypurhat,rajshahi,34,32,28,386,,75,10,,,rainy,bodyfound,9
5475,7,31,monday,0,night,20 - 5:59,,25.195,89.02,panchbibi,joypurhat,rajshahi,34,32,27,386,,73,10,,,rainy,bodyfound,9
5476,7,27,sunday,0,morning,6 - 11:59,,25.195,89.02,panchbibi,joypurhat,rajshahi,33,31,27,356,,82,10,,,rainy,bodyfound,9
5477,8,32,wednesday,0,morning,6 - 11:59,,25.195,89.02,panchbibi,joypurhat,rajshahi,34,32,28,386,,72,10,,,rainy,bodyfound,9
5478,9,38,thursday,0,morning,6 - 11:59,,25.6533,88.9155,parbatipur,dinajpur,rangpur,34,30,25,356,,81,9,,,rainy,bodyfound,9
5479,4,13,friday,1,morning,6 - 11:59,,25.6533,88.9155,parbatipur,dinajpur,rangpur,33,27,22,353,,66,10,,,hot,bodyfound,9
5480,4,16,thursday,0,morning,6 - 11:59,,25.6533,88.9155,parbatipur,dinajpur,rangpur,29,26,24,356,,86,7,,,hot,bodyfound,9
5481,8,33,friday,1,morning,6 - 11:59,,25.6533,88.9155,parbatipur,dinajpur,rangpur,34,31,28,386,,78,8,,,rainy,bodyfound,9
5482,4,14,sunday,0,morning,6 - 11:59,,25.6533,88.9155,parbatipur,dinajpur,rangpur,43,36,24,113,,16,10,,,hot,bodyfound,9
5483,11,48,friday,1,night,20 - 5:59,,25.6533,88.9155,parbatipur,dinajpur,rangpur,33,29,23,113,,61,10,,,winter,bodyfound,9
5484,1,53,saturday,1,noon,12 - 15:59,,25.6533,88.9155,parbatipur,dinajpur,rangpur,29,24,19,113,,51,10,,,winter,bodyfound,9
5485,11,48,tuesday,0,night,20 - 5:59,,25.6533,88.9155,parbatipur,dinajpur,rangpur,32,27,22,113,,61,10,,,winter,bodyfound,9
5486,2,5,thursday,0,morning,6 - 11:59,,25.6533,88.9155,parbatipur,dinajpur,rangpur,31,24,15,113,,45,10,,,winter,bodyfound,9
5487,3,11,tuesday,0,morning,6 - 11:59,,25.6533,88.9155,parbatipur,dinajpur,rangpur,34,30,22,113,,29,10,,,hot,bodyfound,9
5488,8,35,friday,1,morning,6 - 11:59,,25.05,88.7333,patnitala,naogaon,rajshahi,35,34,29,119,,66,10,,,rainy,bodyfound,9
5489,12,51,saturday,1,night,20 - 5:59,,22.3542,90.3181,patuakhali sadar,patuakhali,barisal,29,26,20,113,,66,10,,,winter,bodyfound,9
5490,1,5,tuesday,0,morning,6 - 11:59,,22.3542,90.3181,patuakhali sadar,patuakhali,barisal,31,26,20,113,,47,10,,,winter,bodyfound,9
5491,2,6,friday,1,afternoon,16 - 17:59,,24.95,90.35,phulpur,mymensingh,mymensingh,29,25,17,113,,33,10,,,winter,bodyfound,9
5492,5,22,wednesday,0,night,20 - 5:59,,24.95,90.35,phulpur,mymensingh,mymensingh,33,31,27,356,,81,9,,,hot,bodyfound,9
5493,6,24,thursday,0,morning,6 - 11:59,,25.58,89.4,pirgacha,rangpur,rangpur,33,30,27,299,,80,9,,,rainy,bodyfound,9
5494,6,23,wednesday,0,evening,18 - 19:59,,25.8542,88.3667,pirganj,thakurgaon,rangpur,40,36,29,353,,60,10,,,rainy,bodyfound,9
5495,10,41,sunday,0,morning,6 - 11:59,,25.8542,88.3667,pirganj,thakurgaon,rangpur,35,31,25,113,,72,10,,,rainy,bodyfound,9
5496,3,11,saturday,1,afternoon,16 - 17:59,,25.8542,88.3667,pirganj,thakurgaon,rangpur,34,28,19,176,,33,10,,,hot,bodyfound,9
5497,2,8,tuesday,0,morning,6 - 11:59,,25.4153,89.3167,pirgonj,rangpur,rangpur,32,26,19,113,,38,10,,,winter,bodyfound,9
5498,2,8,monday,0,morning,6 - 11:59,,25.4153,89.3167,pirgonj,rangpur,rangpur,30,25,18,113,,42,10,,,winter,bodyfound,9
5499,10,40,thursday,0,morning,6 - 11:59,,25.4153,89.3167,pirgonj,rangpur,rangpur,34,31,26,176,,78,10,,,rainy,bodyfound,9
5500,2,8,monday,0,morning,6 - 11:59,,25.4153,89.3167,pirgonj,rangpur,rangpur,30,25,18,113,,42,10,,,winter,bodyfound,9
5501,11,45,tuesday,0,noon,12 - 15:59,,25.4153,89.3167,pirgonj,rangpur,rangpur,31,27,22,116,,67,10,,,winter,bodyfound,9
5502,12,49,sunday,0,morning,6 - 11:59,,22.5778,89.99,pirojpur sadar,pirojpur,barisal,30,25,19,113,,51,10,,,winter,bodyfound,9
5503,7,30,monday,0,night,20 - 5:59,,22.5778,89.99,pirojpur sadar,pirojpur,barisal,32,30,28,359,,80,7,,,rainy,bodyfound,9
5504,7,27,tuesday,0,noon,12 - 15:59,,22.5778,89.99,pirojpur sadar,pirojpur,barisal,32,30,28,359,,78,8,,,rainy,bodyfound,9
5505,3,12,thursday,0,night,20 - 5:59,,22.5778,89.99,pirojpur sadar,pirojpur,barisal,39,33,26,113,,41,10,,,hot,bodyfound,9
5506,12,51,thursday,0,morning,6 - 11:59,,22.5778,89.99,pirojpur sadar,pirojpur,barisal,28,24,19,113,,56,10,,,winter,bodyfound,9
5507,1,4,saturday,1,night,20 - 5:59,,22.5778,89.99,pirojpur sadar,pirojpur,barisal,29,26,20,113,,48,10,,,winter,bodyfound,9
5508,7,30,friday,1,morning,6 - 11:59,,22.5778,89.99,pirojpur sadar,pirojpur,barisal,32,30,27,356,,79,9,,,rainy,bodyfound,9
5509,7,29,sunday,0,morning,6 - 11:59,,25.025,88.4833,porsha,naogaon,rajshahi,32,31,27,176,,81,9,,,rainy,bodyfound,9
5510,1,4,saturday,1,noon,12 - 15:59,,25.025,88.4833,porsha,naogaon,rajshahi,26,22,15,122,,52,10,,,winter,bodyfound,9
5511,7,27,tuesday,0,morning,6 - 11:59,,24.375,88.85,puthia,rajshahi,rajshahi,33,31,27,386,,81,8,,,rainy,bodyfound,9
5512,1,3,monday,0,night,20 - 5:59,,22.5667,90.1417,rajapur,jhalakathi,barisal,28,25,20,113,,48,10,,,winter,bodyfound,9
5513,8,31,saturday,1,morning,6 - 11:59,,22.5667,90.1417,rajapur,jhalakathi,barisal,28,27,26,308,,88,7,,,rainy,bodyfound,9
5514,4,17,sunday,0,morning,6 - 11:59,,22.5667,90.1417,rajapur,jhalakathi,barisal,35,32,27,386,,68,10,,,hot,bodyfound,9
5515,4,14,sunday,0,morning,6 - 11:59,,22.5667,90.1417,rajapur,jhalakathi,barisal,35,31,27,386,,68,10,,,hot,bodyfound,9
5516,12,51,friday,1,morning,6 - 11:59,,23.755,89.65,rajbari sadar,rajbari,dhaka,17,17,17,113,,56,10,,,winter,bodyfound,9
5517,8,31,thursday,0,morning,6 - 11:59,,23.755,89.65,rajbari sadar,rajbari,dhaka,31,29,26,359,,82,8,,,rainy,bodyfound,9
5518,1,4,wednesday,0,morning,6 - 11:59,,23.2083,90.0333,rajoir,madaripur,dhaka,31,27,21,113,,46,10,,,winter,bodyfound,9
5519,1,4,friday,1,morning,6 - 11:59,,23.105,90.875,ramganj,lakshmipur,chattogram,29,24,17,113,,55,10,,,winter,bodyfound,9
5520,10,41,friday,1,evening,18 - 19:59,,21.429087,92.089241,ramu,coxsbazar,chattogram,28,26,24,359,,88,8,,,rainy,bodyfound,9
5521,10,43,friday,1,morning,6 - 11:59,,22.65,92.1833,rangamati sadar,rangamati,chattogram,34,29,22,113,,74,10,,,rainy,bodyfound,9
5522,1,3,thursday,0,morning,6 - 11:59,,22.65,92.1833,rangamati sadar,rangamati,chattogram,31,23,13,113,,61,10,,,winter,bodyfound,9
5523,6,22,saturday,1,noon,12 - 15:59,,22.65,92.1833,rangamati sadar,rangamati,chattogram,37,33,25,353,,71,9,,,rainy,bodyfound,9
5524,6,22,saturday,1,noon,12 - 15:59,,22.65,92.1833,rangamati sadar,rangamati,chattogram,37,33,25,353,,71,9,,,rainy,bodyfound,9
5525,6,22,saturday,1,noon,12 - 15:59,,22.65,92.1833,rangamati sadar,rangamati,chattogram,37,33,25,353,,71,9,,,rainy,bodyfound,9
5526,6,22,saturday,1,noon,12 - 15:59,,22.65,92.1833,rangamati sadar,rangamati,chattogram,37,33,25,353,,71,9,,,rainy,bodyfound,9
5527,1,1,monday,0,morning,6 - 11:59,,25.7583,89.2333,rangpur sadar,rangpur,rangpur,29,23,17,113,,49,10,,,winter,bodyfound,9
5528,12,49,wednesday,0,night,20 - 5:59,,25.7583,89.2333,rangpur sadar,rangpur,rangpur,31,25,19,113,,55,10,,,winter,bodyfound,9
5529,3,11,tuesday,0,morning,6 - 11:59,,25.7583,89.2333,rangpur sadar,rangpur,rangpur,34,29,21,113,,34,10,,,hot,bodyfound,9
5530,9,37,saturday,1,morning,6 - 11:59,,25.7583,89.2333,rangpur sadar,rangpur,rangpur,33,30,26,359,,83,6,,,rainy,bodyfound,9
5531,1,1,wednesday,0,morning,6 - 11:59,,25.7583,89.2333,rangpur sadar,rangpur,rangpur,28,23,17,113,,53,10,,,winter,bodyfound,9
5532,7,29,tuesday,0,noon,12 - 15:59,,25.7583,89.2333,rangpur sadar,rangpur,rangpur,35,32,28,386,,69,10,,,rainy,bodyfound,9
5533,10,41,sunday,0,morning,6 - 11:59,,25.7583,89.2333,rangpur sadar,rangpur,rangpur,35,30,23,113,,76,10,,,rainy,bodyfound,9
5534,11,44,thursday,0,night,20 - 5:59,,25.7583,89.2333,rangpur sadar,rangpur,rangpur,32,28,22,113,,65,10,,,winter,bodyfound,9
5535,7,29,thursday,0,morning,6 - 11:59,,25.7583,89.2333,rangpur sadar,rangpur,rangpur,39,35,30,113,,58,10,,,rainy,bodyfound,9
5536,5,21,sunday,0,afternoon,16 - 17:59,,25.88833,88.25167,ranisankail,thakurgaon,rangpur,34,31,27,356,,77,8,,,hot,bodyfound,9
5537,9,37,tuesday,0,morning,6 - 11:59,,25.88833,88.25167,ranisankail,thakurgaon,rangpur,33,30,26,353,,77,10,,,rainy,bodyfound,9
5538,12,1,monday,0,night,20 - 5:59,,25.88833,88.25167,ranisankail,thakurgaon,rangpur,25,20,12,113,,44,10,,,winter,bodyfound,9
5539,7,28,sunday,0,morning,6 - 11:59,,25.88833,88.25167,ranisankail,thakurgaon,rangpur,36,32,27,386,,75,7,,,rainy,bodyfound,9
5540,9,35,sunday,0,morning,6 - 11:59,,25.88833,88.25167,ranisankail,thakurgaon,rangpur,37,34,28,116,,59,10,,,rainy,bodyfound,9
5541,9,36,monday,0,afternoon,16 - 17:59,,22.04999,92.40998,ruma,bandarban,chattogram,32,30,27,353,,81,9,,,rainy,bodyfound,9
5542,4,15,monday,0,morning,6 - 11:59,,22.04999,92.40998,ruma,bandarban,chattogram,34,31,26,116,,78,10,,,hot,bodyfound,9
5543,9,37,saturday,1,morning,6 - 11:59,,22.04999,92.40998,ruma,bandarban,chattogram,32,30,27,356,,80,9,,,rainy,bodyfound,9
5544,10,40,saturday,1,evening,18 - 19:59,,23.7931,90.5167,rupganj,narayanganj,dhaka,34,31,27,353,,74,10,,,rainy,bodyfound,9
5545,10,41,thursday,0,morning,6 - 11:59,,23.7931,90.5167,rupganj,narayanganj,dhaka,33,30,24,113,,75,10,,,rainy,bodyfound,9
5546,9,36,thursday,0,night,20 - 5:59,,23.7931,90.5167,rupganj,narayanganj,dhaka,33,30,27,386,,79,10,,,rainy,bodyfound,9
5547,4,14,thursday,0,evening,18 - 19:59,,23.7931,90.5167,rupganj,narayanganj,dhaka,37,33,25,116,,56,10,,,hot,bodyfound,9
5548,9,38,wednesday,0,morning,6 - 11:59,,22.8333,89.5833,rupsha,khulna,khulna,36,33,28,116,,62,10,,,rainy,bodyfound,9
5549,11,48,saturday,1,morning,6 - 11:59,,22.8333,89.5833,rupsha,khulna,khulna,30,27,21,113,,62,10,,,winter,bodyfound,9
5550,2,6,sunday,0,morning,6 - 11:59,,22.8333,89.5833,rupsha,khulna,khulna,32,27,20,113,,37,10,,,winter,bodyfound,9
5551,11,46,tuesday,0,morning,6 - 11:59,,22.8333,89.5833,rupsha,khulna,khulna,31,27,22,113,,55,10,,,winter,bodyfound,9
5552,11,48,saturday,1,morning,6 - 11:59,,22.8333,89.5833,rupsha,khulna,khulna,30,27,21,113,,62,10,,,winter,bodyfound,9
5553,10,42,saturday,1,night,20 - 5:59,,23.4764,90.0333,sadarpur,faridpur,dhaka,34,31,26,113,,65,10,,,rainy,bodyfound,9
5554,10,42,saturday,1,night,20 - 5:59,,23.4764,90.0333,sadarpur,faridpur,dhaka,34,31,26,113,,65,10,,,rainy,bodyfound,9
5555,10,42,saturday,1,night,20 - 5:59,,23.4764,90.0333,sadarpur,faridpur,dhaka,34,31,26,113,,65,10,,,rainy,bodyfound,9
5556,10,42,friday,1,morning,6 - 11:59,,25.3833,89.4667,sadullapur,gaibandha,rangpur,32,28,24,113,,71,10,,,rainy,bodyfound,9
5557,1,2,saturday,1,morning,6 - 11:59,,25.3833,89.4667,sadullapur,gaibandha,rangpur,26,22,16,113,,46,10,,,winter,bodyfound,9
5558,1,2,saturday,1,morning,6 - 11:59,,25.3833,89.4667,sadullapur,gaibandha,rangpur,26,22,16,113,,46,10,,,winter,bodyfound,9
5559,8,32,tuesday,0,morning,6 - 11:59,,25.3833,89.4667,sadullapur,gaibandha,rangpur,34,30,27,386,,79,10,,,rainy,bodyfound,9
5560,1,2,saturday,1,morning,6 - 11:59,,25.3833,89.4667,sadullapur,gaibandha,rangpur,26,22,16,113,,46,10,,,winter,bodyfound,9
5561,1,2,saturday,1,morning,6 - 11:59,,25.3833,89.4667,sadullapur,gaibandha,rangpur,26,22,16,113,,46,10,,,winter,bodyfound,9
5562,8,35,wednesday,0,morning,6 - 11:59,,25.1056,89.5861,saghata,gaibandha,rangpur,33,31,27,356,,77,9,,,rainy,bodyfound,9
5563,5,19,sunday,0,morning,6 - 11:59,,24.31667,90.16806,sakhipur,tangail,dhaka,37,34,28,386,,53,10,,,hot,bodyfound,9
5564,5,19,wednesday,0,morning,6 - 11:59,,24.31667,90.16806,sakhipur,tangail,dhaka,43,36,27,116,,57,10,,,hot,bodyfound,9
5565,7,30,monday,0,morning,6 - 11:59,,23.410295,89.80207,saltha,faridpur,dhaka,33,31,27,386,,78,9,,,rainy,bodyfound,9
5566,9,37,monday,0,morning,6 - 11:59,,23.410295,89.80207,saltha,faridpur,dhaka,34,31,27,176,,74,10,,,rainy,bodyfound,9
5567,9,38,tuesday,0,morning,6 - 11:59,,23.410295,89.80207,saltha,faridpur,dhaka,38,34,30,113,,57,10,,,rainy,bodyfound,9
5568,9,39,wednesday,0,morning,6 - 11:59,,24.0583,89.5333,santhia,pabna,rajshahi,33,31,27,359,,71,9,,,rainy,bodyfound,9
5569,7,27,sunday,0,morning,6 - 11:59,,24.0583,89.5333,santhia,pabna,rajshahi,34,31,28,356,,74,10,,,rainy,bodyfound,9
5570,3,12,friday,1,noon,12 - 15:59,,24.0583,89.5333,santhia,pabna,rajshahi,35,31,24,113,,52,10,,,hot,bodyfound,9
5571,3,12,wednesday,0,evening,18 - 19:59,,24.0583,89.5333,santhia,pabna,rajshahi,37,33,27,113,,22,10,,,hot,bodyfound,9
5572,3,12,sunday,0,morning,6 - 11:59,,24.0583,89.5333,santhia,pabna,rajshahi,38,33,25,113,,36,10,,,hot,bodyfound,9
5573,6,24,wednesday,0,morning,6 - 11:59,,25.125,88.58167,sapahar,naogaon,rajshahi,35,33,28,386,,73,9,,,rainy,bodyfound,9
5574,3,11,monday,0,night,20 - 5:59,,24.09247,91.11978,sarail,brahmanbaria,chattogram,36,30,22,113,,40,10,,,hot,bodyfound,9
5575,11,47,wednesday,0,afternoon,16 - 17:59,,22.2917,89.7917,sarankhola,bagerhat,khulna,27,24,19,353,,76,7,,,winter,bodyfound,9
5576,9,36,monday,0,morning,6 - 11:59,,24.7417,89.8333,sarishabari,jamalpur,mymensingh,36,33,28,356,,68,9,,,rainy,bodyfound,9
5577,5,18,saturday,1,morning,6 - 11:59,,24.7417,89.8333,sarishabari,jamalpur,mymensingh,36,32,24,386,,67,10,,,hot,bodyfound,9
5578,11,48,monday,0,morning,6 - 11:59,,24.7417,89.8333,sarishabari,jamalpur,mymensingh,30,27,21,113,,66,10,,,winter,bodyfound,9
5579,1,1,sunday,0,noon,12 - 15:59,,22.7167,89.075,satkhira sadar,satkhira,khulna,27,21,15,113,,41,10,,,winter,bodyfound,9
5580,7,30,wednesday,0,morning,6 - 11:59,,22.7167,89.075,satkhira sadar,satkhira,khulna,34,32,28,353,,72,10,,,rainy,bodyfound,9
5581,11,46,wednesday,0,morning,6 - 11:59,,22.7167,89.075,satkhira sadar,satkhira,khulna,31,26,21,113,,50,10,,,winter,bodyfound,9
5582,1,3,monday,0,morning,6 - 11:59,,22.7167,89.075,satkhira sadar,satkhira,khulna,26,20,15,113,,34,10,,,winter,bodyfound,9
5583,6,24,wednesday,0,afternoon,16 - 17:59,,23.961012,89.998051,saturia,manikganj,dhaka,37,35,30,353,,63,10,,,rainy,bodyfound,9
5584,6,24,wednesday,0,afternoon,16 - 17:59,,23.961012,89.998051,saturia,manikganj,dhaka,37,35,30,353,,63,10,,,rainy,bodyfound,9
5585,7,30,saturday,1,morning,6 - 11:59,,24.17,89.58833,shahjadpur,sirajganj,rajshahi,32,30,27,359,,83,6,,,rainy,bodyfound,9
5586,2,8,tuesday,0,morning,6 - 11:59,,24.17,89.58833,shahjadpur,sirajganj,rajshahi,32,27,20,113,,38,10,,,winter,bodyfound,9
5587,12,49,friday,1,evening,18 - 19:59,,23.2222,90.95,shahrasti,chandpur,chattogram,28,26,25,176,,62,10,,,winter,bodyfound,9
5588,1,4,thursday,0,morning,6 - 11:59,,23.2222,90.95,shahrasti,chandpur,chattogram,32,27,20,113,,50,10,,,winter,bodyfound,9
5589,7,27,tuesday,0,morning,6 - 11:59,,23.6917,89.25,shailkupa,jhenaidah,khulna,33,30,27,296,,81,8,,,rainy,bodyfound,9
5590,3,10,saturday,1,afternoon,16 - 17:59,,24.762147,89.382832,shajahanpur,bogura,rajshahi,36,31,23,113,,29,10,,,hot,bodyfound,9
5591,7,29,wednesday,0,morning,6 - 11:59,,24.762147,89.382832,shajahanpur,bogura,rajshahi,35,32,28,200,,70,10,,,rainy,bodyfound,9
5592,8,31,saturday,1,morning,6 - 11:59,,24.8833,89.5667,shariakandi,bogura,rajshahi,32,30,26,356,,80,8,,,rainy,bodyfound,9
5593,7,28,sunday,0,noon,12 - 15:59,,24.8833,89.5667,shariakandi,bogura,rajshahi,35,33,28,116,,69,10,,,rainy,bodyfound,9
5594,9,37,saturday,1,morning,6 - 11:59,,23.0744,88.8667,sharsha,jashore,khulna,34,32,28,176,,72,10,,,rainy,bodyfound,9
5595,9,37,saturday,1,morning,6 - 11:59,,23.0744,88.8667,sharsha,jashore,khulna,34,32,28,176,,72,10,,,rainy,bodyfound,9
5596,6,23,thursday,0,night,20 - 5:59,,23.0744,88.8667,sharsha,jashore,khulna,38,36,30,116,,54,10,,,rainy,bodyfound,9
5597,12,49,thursday,0,morning,6 - 11:59,,24.66667,89.41667,sherpur,bogura,rajshahi,33,27,20,113,,53,10,,,winter,bodyfound,9
5598,6,23,wednesday,0,morning,6 - 11:59,,24.66667,89.41667,sherpur,bogura,rajshahi,37,34,29,386,,65,9,,,rainy,bodyfound,9
5599,1,4,friday,1,noon,12 - 15:59,,25,90.0167,sherpur sadar,sherpur,mymensingh,28,23,16,113,,53,10,,,winter,bodyfound,9
5600,7,29,monday,0,evening,18 - 19:59,,23.85,90.01,shibaloy,manikganj,dhaka,32,30,27,356,,81,9,,,rainy,bodyfound,9
5601,5,18,monday,0,morning,6 - 11:59,,23.85,90.01,shibaloy,manikganj,dhaka,36,33,28,386,,64,9,,,hot,bodyfound,9
5602,6,26,sunday,0,morning,6 - 11:59,,23.35,90.1667,shibchar,madaripur,dhaka,33,31,28,386,,79,9,,,rainy,bodyfound,9
5603,10,43,wednesday,0,night,20 - 5:59,,23.35,90.1667,shibchar,madaripur,dhaka,27,25,22,263,,85,9,,,rainy,bodyfound,9
5604,2,9,wednesday,0,noon,12 - 15:59,,25.0167,89.3167,shibganj,bogura,rajshahi,31,26,19,113,,38,10,,,winter,bodyfound,9
5605,7,27,wednesday,0,morning,6 - 11:59,,25.0167,89.3167,shibganj,chapainawabganj,rajshahi,34,31,27,356,,73,9,,,rainy,bodyfound,9
5606,12,50,sunday,0,night,20 - 5:59,,25.0167,89.3167,shibganj,chapainawabganj,rajshahi,29,24,20,119,,42,10,,,winter,bodyfound,9
5607,12,52,wednesday,0,night,20 - 5:59,,25.0167,89.3167,shibganj,chapainawabganj,rajshahi,26,21,15,113,,55,10,,,winter,bodyfound,9
5608,3,14,tuesday,0,afternoon,16 - 17:59,,25.0167,89.3167,shibganj,chapainawabganj,rajshahi,33,30,26,356,,57,9,,,hot,bodyfound,9
5609,4,14,wednesday,0,night,20 - 5:59,,25.0167,89.3167,shibganj,chapainawabganj,rajshahi,35,31,26,176,,48,10,,,hot,bodyfound,9
5610,7,27,wednesday,0,morning,6 - 11:59,,25.0167,89.3167,shibganj,chapainawabganj,rajshahi,34,31,27,356,,73,9,,,rainy,bodyfound,9
5611,9,36,friday,1,morning,6 - 11:59,,25.0167,89.3167,shibganj,chapainawabganj,rajshahi,35,32,28,356,,67,9,,,rainy,bodyfound,9
5612,7,29,wednesday,0,morning,6 - 11:59,,25.0167,89.3167,shibganj,chapainawabganj,rajshahi,32,30,27,305,,83,8,,,rainy,bodyfound,9
5613,6,23,tuesday,0,night,20 - 5:59,,25.0167,89.3167,shibganj,bogura,rajshahi,36,34,30,356,,63,9,,,rainy,bodyfound,9
5614,8,33,friday,1,morning,6 - 11:59,,25.0167,89.3167,shibganj,chapainawabganj,rajshahi,35,32,27,353,,73,10,,,rainy,bodyfound,9
5615,1,2,saturday,1,morning,6 - 11:59,,24.020189,90.74723,shibpur,narsingdi,dhaka,29,24,18,113,,42,10,,,winter,bodyfound,9
5616,1,2,saturday,1,morning,6 - 11:59,,24.020189,90.74723,shibpur,narsingdi,dhaka,29,24,18,113,,42,10,,,winter,bodyfound,9
5617,1,2,saturday,1,morning,6 - 11:59,,24.020189,90.74723,shibpur,narsingdi,dhaka,29,24,18,113,,42,10,,,winter,bodyfound,9
5618,8,35,wednesday,0,morning,6 - 11:59,,24.020189,90.74723,shibpur,narsingdi,dhaka,33,31,28,353,,75,10,,,rainy,bodyfound,9
5619,1,2,saturday,1,morning,6 - 11:59,,24.020189,90.74723,shibpur,narsingdi,dhaka,29,24,18,113,,42,10,,,winter,bodyfound,9
5620,9,39,saturday,1,morning,6 - 11:59,,23.8167,90.15,singiar,manikganj,dhaka,34,31,26,119,,67,10,,,rainy,bodyfound,9
5621,5,20,thursday,0,morning,6 - 11:59,,23.8167,90.15,singiar,manikganj,dhaka,32,30,25,356,,72,8,,,hot,bodyfound,9
5622,9,39,thursday,0,morning,6 - 11:59,,23.8167,90.15,singiar,manikganj,dhaka,30,27,24,266,,83,9,,,rainy,bodyfound,9
5623,12,49,monday,0,afternoon,16 - 17:59,,23.8167,90.15,singiar,manikganj,dhaka,31,27,23,113,,50,10,,,winter,bodyfound,9
5624,5,20,monday,0,morning,6 - 11:59,,24.5,89.13333,singra,natore,rajshahi,36,34,28,386,,61,10,,,hot,bodyfound,9
5625,5,21,sunday,0,morning,6 - 11:59,,24.5,89.13333,singra,natore,rajshahi,38,34,30,119,,49,10,,,hot,bodyfound,9
5626,1,4,wednesday,0,morning,6 - 11:59,,23.5667,90.3833,sirajdikhan,munshiganj,dhaka,27,22,15,113,,43,10,,,winter,bodyfound,9
5627,3,11,monday,0,night,20 - 5:59,,23.5667,90.3833,sirajdikhan,munshiganj,dhaka,34,30,23,113,,28,10,,,hot,bodyfound,9
5628,4,14,tuesday,0,noon,12 - 15:59,,24.4583,89.7,sirajganj sadar,sirajganj,rajshahi,36,32,26,386,,70,10,,,hot,bodyfound,9
5629,2,7,friday,1,morning,6 - 11:59,,24.4583,89.7,sirajganj sadar,sirajganj,rajshahi,29,24,17,113,,29,10,,,winter,bodyfound,9
5630,10,40,thursday,0,morning,6 - 11:59,,24.4583,89.7,sirajganj sadar,sirajganj,rajshahi,33,30,27,356,,76,10,,,rainy,bodyfound,9
5631,8,34,friday,1,morning,6 - 11:59,,23.03833,91.10833,sonaimori,noakhali,chattogram,32,30,28,386,,80,9,,,rainy,bodyfound,9
5632,5,20,thursday,0,morning,6 - 11:59,,23.03833,91.10833,sonaimori,noakhali,chattogram,35,32,29,200,,71,10,,,hot,bodyfound,9
5633,4,13,saturday,1,noon,12 - 15:59,,23.6583,90.6083,sonargaon,narayanganj,dhaka,35,31,26,200,,71,10,,,hot,bodyfound,9
5634,3,13,friday,1,night,20 - 5:59,,23.6583,90.6083,sonargaon,narayanganj,dhaka,35,30,24,119,,70,10,,,hot,bodyfound,9
5635,1,4,thursday,0,morning,6 - 11:59,,23.6583,90.6083,sonargaon,narayanganj,dhaka,27,24,19,113,,44,10,,,winter,bodyfound,9
5636,10,40,saturday,1,night,20 - 5:59,,23.6583,90.6083,sonargaon,narayanganj,dhaka,34,31,27,176,,75,10,,,rainy,bodyfound,9
5637,2,7,saturday,1,afternoon,16 - 17:59,,25.15,89.90056,sreebordi,sherpur,mymensingh,30,24,17,113,,38,10,,,winter,bodyfound,9
5638,6,25,friday,1,morning,6 - 11:59,,24.3083,91.7333,sreemangal,moulvibazar,sylhet,28,27,25,356,,94,7,,,rainy,bodyfound,9
5639,6,25,friday,1,morning,6 - 11:59,,24.3083,91.7333,sreemangal,moulvibazar,sylhet,28,27,25,356,,94,7,,,rainy,bodyfound,9
5640,1,4,wednesday,0,morning,6 - 11:59,,23.5361,90.2917,sreenagar,munshiganj,dhaka,27,22,15,113,,43,10,,,winter,bodyfound,9
5641,8,33,tuesday,0,night,20 - 5:59,,24.2,90.4667,sreepur,gazipur,dhaka,36,33,29,116,,69,10,,,rainy,bodyfound,9
5642,4,15,wednesday,0,evening,18 - 19:59,,24.2,90.4667,sreepur,gazipur,dhaka,35,32,27,386,,72,9,,,hot,bodyfound,9
5643,6,26,wednesday,0,night,20 - 5:59,,24.2,90.4667,sreepur,gazipur,dhaka,35,33,28,353,,75,10,,,rainy,bodyfound,9
5644,12,50,wednesday,0,morning,6 - 11:59,,24.2,90.4667,sreepur,gazipur,dhaka,31,27,22,113,,69,10,,,winter,bodyfound,9
5645,6,26,wednesday,0,night,20 - 5:59,,24.2,90.4667,sreepur,gazipur,dhaka,37,33,28,176,,66,10,,,rainy,bodyfound,9
5646,10,40,saturday,1,night,20 - 5:59,,24.2,90.4667,sreepur,gazipur,dhaka,34,32,28,356,,73,9,,,rainy,bodyfound,9
5647,1,2,monday,0,night,20 - 5:59,,24.2,90.4667,sreepur,gazipur,dhaka,23,20,17,116,,67,10,,,winter,bodyfound,9
5648,6,25,thursday,0,morning,6 - 11:59,,24.2,90.4667,sreepur,gazipur,dhaka,37,34,30,116,,63,10,,,rainy,bodyfound,9
5649,6,26,saturday,1,night,20 - 5:59,,24.2,90.4667,sreepur,gazipur,dhaka,31,29,26,359,,89,9,,,rainy,bodyfound,9
5650,4,16,thursday,0,morning,6 - 11:59,,22.6833,91.11,subarnachar,noakhali,chattogram,32,31,29,353,,72,10,,,hot,bodyfound,9
5651,3,9,friday,1,night,20 - 5:59,,22.6833,91.11,subarnachar,noakhali,chattogram,32,28,22,113,,71,10,,,hot,bodyfound,9
5652,7,28,thursday,0,night,20 - 5:59,,23.9167,89.4333,sujanagar,pabna,rajshahi,30,28,26,308,,91,6,,,rainy,bodyfound,9
5653,8,33,wednesday,0,morning,6 - 11:59,,23.9167,89.4333,sujanagar,pabna,rajshahi,33,31,28,356,,75,9,,,rainy,bodyfound,9
5654,5,21,sunday,0,night,20 - 5:59,,25.06667,91.4,sunamganj sadar,sunamganj,sylhet,37,32,25,386,,75,8,,,hot,bodyfound,9
5655,11,48,monday,0,morning,6 - 11:59,,25.56436,89.51909,sundarganj,gaibandha,rangpur,30,26,21,113,,68,10,,,winter,bodyfound,9
5656,6,26,friday,1,afternoon,16 - 17:59,,24.888242,91.868519,sylhet sadar,sylhet,sylhet,34,30,26,356,,80,9,,,rainy,bodyfound,9
5657,4,17,sunday,0,afternoon,16 - 17:59,,24.888242,91.868519,sylhet sadar,sylhet,sylhet,33,27,22,356,,74,9,,,hot,bodyfound,9
5658,12,48,friday,1,afternoon,16 - 17:59,,24.888242,91.868519,sylhet sadar,sylhet,sylhet,34,27,20,113,,65,10,,,winter,bodyfound,9
5659,1,5,wednesday,0,morning,6 - 11:59,,24.888242,91.868519,sylhet sadar,sylhet,sylhet,29,23,16,113,,60,10,,,winter,bodyfound,9
5660,9,36,tuesday,0,morning,6 - 11:59,,24.888242,91.868519,sylhet sadar,sylhet,sylhet,35,32,26,353,,75,10,,,rainy,bodyfound,9
5661,11,47,monday,0,morning,6 - 11:59,,24.888242,91.868519,sylhet sadar,sylhet,sylhet,31,26,18,113,,65,10,,,winter,bodyfound,9
5662,4,17,tuesday,0,evening,18 - 19:59,,24.888242,91.868519,sylhet sadar,sylhet,sylhet,36,31,24,353,,77,10,,,hot,bodyfound,9
5663,5,20,sunday,0,morning,6 - 11:59,,24.888242,91.868519,sylhet sadar,sylhet,sylhet,36,32,26,356,,69,9,,,hot,bodyfound,9
5664,5,18,friday,1,night,20 - 5:59,,24.888242,91.868519,sylhet sadar,sylhet,sylhet,33,30,23,356,,74,9,,,hot,bodyfound,9
5665,9,36,tuesday,0,morning,6 - 11:59,,24.888242,91.868519,sylhet sadar,sylhet,sylhet,35,32,26,353,,75,10,,,rainy,bodyfound,9
5666,10,43,monday,0,afternoon,16 - 17:59,,24.888242,91.868519,sylhet sadar,sylhet,sylhet,36,30,22,113,,65,10,,,rainy,bodyfound,9
5667,6,24,thursday,0,morning,6 - 11:59,,24.888242,91.868519,sylhet sadar,sylhet,sylhet,35,33,28,386,,73,9,,,rainy,bodyfound,9
5668,2,8,saturday,1,morning,6 - 11:59,,24.888242,91.868519,sylhet sadar,sylhet,sylhet,32,26,17,113,,42,10,,,winter,bodyfound,9
5669,10,42,tuesday,0,afternoon,16 - 17:59,,24.888242,91.868519,sylhet sadar,sylhet,sylhet,33,29,23,113,,67,10,,,rainy,bodyfound,9
5670,2,8,sunday,0,noon,12 - 15:59,,24.888242,91.868519,sylhet sadar,sylhet,sylhet,35,29,21,113,,44,10,,,winter,bodyfound,9
5671,4,16,sunday,0,afternoon,16 - 17:59,,24.888242,91.868519,sylhet sadar,sylhet,sylhet,37,32,24,113,,39,10,,,hot,bodyfound,9
5672,2,6,friday,1,morning,6 - 11:59,,22.75,89.25,tala,satkhira,khulna,30,26,20,116,,44,10,,,winter,bodyfound,9
5673,1,4,tuesday,0,night,20 - 5:59,,22.75,89.25,tala,satkhira,khulna,26,20,14,113,,48,10,,,winter,bodyfound,9
5674,2,6,friday,1,morning,6 - 11:59,,22.75,89.25,tala,satkhira,khulna,30,26,20,116,,44,10,,,winter,bodyfound,9
5675,5,20,tuesday,0,noon,12 - 15:59,,24.25,89.9167,tangail sadar,tangail,dhaka,33,31,28,356,,73,9,,,hot,bodyfound,9
5676,10,41,sunday,0,morning,6 - 11:59,,24.25,89.9167,tangail sadar,tangail,dhaka,34,30,25,113,,72,10,,,rainy,bodyfound,9
5677,7,27,wednesday,0,noon,12 - 15:59,,24.25,89.9167,tangail sadar,tangail,dhaka,33,31,27,356,,81,10,,,rainy,bodyfound,9
5678,9,40,monday,0,morning,6 - 11:59,,24.25,89.9167,tangail sadar,tangail,dhaka,33,31,26,113,,65,10,,,rainy,bodyfound,9
5679,7,30,wednesday,0,noon,12 - 15:59,,24.25,89.9167,tangail sadar,tangail,dhaka,33,30,26,359,,80,8,,,rainy,bodyfound,9
5680,3,9,friday,1,morning,6 - 11:59,,24.25,89.9167,tangail sadar,tangail,dhaka,35,29,21,113,,40,10,,,hot,bodyfound,9
5681,11,47,wednesday,0,night,20 - 5:59,,24.25,89.9167,tangail sadar,tangail,dhaka,31,27,21,113,,60,10,,,winter,bodyfound,9
5682,5,18,saturday,1,night,20 - 5:59,,24.25,89.9167,tangail sadar,tangail,dhaka,35,32,26,386,,71,9,,,hot,bodyfound,9
5683,11,47,thursday,0,night,20 - 5:59,,24.6028,88.5806,tanore,rajshahi,rajshahi,32,28,22,113,,55,10,,,winter,bodyfound,9
5684,1,2,thursday,0,night,20 - 5:59,,24.6028,88.5806,tanore,rajshahi,rajshahi,27,23,17,113,,49,10,,,winter,bodyfound,9
5685,11,46,wednesday,0,morning,6 - 11:59,,25.8111,89.0167,taragonj,rangpur,rangpur,33,27,20,113,,53,10,,,winter,bodyfound,9
5686,10,42,thursday,0,morning,6 - 11:59,,24.5375,90.875,tarail,kishoreganj,dhaka,33,29,24,356,,82,9,,,rainy,bodyfound,9
5687,5,20,wednesday,0,morning,6 - 11:59,,20.8667,92.3,teknaf,coxsbazar,chattogram,32,30,27,176,,75,9,,,hot,bodyfound,9
5688,5,20,thursday,0,morning,6 - 11:59,,20.8667,92.3,teknaf,coxsbazar,chattogram,29,28,27,356,,80,9,,,hot,bodyfound,9
5689,6,24,sunday,0,morning,6 - 11:59,,20.8667,92.3,teknaf,coxsbazar,chattogram,30,29,27,116,,84,10,,,rainy,bodyfound,9
5690,10,43,tuesday,0,night,20 - 5:59,,20.8667,92.3,teknaf,coxsbazar,chattogram,30,27,24,113,,76,10,,,rainy,bodyfound,9
5691,10,40,wednesday,0,noon,12 - 15:59,,20.8667,92.3,teknaf,coxsbazar,chattogram,32,30,26,113,,77,10,,,rainy,bodyfound,9
5692,4,17,tuesday,0,morning,6 - 11:59,,26.48274,88.35069,tetulia,panchagarh,rangpur,35,31,19,386,,62,9,,,hot,bodyfound,9
5693,8,31,sunday,0,morning,6 - 11:59,,26.0208,88.4667,thakurgaon sadar,thakurgaon,rangpur,34,31,26,386,,77,10,,,rainy,bodyfound,9
5694,2,8,friday,1,morning,6 - 11:59,,26.0208,88.4667,thakurgaon sadar,thakurgaon,rangpur,32,27,20,113,,30,10,,,winter,bodyfound,9
5695,10,44,wednesday,0,morning,6 - 11:59,,26.0208,88.4667,thakurgaon sadar,thakurgaon,rangpur,31,28,22,113,,62,10,,,rainy,bodyfound,9
5696,10,39,sunday,0,morning,6 - 11:59,,26.0208,88.4667,thakurgaon sadar,thakurgaon,rangpur,36,32,27,119,,73,10,,,rainy,bodyfound,9
5697,10,43,thursday,0,morning,6 - 11:59,,26.0208,88.4667,thakurgaon sadar,thakurgaon,rangpur,30,26,21,113,,75,10,,,rainy,bodyfound,9
5698,8,35,monday,0,morning,6 - 11:59,,26.0208,88.4667,thakurgaon sadar,thakurgaon,rangpur,35,32,27,386,,70,10,,,rainy,bodyfound,9
5699,10,41,tuesday,0,morning,6 - 11:59,,26.0208,88.4667,thakurgaon sadar,thakurgaon,rangpur,36,31,26,113,,55,10,,,rainy,bodyfound,9
5700,5,19,saturday,1,morning,6 - 11:59,,26.0208,88.4667,thakurgaon sadar,thakurgaon,rangpur,41,37,30,113,,35,10,,,hot,bodyfound,9
5701,6,26,wednesday,0,noon,12 - 15:59,,26.0208,88.4667,thakurgaon sadar,thakurgaon,rangpur,35,32,28,359,,75,9,,,rainy,bodyfound,9
5702,10,44,monday,0,morning,6 - 11:59,,26.0208,88.4667,thakurgaon sadar,thakurgaon,rangpur,34,28,21,113,,61,10,,,rainy,bodyfound,9
5703,8,33,tuesday,0,noon,12 - 15:59,,26.0208,88.4667,thakurgaon sadar,thakurgaon,rangpur,34,32,28,356,,78,9,,,rainy,bodyfound,9
5704,8,33,tuesday,0,noon,12 - 15:59,,26.0208,88.4667,thakurgaon sadar,thakurgaon,rangpur,34,32,28,356,,78,9,,,rainy,bodyfound,9
5705,2,6,wednesday,0,morning,6 - 11:59,,23.5,90.4583,tongibari,munshiganj,dhaka,31,27,21,113,,57,10,,,winter,bodyfound,9
5706,4,15,thursday,0,afternoon,16 - 17:59,,24.575,90.39167,trishal,mymensingh,mymensingh,35,31,24,299,,55,10,,,hot,bodyfound,9
5707,2,6,monday,0,morning,6 - 11:59,,24.575,90.39167,trishal,mymensingh,mymensingh,33,28,20,113,,42,10,,,winter,bodyfound,9
5708,4,15,friday,1,afternoon,16 - 17:59,,24.575,90.39167,trishal,mymensingh,mymensingh,37,31,24,176,,54,10,,,hot,bodyfound,9
5709,7,27,tuesday,0,morning,6 - 11:59,,24.575,90.39167,trishal,mymensingh,mymensingh,29,28,27,359,,89,5,,,rainy,bodyfound,9
5710,2,6,friday,1,morning,6 - 11:59,,24.3194,89.5667,ullapara,sirajganj,rajshahi,32,27,19,113,,31,10,,,winter,bodyfound,9
5711,7,30,monday,0,morning,6 - 11:59,,24.3194,89.5667,ullapara,sirajganj,rajshahi,30,28,26,389,,89,8,,,rainy,bodyfound,9
5712,12,51,monday,0,noon,12 - 15:59,,24.3194,89.5667,ullapara,sirajganj,rajshahi,27,24,20,116,,59,10,,,winter,bodyfound,9
5713,8,34,tuesday,0,night,20 - 5:59,,22.8111,90.2444,wazirpur,barisal,barisal,30,29,28,353,,79,9,,,rainy,bodyfound,9
5714,2,6,friday,1,morning,6 - 11:59,,22.8111,90.2444,wazirpur,barisal,barisal,31,27,20,113,,44,10,,,winter,bodyfound,9
5715,5,20,wednesday,0,night,20 - 5:59,,25.925,89.35,aditmari,lalmonirhat,rangpur,33,30,24,356,,75,9,,,hot,kidnap,8
5716,6,24,monday,0,morning,6 - 11:59,,25.925,89.35,aditmari,lalmonirhat,rangpur,36,34,30,176,,62,9,,,rainy,kidnap,8
5717,2,7,monday,0,morning,6 - 11:59,,24.5472,91.25,ajmiriganj,habiganj,sylhet,30,25,19,113,,45,10,,,winter,kidnap,8
5718,10,40,saturday,1,night,20 - 5:59,,24.975,89.02,akkelpur,joypurhat,rajshahi,33,30,26,353,,76,10,,,rainy,kidnap,8
5719,3,11,tuesday,0,evening,18 - 19:59,,24.975,89.02,akkelpur,joypurhat,rajshahi,23,22,21,113,,33,10,,,hot,kidnap,8
5720,10,41,wednesday,0,night,20 - 5:59,,23.7583,88.95,alamdanga,chuadanga,khulna,33,31,27,356,,74,8,,,rainy,kidnap,8
5721,10,40,saturday,1,evening,18 - 19:59,,23.7583,88.95,alamdanga,chuadanga,khulna,35,32,28,353,,67,10,,,rainy,kidnap,8
5722,10,40,saturday,1,evening,18 - 19:59,,23.7583,88.95,alamdanga,chuadanga,khulna,35,32,28,353,,67,10,,,rainy,kidnap,8
5723,10,41,tuesday,0,night,20 - 5:59,,23.7583,88.95,alamdanga,chuadanga,khulna,35,32,28,353,,64,10,,,rainy,kidnap,8
5724,10,40,sunday,0,morning,6 - 11:59,,21.6667,92.3056,alikadam,bandarban,chattogram,32,30,27,176,,77,9,,,rainy,kidnap,8
5725,1,3,saturday,1,morning,6 - 11:59,,21.6667,92.3056,alikadam,bandarban,chattogram,26,24,20,176,,74,9,,,winter,kidnap,8
5726,12,53,wednesday,0,evening,18 - 19:59,,21.6667,92.3056,alikadam,bandarban,chattogram,25,22,16,116,,66,10,,,winter,kidnap,8
5727,2,6,thursday,0,evening,18 - 19:59,,22.1294,90.2289,amtali,barguna,barisal,31,27,22,116,,50,10,,,winter,kidnap,8
5728,4,16,wednesday,0,night,20 - 5:59,,22.1294,90.2289,amtali,barguna,barisal,31,30,27,353,,75,10,,,hot,kidnap,8
5729,7,28,friday,1,night,20 - 5:59,,23.7917,90.65,araihazar,narayanganj,dhaka,34,31,26,353,,78,10,,,rainy,kidnap,8
5730,11,48,thursday,0,evening,18 - 19:59,,23.7917,90.65,araihazar,narayanganj,dhaka,31,27,23,113,,62,10,,,winter,kidnap,8
5731,11,45,friday,1,evening,18 - 19:59,,23.7917,90.65,araihazar,narayanganj,dhaka,32,28,22,116,,68,10,,,winter,kidnap,8
5732,9,35,saturday,1,night,20 - 5:59,,24.0366,91.005,ashuganj,brahmanbaria,chattogram,33,30,26,356,,81,9,,,rainy,kidnap,8
5733,5,18,friday,1,morning,6 - 11:59,,22.8319,90.3222,babuganj,barisal,barisal,33,31,28,356,,75,9,,,hot,kidnap,8
5734,12,50,wednesday,0,morning,6 - 11:59,,22.63996,92.191949,baghaichari,rangamati,chattogram,28,24,16,143,,77,8,,,winter,kidnap,8
5735,10,41,sunday,0,morning,6 - 11:59,,24.5639,88.8083,bagmara,rajshahi,rajshahi,31,28,22,116,,76,8,,,rainy,kidnap,8
5736,10,41,sunday,0,morning,6 - 11:59,,24.5639,88.8083,bagmara,rajshahi,rajshahi,31,28,22,116,,76,8,,,rainy,kidnap,8
5737,1,1,friday,1,evening,18 - 19:59,,23.6167,90.525,bandar,narayanganj,dhaka,27,24,19,113,,46,10,,,winter,kidnap,8
5738,11,48,monday,0,evening,18 - 19:59,,24.3083,89.1708,baraigram,natore,rajshahi,31,27,22,113,,47,10,,,winter,kidnap,8
5739,11,48,monday,0,evening,18 - 19:59,,24.3083,89.1708,baraigram,natore,rajshahi,31,27,22,113,,47,10,,,winter,kidnap,8
5740,12,48,sunday,0,morning,6 - 11:59,,24.2167,90.05,basail,tangail,dhaka,28,25,20,113,,57,10,,,winter,kidnap,8
5741,12,49,thursday,0,morning,6 - 11:59,,24.2167,90.05,basail,tangail,dhaka,30,25,19,116,,57,10,,,winter,kidnap,8
5742,10,41,wednesday,0,night,20 - 5:59,,22.95,91.1,begumganj,noakhali,chattogram,29,28,27,263,,81,9,,,rainy,kidnap,8
5743,10,40,saturday,1,evening,18 - 19:59,,22.95,91.1,begumganj,noakhali,chattogram,33,31,28,359,,74,8,,,rainy,kidnap,8
5744,10,40,saturday,1,morning,6 - 11:59,,22.4667,92.375,belaichari,rangamati,chattogram,34,30,24,386,,84,7,,,rainy,kidnap,8
5745,10,40,saturday,1,morning,6 - 11:59,,22.4667,92.375,belaichari,rangamati,chattogram,34,30,24,386,,84,7,,,rainy,kidnap,8
5746,10,40,saturday,1,morning,6 - 11:59,,22.4667,92.375,belaichari,rangamati,chattogram,34,30,24,386,,84,7,,,rainy,kidnap,8
5747,5,22,thursday,0,night,20 - 5:59,,24.05,90.98333,bhairab,kishoreganj,dhaka,37,34,28,356,,65,9,,,hot,kidnap,8
5748,5,22,thursday,0,night,20 - 5:59,,24.05,90.98333,bhairab,kishoreganj,dhaka,37,34,28,356,,65,9,,,hot,kidnap,8
5749,3,12,thursday,0,morning,6 - 11:59,,24.375,90.37833,bhaluka,mymensingh,mymensingh,37,30,22,113,,37,10,,,hot,kidnap,8
5750,4,16,thursday,0,morning,6 - 11:59,,24.375,90.37833,bhaluka,mymensingh,mymensingh,38,34,27,116,,40,10,,,hot,kidnap,8
5751,1,4,tuesday,0,morning,6 - 11:59,,24.375,90.37833,bhaluka,mymensingh,mymensingh,28,24,16,113,,44,10,,,winter,kidnap,8
5752,12,51,saturday,1,evening,18 - 19:59,,24.375,90.37833,bhaluka,mymensingh,mymensingh,26,20,14,113,,63,10,,,winter,kidnap,8
5753,1,4,saturday,1,night,20 - 5:59,,24.375,90.37833,bhaluka,mymensingh,mymensingh,29,25,19,113,,46,10,,,winter,kidnap,8
5754,10,41,monday,0,night,20 - 5:59,,22.4889,90.0733,bhandaria,pirojpur,barisal,35,31,26,113,,63,10,,,rainy,kidnap,8
5755,1,3,thursday,0,evening,18 - 19:59,,23.2083,90.4417,bhedarganj,shariatpur,dhaka,31,26,19,113,,48,10,,,winter,kidnap,8
5756,11,47,friday,1,morning,6 - 11:59,,24.4583,89.8667,bhuapur,tangail,dhaka,29,25,19,113,,46,10,,,winter,kidnap,8
5757,5,21,wednesday,0,night,20 - 5:59,,26.125,89.6833,bhurungamari,kurigram,rangpur,38,34,27,116,,61,10,,,hot,kidnap,8
5758,6,26,saturday,1,morning,6 - 11:59,,25.3783,88.9833,birampur,dinajpur,rangpur,35,33,27,356,,71,9,,,rainy,kidnap,8
5759,10,43,thursday,0,morning,6 - 11:59,,25.3783,88.9833,birampur,dinajpur,rangpur,32,29,24,176,,69,10,,,rainy,kidnap,8
5760,3,12,saturday,1,morning,6 - 11:59,,24.2833,88.775,charghat,rajshahi,rajshahi,37,34,27,116,,44,10,,,hot,kidnap,8
5761,3,13,wednesday,0,morning,6 - 11:59,,24.225,89.2917,chatmohar,pabna,rajshahi,35,32,26,353,,59,9,,,hot,kidnap,8
5762,5,22,monday,0,morning,6 - 11:59,,24.225,89.2917,chatmohar,pabna,rajshahi,37,34,29,353,,60,10,,,hot,kidnap,8
5763,9,39,tuesday,0,night,20 - 5:59,,24.225,89.2917,chatmohar,pabna,rajshahi,30,28,26,359,,82,8,,,rainy,kidnap,8
5764,3,13,friday,1,evening,18 - 19:59,,25.0417,91.675,chhatak,sunamganj,sylhet,38,32,23,113,,44,10,,,hot,kidnap,8
5765,3,13,saturday,1,evening,18 - 19:59,,25.0417,91.675,chhatak,sunamganj,sylhet,37,30,22,386,,52,10,,,hot,kidnap,8
5766,9,36,saturday,1,night,20 - 5:59,,22.2833,90.5903,dashmina,patuakhali,barisal,32,30,27,116,,78,10,,,rainy,kidnap,8
5767,10,40,wednesday,0,evening,18 - 19:59,,24.0014,88.875,daulatpur,kushtia,khulna,31,29,24,176,,79,10,,,rainy,kidnap,8
5768,6,25,thursday,0,morning,6 - 11:59,,26.158752,88.718945,debiganj,panchagarh,rangpur,35,31,27,176,,70,10,,,rainy,kidnap,8
5769,8,31,monday,0,morning,6 - 11:59,,26.158752,88.718945,debiganj,panchagarh,rangpur,35,32,29,356,,74,9,,,rainy,kidnap,8
5770,4,15,saturday,1,morning,6 - 11:59,,24.1417,89.9667,delduar,tangail,dhaka,37,33,27,200,,54,10,,,hot,kidnap,8
5771,7,29,saturday,1,night,20 - 5:59,,25.1417,89.7833,dewangonj,jamalpur,mymensingh,34,31,28,356,,73,9,,,rainy,kidnap,8
5772,7,28,sunday,0,night,20 - 5:59,,25.6333,88.65,dinajpur sadar,dinajpur,rangpur,36,34,29,116,,68,10,,,rainy,kidnap,8
5773,7,27,saturday,1,morning,6 - 11:59,,24.9,91.0167,dharmapasha,sunamganj,sylhet,32,30,27,359,,86,5,,,rainy,kidnap,8
5774,11,47,sunday,0,night,20 - 5:59,,24.6833,89.5375,dhunot,bogura,rajshahi,34,29,23,113,,63,10,,,winter,kidnap,8
5775,3,13,friday,1,evening,18 - 19:59,,24.6833,89.5375,dhunot,bogura,rajshahi,35,31,27,356,,49,9,,,hot,kidnap,8
5776,3,13,saturday,1,evening,18 - 19:59,,24.6833,89.5375,dhunot,bogura,rajshahi,34,31,26,386,,53,10,,,hot,kidnap,8
5777,10,42,wednesday,0,night,20 - 5:59,,24.6833,89.5375,dhunot,bogura,rajshahi,34,31,25,113,,71,10,,,rainy,kidnap,8
5778,2,6,monday,0,night,20 - 5:59,,24.6833,89.5375,dhunot,bogura,rajshahi,30,24,18,113,,40,10,,,winter,kidnap,8
5779,12,50,monday,0,night,20 - 5:59,,24.6833,89.5375,dhunot,bogura,rajshahi,30,24,17,113,,34,10,,,winter,kidnap,8
5780,4,18,thursday,0,night,20 - 5:59,,24.6833,89.5375,dhunot,bogura,rajshahi,33,30,24,356,,69,9,,,hot,kidnap,8
5781,5,19,tuesday,0,night,20 - 5:59,,24.6833,89.5375,dhunot,bogura,rajshahi,39,35,29,113,,50,10,,,hot,kidnap,8
5782,5,19,wednesday,0,night,20 - 5:59,,24.6833,89.5375,dhunot,bogura,rajshahi,38,34,28,200,,51,10,,,hot,kidnap,8
5783,10,42,wednesday,0,morning,6 - 11:59,,26.1278,88.925,dimla,nilphamari,rangpur,35,30,23,113,,70,10,,,rainy,kidnap,8
5784,4,17,friday,1,night,20 - 5:59,,26.1278,88.925,dimla,nilphamari,rangpur,31,28,23,386,,80,9,,,hot,kidnap,8
5785,3,9,thursday,0,morning,6 - 11:59,,26.1,88.8361,domar,nilphamari,rangpur,37,32,23,113,,28,10,,,hot,kidnap,8
5786,8,35,friday,1,night,20 - 5:59,,26.1,88.8361,domar,nilphamari,rangpur,36,34,29,116,,63,10,,,rainy,kidnap,8
5787,5,21,thursday,0,morning,6 - 11:59,,24.875,89.45,gabtali,bogura,rajshahi,39,36,30,176,,50,10,,,hot,kidnap,8
5788,4,16,tuesday,0,morning,6 - 11:59,,24.4167,90.55,gafargaon,mymensingh,mymensingh,34,31,24,116,,54,10,,,hot,kidnap,8
5789,4,16,tuesday,0,morning,6 - 11:59,,24.4167,90.55,gafargaon,mymensingh,mymensingh,34,31,24,116,,54,10,,,hot,kidnap,8
5790,2,8,sunday,0,morning,6 - 11:59,,24.4167,90.55,gafargaon,mymensingh,mymensingh,33,27,22,116,,51,10,,,winter,kidnap,8
5791,3,10,thursday,0,morning,6 - 11:59,,22.1639,90.4306,galachipa,patuakhali,barisal,35,32,26,116,,53,10,,,hot,kidnap,8
5792,7,29,monday,0,morning,6 - 11:59,,25.85,89.2167,gangachara,rangpur,rangpur,35,32,27,386,,76,10,,,rainy,kidnap,8
5793,8,35,tuesday,0,morning,6 - 11:59,,25.85,89.2167,gangachara,rangpur,rangpur,33,31,27,386,,80,8,,,rainy,kidnap,8
5794,4,17,thursday,0,morning,6 - 11:59,,23.81667,88.755,gangni,meherpur,khulna,43,38,30,200,,47,10,,,hot,kidnap,8
5795,6,25,wednesday,0,noon,12 - 15:59,,23.81667,88.755,gangni,meherpur,khulna,34,32,28,356,,68,10,,,rainy,kidnap,8
5796,6,25,wednesday,0,noon,12 - 15:59,,23.81667,88.755,gangni,meherpur,khulna,34,32,28,356,,68,10,,,rainy,kidnap,8
5797,9,39,friday,1,morning,6 - 11:59,,24.46667,89.96667,ghatail,tangail,dhaka,34,31,26,113,,68,10,,,rainy,kidnap,8
5798,5,20,thursday,0,morning,6 - 11:59,,24.46667,89.96667,ghatail,tangail,dhaka,37,34,28,200,,68,10,,,hot,kidnap,8
5799,3,11,saturday,1,morning,6 - 11:59,,25.2458,89.2167,ghoraghat,dinajpur,rangpur,37,33,23,113,,30,10,,,hot,kidnap,8
5800,11,46,tuesday,0,evening,18 - 19:59,,25.2458,89.2167,ghoraghat,dinajpur,rangpur,31,27,21,113,,70,10,,,winter,kidnap,8
5801,4,15,monday,0,morning,6 - 11:59,,25.2458,89.2167,ghoraghat,dinajpur,rangpur,44,39,27,113,,23,10,,,hot,kidnap,8
5802,12,52,saturday,1,evening,18 - 19:59,,25.2458,89.2167,ghoraghat,dinajpur,rangpur,26,21,14,113,,34,10,,,winter,kidnap,8
5803,12,52,tuesday,0,evening,18 - 19:59,,25.2458,89.2167,ghoraghat,dinajpur,rangpur,28,24,19,113,,60,10,,,winter,kidnap,8
5804,2,7,friday,1,evening,18 - 19:59,,25.1333,89.3917,gobindaganj,gaibandha,rangpur,36,31,24,113,,35,10,,,winter,kidnap,8
5805,1,53,friday,1,morning,6 - 11:59,,25.1333,89.3917,gobindaganj,gaibandha,rangpur,31,26,21,113,,60,10,,,winter,kidnap,8
5806,7,27,wednesday,0,night,20 - 5:59,,25.1333,89.3917,gobindaganj,gaibandha,rangpur,33,31,27,386,,80,8,,,rainy,kidnap,8
5807,6,25,friday,1,morning,6 - 11:59,,24.8583,92.0208,golapganj,sylhet,sylhet,37,34,27,176,,68,10,,,rainy,kidnap,8
5808,2,5,sunday,0,morning,6 - 11:59,,24.5583,89.9167,gopalpur,tangail,dhaka,29,25,20,113,,37,10,,,winter,kidnap,8
5809,10,44,monday,0,morning,6 - 11:59,,24.5583,89.9167,gopalpur,tangail,dhaka,32,29,24,176,,74,10,,,rainy,kidnap,8
5810,5,21,friday,1,night,20 - 5:59,,24.75833,90.575,gouripur,mymensingh,mymensingh,37,34,28,176,,70,10,,,hot,kidnap,8
5811,3,10,friday,1,night,20 - 5:59,,24.75833,90.575,gouripur,mymensingh,mymensingh,37,33,26,116,,32,10,,,hot,kidnap,8
5812,1,5,monday,0,night,20 - 5:59,,22.9736,90.2306,gournadi,barisal,barisal,27,24,22,116,,49,10,,,winter,kidnap,8
5813,1,5,monday,0,night,20 - 5:59,,22.9736,90.2306,gournadi,barisal,barisal,27,24,22,116,,49,10,,,winter,kidnap,8
5814,4,17,tuesday,0,evening,18 - 19:59,,25.1028,91.8917,gowainghat,sylhet,sylhet,33,30,24,356,,70,9,,,hot,kidnap,8
5815,7,30,saturday,1,evening,18 - 19:59,,25.1028,91.8917,gowainghat,sylhet,sylhet,33,29,25,356,,87,8,,,rainy,kidnap,8
5816,1,5,tuesday,0,morning,6 - 11:59,,25.1028,91.8917,gowainghat,sylhet,sylhet,31,25,16,113,,53,10,,,winter,kidnap,8
5817,12,51,wednesday,0,afternoon,16 - 17:59,,24.3667,89.25,gurudaspur,natore,rajshahi,31,26,21,113,,62,10,,,winter,kidnap,8
5818,10,41,tuesday,0,morning,6 - 11:59,,23.0667,90.6375,haimchar,chandpur,chattogram,33,31,27,116,,77,10,,,rainy,kidnap,8
5819,6,25,monday,0,morning,6 - 11:59,,25.2833,89.0167,hakimpur,dinajpur,rangpur,32,30,26,296,,81,9,,,rainy,kidnap,8
5820,12,52,saturday,1,morning,6 - 11:59,,25.2833,89.0167,hakimpur,dinajpur,rangpur,26,21,14,113,,34,10,,,winter,kidnap,8
5821,3,11,saturday,1,morning,6 - 11:59,,25.2833,89.0167,hakimpur,dinajpur,rangpur,37,33,23,113,,30,10,,,hot,kidnap,8
5822,9,36,wednesday,0,night,20 - 5:59,,25.2833,89.0167,hakimpur,dinajpur,rangpur,34,32,28,200,,71,10,,,rainy,kidnap,8
5823,4,15,monday,0,morning,6 - 11:59,,25.2833,89.0167,hakimpur,dinajpur,rangpur,44,39,27,113,,23,10,,,hot,kidnap,8
5824,4,15,monday,0,morning,6 - 11:59,,25.2833,89.0167,hakimpur,dinajpur,rangpur,44,39,27,113,,23,10,,,hot,kidnap,8
5825,2,7,tuesday,0,morning,6 - 11:59,,23.6417,89.05,harinakundu,jhenaidah,khulna,30,25,19,113,,45,10,,,winter,kidnap,8
5826,7,29,monday,0,morning,6 - 11:59,,23.6417,89.05,harinakundu,jhenaidah,khulna,35,33,28,353,,72,10,,,rainy,kidnap,8
5827,1,5,thursday,0,morning,6 - 11:59,,23.6417,89.05,harinakundu,jhenaidah,khulna,29,24,19,113,,55,10,,,winter,kidnap,8
5828,7,28,sunday,0,morning,6 - 11:59,,23.6417,89.05,harinakundu,jhenaidah,khulna,33,31,27,200,,75,10,,,rainy,kidnap,8
5829,1,4,saturday,1,morning,6 - 11:59,,23.6417,89.05,harinakundu,jhenaidah,khulna,28,24,18,113,,48,10,,,winter,kidnap,8
5830,5,18,saturday,1,morning,6 - 11:59,,23.7333,89.9667,harirampur,manikganj,dhaka,39,34,28,386,,61,10,,,hot,kidnap,8
5831,1,2,thursday,0,morning,6 - 11:59,,22.3667,91.125,hatia,noakhali,chattogram,26,24,21,113,,56,10,,,winter,kidnap,8
5832,5,22,wednesday,0,morning,6 - 11:59,,22.3667,91.125,hatia,noakhali,chattogram,35,33,30,176,,65,10,,,hot,kidnap,8
5833,7,30,wednesday,0,morning,6 - 11:59,,22.3667,91.125,hatia,noakhali,chattogram,32,30,28,356,,74,9,,,rainy,kidnap,8
5834,3,11,sunday,0,night,20 - 5:59,,26.1125,89.1333,hatibandha,lalmonirhat,rangpur,34,30,20,176,,30,10,,,hot,kidnap,8
5835,7,30,saturday,1,morning,6 - 11:59,,26.1125,89.1333,hatibandha,lalmonirhat,rangpur,32,30,26,359,,80,6,,,rainy,kidnap,8
5836,1,4,monday,0,evening,18 - 19:59,,26.1125,89.1333,hatibandha,lalmonirhat,rangpur,27,23,16,113,,35,10,,,winter,kidnap,8
5837,10,40,saturday,1,evening,18 - 19:59,,26.1125,89.1333,hatibandha,lalmonirhat,rangpur,33,31,26,176,,74,10,,,rainy,kidnap,8
5838,7,27,wednesday,0,morning,6 - 11:59,,26.1125,89.1333,hatibandha,lalmonirhat,rangpur,30,28,25,356,,90,7,,,rainy,kidnap,8
5839,3,13,wednesday,0,night,20 - 5:59,,26.1125,89.1333,hatibandha,lalmonirhat,rangpur,38,34,24,113,,32,10,,,hot,kidnap,8
5840,9,38,thursday,0,morning,6 - 11:59,,24.6833,90.625,iswarganj,mymensingh,mymensingh,35,32,27,113,,67,10,,,rainy,kidnap,8
5841,5,19,friday,1,night,20 - 5:59,,25.125,92.1167,jaintiapur,sylhet,sylhet,34,31,25,113,,55,10,,,hot,kidnap,8
5842,8,33,thursday,0,morning,6 - 11:59,,24.9833,91.2333,jamalganj,sunamganj,sylhet,31,29,25,359,,89,6,,,rainy,kidnap,8
5843,10,41,sunday,0,morning,6 - 11:59,,23.1,89.1333,jhikargacha,jashore,khulna,34,31,26,113,,68,10,,,rainy,kidnap,8
5844,4,14,tuesday,0,morning,6 - 11:59,,23.1,89.1333,jhikargacha,jashore,khulna,38,33,26,386,,69,10,,,hot,kidnap,8
5845,3,9,friday,1,morning,6 - 11:59,,25.0583,89.1833,kalai,joypurhat,rajshahi,35,29,22,113,,37,10,,,hot,kidnap,8
5846,7,27,thursday,0,morning,6 - 11:59,,25.0583,89.1833,kalai,joypurhat,rajshahi,34,32,27,356,,75,8,,,rainy,kidnap,8
5847,5,18,monday,0,morning,6 - 11:59,,25.0583,89.1833,kalai,joypurhat,rajshahi,34,31,27,386,,56,10,,,hot,kidnap,8
5848,11,46,tuesday,0,morning,6 - 11:59,,21.9861,90.2422,kalapara,patuakhali,barisal,30,27,22,119,,58,10,,,winter,kidnap,8
5849,5,19,wednesday,0,morning,6 - 11:59,,21.9861,90.2422,kalapara,patuakhali,barisal,37,33,27,116,,74,10,,,hot,kidnap,8
5850,9,38,wednesday,0,morning,6 - 11:59,,21.9861,90.2422,kalapara,patuakhali,barisal,36,33,30,176,,67,10,,,rainy,kidnap,8
5851,2,6,wednesday,0,noon,12 - 15:59,,24.075,90.2167,kaliakair,gazipur,dhaka,31,27,21,113,,34,10,,,winter,kidnap,8
5852,11,45,tuesday,0,morning,6 - 11:59,,23.4139,89.1333,kaliganj,jhenaidah,khulna,32,27,21,116,,59,10,,,winter,kidnap,8
5853,6,25,wednesday,0,noon,12 - 15:59,,23.925,90.5667,kaliganj,gazipur,dhaka,33,30,26,353,,79,10,,,rainy,kidnap,8
5854,6,25,wednesday,0,noon,12 - 15:59,,23.925,90.5667,kaliganj,gazipur,dhaka,33,30,26,353,,79,10,,,rainy,kidnap,8
5855,4,17,monday,0,morning,6 - 11:59,,23.925,90.5667,kaliganj,gazipur,dhaka,31,29,26,359,,85,7,,,hot,kidnap,8
5856,4,16,saturday,1,morning,6 - 11:59,,25.974953,89.228404,kaliganj,lalmonirhat,rangpur,28,25,23,356,,89,8,,,hot,kidnap,8
5857,4,17,friday,1,night,20 - 5:59,,23.4139,89.1333,kaliganj,jhenaidah,khulna,32,30,28,386,,67,10,,,hot,kidnap,8
5858,12,53,wednesday,0,morning,6 - 11:59,,23.4139,89.1333,kaliganj,jhenaidah,khulna,31,25,17,116,,42,10,,,winter,kidnap,8
5859,12,52,sunday,0,noon,12 - 15:59,,23.4139,89.1333,kaliganj,jhenaidah,khulna,26,21,15,113,,26,10,,,winter,kidnap,8
5860,12,50,sunday,0,morning,6 - 11:59,,24.3833,90.0083,kalihati,tangail,dhaka,29,26,21,116,,63,10,,,winter,kidnap,8
5861,4,14,saturday,1,night,20 - 5:59,,22.73,90.88,kamalnagar,lakshmipur,chattogram,35,32,27,113,,72,10,,,hot,kidnap,8
5862,7,27,saturday,1,night,20 - 5:59,,24.373646,89.659628,kamarkhand,sirajganj,rajshahi,35,33,29,356,,69,9,,,rainy,kidnap,8
5863,6,27,monday,0,night,20 - 5:59,,24.373646,89.659628,kamarkhand,sirajganj,rajshahi,34,31,26,353,,74,10,,,rainy,kidnap,8
5864,9,39,tuesday,0,night,20 - 5:59,,24.3667,91.8667,kamolganj,moulvibazar,sylhet,27,26,24,353,,88,9,,,rainy,kidnap,8
5865,11,46,monday,0,morning,6 - 11:59,,22.5,92.2167,kaptai,rangamati,chattogram,27,25,22,356,,92,9,,,winter,kidnap,8
5866,11,45,friday,1,night,20 - 5:59,,23.759377,91.143823,kasba,brahmanbaria,chattogram,33,29,23,113,,68,10,,,winter,kidnap,8
5867,6,24,thursday,0,evening,18 - 19:59,,25.7708,89.4167,kaunia,rangpur,rangpur,33,30,27,299,,80,9,,,rainy,kidnap,8
5868,12,51,tuesday,0,afternoon,16 - 17:59,,25.7708,89.4167,kaunia,rangpur,rangpur,25,22,18,113,,54,10,,,winter,kidnap,8
5869,11,47,wednesday,0,morning,6 - 11:59,,22.62,90.07,kawkhali,pirojpur,barisal,30,27,21,116,,64,10,,,winter,kidnap,8
5870,7,30,wednesday,0,morning,6 - 11:59,,22.62,90.07,kawkhali,pirojpur,barisal,33,30,28,359,,79,8,,,rainy,kidnap,8
5871,7,29,tuesday,0,morning,6 - 11:59,,24.65,90.8417,kendua,netrokona,mymensingh,35,32,25,356,,79,8,,,rainy,kidnap,8
5872,11,49,monday,0,morning,6 - 11:59,,22.870267,89.237263,keshabpur,jashore,khulna,31,28,22,116,,51,10,,,winter,kidnap,8
5873,7,29,thursday,0,morning,6 - 11:59,,25.9278,88.7333,khansama,dinajpur,rangpur,39,36,30,113,,57,10,,,rainy,kidnap,8
5874,4,15,monday,0,morning,6 - 11:59,,25.9278,88.7333,khansama,dinajpur,rangpur,42,37,26,113,,39,10,,,hot,kidnap,8
5875,3,11,saturday,1,morning,6 - 11:59,,25.9278,88.7333,khansama,dinajpur,rangpur,37,32,25,113,,23,10,,,hot,kidnap,8
5876,12,52,saturday,1,morning,6 - 11:59,,25.9278,88.7333,khansama,dinajpur,rangpur,28,23,16,113,,37,10,,,winter,kidnap,8
5877,4,13,sunday,0,morning,6 - 11:59,,25.9278,88.7333,khansama,dinajpur,rangpur,36,31,25,176,,54,10,,,hot,kidnap,8
5878,4,16,tuesday,0,morning,6 - 11:59,,25.9278,88.7333,khansama,dinajpur,rangpur,36,31,24,176,,57,10,,,hot,kidnap,8
5879,2,9,thursday,0,morning,6 - 11:59,,25.025,89.13333,khetlal,joypurhat,rajshahi,35,30,24,113,,43,10,,,winter,kidnap,8
5880,2,8,saturday,1,morning,6 - 11:59,,25.025,89.13333,khetlal,joypurhat,rajshahi,30,27,21,116,,49,10,,,winter,kidnap,8
5881,8,33,saturday,1,night,20 - 5:59,,25.9111,89.025,kishorganj,nilphamari,rangpur,32,31,27,359,,84,7,,,rainy,kidnap,8
5882,3,11,saturday,1,evening,18 - 19:59,,23.4,89.0167,kotchandpur,jhenaidah,khulna,35,29,21,176,,36,10,,,hot,kidnap,8
5883,1,4,saturday,1,morning,6 - 11:59,,24.489182,92.024555,kulaura,moulvibazar,sylhet,28,23,15,113,,60,10,,,winter,kidnap,8
5884,7,29,friday,1,night,20 - 5:59,,24.489182,92.024555,kulaura,moulvibazar,sylhet,36,32,27,359,,84,8,,,rainy,kidnap,8
5885,1,5,thursday,0,morning,6 - 11:59,,24.489182,92.024555,kulaura,moulvibazar,sylhet,30,24,16,113,,54,10,,,winter,kidnap,8
5886,1,4,saturday,1,morning,6 - 11:59,,24.489182,92.024555,kulaura,moulvibazar,sylhet,28,23,15,113,,60,10,,,winter,kidnap,8
5887,1,4,tuesday,0,morning,6 - 11:59,,24.489182,92.024555,kulaura,moulvibazar,sylhet,28,23,15,113,,58,10,,,winter,kidnap,8
5888,9,36,tuesday,0,evening,18 - 19:59,,24.489182,92.024555,kulaura,moulvibazar,sylhet,34,30,25,176,,83,7,,,rainy,kidnap,8
5889,6,23,thursday,0,morning,6 - 11:59,,23.8542,89.2417,kumarkhali,kushtia,khulna,39,35,29,176,,53,10,,,rainy,kidnap,8
5890,8,33,friday,1,evening,18 - 19:59,,23.8542,89.2417,kumarkhali,kushtia,khulna,35,32,28,200,,70,10,,,rainy,kidnap,8
5891,3,13,wednesday,0,morning,6 - 11:59,,23.8542,89.2417,kumarkhali,kushtia,khulna,35,32,26,353,,59,9,,,hot,kidnap,8
5892,4,16,thursday,0,morning,6 - 11:59,,23.8542,89.2417,kumarkhali,kushtia,khulna,44,38,29,119,,44,10,,,hot,kidnap,8
5893,1,1,wednesday,0,evening,18 - 19:59,,26.1125,89.1333,hatibandha,lalmonirhat,rangpur,25,22,16,116,,36,10,,,winter,kidnap,8
5894,11,44,tuesday,0,night,20 - 5:59,,21.775,92.2,lama,bandarban,chattogram,31,29,25,113,,78,10,,,winter,kidnap,8
5895,5,20,saturday,1,morning,6 - 11:59,,21.775,92.2,lama,bandarban,chattogram,34,32,28,113,,73,10,,,hot,kidnap,8
5896,11,44,tuesday,0,night,20 - 5:59,,21.775,92.2,lama,bandarban,chattogram,31,29,25,113,,78,10,,,winter,kidnap,8
5897,7,29,thursday,0,morning,6 - 11:59,,21.775,92.2,lama,bandarban,chattogram,32,30,27,356,,77,8,,,rainy,kidnap,8
5898,11,48,tuesday,0,night,20 - 5:59,,21.775,92.2,lama,bandarban,chattogram,30,26,21,113,,77,10,,,winter,kidnap,8
5899,11,48,tuesday,0,night,20 - 5:59,,21.775,92.2,lama,bandarban,chattogram,30,26,21,113,,77,10,,,winter,kidnap,8
5900,5,20,saturday,1,morning,6 - 11:59,,21.775,92.2,lama,bandarban,chattogram,34,32,28,113,,73,10,,,hot,kidnap,8
5901,7,30,friday,1,morning,6 - 11:59,,21.775,92.2,lama,bandarban,chattogram,32,30,27,116,,82,9,,,rainy,kidnap,8
5902,12,49,sunday,0,morning,6 - 11:59,,21.775,92.2,lama,bandarban,chattogram,25,24,21,113,,74,10,,,winter,kidnap,8
5903,2,6,friday,1,morning,6 - 11:59,,21.775,92.2,lama,bandarban,chattogram,29,25,19,113,,59,10,,,winter,kidnap,8
5904,5,21,tuesday,0,morning,6 - 11:59,,21.775,92.2,lama,bandarban,chattogram,32,30,26,356,,85,10,,,hot,kidnap,8
5905,4,15,sunday,0,night,20 - 5:59,,24.8917,89.75,madarganj,jamalpur,mymensingh,36,31,24,305,,55,10,,,hot,kidnap,8
5906,11,44,saturday,1,morning,6 - 11:59,,24.1028,91.2917,madhabpur,habiganj,sylhet,24,23,22,308,,96,7,,,winter,kidnap,8
5907,12,48,friday,1,night,20 - 5:59,,23.5417,89.6306,madhukhali,faridpur,dhaka,32,27,21,113,,53,10,,,winter,kidnap,8
5908,1,53,friday,1,evening,18 - 19:59,,23.0167,89.2333,manirampur,jashore,khulna,31,26,20,113,,41,10,,,winter,kidnap,8
5909,12,53,thursday,0,evening,18 - 19:59,,23.0167,89.2333,manirampur,jashore,khulna,31,25,18,122,,45,10,,,winter,kidnap,8
5910,9,35,saturday,1,morning,6 - 11:59,,22.2869,89.9667,mathbaria,pirojpur,barisal,33,31,28,356,,74,9,,,rainy,kidnap,8
5911,6,23,saturday,1,evening,18 - 19:59,,23.9333,89,mirpur,kushtia,khulna,37,34,30,356,,62,9,,,rainy,kidnap,8
5912,6,23,saturday,1,evening,18 - 19:59,,23.9333,89,mirpur,kushtia,khulna,37,34,30,356,,62,9,,,rainy,kidnap,8
5913,6,23,sunday,0,evening,18 - 19:59,,23.9333,89,mirpur,kushtia,khulna,35,33,30,356,,66,8,,,rainy,kidnap,8
5914,8,34,sunday,0,morning,6 - 11:59,,24.1083,90.0917,mirzapur,tangail,dhaka,34,30,25,356,,79,9,,,rainy,kidnap,8
5915,4,16,thursday,0,morning,6 - 11:59,,21.55,91.95,moheshkhali,coxsbazar,chattogram,34,32,27,116,,61,10,,,hot,kidnap,8
5916,8,34,sunday,0,morning,6 - 11:59,,23.35,88.9125,moheshpur,jhenaidah,khulna,33,31,27,386,,81,9,,,rainy,kidnap,8
5917,9,36,friday,1,morning,6 - 11:59,,23.35,88.9125,moheshpur,jhenaidah,khulna,33,30,26,386,,83,8,,,rainy,kidnap,8
5918,11,44,friday,1,morning,6 - 11:59,,22.4833,89.6083,mongla,bagerhat,khulna,26,25,24,302,,90,8,,,winter,kidnap,8
5919,5,21,friday,1,morning,6 - 11:59,,22.4833,89.6083,mongla,bagerhat,khulna,38,32,28,113,,65,10,,,hot,kidnap,8
5920,8,32,monday,0,morning,6 - 11:59,,22.4833,89.6083,mongla,bagerhat,khulna,33,30,26,353,,78,10,,,rainy,kidnap,8
5921,5,22,saturday,1,morning,6 - 11:59,,22.4833,89.6083,mongla,bagerhat,khulna,39,35,30,200,,60,10,,,hot,kidnap,8
5922,9,37,sunday,0,morning,6 - 11:59,,22.2986,90.9792,monpura,bhola,barisal,33,31,28,356,,77,9,,,rainy,kidnap,8
5923,8,32,tuesday,0,morning,6 - 11:59,,22.45,89.8583,morrelganj,bagerhat,khulna,32,30,28,386,,78,9,,,rainy,kidnap,8
5924,6,22,sunday,0,morning,6 - 11:59,,24.7583,90.2667,muktagacha,mymensingh,mymensingh,36,33,28,176,,67,10,,,rainy,kidnap,8
5925,7,29,thursday,0,morning,6 - 11:59,,24.7583,90.2667,muktagacha,mymensingh,mymensingh,32,29,26,359,,84,8,,,rainy,kidnap,8
5926,1,4,sunday,0,morning,6 - 11:59,,24.7583,90.2667,muktagacha,mymensingh,mymensingh,28,23,18,116,,50,10,,,winter,kidnap,8
5927,4,16,monday,0,noon,12 - 15:59,,24.7583,90.2667,muktagacha,mymensingh,mymensingh,35,31,24,299,,62,10,,,hot,kidnap,8
5928,8,33,wednesday,0,morning,6 - 11:59,,23.6385,90.9325,muradnagar,comilla,chattogram,34,31,27,176,,76,10,,,rainy,kidnap,8
5929,12,51,wednesday,0,morning,6 - 11:59,,23.6385,90.9325,muradnagar,comilla,chattogram,27,22,16,143,,80,7,,,winter,kidnap,8
5930,5,20,saturday,1,morning,6 - 11:59,,23.0417,91.9944,khagrachhari sadar,khagrachhari,chattogram,37,33,25,356,,69,8,,,hot,kidnap,8
5931,5,19,tuesday,0,night,20 - 5:59,,23.996158,90.419726,gazipur sadar,gazipur,dhaka,39,35,28,116,,58,10,,,hot,kidnap,8
5932,12,51,tuesday,0,morning,6 - 11:59,,24.888242,91.868519,sylhet sadar,sylhet,sylhet,27,22,15,116,,57,10,,,winter,kidnap,8
5933,12,50,saturday,1,evening,18 - 19:59,,23.6,90.5,narayanganj sadar,narayanganj,dhaka,30,26,21,113,,65,10,,,winter,kidnap,8
5934,11,47,wednesday,0,night,20 - 5:59,,23.4583,90.5417,munshiganj sadar,munshiganj,dhaka,30,27,23,116,,65,10,,,winter,kidnap,8
5935,11,47,friday,1,night,20 - 5:59,,23.6,90.5,narayanganj sadar,narayanganj,dhaka,33,29,25,113,,61,10,,,winter,kidnap,8
5936,11,48,monday,0,night,20 - 5:59,,23.228401,90.645015,chandpur sadar,chandpur,chattogram,32,28,24,113,,59,10,,,winter,kidnap,8
5937,12,50,saturday,1,night,20 - 5:59,,24.005,89.25,pabna sadar,pabna,rajshahi,31,26,20,113,,50,10,,,winter,kidnap,8
5938,12,51,sunday,0,night,20 - 5:59,,23.4583,90.5417,munshiganj sadar,munshiganj,dhaka,25,21,16,113,,66,10,,,winter,kidnap,8
5939,2,7,tuesday,0,evening,18 - 19:59,,24.8417,89.375,bogra sadar,bogura,rajshahi,29,25,20,113,,45,10,,,winter,kidnap,8
5940,8,35,friday,1,morning,6 - 11:59,,25.333317,89.520761,gaibandha sadar,gaibandha,rangpur,31,29,26,356,,86,9,,,rainy,kidnap,8
5941,7,28,tuesday,0,morning,6 - 11:59,,23.20833,90.35,shariatpur sadar,shariatpur,dhaka,30,29,27,293,,84,9,,,rainy,kidnap,8
5942,7,27,thursday,0,morning,6 - 11:59,,21.454718,92.010452,coxsbazar sadar,coxsbazar,chattogram,31,29,26,353,,78,10,,,rainy,kidnap,8
5943,7,29,monday,0,night,20 - 5:59,,24.8417,89.375,bogra sadar,bogura,rajshahi,35,33,29,386,,72,9,,,rainy,kidnap,8
5944,6,26,sunday,0,night,20 - 5:59,,21.454718,92.010452,coxsbazar sadar,coxsbazar,chattogram,30,29,27,356,,81,9,,,rainy,kidnap,8
5945,8,32,tuesday,0,night,20 - 5:59,,23.9167,90.725,narsingdi sadar,narsingdi,dhaka,33,30,26,356,,79,9,,,rainy,kidnap,8
5946,8,35,monday,0,morning,6 - 11:59,,22.1847,90.7625,charfesson,bhola,barisal,32,31,28,353,,74,9,,,rainy,kidnap,8
5947,9,39,wednesday,0,morning,6 - 11:59,,25.9417,88.8444,nilphamari sadar,nilphamari,rangpur,29,27,25,356,,95,8,,,rainy,kidnap,8
5948,6,27,monday,0,night,20 - 5:59,,25.06667,91.4,sunamganj sadar,sunamganj,sylhet,34,31,25,386,,82,10,,,rainy,kidnap,8
5949,7,27,saturday,1,night,20 - 5:59,,25.06667,91.4,sunamganj sadar,sunamganj,sylhet,34,30,26,356,,85,8,,,rainy,kidnap,8
5950,8,32,thursday,0,evening,18 - 19:59,,23.9333,89,mirpur,kushtia,khulna,35,32,27,386,,73,10,,,rainy,kidnap,8
5951,8,32,thursday,0,evening,18 - 19:59,,23.9333,89,mirpur,kushtia,khulna,35,32,27,386,,73,10,,,rainy,kidnap,8
5952,8,32,monday,0,evening,18 - 19:59,,23.9333,89,mirpur,kushtia,khulna,32,30,25,353,,82,10,,,rainy,kidnap,8
5953,8,32,monday,0,evening,18 - 19:59,,23.9333,89,mirpur,kushtia,khulna,32,30,25,353,,82,10,,,rainy,kidnap,8
5954,7,28,sunday,0,evening,18 - 19:59,,22.3667,91.125,hatia,noakhali,chattogram,32,30,27,176,,77,10,,,rainy,kidnap,8
5955,7,27,sunday,0,night,20 - 5:59,,23.996158,90.419726,gazipur sadar,gazipur,dhaka,34,31,28,356,,78,10,,,rainy,kidnap,8
5956,8,32,saturday,1,night,20 - 5:59,,25.1,89.03333,joypurhat sadar,joypurhat,rajshahi,34,32,28,386,,78,10,,,rainy,kidnap,8
5957,8,31,sunday,0,evening,18 - 19:59,,25,90.0167,sherpur sadar,sherpur,mymensingh,31,28,24,302,,86,9,,,rainy,kidnap,8
5958,6,26,wednesday,0,morning,6 - 11:59,,23.85,90.01,shibaloy,manikganj,dhaka,31,30,28,359,,85,5,,,rainy,kidnap,8
5959,6,26,wednesday,0,morning,6 - 11:59,,23.85,90.01,shibaloy,manikganj,dhaka,31,30,28,359,,85,5,,,rainy,kidnap,8
5960,9,37,saturday,1,evening,18 - 19:59,,23.996158,90.419726,gazipur sadar,gazipur,dhaka,37,33,28,176,,69,10,,,rainy,kidnap,8
5961,6,23,monday,0,noon,12 - 15:59,,24.6333,90.2667,fulbaria,mymensingh,mymensingh,34,31,27,356,,80,8,,,rainy,kidnap,8
5962,10,44,wednesday,0,night,20 - 5:59,,25.06667,91.4,sunamganj sadar,sunamganj,sylhet,36,30,22,113,,62,10,,,rainy,kidnap,8
5963,10,43,saturday,1,night,20 - 5:59,,25.4153,89.3167,pirgonj,rangpur,rangpur,30,28,23,176,,69,10,,,rainy,kidnap,8
5964,10,42,friday,1,morning,6 - 11:59,,23.0167,89.8333,gopalganj sadar,gopalganj,dhaka,31,28,24,176,,78,10,,,rainy,kidnap,8
5965,10,42,wednesday,0,night,20 - 5:59,,23.4875,89.4208,magura sadar,magura,khulna,30,28,24,356,,82,9,,,rainy,kidnap,8
5966,3,13,saturday,1,night,20 - 5:59,,24.8417,89.375,bogra sadar,bogura,rajshahi,34,31,26,386,,53,10,,,hot,kidnap,8
5967,9,40,wednesday,0,night,20 - 5:59,,23.9167,90.725,narsingdi sadar,narsingdi,dhaka,34,32,27,116,,70,10,,,rainy,kidnap,8
5968,6,25,wednesday,0,morning,6 - 11:59,,21.454718,92.010452,coxsbazar sadar,coxsbazar,chattogram,34,31,28,176,,68,10,,,rainy,kidnap,8
5969,9,38,friday,1,night,20 - 5:59,,23.996158,90.419726,gazipur sadar,gazipur,dhaka,32,29,26,176,,83,8,,,rainy,kidnap,8
5970,9,37,saturday,1,morning,6 - 11:59,,24.4139,88.93,natore sadar,natore,rajshahi,35,33,28,356,,71,9,,,rainy,kidnap,8
5971,9,39,monday,0,evening,18 - 19:59,,23.5417,89.1833,jhenaidah sadar,jhenaidah,khulna,33,30,26,356,,81,10,,,rainy,kidnap,8
5972,9,38,friday,1,morning,6 - 11:59,,24.4139,88.93,natore sadar,natore,rajshahi,32,29,26,356,,83,8,,,rainy,kidnap,8
5973,3,13,wednesday,0,morning,6 - 11:59,,24.8583,92.0208,golapganj,sylhet,sylhet,35,31,23,176,,57,10,,,hot,kidnap,8
5974,9,36,wednesday,0,night,20 - 5:59,,24.8417,89.375,bogra sadar,bogura,rajshahi,33,30,27,386,,82,9,,,rainy,kidnap,8
5975,5,22,monday,0,morning,6 - 11:59,,22.63996,92.191949,baghaichari,rangamati,chattogram,32,29,25,386,,88,8,,,hot,kidnap,8
5976,10,39,saturday,1,morning,6 - 11:59,,23.6,90.5,narayanganj sadar,narayanganj,dhaka,34,32,28,116,,72,10,,,rainy,kidnap,8
5977,10,41,monday,0,night,20 - 5:59,,24.75,90.4167,mymensingh sadar,mymensingh,mymensingh,32,29,25,356,,86,9,,,rainy,kidnap,8
5978,11,47,monday,0,evening,18 - 19:59,,23.9528,91.1167,brahmanbaria sadar,brahmanbaria,chattogram,31,29,24,113,,71,10,,,winter,kidnap,8
5979,11,44,sunday,0,morning,6 - 11:59,,24.25,89.9167,tangail sadar,tangail,dhaka,33,29,24,113,,61,10,,,winter,kidnap,8
5980,7,28,tuesday,0,night,20 - 5:59,,23.180315,89.1608575,jessore sadar,jashore,khulna,34,31,28,200,,73,10,,,rainy,kidnap,8
5981,7,29,thursday,0,night,20 - 5:59,,23.180315,89.1608575,jessore sadar,jashore,khulna,31,30,27,356,,85,8,,,rainy,kidnap,8
5982,7,27,sunday,0,morning,6 - 11:59,,23.6167,88.7833,damurhuda,chuadanga,khulna,35,32,28,386,,72,10,,,rainy,kidnap,8
5983,8,33,friday,1,night,20 - 5:59,,24.075,90.2167,kaliakair,gazipur,dhaka,34,31,27,353,,75,10,,,rainy,kidnap,8
5984,10,43,friday,1,morning,6 - 11:59,,22.3542,90.3181,patuakhali sadar,patuakhali,barisal,31,28,25,356,,77,9,,,rainy,kidnap,8
5985,11,44,tuesday,0,night,20 - 5:59,,23.6,90.5,narayanganj sadar,narayanganj,dhaka,33,30,25,176,,74,10,,,winter,kidnap,8
5986,4,15,monday,0,morning,6 - 11:59,,25.915,89.45,lalmonirhat sadar,lalmonirhat,rangpur,37,32,25,116,,43,10,,,hot,kidnap,8
5987,1,4,tuesday,0,evening,18 - 19:59,,24.586659,88.275275,chapainawabganj sadar,chapainawabganj,rajshahi,26,21,15,113,,37,10,,,winter,kidnap,8
5988,12,1,wednesday,0,night,20 - 5:59,,24.586659,88.275275,chapainawabganj sadar,chapainawabganj,rajshahi,27,22,15,113,,52,10,,,winter,kidnap,8
5989,12,50,tuesday,0,morning,6 - 11:59,,22.7167,89.075,satkhira sadar,satkhira,khulna,27,23,17,113,,37,10,,,winter,kidnap,8
5990,11,45,sunday,0,night,20 - 5:59,,22.8256,91.1014,noakhali sadar,noakhali,chattogram,32,28,22,113,,63,10,,,winter,kidnap,8
5991,11,46,thursday,0,night,20 - 5:59,,22.7,90.3667,barisal sadar,barisal,barisal,34,30,25,113,,63,10,,,winter,kidnap,8
5992,11,47,thursday,0,night,20 - 5:59,,24.15,89.0667,ishurdi,pabna,rajshahi,31,27,23,113,,53,10,,,winter,kidnap,8
5993,11,48,monday,0,night,20 - 5:59,,24.005,89.25,pabna sadar,pabna,rajshahi,32,28,23,113,,52,10,,,winter,kidnap,8
5994,12,51,monday,0,evening,18 - 19:59,,24.9167,89.9583,jamalpur sadar,jamalpur,mymensingh,23,22,20,302,,62,9,,,winter,kidnap,8
5995,2,7,sunday,0,morning,6 - 11:59,,24.4139,88.93,natore sadar,natore,rajshahi,33,28,21,113,,40,10,,,winter,kidnap,8
5996,7,27,monday,0,evening,18 - 19:59,,24.8417,89.375,bogra sadar,bogura,rajshahi,32,30,27,359,,85,5,,,rainy,kidnap,8
5997,7,30,saturday,1,night,20 - 5:59,,24.8417,89.375,bogra sadar,bogura,rajshahi,34,32,29,356,,70,9,,,rainy,kidnap,8
5998,12,52,sunday,0,night,20 - 5:59,,25.6333,88.65,dinajpur sadar,dinajpur,rangpur,29,23,16,113,,36,10,,,winter,kidnap,8
5999,1,53,friday,1,night,20 - 5:59,,25.7583,89.2333,rangpur sadar,rangpur,rangpur,29,24,18,113,,63,10,,,winter,kidnap,8
6000,12,49,tuesday,0,night,20 - 5:59,,25.7583,89.2333,rangpur sadar,rangpur,rangpur,30,26,20,113,,63,10,,,winter,kidnap,8
6001,1,53,friday,1,evening,18 - 19:59,,24.8083,91.7639,bishwanath,sylhet,sylhet,32,26,17,113,,56,10,,,winter,kidnap,8
6002,12,53,thursday,0,evening,18 - 19:59,,24.8083,91.7639,bishwanath,sylhet,sylhet,32,25,17,113,,57,10,,,winter,kidnap,8
6003,10,44,wednesday,0,morning,6 - 11:59,,26.3347,88.5583,panchagarh sadar,panchagarh,rangpur,33,28,21,113,,45,10,,,rainy,kidnap,8
6004,10,40,sunday,0,evening,18 - 19:59,,24.586659,88.275275,chapainawabganj sadar,chapainawabganj,rajshahi,34,31,25,116,,56,10,,,rainy,kidnap,8
6005,1,4,sunday,0,morning,6 - 11:59,,24.75,90.4167,mymensingh sadar,mymensingh,mymensingh,31,26,18,113,,44,10,,,winter,kidnap,8
6006,2,7,thursday,0,morning,6 - 11:59,,22.3667,91.125,hatia,noakhali,chattogram,32,27,21,113,,43,10,,,winter,kidnap,8
6007,8,35,wednesday,0,morning,6 - 11:59,,21.454718,92.010452,coxsbazar sadar,coxsbazar,chattogram,31,28,25,353,,83,9,,,rainy,kidnap,8
6008,9,36,friday,1,morning,6 - 11:59,,23.605717,89.841728,faridpur sadar,faridpur,dhaka,33,31,27,356,,74,10,,,rainy,kidnap,8
6009,9,37,friday,1,morning,6 - 11:59,,23.605717,89.841728,faridpur sadar,faridpur,dhaka,33,31,27,359,,72,9,,,rainy,kidnap,8
6010,9,39,tuesday,0,morning,6 - 11:59,,21.454718,92.010452,coxsbazar sadar,coxsbazar,chattogram,31,29,26,356,,81,9,,,rainy,kidnap,8
6011,1,1,tuesday,0,evening,18 - 19:59,,24.005,89.25,pabna sadar,pabna,rajshahi,28,24,18,113,,39,10,,,winter,kidnap,8
6012,3,9,thursday,0,morning,6 - 11:59,,26.0208,88.4667,thakurgaon sadar,thakurgaon,rangpur,35,30,21,113,,25,10,,,hot,kidnap,8
6013,3,10,friday,1,night,20 - 5:59,,24.888242,91.868519,sylhet sadar,sylhet,sylhet,34,28,17,113,,54,10,,,hot,kidnap,8
6014,4,16,tuesday,0,night,20 - 5:59,,23.996158,90.419726,gazipur sadar,gazipur,dhaka,36,33,26,116,,53,10,,,hot,kidnap,8
6015,5,17,sunday,0,morning,6 - 11:59,,23.0417,91.9944,khagrachhari sadar,khagrachhari,chattogram,37,32,26,200,,72,9,,,hot,kidnap,8
6016,10,40,sunday,0,evening,18 - 19:59,,24.586659,88.275275,chapainawabganj sadar,chapainawabganj,rajshahi,34,31,25,116,,56,10,,,rainy,kidnap,8
6017,3,9,wednesday,0,evening,18 - 19:59,,21.9861,90.2422,kalapara,patuakhali,barisal,36,30,22,113,,43,10,,,hot,kidnap,8
6018,5,20,sunday,0,morning,6 - 11:59,,25.915,89.45,lalmonirhat sadar,lalmonirhat,rangpur,35,31,26,119,,63,10,,,hot,kidnap,8
6019,1,2,thursday,0,morning,6 - 11:59,,24.4167,90.55,gafargaon,mymensingh,mymensingh,28,23,17,113,,49,10,,,winter,kidnap,8
6020,2,7,wednesday,0,morning,6 - 11:59,,24.375,91.4167,habiganj sadar,habiganj,sylhet,34,28,18,113,,46,10,,,winter,kidnap,8
6021,3,9,sunday,0,morning,6 - 11:59,,23.0167,91.3917,feni sadar,feni,chattogram,35,30,23,113,,51,10,,,hot,kidnap,8
6022,3,10,friday,1,morning,6 - 11:59,,24.75,90.4167,mymensingh sadar,mymensingh,mymensingh,37,33,26,116,,32,10,,,hot,kidnap,8
6023,3,13,monday,0,noon,12 - 15:59,,22.95,90.825,lakshmipur sadar,lakshmipur,chattogram,31,29,27,386,,73,8,,,hot,kidnap,8
6024,4,13,friday,1,noon,12 - 15:59,,22.95,90.825,lakshmipur sadar,lakshmipur,chattogram,31,29,26,386,,72,9,,,hot,kidnap,8
6025,9,36,wednesday,0,morning,6 - 11:59,,25.4153,89.3167,pirgonj,rangpur,rangpur,35,32,28,353,,66,10,,,rainy,kidnap,8
6026,9,36,tuesday,0,evening,18 - 19:59,,25.1028,91.8917,gowainghat,sylhet,sylhet,34,31,26,176,,77,9,,,rainy,kidnap,8
6027,9,36,monday,0,evening,18 - 19:59,,25.1028,91.8917,gowainghat,sylhet,sylhet,32,29,25,386,,85,9,,,rainy,kidnap,8
6028,8,35,wednesday,0,evening,18 - 19:59,,23.996158,90.419726,gazipur sadar,gazipur,dhaka,34,32,28,353,,70,10,,,rainy,kidnap,8
6029,4,15,saturday,1,noon,12 - 15:59,,23.180315,89.1608575,jessore sadar,jashore,khulna,37,33,26,176,,53,10,,,hot,kidnap,8
6030,4,15,friday,1,noon,12 - 15:59,,23.180315,89.1608575,jessore sadar,jashore,khulna,38,33,26,176,,50,10,,,hot,kidnap,8
6031,4,17,thursday,0,night,20 - 5:59,,23.180315,89.1608575,jessore sadar,jashore,khulna,42,37,29,200,,56,9,,,hot,kidnap,8
6032,4,16,thursday,0,morning,6 - 11:59,,24.8583,92.0208,golapganj,sylhet,sylhet,31,26,24,359,,83,8,,,hot,kidnap,8
6033,4,16,monday,0,morning,6 - 11:59,,23.4153,89.8917,nagarkanda,faridpur,dhaka,38,33,26,176,,56,10,,,hot,kidnap,8
6034,2,7,wednesday,0,morning,6 - 11:59,,24.375,91.4167,habiganj sadar,habiganj,sylhet,34,28,18,113,,46,10,,,winter,kidnap,8
6035,2,7,tuesday,0,morning,6 - 11:59,,24.375,91.4167,habiganj sadar,habiganj,sylhet,34,28,19,113,,51,10,,,winter,kidnap,8
6036,2,7,tuesday,0,morning,6 - 11:59,,24.375,91.4167,habiganj sadar,habiganj,sylhet,34,28,19,113,,51,10,,,winter,kidnap,8
6037,3,9,friday,1,morning,6 - 11:59,,25.1,89.03333,joypurhat sadar,joypurhat,rajshahi,37,32,22,113,,27,10,,,hot,kidnap,8
6038,1,2,thursday,0,evening,18 - 19:59,,25.6333,88.65,dinajpur sadar,dinajpur,rangpur,28,24,16,113,,50,10,,,winter,kidnap,8
6039,1,3,saturday,1,evening,18 - 19:59,,23.180315,89.1608575,jessore sadar,jashore,khulna,26,21,15,113,,41,10,,,winter,kidnap,8
6040,1,4,thursday,0,morning,6 - 11:59,,23.6417,88.8583,chuadanga sadar,chuadanga,khulna,28,24,17,113,,52,10,,,winter,kidnap,8
6041,1,4,tuesday,0,morning,6 - 11:59,,25.8167,89.65,kurigram sadar,kurigram,rangpur,24,20,13,116,,66,10,,,winter,kidnap,8
6042,1,4,sunday,0,night,20 - 5:59,,23.6,90.5,narayanganj sadar,narayanganj,dhaka,29,24,18,116,,60,10,,,winter,kidnap,8
6043,1,2,sunday,0,morning,6 - 11:59,,25.915,89.45,lalmonirhat sadar,lalmonirhat,rangpur,27,21,16,113,,58,10,,,winter,kidnap,8
6044,2,6,wednesday,0,night,20 - 5:59,,23.180315,89.1608575,jessore sadar,jashore,khulna,31,27,21,113,,48,10,,,winter,kidnap,8
6045,2,6,sunday,0,morning,6 - 11:59,,23.29,91.9,panchari,khagrachhari,chattogram,32,28,21,113,,56,10,,,winter,kidnap,8
6046,8,33,tuesday,0,morning,6 - 11:59,,24.6333,90.2667,fulbaria,mymensingh,mymensingh,34,31,27,386,,77,9,,,rainy,kidnap,8
6047,8,33,thursday,0,morning,6 - 11:59,,25.9417,88.8444,syedpur,nilphamari,rangpur,34,32,27,386,,72,10,,,rainy,kidnap,8
6048,8,33,friday,1,morning,6 - 11:59,,23.9,89.1333,kushtia sadar,kushtia,khulna,33,31,27,386,,77,9,,,rainy,kidnap,8
6049,2,5,saturday,1,evening,18 - 19:59,,24.8417,89.375,bogra sadar,bogura,rajshahi,30,24,19,113,,32,10,,,winter,kidnap,8
6050,1,1,sunday,0,night,20 - 5:59,,23.6,90.5,narayanganj sadar,narayanganj,dhaka,31,25,19,113,,58,10,,,winter,kidnap,8
6051,6,24,tuesday,0,morning,6 - 11:59,,23.6,90.5,narayanganj sadar,narayanganj,dhaka,32,30,27,353,,84,10,,,rainy,kidnap,8
6052,8,32,tuesday,0,morning,6 - 11:59,,23.0417,91.9944,khagrachhari sadar,khagrachhari,chattogram,33,29,24,386,,86,9,,,rainy,kidnap,8
6053,5,18,wednesday,0,morning,6 - 11:59,,24.6333,90.2667,fulbaria,mymensingh,mymensingh,34,31,24,113,,63,10,,,hot,kidnap,8
6054,5,21,wednesday,0,night,20 - 5:59,,22.2333,92.1917,bandarban sadar,bandarban,chattogram,34,31,27,116,,79,10,,,hot,kidnap,8
6055,5,21,wednesday,0,night,20 - 5:59,,22.2333,92.1917,bandarban sadar,bandarban,chattogram,34,31,27,116,,79,10,,,hot,kidnap,8
6056,7,27,monday,0,morning,6 - 11:59,,25.915,89.45,lalmonirhat sadar,lalmonirhat,rangpur,36,33,29,356,,66,10,,,rainy,kidnap,8
6057,7,29,tuesday,0,night,20 - 5:59,,26.3347,88.5583,panchagarh sadar,panchagarh,rangpur,33,30,24,356,,79,8,,,rainy,kidnap,8
6058,8,33,wednesday,0,morning,6 - 11:59,,22.3542,90.3181,patuakhali sadar,patuakhali,barisal,30,29,28,356,,83,9,,,rainy,kidnap,8
6059,8,33,wednesday,0,morning,6 - 11:59,,22.3542,90.3181,patuakhali sadar,patuakhali,barisal,30,29,28,356,,83,9,,,rainy,kidnap,8
6060,8,33,tuesday,0,noon,12 - 15:59,,26.0208,88.4667,thakurgaon sadar,thakurgaon,rangpur,34,31,26,386,,75,9,,,rainy,kidnap,8
6061,8,33,tuesday,0,noon,12 - 15:59,,26.0208,88.4667,thakurgaon sadar,thakurgaon,rangpur,34,31,26,386,,75,9,,,rainy,kidnap,8
6062,12,49,monday,0,evening,18 - 19:59,,24.8417,89.375,bogra sadar,bogura,rajshahi,28,25,21,113,,52,10,,,winter,kidnap,8
6063,8,35,friday,1,night,20 - 5:59,,24.2,90.4667,sreepur,gazipur,dhaka,36,33,28,116,,70,10,,,rainy,kidnap,8
6064,8,35,saturday,1,evening,18 - 19:59,,23.180315,89.1608575,jessore sadar,jashore,khulna,34,32,27,356,,76,9,,,rainy,kidnap,8
6065,3,10,friday,1,noon,12 - 15:59,,24.4583,89.7,sirajganj sadar,sirajganj,rajshahi,29,26,20,113,,38,10,,,hot,kidnap,8
6066,3,9,sunday,0,night,20 - 5:59,,22.4889,90.0733,bhandaria,pirojpur,barisal,37,32,24,113,,46,10,,,hot,kidnap,8
6067,2,9,monday,0,evening,18 - 19:59,,24.875,90.7333,netrokona sadar,netrokona,mymensingh,31,25,20,263,,50,9,,,winter,kidnap,8
6068,2,8,friday,1,morning,6 - 11:59,,24.875,90.7333,netrokona sadar,netrokona,mymensingh,32,27,20,113,,52,10,,,winter,kidnap,8
6069,2,6,tuesday,0,morning,6 - 11:59,,23.0744,88.8667,sharsha,jashore,khulna,30,28,20,113,,34,10,,,winter,kidnap,8
6070,2,6,monday,0,night,20 - 5:59,,23.996158,90.419726,gazipur sadar,gazipur,dhaka,31,27,20,113,,35,10,,,winter,kidnap,8
6071,10,42,tuesday,0,morning,6 - 11:59,,24.75,90.4167,mymensingh sadar,mymensingh,mymensingh,36,32,27,113,,74,10,,,rainy,kidnap,8
6072,10,42,tuesday,0,morning,6 - 11:59,,24.75,90.4167,mymensingh sadar,mymensingh,mymensingh,36,32,27,113,,74,10,,,rainy,kidnap,8
6073,11,44,saturday,1,night,20 - 5:59,,24.9167,89.9583,jamalpur sadar,jamalpur,mymensingh,33,29,25,113,,71,10,,,winter,kidnap,8
6074,9,36,tuesday,0,morning,6 - 11:59,,23.180315,89.1608575,jessore sadar,jashore,khulna,33,31,27,386,,81,9,,,rainy,kidnap,8
6075,8,34,tuesday,0,morning,6 - 11:59,,22.3542,90.3181,patuakhali sadar,patuakhali,barisal,32,31,28,353,,77,10,,,rainy,kidnap,8
6076,12,50,sunday,0,morning,6 - 11:59,,26.0208,88.4667,thakurgaon sadar,thakurgaon,rangpur,26,22,17,116,,57,10,,,winter,kidnap,8
6077,8,33,monday,0,night,20 - 5:59,,24.5583,89.9167,gopalpur,tangail,dhaka,35,32,28,353,,75,10,,,rainy,kidnap,8
6078,4,16,wednesday,0,morning,6 - 11:59,,23.9,89.1333,kushtia sadar,kushtia,khulna,38,33,28,386,,54,9,,,hot,kidnap,8
6079,4,17,thursday,0,morning,6 - 11:59,,24.9167,89.9583,jamalpur sadar,jamalpur,mymensingh,36,31,24,176,,53,9,,,hot,kidnap,8
6080,7,30,monday,0,morning,6 - 11:59,,23.9528,91.1167,brahmanbaria sadar,brahmanbaria,chattogram,31,29,25,356,,88,8,,,rainy,kidnap,8
6081,5,22,monday,0,morning,6 - 11:59,,25.915,89.45,lalmonirhat sadar,lalmonirhat,rangpur,34,30,25,356,,74,9,,,hot,kidnap,8
6082,3,13,wednesday,0,morning,6 - 11:59,,25.915,89.45,lalmonirhat sadar,lalmonirhat,rangpur,35,30,23,113,,56,10,,,hot,kidnap,8
6083,5,18,wednesday,0,night,20 - 5:59,,22.5778,89.99,pirojpur sadar,pirojpur,barisal,35,32,28,113,,63,10,,,hot,kidnap,8
6084,5,19,saturday,1,noon,12 - 15:59,,21.82174,92.43776,thanchi,bandarban,chattogram,34,31,27,356,,74,9,,,hot,kidnap,8
6085,7,28,wednesday,0,noon,12 - 15:59,,25.4153,89.3167,pirgonj,rangpur,rangpur,34,32,28,356,,71,9,,,rainy,kidnap,8
6086,1,3,friday,1,morning,6 - 11:59,,23.4875,89.4208,magura sadar,magura,khulna,29,24,18,113,,34,10,,,winter,kidnap,8
6087,3,9,saturday,1,noon,12 - 15:59,,22.4833,89.6083,mongla,bagerhat,khulna,37,32,24,113,,45,10,,,hot,kidnap,8
6088,9,37,saturday,1,evening,18 - 19:59,,22.7167,89.075,satkhira sadar,satkhira,khulna,31,29,26,359,,85,8,,,rainy,kidnap,8
6089,9,37,sunday,0,morning,6 - 11:59,,22.04999,92.40998,ruma,bandarban,chattogram,30,29,26,200,,86,10,,,rainy,kidnap,8
6090,8,31,friday,1,night,20 - 5:59,,24.25,89.9167,tangail sadar,tangail,dhaka,34,31,27,386,,76,10,,,rainy,kidnap,8
6091,10,42,monday,0,morning,6 - 11:59,,25.9417,88.8444,nilphamari sadar,nilphamari,rangpur,35,30,25,113,,69,10,,,rainy,kidnap,8
6092,10,43,tuesday,0,morning,6 - 11:59,,22.3833,92.2417,rajasthali,rangamati,chattogram,32,28,23,356,,84,7,,,rainy,kidnap,8
6093,3,13,tuesday,0,night,20 - 5:59,,25.6333,88.65,dinajpur sadar,dinajpur,rangpur,37,32,25,113,,43,10,,,hot,kidnap,8
6094,10,43,saturday,1,morning,6 - 11:59,,24.9167,89.9583,jamalpur sadar,jamalpur,mymensingh,26,23,20,353,,95,6,,,rainy,kidnap,8
6095,8,31,friday,1,morning,6 - 11:59,,23.85,90.0111,manikganj sadar,manikganj,dhaka,33,31,27,386,,78,10,,,rainy,kidnap,8
6096,9,37,wednesday,0,morning,6 - 11:59,,25.9417,88.8444,nilphamari sadar,nilphamari,rangpur,33,31,27,359,,74,7,,,rainy,kidnap,8
6097,6,25,thursday,0,noon,12 - 15:59,,22.8111,90.2444,wazirpur,barisal,barisal,34,31,28,353,,75,9,,,rainy,kidnap,8
6098,10,44,thursday,0,evening,18 - 19:59,,23.996158,90.419726,gazipur sadar,gazipur,dhaka,31,29,25,119,,72,10,,,rainy,kidnap,8
6099,11,45,sunday,0,night,20 - 5:59,,22.6903,90.6525,bhola sadar,bhola,barisal,26,25,24,359,,88,6,,,winter,kidnap,8
6100,6,24,monday,0,night,20 - 5:59,,22.2333,92.1917,bandarban sadar,bandarban,chattogram,31,29,26,386,,84,10,,,rainy,kidnap,8
6101,6,23,wednesday,0,morning,6 - 11:59,,22.3306,89.1028,shyamnagar,satkhira,khulna,35,33,28,359,,70,8,,,rainy,kidnap,8
6102,2,6,wednesday,0,morning,6 - 11:59,,23.9528,91.1167,brahmanbaria sadar,brahmanbaria,chattogram,30,26,17,113,,57,10,,,winter,kidnap,8
6103,4,14,saturday,1,noon,12 - 15:59,,23.85,90.01,shibaloy,manikganj,dhaka,38,33,27,200,,64,10,,,hot,kidnap,8
6104,3,13,wednesday,0,night,20 - 5:59,,24.888242,91.868519,sylhet sadar,sylhet,sylhet,40,34,22,113,,30,10,,,hot,kidnap,8
6105,3,12,saturday,1,morning,6 - 11:59,,23.459349,91.18264,comilla sadar,comilla,chattogram,36,30,20,113,,23,10,,,hot,kidnap,8
6106,5,19,friday,1,night,20 - 5:59,,23.7917,90.65,araihazar,narayanganj,dhaka,35,31,27,386,,62,10,,,hot,kidnap,8
6107,5,20,saturday,1,morning,6 - 11:59,,23.0417,91.9944,khagrachhari sadar,khagrachhari,chattogram,37,33,25,356,,69,8,,,hot,kidnap,8
6108,5,18,saturday,1,night,20 - 5:59,,24.25,89.9167,tangail sadar,tangail,dhaka,35,32,26,386,,71,9,,,hot,kidnap,8
6109,4,18,monday,0,morning,6 - 11:59,,23.228401,90.645015,chandpur sadar,chandpur,chattogram,31,30,26,176,,66,9,,,hot,kidnap,8
6110,5,19,monday,0,night,20 - 5:59,,24.8417,89.375,bogra sadar,bogura,rajshahi,38,34,28,356,,58,10,,,hot,kidnap,8
6111,3,10,tuesday,0,evening,18 - 19:59,,24.8417,89.375,bogra sadar,bogura,rajshahi,30,26,20,116,,52,10,,,hot,kidnap,8
6112,3,11,tuesday,0,evening,18 - 19:59,,24.8417,89.375,bogra sadar,bogura,rajshahi,24,23,22,113,,34,10,,,hot,kidnap,8
6113,3,11,tuesday,0,evening,18 - 19:59,,24.8417,89.375,bogra sadar,bogura,rajshahi,24,23,22,113,,34,10,,,hot,kidnap,8
6114,3,11,tuesday,0,evening,18 - 19:59,,24.8417,89.375,bogra sadar,bogura,rajshahi,24,23,22,113,,34,10,,,hot,kidnap,8
6115,3,12,wednesday,0,evening,18 - 19:59,,23.0361,91.5194,chhagalnaiya,feni,chattogram,33,28,20,176,,58,10,,,hot,kidnap,8
6116,3,11,sunday,0,night,20 - 5:59,,24.888242,91.868519,sylhet sadar,sylhet,sylhet,33,27,17,113,,42,10,,,hot,kidnap,8
6117,3,12,thursday,0,evening,18 - 19:59,,23.0361,91.5194,chhagalnaiya,feni,chattogram,33,29,21,176,,56,10,,,hot,kidnap,8
6118,3,10,tuesday,0,morning,6 - 11:59,,23.7931,90.5167,rupganj,narayanganj,dhaka,30,27,22,116,,52,10,,,hot,kidnap,8
6119,1,3,sunday,0,morning,6 - 11:59,,25.4153,89.3167,pirgonj,rangpur,rangpur,27,22,15,113,,41,10,,,winter,kidnap,8
6120,7,29,sunday,0,morning,6 - 11:59,,24.888242,91.868519,sylhet sadar,sylhet,sylhet,34,32,26,200,,77,9,,,rainy,kidnap,8
6121,10,44,wednesday,0,morning,6 - 11:59,,24.56667,91.515,nabiganj,habiganj,sylhet,31,27,20,143,,78,8,,,rainy,kidnap,8
6122,2,5,friday,1,morning,6 - 11:59,,24.73092,88.41722,nachol,chapainawabganj,rajshahi,29,23,17,113,,22,10,,,winter,kidnap,8
6123,10,43,friday,1,morning,6 - 11:59,,21.4167,92.1833,naikhongchhari,bandarban,chattogram,31,29,25,113,,76,10,,,rainy,kidnap,8
6124,4,16,wednesday,0,morning,6 - 11:59,,21.4167,92.1833,naikhongchhari,bandarban,chattogram,33,29,25,116,,79,10,,,hot,kidnap,8
6125,10,42,sunday,0,night,20 - 5:59,,21.4167,92.1833,naikhongchhari,bandarban,chattogram,30,28,24,116,,72,10,,,rainy,kidnap,8
6126,1,3,saturday,1,morning,6 - 11:59,,21.4167,92.1833,naikhongchhari,bandarban,chattogram,25,22,17,113,,67,10,,,winter,kidnap,8
6127,8,32,sunday,0,morning,6 - 11:59,,22.6222,90.2708,nalchity,jhalakathi,barisal,32,31,28,356,,78,9,,,rainy,kidnap,8
6128,8,33,monday,0,night,20 - 5:59,,24.5667,90.6833,nandail,mymensingh,mymensingh,36,32,27,353,,76,10,,,rainy,kidnap,8
6129,12,49,wednesday,0,evening,18 - 19:59,,24.4417,88.6278,paba,rajshahi,rajshahi,33,26,19,113,,51,10,,,winter,kidnap,8
6130,10,43,monday,0,morning,6 - 11:59,,23.29,91.9,panchari,khagrachhari,chattogram,31,28,22,143,,83,8,,,rainy,kidnap,8
6131,4,13,sunday,0,morning,6 - 11:59,,25.6533,88.9155,parbatipur,dinajpur,rangpur,36,31,25,176,,54,10,,,hot,kidnap,8
6132,8,32,sunday,0,morning,6 - 11:59,,25.6533,88.9155,parbatipur,dinajpur,rangpur,35,32,28,386,,75,10,,,rainy,kidnap,8
6133,4,16,tuesday,0,morning,6 - 11:59,,25.6533,88.9155,parbatipur,dinajpur,rangpur,36,31,24,176,,57,10,,,hot,kidnap,8
6134,2,6,sunday,0,morning,6 - 11:59,,26.35,89.01667,patgram,lalmonirhat,rangpur,27,23,17,113,,45,10,,,winter,kidnap,8
6135,12,52,thursday,0,morning,6 - 11:59,,22.0458,89.9689,pathorghata,barguna,barisal,27,23,18,113,,46,10,,,winter,kidnap,8
6136,6,23,wednesday,0,morning,6 - 11:59,,22.0458,89.9689,pathorghata,barguna,barisal,35,33,29,176,,69,10,,,rainy,kidnap,8
6137,8,34,saturday,1,morning,6 - 11:59,,22.0458,89.9689,pathorghata,barguna,barisal,33,32,28,386,,73,9,,,rainy,kidnap,8
6138,8,35,tuesday,0,morning,6 - 11:59,,25.1917,89.6167,phulchari,gaibandha,rangpur,33,31,27,359,,83,8,,,rainy,kidnap,8
6139,4,15,wednesday,0,morning,6 - 11:59,,25.58,89.4,pirgacha,rangpur,rangpur,34,30,23,176,,60,10,,,hot,kidnap,8
6140,2,9,thursday,0,morning,6 - 11:59,,24.5194,91.8667,rajnagar,moulvibazar,sylhet,32,28,20,116,,56,10,,,winter,kidnap,8
6141,2,8,saturday,1,morning,6 - 11:59,,24.5194,91.8667,rajnagar,moulvibazar,sylhet,31,26,17,113,,60,10,,,winter,kidnap,8
6142,8,34,thursday,0,noon,12 - 15:59,,22.6056,90.9972,ramgati,lakshmipur,chattogram,34,32,28,386,,78,9,,,rainy,kidnap,8
6143,7,27,sunday,0,morning,6 - 11:59,,24.7333,88.975,raninagar,naogaon,rajshahi,34,31,27,356,,77,9,,,rainy,kidnap,8
6144,1,2,friday,1,night,20 - 5:59,,22.1667,92.3333,rowangchhari,bandarban,chattogram,26,21,12,113,,60,10,,,winter,kidnap,8
6145,9,36,tuesday,0,morning,6 - 11:59,,22.04999,92.40998,ruma,bandarban,chattogram,31,30,27,176,,83,10,,,rainy,kidnap,8
6146,9,36,monday,0,afternoon,16 - 17:59,,22.04999,92.40998,ruma,bandarban,chattogram,32,30,27,353,,81,9,,,rainy,kidnap,8
6147,8,34,monday,0,evening,18 - 19:59,,22.04999,92.40998,ruma,bandarban,chattogram,31,29,26,176,,84,10,,,rainy,kidnap,8
6148,10,43,wednesday,0,morning,6 - 11:59,,23.7931,90.5167,rupganj,narayanganj,dhaka,32,29,24,116,,61,10,,,rainy,kidnap,8
6149,11,44,saturday,1,noon,12 - 15:59,,23.7931,90.5167,rupganj,narayanganj,dhaka,34,29,23,113,,60,10,,,winter,kidnap,8
6150,4,16,tuesday,0,night,20 - 5:59,,23.7931,90.5167,rupganj,narayanganj,dhaka,36,33,27,116,,54,10,,,hot,kidnap,8
6151,10,42,thursday,0,morning,6 - 11:59,,23.7931,90.5167,rupganj,narayanganj,dhaka,33,30,24,116,,59,10,,,rainy,kidnap,8
6152,2,8,saturday,1,noon,12 - 15:59,,23.7931,90.5167,rupganj,narayanganj,dhaka,33,28,22,113,,52,10,,,winter,kidnap,8
6153,10,41,tuesday,0,morning,6 - 11:59,,23.7931,90.5167,rupganj,narayanganj,dhaka,34,31,26,113,,73,10,,,rainy,kidnap,8
6154,3,13,monday,0,noon,12 - 15:59,,25.1056,89.5861,saghata,gaibandha,rangpur,35,31,26,386,,66,9,,,hot,kidnap,8
6155,4,13,friday,1,noon,12 - 15:59,,25.1056,89.5861,saghata,gaibandha,rangpur,33,28,24,356,,65,9,,,hot,kidnap,8
6156,7,28,thursday,0,night,20 - 5:59,,24.31667,90.16806,sakhipur,tangail,dhaka,30,28,26,356,,89,8,,,rainy,kidnap,8
6157,9,39,saturday,1,night,20 - 5:59,,24.31667,90.16806,sakhipur,tangail,dhaka,32,29,26,356,,81,8,,,rainy,kidnap,8
6158,10,44,monday,0,night,20 - 5:59,,24.0583,89.5333,santhia,pabna,rajshahi,34,30,25,113,,54,10,,,rainy,kidnap,8
6159,9,39,monday,0,morning,6 - 11:59,,24.0583,89.5333,santhia,pabna,rajshahi,34,31,27,119,,64,10,,,rainy,kidnap,8
6160,6,26,thursday,0,morning,6 - 11:59,,24.0583,89.5333,santhia,pabna,rajshahi,35,32,28,386,,71,10,,,rainy,kidnap,8
6161,9,39,wednesday,0,morning,6 - 11:59,,24.0583,89.5333,santhia,pabna,rajshahi,33,31,27,359,,71,9,,,rainy,kidnap,8
6162,11,46,saturday,1,night,20 - 5:59,,22.2917,89.7917,sarankhola,bagerhat,khulna,32,29,24,113,,68,10,,,winter,kidnap,8
6163,1,1,saturday,1,morning,6 - 11:59,,22.2917,89.7917,sarankhola,bagerhat,khulna,29,24,18,113,,42,10,,,winter,kidnap,8
6164,1,1,saturday,1,morning,6 - 11:59,,22.2917,89.7917,sarankhola,bagerhat,khulna,29,24,18,113,,42,10,,,winter,kidnap,8
6165,2,7,friday,1,night,20 - 5:59,,22.2917,89.7917,sarankhola,bagerhat,khulna,34,30,24,113,,57,10,,,winter,kidnap,8
6166,1,1,saturday,1,morning,6 - 11:59,,22.2917,89.7917,sarankhola,bagerhat,khulna,29,24,18,113,,42,10,,,winter,kidnap,8
6167,4,16,sunday,0,morning,6 - 11:59,,24.7417,89.8333,sarishabari,jamalpur,mymensingh,32,28,21,200,,83,9,,,hot,kidnap,8
6168,2,6,wednesday,0,morning,6 - 11:59,,23.6917,89.25,shailkupa,jhenaidah,khulna,30,25,20,113,,46,10,,,winter,kidnap,8
6169,10,41,tuesday,0,morning,6 - 11:59,,23.6917,89.25,shailkupa,jhenaidah,khulna,34,31,28,176,,64,10,,,rainy,kidnap,8
6170,10,40,saturday,1,evening,18 - 19:59,,23.6917,89.25,shailkupa,jhenaidah,khulna,35,32,27,353,,67,10,,,rainy,kidnap,8
6171,2,6,wednesday,0,morning,6 - 11:59,,23.6917,89.25,shailkupa,jhenaidah,khulna,30,25,20,113,,46,10,,,winter,kidnap,8
6172,2,7,tuesday,0,morning,6 - 11:59,,23.6917,89.25,shailkupa,jhenaidah,khulna,34,30,23,113,,32,10,,,winter,kidnap,8
6173,2,7,tuesday,0,morning,6 - 11:59,,23.6917,89.25,shailkupa,jhenaidah,khulna,34,30,23,113,,32,10,,,winter,kidnap,8
6174,7,28,sunday,0,night,20 - 5:59,,24.762147,89.382832,shajahanpur,bogura,rajshahi,35,33,29,386,,68,10,,,rainy,kidnap,8
6175,9,37,saturday,1,morning,6 - 11:59,,23.0744,88.8667,sharsha,jashore,khulna,34,32,28,176,,72,10,,,rainy,kidnap,8
6176,10,43,saturday,1,night,20 - 5:59,,23.0744,88.8667,sharsha,jashore,khulna,30,28,23,176,,58,10,,,rainy,kidnap,8
6177,6,26,tuesday,0,morning,6 - 11:59,,23.0744,88.8667,sharsha,jashore,khulna,35,32,28,359,,71,7,,,rainy,kidnap,8
6178,3,10,monday,0,morning,6 - 11:59,,25.0167,89.3167,shibganj,bogura,rajshahi,36,32,25,113,,29,10,,,hot,kidnap,8
6179,4,17,saturday,1,night,20 - 5:59,,25.0167,89.3167,shibganj,chapainawabganj,rajshahi,30,28,25,356,,69,8,,,hot,kidnap,8
6180,4,14,wednesday,0,night,20 - 5:59,,22.3306,89.1028,shyamnagar,satkhira,khulna,41,35,27,113,,58,10,,,hot,kidnap,8
6181,5,20,wednesday,0,morning,6 - 11:59,,22.3306,89.1028,shyamnagar,satkhira,khulna,38,34,28,356,,66,7,,,hot,kidnap,8
6182,5,18,wednesday,0,night,20 - 5:59,,22.3306,89.1028,shyamnagar,satkhira,khulna,37,34,29,386,,61,10,,,hot,kidnap,8
6183,11,47,sunday,0,morning,6 - 11:59,,23.8167,90.15,singiar,manikganj,dhaka,31,28,23,113,,53,10,,,winter,kidnap,8
6184,6,24,wednesday,0,morning,6 - 11:59,,23.8167,90.15,singiar,manikganj,dhaka,36,33,29,116,,71,10,,,rainy,kidnap,8
6185,4,15,thursday,0,morning,6 - 11:59,,23.8167,90.15,singiar,manikganj,dhaka,39,34,27,113,,40,10,,,hot,kidnap,8
6186,7,30,wednesday,0,morning,6 - 11:59,,23.5667,90.3833,sirajdikhan,munshiganj,dhaka,33,31,27,353,,76,10,,,rainy,kidnap,8
6187,4,17,sunday,0,morning,6 - 11:59,,23.03833,91.10833,sonaimori,noakhali,chattogram,31,28,24,353,,68,9,,,hot,kidnap,8
6188,11,48,thursday,0,night,20 - 5:59,,23.6583,90.6083,sonargaon,narayanganj,dhaka,31,28,24,113,,61,10,,,winter,kidnap,8
6189,4,17,monday,0,morning,6 - 11:59,,25.0333,89.4917,sonatala,bogura,rajshahi,36,33,27,176,,51,10,,,hot,kidnap,8
6190,3,12,thursday,0,morning,6 - 11:59,,24.3083,91.7333,sreemangal,moulvibazar,sylhet,33,27,18,176,,50,10,,,hot,kidnap,8
6191,5,22,friday,1,night,20 - 5:59,,24.3083,91.7333,sreemangal,moulvibazar,sylhet,35,31,26,359,,78,8,,,hot,kidnap,8
6192,9,36,saturday,1,noon,12 - 15:59,,23.5361,90.2917,sreenagar,munshiganj,dhaka,34,31,28,353,,75,10,,,rainy,kidnap,8
6193,5,19,tuesday,0,night,20 - 5:59,,24.2,90.4667,sreepur,gazipur,dhaka,39,35,28,116,,58,10,,,hot,kidnap,8
6194,12,49,wednesday,0,night,20 - 5:59,,24.2,90.4667,sreepur,gazipur,dhaka,28,24,19,116,,60,10,,,winter,kidnap,8
6195,5,19,wednesday,0,night,20 - 5:59,,24.2,90.4667,sreepur,gazipur,dhaka,38,34,27,113,,59,10,,,hot,kidnap,8
6196,12,51,saturday,1,night,20 - 5:59,,22.6833,91.11,subarnachar,noakhali,chattogram,25,21,16,176,,70,10,,,winter,kidnap,8
6197,12,51,saturday,1,night,20 - 5:59,,22.6833,91.11,subarnachar,noakhali,chattogram,25,21,16,176,,70,10,,,winter,kidnap,8
6198,7,26,sunday,0,morning,6 - 11:59,,25.56436,89.51909,sundarganj,gaibandha,rangpur,33,31,27,359,,77,5,,,rainy,kidnap,8
6199,1,4,wednesday,0,morning,6 - 11:59,,25.56436,89.51909,sundarganj,gaibandha,rangpur,29,23,16,113,,42,10,,,winter,kidnap,8
6200,8,36,monday,0,morning,6 - 11:59,,25.8111,89.0167,taragonj,rangpur,rangpur,31,29,27,359,,91,5,,,rainy,kidnap,8
6201,10,43,wednesday,0,night,20 - 5:59,,20.8667,92.3,teknaf,coxsbazar,chattogram,30,27,24,113,,82,10,,,rainy,kidnap,8
6202,4,15,friday,1,noon,12 - 15:59,,21.82174,92.43776,thanchi,bandarban,chattogram,32,29,25,176,,75,10,,,hot,kidnap,8
6203,10,42,wednesday,0,morning,6 - 11:59,,21.82174,92.43776,thanchi,bandarban,chattogram,29,27,23,113,,74,10,,,rainy,kidnap,8
6204,5,19,saturday,1,noon,12 - 15:59,,21.82174,92.43776,thanchi,bandarban,chattogram,34,31,27,356,,74,9,,,hot,kidnap,8
6205,4,15,saturday,1,noon,12 - 15:59,,21.82174,92.43776,thanchi,bandarban,chattogram,32,29,25,176,,74,10,,,hot,kidnap,8
6206,4,15,friday,1,noon,12 - 15:59,,21.82174,92.43776,thanchi,bandarban,chattogram,32,29,25,176,,75,10,,,hot,kidnap,8
6207,4,17,tuesday,0,morning,6 - 11:59,,24.575,90.39167,trishal,mymensingh,mymensingh,34,30,25,386,,74,8,,,hot,kidnap,8
6208,10,42,sunday,0,night,20 - 5:59,,24.575,90.39167,trishal,mymensingh,mymensingh,32,28,22,113,,72,10,,,rainy,kidnap,8
6209,9,38,thursday,0,night,20 - 5:59,,24.575,90.39167,trishal,mymensingh,mymensingh,35,32,27,113,,67,10,,,rainy,kidnap,8
6210,1,5,tuesday,0,morning,6 - 11:59,,24.575,90.39167,trishal,mymensingh,mymensingh,30,25,18,113,,45,10,,,winter,kidnap,8
6211,3,12,thursday,0,evening,18 - 19:59,,23.356122,90.334248,zajira,shariatpur,dhaka,34,30,22,176,,52,10,,,hot,kidnap,8
6212,3,12,wednesday,0,evening,18 - 19:59,,23.356122,90.334248,zajira,shariatpur,dhaka,34,29,21,176,,51,10,,,hot,kidnap,8
6213,9,39,friday,1,night,20 - 5:59,,24.8778,92.3722,zakiganj,sylhet,sylhet,34,31,24,113,,73,10,,,rainy,kidnap,8
6214,9,36,friday,1,night,20 - 5:59,,24.8778,92.3722,zakiganj,sylhet,sylhet,34,31,25,176,,74,10,,,rainy,kidnap,8
6215,7,28,monday,0,night,20 - 5:59,,24.81667,89,adamdighi,bogura,rajshahi,34,31,27,353,,79,10,,,rainy,robbery,5
6216,8,33,saturday,1,night,20 - 5:59,,24.975,89.02,akkelpur,joypurhat,rajshahi,33,30,26,356,,85,9,,,rainy,robbery,5
6217,8,33,friday,1,night,20 - 5:59,,24.975,89.02,akkelpur,joypurhat,rajshahi,32,29,27,353,,86,9,,,rainy,robbery,5
6218,10,41,monday,0,night,20 - 5:59,,23.7583,88.95,alamdanga,chuadanga,khulna,36,33,28,113,,57,10,,,rainy,robbery,5
6219,1,1,friday,1,night,20 - 5:59,,23.7583,88.95,alamdanga,chuadanga,khulna,25,20,15,113,,45,10,,,winter,robbery,5
6220,4,13,saturday,1,night,20 - 5:59,,23.7917,90.65,araihazar,narayanganj,dhaka,32,28,23,353,,70,10,,,hot,robbery,5
6221,11,46,wednesday,0,night,20 - 5:59,,24.0366,91.005,ashuganj,brahmanbaria,chattogram,31,28,23,116,,72,10,,,winter,robbery,5
6222,5,22,thursday,0,night,20 - 5:59,,24.0366,91.005,ashuganj,brahmanbaria,chattogram,37,34,28,356,,65,9,,,hot,robbery,5
6223,5,22,thursday,0,night,20 - 5:59,,24.0366,91.005,ashuganj,brahmanbaria,chattogram,37,34,28,356,,65,9,,,hot,robbery,5
6224,10,43,friday,1,night,20 - 5:59,,26.3083,88.4583,atwari,panchagarh,rangpur,34,29,21,113,,64,10,,,rainy,robbery,5
6225,9,39,sunday,0,night,20 - 5:59,,25.66667,89.05,badargonj,rangpur,rangpur,32,28,23,356,,83,9,,,rainy,robbery,5
6226,8,34,monday,0,morning,6 - 11:59,,22.55,90.3389,bakerganj,barisal,barisal,33,31,27,176,,77,10,,,rainy,robbery,5
6227,12,52,sunday,0,night,20 - 5:59,,23.635,89.55,baliakandi,rajbari,dhaka,26,21,14,113,,29,10,,,winter,robbery,5
6228,7,29,saturday,1,night,20 - 5:59,,23.6167,90.525,bandar,narayanganj,dhaka,32,29,28,353,,79,10,,,rainy,robbery,5
6229,1,3,wednesday,0,morning,6 - 11:59,,23.6167,90.525,bandar,narayanganj,dhaka,29,25,21,113,,53,10,,,winter,robbery,5
6230,1,3,wednesday,0,morning,6 - 11:59,,23.6167,90.525,bandar,narayanganj,dhaka,29,25,21,113,,53,10,,,winter,robbery,5
6231,7,28,monday,0,night,20 - 5:59,,24.3083,89.1708,baraigram,natore,rajshahi,34,32,28,356,,75,8,,,rainy,robbery,5
6232,1,1,friday,1,afternoon,16 - 17:59,,22.1508,90.1264,barguna sadar,barguna,barisal,29,25,21,113,,48,10,,,winter,robbery,5
6233,9,39,monday,0,night,20 - 5:59,,24.825,92.1625,beanibazar,sylhet,sylhet,32,28,24,353,,85,10,,,rainy,robbery,5
6234,1,3,monday,0,night,20 - 5:59,,24.2917,89.7,belkuchi,sirajganj,rajshahi,27,22,15,113,,51,10,,,winter,robbery,5
6235,1,3,monday,0,night,20 - 5:59,,24.2917,89.7,belkuchi,sirajganj,rajshahi,27,22,15,113,,51,10,,,winter,robbery,5
6236,1,3,monday,0,night,20 - 5:59,,24.2917,89.7,belkuchi,sirajganj,rajshahi,27,22,15,113,,51,10,,,winter,robbery,5
6237,1,3,monday,0,night,20 - 5:59,,24.2917,89.7,belkuchi,sirajganj,rajshahi,27,22,15,113,,51,10,,,winter,robbery,5
6238,3,10,monday,0,night,20 - 5:59,,24.0667,89.625,bera,pabna,rajshahi,30,25,19,116,,52,10,,,hot,robbery,5
6239,1,5,monday,0,night,20 - 5:59,,24.0667,89.625,bera,pabna,rajshahi,25,20,14,113,,44,10,,,winter,robbery,5
6240,3,10,monday,0,night,20 - 5:59,,24.05,90.98333,bhairab,kishoreganj,dhaka,35,31,23,113,,49,10,,,hot,robbery,5
6241,1,4,saturday,1,night,20 - 5:59,,24.375,90.37833,bhaluka,mymensingh,mymensingh,29,25,19,113,,46,10,,,winter,robbery,5
6242,1,4,friday,1,night,20 - 5:59,,24.375,90.37833,bhaluka,mymensingh,mymensingh,28,25,19,113,,45,10,,,winter,robbery,5
6243,1,3,monday,0,night,20 - 5:59,,23.3833,89.9833,bhanga,faridpur,dhaka,30,23,15,113,,57,10,,,winter,robbery,5
6244,1,3,monday,0,night,20 - 5:59,,23.3833,89.9833,bhanga,faridpur,dhaka,30,23,15,113,,57,10,,,winter,robbery,5
6245,1,3,monday,0,night,20 - 5:59,,23.3833,89.9833,bhanga,faridpur,dhaka,30,23,15,113,,57,10,,,winter,robbery,5
6246,1,3,monday,0,night,20 - 5:59,,23.3833,89.9833,bhanga,faridpur,dhaka,30,23,15,113,,57,10,,,winter,robbery,5
6247,9,38,wednesday,0,morning,6 - 11:59,,24.4583,89.8667,bhuapur,tangail,dhaka,36,32,28,113,,72,10,,,rainy,robbery,5
6248,2,7,monday,0,noon,12 - 15:59,,25.3783,88.9833,birampur,dinajpur,rangpur,29,24,17,113,,33,10,,,winter,robbery,5
6249,10,42,wednesday,0,night,20 - 5:59,,25.6333,88.5333,birol,dinajpur,rangpur,30,27,23,386,,86,9,,,rainy,robbery,5
6250,6,24,thursday,0,night,20 - 5:59,,25.6333,88.5333,birol,dinajpur,rangpur,39,36,30,116,,56,10,,,rainy,robbery,5
6251,11,45,thursday,0,night,20 - 5:59,,25.6333,88.5333,birol,dinajpur,rangpur,33,28,21,113,,77,10,,,winter,robbery,5
6252,3,10,tuesday,0,afternoon,16 - 17:59,,24.8083,91.7639,bishwanath,sylhet,sylhet,32,26,17,116,,44,10,,,hot,robbery,5
6253,2,6,monday,0,night,20 - 5:59,,23.3917,89.6833,boalmari,faridpur,dhaka,31,25,19,113,,35,10,,,winter,robbery,5
6254,6,22,sunday,0,night,20 - 5:59,,23.55,91.1264,burichang,comilla,chattogram,34,30,26,356,,81,9,,,rainy,robbery,5
6255,12,51,tuesday,0,night,20 - 5:59,,23.55,91.1264,burichang,comilla,chattogram,26,22,16,113,,59,10,,,winter,robbery,5
6256,8,34,friday,1,night,20 - 5:59,,21.7861,92.0778,chakaria,coxsbazar,chattogram,28,27,26,353,,87,10,,,rainy,robbery,5
6257,5,20,saturday,1,evening,18 - 19:59,,23.228401,90.645015,chandpur sadar,chandpur,chattogram,33,31,27,356,,76,8,,,hot,robbery,5
6258,11,45,thursday,0,night,20 - 5:59,,23.591766,89.976222,charbhadrasan,faridpur,dhaka,33,31,27,113,,54,10,,,winter,robbery,5
6259,11,45,thursday,0,night,20 - 5:59,,23.591766,89.976222,charbhadrasan,faridpur,dhaka,33,31,27,113,,54,10,,,winter,robbery,5
6260,7,30,wednesday,0,night,20 - 5:59,,22.1847,90.7625,charfesson,bhola,barisal,32,30,28,356,,74,9,,,rainy,robbery,5
6261,5,21,sunday,0,night,20 - 5:59,,22.1847,90.7625,charfesson,bhola,barisal,34,32,30,359,,76,8,,,hot,robbery,5
6262,4,13,saturday,1,night,20 - 5:59,,22.1847,90.7625,charfesson,bhola,barisal,30,28,25,359,,74,7,,,hot,robbery,5
6263,1,2,saturday,1,morning,6 - 11:59,,22.1847,90.7625,charfesson,bhola,barisal,30,26,20,113,,55,10,,,winter,robbery,5
6264,4,17,friday,1,night,20 - 5:59,,23.05,90.9583,chatkhil,noakhali,chattogram,32,29,27,386,,75,9,,,hot,robbery,5
6265,1,4,wednesday,0,night,20 - 5:59,,24.225,89.2917,chatmohar,pabna,rajshahi,32,26,20,113,,44,10,,,winter,robbery,5
6266,11,47,sunday,0,night,20 - 5:59,,24.225,89.2917,chatmohar,pabna,rajshahi,28,24,17,113,,49,10,,,winter,robbery,5
6267,8,31,saturday,1,evening,18 - 19:59,,24.225,89.2917,chatmohar,pabna,rajshahi,34,32,27,353,,76,10,,,rainy,robbery,5
6268,7,29,tuesday,0,night,20 - 5:59,,24.225,89.2917,chatmohar,pabna,rajshahi,33,30,27,356,,82,9,,,rainy,robbery,5
6269,2,5,sunday,0,morning,6 - 11:59,,23.2167,91.3167,chauddagram,comilla,chattogram,29,24,18,116,,45,10,,,winter,robbery,5
6270,11,47,saturday,1,noon,12 - 15:59,,25.6625,88.7833,chirirbandar,dinajpur,rangpur,28,23,16,113,,55,10,,,winter,robbery,5
6271,5,21,wednesday,0,morning,6 - 11:59,,22.78472,89.86861,chitalmari,bagerhat,khulna,34,31,28,356,,72,8,,,hot,robbery,5
6272,1,4,monday,0,morning,6 - 11:59,,23.180315,89.1608575,chougachha,jashore,khulna,27,22,14,113,,33,10,,,winter,robbery,5
6273,8,31,sunday,0,afternoon,16 - 17:59,,23.459349,91.18264,comilla sadar,comilla,chattogram,32,29,25,353,,78,9,,,rainy,robbery,5
6274,11,47,saturday,1,evening,18 - 19:59,,23.459349,91.18264,comilla sadar,comilla,chattogram,28,24,19,113,,73,10,,,winter,robbery,5
6275,12,50,wednesday,0,night,20 - 5:59,,25.0791,91.7542,companiganj,sylhet,sylhet,30,24,17,113,,69,10,,,winter,robbery,5
6276,8,35,thursday,0,night,20 - 5:59,,25.0791,91.7542,companiganj,sylhet,sylhet,34,30,26,356,,83,9,,,rainy,robbery,5
6277,8,31,friday,1,afternoon,16 - 17:59,,24.9,91.86667,dakshinsurma,sylhet,sylhet,36,33,27,386,,75,9,,,rainy,robbery,5
6278,9,39,sunday,0,noon,12 - 15:59,,24.9,91.86667,dakshinsurma,sylhet,sylhet,30,27,24,305,,84,7,,,rainy,robbery,5
6279,8,35,monday,0,night,20 - 5:59,,24.9,91.86667,dakshinsurma,sylhet,sylhet,31,29,27,386,,87,10,,,rainy,robbery,5
6280,7,29,saturday,1,night,20 - 5:59,,23.6167,88.7833,damurhuda,chuadanga,khulna,34,31,28,386,,83,7,,,rainy,robbery,5
6281,10,43,friday,1,night,20 - 5:59,,23.6167,88.7833,damurhuda,chuadanga,khulna,25,24,23,308,,96,5,,,rainy,robbery,5
6282,5,19,wednesday,0,night,20 - 5:59,,23.5333,90.7167,daudkandi,comilla,chattogram,38,33,27,176,,60,10,,,hot,robbery,5
6283,6,25,tuesday,0,night,20 - 5:59,,24.0014,88.875,daulatpur,kushtia,khulna,36,33,28,176,,63,10,,,rainy,robbery,5
6284,10,41,wednesday,0,night,20 - 5:59,,24.1417,89.9667,delduar,tangail,dhaka,33,31,28,176,,75,9,,,rainy,robbery,5
6285,11,46,tuesday,0,night,20 - 5:59,,24.1417,89.9667,delduar,tangail,dhaka,33,29,23,113,,64,10,,,winter,robbery,5
6286,3,11,saturday,1,night,20 - 5:59,,25.1417,89.7833,dewangonj,jamalpur,mymensingh,37,32,22,113,,32,10,,,hot,robbery,5
6287,3,11,saturday,1,night,20 - 5:59,,25.1417,89.7833,dewangonj,jamalpur,mymensingh,37,32,22,113,,32,10,,,hot,robbery,5
6288,12,49,sunday,0,night,20 - 5:59,,26.1278,88.925,dimla,nilphamari,rangpur,29,24,18,113,,67,10,,,winter,robbery,5
6289,9,38,friday,1,afternoon,16 - 17:59,,22.6069,90.7358,doulatkhan,bhola,barisal,31,29,27,305,,82,10,,,rainy,robbery,5
6290,3,10,saturday,1,night,20 - 5:59,,22.8083,89.425,dumuria,khulna,khulna,36,30,22,113,,33,10,,,hot,robbery,5
6291,10,44,thursday,0,night,20 - 5:59,,24.875,89.17,dupchanchia,bogura,rajshahi,31,27,21,113,,74,10,,,rainy,robbery,5
6292,2,6,wednesday,0,night,20 - 5:59,,24.875,89.45,gabtali,bogura,rajshahi,35,29,22,113,,33,10,,,winter,robbery,5
6293,8,33,friday,1,night,20 - 5:59,,23.5417,90.6083,gajaria,munshiganj,dhaka,29,27,26,356,,95,7,,,rainy,robbery,5
6294,1,2,friday,1,morning,6 - 11:59,,23.5417,90.6083,gajaria,munshiganj,dhaka,27,23,19,116,,55,10,,,winter,robbery,5
6295,6,24,friday,1,night,20 - 5:59,,22.1639,90.4306,galachipa,patuakhali,barisal,37,34,30,119,,73,10,,,rainy,robbery,5
6296,5,22,wednesday,0,night,20 - 5:59,,22.1639,90.4306,galachipa,patuakhali,barisal,34,32,29,353,,67,10,,,hot,robbery,5
6297,10,41,monday,0,night,20 - 5:59,,23.81667,88.755,gangni,meherpur,khulna,31,28,25,356,,87,8,,,rainy,robbery,5
6298,6,24,friday,1,night,20 - 5:59,,25.1333,89.3917,gobindaganj,gaibandha,rangpur,34,32,28,359,,76,7,,,rainy,robbery,5
6299,7,30,thursday,0,morning,6 - 11:59,,22.3667,91.125,hatia,noakhali,chattogram,31,30,27,356,,79,9,,,rainy,robbery,5
6300,1,2,tuesday,0,night,20 - 5:59,,22.9,90.5083,hizla,barisal,barisal,27,23,16,113,,46,10,,,winter,robbery,5
6301,7,28,saturday,1,night,20 - 5:59,,24.6833,90.625,iswarganj,mymensingh,mymensingh,31,29,26,353,,86,9,,,rainy,robbery,5
6302,3,11,monday,0,night,20 - 5:59,,24.7667,91.5431,jagannathpur,sunamganj,sylhet,35,29,18,113,,44,10,,,hot,robbery,5
6303,3,11,monday,0,night,20 - 5:59,,24.7667,91.5431,jagannathpur,sunamganj,sylhet,35,29,18,113,,44,10,,,hot,robbery,5
6304,12,50,sunday,0,night,20 - 5:59,,23.1,89.1333,jhikargacha,jashore,khulna,27,23,17,116,,47,10,,,winter,robbery,5
6305,12,52,thursday,0,night,20 - 5:59,,25.1,89.03333,joypurhat sadar,joypurhat,rajshahi,28,24,16,113,,48,10,,,winter,robbery,5
6306,3,12,friday,1,night,20 - 5:59,,24.58006,92.16467,juri,moulvibazar,sylhet,35,31,22,113,,41,10,,,hot,robbery,5
6307,6,24,friday,1,night,20 - 5:59,,22.8333,91.2,kabirhat,noakhali,chattogram,33,31,29,119,,72,10,,,rainy,robbery,5
6308,2,7,saturday,1,night,20 - 5:59,,22.8333,91.2,kabirhat,noakhali,chattogram,30,26,20,116,,39,10,,,winter,robbery,5
6309,1,3,thursday,0,evening,18 - 19:59,,25.0583,89.1833,kalai,joypurhat,rajshahi,30,25,18,113,,51,10,,,winter,robbery,5
6310,10,44,tuesday,0,morning,6 - 11:59,,21.9861,90.2422,kalapara,patuakhali,barisal,34,30,25,113,,65,10,,,rainy,robbery,5
6311,7,29,tuesday,0,night,20 - 5:59,,22.875,89.0417,kalaroa,satkhira,khulna,36,33,29,356,,74,9,,,rainy,robbery,5
6312,3,13,friday,1,morning,6 - 11:59,,23.0333,89.6167,kalia,narail,khulna,39,34,26,176,,29,10,,,hot,robbery,5
6313,3,9,thursday,0,night,20 - 5:59,,24.075,90.2167,kaliakair,gazipur,dhaka,35,30,24,113,,40,10,,,hot,robbery,5
6314,10,43,saturday,1,afternoon,16 - 17:59,,23.4139,89.1333,kaliganj,jhenaidah,khulna,23,23,22,308,,97,5,,,rainy,robbery,5
6315,8,33,thursday,0,morning,6 - 11:59,,23.925,90.5667,kaliganj,gazipur,dhaka,33,31,27,356,,78,10,,,rainy,robbery,5
6316,2,5,sunday,0,night,20 - 5:59,,23.925,90.5667,kaliganj,gazipur,dhaka,30,25,19,116,,35,10,,,winter,robbery,5
6317,6,25,thursday,0,night,20 - 5:59,,22.45,89.0417,kaliganj,satkhira,khulna,36,34,29,176,,60,10,,,rainy,robbery,5
6318,8,34,sunday,0,morning,6 - 11:59,,24.3833,90.0083,kalihati,tangail,dhaka,34,31,28,353,,73,9,,,rainy,robbery,5
6319,1,1,sunday,0,noon,12 - 15:59,,23.0667,90.2417,kalkini,madaripur,dhaka,23,20,16,113,,43,10,,,winter,robbery,5
6320,4,14,tuesday,0,night,20 - 5:59,,22.73,90.88,kamalnagar,lakshmipur,chattogram,31,29,27,119,,80,10,,,hot,robbery,5
6321,10,41,tuesday,0,night,20 - 5:59,,24.373646,89.659628,kamarkhand,sirajganj,rajshahi,33,30,25,116,,73,10,,,rainy,robbery,5
6322,12,50,thursday,0,night,20 - 5:59,,24.3667,91.8667,kamolganj,moulvibazar,sylhet,26,20,12,113,,78,10,,,winter,robbery,5
6323,11,48,monday,0,night,20 - 5:59,,23.759377,91.143823,kasba,brahmanbaria,chattogram,30,27,20,113,,68,10,,,winter,robbery,5
6324,11,45,saturday,1,night,20 - 5:59,,22.4,90.125,kathalia,jhalakathi,barisal,33,29,23,113,,57,10,,,winter,robbery,5
6325,1,1,sunday,0,night,20 - 5:59,,22.870267,89.237263,keshabpur,jashore,khulna,26,22,15,113,,41,10,,,winter,robbery,5
6326,3,12,monday,0,night,20 - 5:59,,24.489182,92.024555,kulaura,moulvibazar,sylhet,32,26,17,113,,48,10,,,hot,robbery,5
6327,10,41,monday,0,night,20 - 5:59,,23.8542,89.2417,kumarkhali,kushtia,khulna,36,33,29,113,,57,10,,,rainy,robbery,5
6328,2,6,sunday,0,night,20 - 5:59,,24.1028,91.2917,madhabpur,habiganj,sylhet,29,24,16,113,,49,10,,,winter,robbery,5
6329,2,6,sunday,0,night,20 - 5:59,,24.1028,91.2917,madhabpur,habiganj,sylhet,29,24,16,113,,49,10,,,winter,robbery,5
6330,2,6,sunday,0,night,20 - 5:59,,24.1028,91.2917,madhabpur,habiganj,sylhet,29,24,16,113,,49,10,,,winter,robbery,5
6331,2,6,sunday,0,night,20 - 5:59,,24.1028,91.2917,madhabpur,habiganj,sylhet,29,24,16,113,,49,10,,,winter,robbery,5
6332,6,25,monday,0,night,20 - 5:59,,24.1083,90.0917,mirzapur,tangail,dhaka,35,32,27,116,,69,10,,,rainy,robbery,5
6333,3,13,sunday,0,night,20 - 5:59,,24.1083,90.0917,mirzapur,tangail,dhaka,34,30,23,116,,60,9,,,hot,robbery,5
6334,5,20,friday,1,morning,6 - 11:59,,25.5417,89.2833,mithapukur,rangpur,rangpur,36,32,26,386,,75,9,,,hot,robbery,5
6335,2,7,saturday,1,night,20 - 5:59,,21.55,91.95,moheshkhali,coxsbazar,chattogram,28,25,21,113,,57,10,,,winter,robbery,5
6336,8,35,saturday,1,night,20 - 5:59,,21.55,91.95,moheshkhali,coxsbazar,chattogram,30,28,27,356,,86,9,,,rainy,robbery,5
6337,1,4,thursday,0,night,20 - 5:59,,21.55,91.95,moheshkhali,coxsbazar,chattogram,28,24,18,113,,58,10,,,winter,robbery,5
6338,7,29,tuesday,0,night,20 - 5:59,,22.2986,90.9792,monpura,bhola,barisal,32,30,28,353,,77,10,,,rainy,robbery,5
6339,6,25,tuesday,0,evening,18 - 19:59,,22.2986,90.9792,monpura,bhola,barisal,33,31,28,176,,78,10,,,rainy,robbery,5
6340,11,46,thursday,0,night,20 - 5:59,,23.65,88.6,mujibnagar,meherpur,khulna,23,23,22,296,,81,8,,,winter,robbery,5
6341,4,16,saturday,1,evening,18 - 19:59,,24.7583,90.2667,muktagacha,mymensingh,mymensingh,36,32,26,356,,76,9,,,hot,robbery,5
6342,11,44,saturday,1,night,20 - 5:59,,24.7583,90.2667,muktagacha,mymensingh,mymensingh,32,28,23,113,,66,10,,,winter,robbery,5
6343,6,26,wednesday,0,night,20 - 5:59,,22.3542,90.3181,patuakhali sadar,patuakhali,barisal,35,33,30,176,,72,9,,,rainy,robbery,5
6344,7,29,tuesday,0,morning,6 - 11:59,,22.7167,89.075,satkhira sadar,satkhira,khulna,33,31,27,353,,76,10,,,rainy,robbery,5
6345,8,35,thursday,0,morning,6 - 11:59,,23.9528,91.1167,brahmanbaria sadar,brahmanbaria,chattogram,32,29,26,386,,88,8,,,rainy,robbery,5
6346,9,37,wednesday,0,night,20 - 5:59,,25.7583,89.2333,rangpur sadar,rangpur,rangpur,33,30,25,359,,85,7,,,rainy,robbery,5
6347,9,39,tuesday,0,night,20 - 5:59,,24.075,90.2167,kaliakair,gazipur,dhaka,31,29,26,356,,87,10,,,rainy,robbery,5
6348,10,42,thursday,0,noon,12 - 15:59,,24.888242,91.868519,sylhet sadar,sylhet,sylhet,33,29,23,353,,83,8,,,rainy,robbery,5
6349,10,42,saturday,1,evening,18 - 19:59,,23.996158,90.419726,gazipur sadar,gazipur,dhaka,31,28,21,116,,76,10,,,rainy,robbery,5
6350,11,45,monday,0,night,20 - 5:59,,23.4875,89.4208,magura sadar,magura,khulna,33,29,23,113,,67,10,,,winter,robbery,5
6351,5,22,thursday,0,night,20 - 5:59,,24.8417,89.375,bogra sadar,bogura,rajshahi,37,33,25,116,,66,10,,,hot,robbery,5
6352,2,6,wednesday,0,morning,6 - 11:59,,24.3556,91.5417,bahubal,habiganj,sylhet,29,22,13,113,,60,10,,,winter,robbery,5
6353,9,36,wednesday,0,night,20 - 5:59,,24.888242,91.868519,sylhet sadar,sylhet,sylhet,27,25,24,359,,95,7,,,rainy,robbery,5
6354,2,8,friday,1,morning,6 - 11:59,,23.996158,90.419726,gazipur sadar,gazipur,dhaka,32,25,19,113,,42,10,,,winter,robbery,5
6355,11,45,monday,0,night,20 - 5:59,,24.005,89.25,pabna sadar,pabna,rajshahi,31,28,23,113,,69,10,,,winter,robbery,5
6356,2,9,monday,0,noon,12 - 15:59,,22.7,90.3667,barisal sadar,barisal,barisal,30,26,21,113,,53,10,,,winter,robbery,5
6357,3,13,thursday,0,morning,6 - 11:59,,23.175,89.505,narail sadar,narail,khulna,39,34,24,113,,45,10,,,hot,robbery,5
6358,4,15,thursday,0,night,20 - 5:59,,24.888242,91.868519,sylhet sadar,sylhet,sylhet,37,32,24,113,,58,10,,,hot,robbery,5
6359,5,19,monday,0,night,20 - 5:59,,24.56667,91.515,nabiganj,habiganj,sylhet,35,30,24,386,,76,9,,,hot,robbery,5
6360,5,19,tuesday,0,night,20 - 5:59,,23.996158,90.419726,gazipur sadar,gazipur,dhaka,37,34,28,116,,59,10,,,hot,robbery,5
6361,5,19,sunday,0,morning,6 - 11:59,,23.1667,90.2083,madaripur sadar,madaripur,dhaka,34,32,28,356,,62,10,,,hot,robbery,5
6362,5,21,monday,0,night,20 - 5:59,,22.7167,89.075,satkhira sadar,satkhira,khulna,41,37,29,116,,55,10,,,hot,robbery,5
6363,5,22,wednesday,0,night,20 - 5:59,,23.9167,90.725,narsingdi sadar,narsingdi,dhaka,34,32,27,356,,72,9,,,hot,robbery,5
6364,3,12,sunday,0,afternoon,16 - 17:59,,23.6,90.5,narayanganj sadar,narayanganj,dhaka,34,29,24,386,,63,9,,,hot,robbery,5
6365,12,51,saturday,1,noon,12 - 15:59,,25.1,89.03333,joypurhat sadar,joypurhat,rajshahi,26,22,15,113,,64,10,,,winter,robbery,5
6366,11,46,wednesday,0,night,20 - 5:59,,24.9167,89.9583,jamalpur sadar,jamalpur,mymensingh,33,29,22,113,,60,10,,,winter,robbery,5
6367,1,4,saturday,1,night,20 - 5:59,,23.6417,88.8583,chuadanga sadar,chuadanga,khulna,24,19,11,113,,30,10,,,winter,robbery,5
6368,2,5,saturday,1,evening,18 - 19:59,,23.6,90.5,narayanganj sadar,narayanganj,dhaka,29,24,18,116,,40,10,,,winter,robbery,5
6369,2,7,monday,0,night,20 - 5:59,,24.75,90.4167,mymensingh sadar,mymensingh,mymensingh,32,26,18,113,,36,10,,,winter,robbery,5
6370,2,8,tuesday,0,night,20 - 5:59,,23.0167,91.3917,feni sadar,feni,chattogram,28,24,17,113,,55,10,,,winter,robbery,5
6371,2,8,wednesday,0,night,20 - 5:59,,23.6417,88.8583,chuadanga sadar,chuadanga,khulna,30,24,16,113,,37,10,,,winter,robbery,5
6372,3,10,thursday,0,morning,6 - 11:59,,23.5417,89.1833,jhenaidah sadar,jhenaidah,khulna,36,31,23,113,,32,10,,,hot,robbery,5
6373,3,11,monday,0,noon,12 - 15:59,,23.180315,89.1608575,jessore sadar,jashore,khulna,36,31,21,113,,52,10,,,hot,robbery,5
6374,3,11,monday,0,night,20 - 5:59,,25.915,89.45,lalmonirhat sadar,lalmonirhat,rangpur,37,31,22,113,,25,10,,,hot,robbery,5
6375,3,11,saturday,1,night,20 - 5:59,,22.95,90.825,lakshmipur sadar,lakshmipur,chattogram,35,31,24,113,,55,10,,,hot,robbery,5
6376,1,3,monday,0,night,20 - 5:59,,24.8417,89.375,bogra sadar,bogura,rajshahi,27,22,15,113,,45,10,,,winter,robbery,5
6377,1,3,monday,0,night,20 - 5:59,,23.5417,89.6306,madhukhali,faridpur,dhaka,30,23,15,113,,57,10,,,winter,robbery,5
6378,11,48,sunday,0,morning,6 - 11:59,,26.0208,88.4667,thakurgaon sadar,thakurgaon,rangpur,28,23,18,113,,72,10,,,winter,robbery,5
6379,12,50,saturday,1,night,20 - 5:59,,23.996158,90.419726,gazipur sadar,gazipur,dhaka,25,21,15,122,,66,10,,,winter,robbery,5
6380,12,52,tuesday,0,night,20 - 5:59,,23.743031,89.510226,kalukhali,rajbari,dhaka,25,20,14,113,,58,10,,,winter,robbery,5
6381,12,52,thursday,0,night,20 - 5:59,,22.7167,89.075,satkhira sadar,satkhira,khulna,26,21,14,113,,40,10,,,winter,robbery,5
6382,12,52,sunday,0,morning,6 - 11:59,,24.888242,91.868519,sylhet sadar,sylhet,sylhet,27,20,12,113,,55,10,,,winter,robbery,5
6383,1,3,monday,0,night,20 - 5:59,,24.2917,89.7,belkuchi,sirajganj,rajshahi,27,22,15,113,,51,10,,,winter,robbery,5
6384,1,3,monday,0,night,20 - 5:59,,24.8417,89.375,bogra sadar,bogura,rajshahi,27,22,15,113,,45,10,,,winter,robbery,5
6385,1,3,monday,0,night,20 - 5:59,,23.3833,89.9833,bhanga,faridpur,dhaka,30,23,15,113,,57,10,,,winter,robbery,5
6386,1,3,monday,0,night,20 - 5:59,,24.8417,89.375,bogra sadar,bogura,rajshahi,27,22,15,113,,45,10,,,winter,robbery,5
6387,1,3,monday,0,night,20 - 5:59,,24.8417,89.375,bogra sadar,bogura,rajshahi,27,22,15,113,,45,10,,,winter,robbery,5
6388,1,3,monday,0,night,20 - 5:59,,24.8417,89.375,bogra sadar,bogura,rajshahi,27,22,15,113,,45,10,,,winter,robbery,5
6389,1,2,tuesday,0,night,20 - 5:59,,22.7167,89.075,satkhira sadar,satkhira,khulna,26,22,16,122,,57,10,,,winter,robbery,5
6390,1,2,sunday,0,noon,12 - 15:59,,23.996158,90.419726,gazipur sadar,gazipur,dhaka,26,22,17,116,,62,10,,,winter,robbery,5
6391,11,48,wednesday,0,night,20 - 5:59,,23.85,90.01,shibaloy,manikganj,dhaka,32,28,22,113,,66,10,,,winter,robbery,5
6392,10,42,sunday,0,night,20 - 5:59,,23.85,90.0111,manikganj sadar,manikganj,dhaka,30,27,21,119,,80,10,,,rainy,robbery,5
6393,10,43,friday,1,noon,12 - 15:59,,25.1,89.03333,joypurhat sadar,joypurhat,rajshahi,30,27,21,113,,73,10,,,rainy,robbery,5
6394,11,46,wednesday,0,night,20 - 5:59,,23.85,90.0111,manikganj sadar,manikganj,dhaka,28,27,24,296,,61,8,,,winter,robbery,5
6395,1,3,monday,0,night,20 - 5:59,,24.66667,89.41667,sherpur,bogura,rajshahi,29,23,15,113,,47,10,,,winter,robbery,5
6396,1,3,thursday,0,night,20 - 5:59,,22.7,90.3667,barisal sadar,barisal,barisal,30,25,20,113,,50,10,,,winter,robbery,5
6397,1,4,saturday,1,night,20 - 5:59,,23.0167,91.3917,feni sadar,feni,chattogram,28,24,18,113,,47,10,,,winter,robbery,5
6398,11,48,monday,0,night,20 - 5:59,,25.7583,89.2333,rangpur sadar,rangpur,rangpur,30,25,18,113,,69,10,,,winter,robbery,5
6399,10,43,monday,0,night,20 - 5:59,,23.605717,89.841728,faridpur sadar,faridpur,dhaka,32,30,27,116,,66,10,,,rainy,robbery,5
6400,10,40,sunday,0,evening,18 - 19:59,,24.75,90.4167,mymensingh sadar,mymensingh,mymensingh,28,26,24,356,,96,6,,,rainy,robbery,5
6401,10,40,saturday,1,night,20 - 5:59,,23.6,90.5,narayanganj sadar,narayanganj,dhaka,30,28,25,353,,89,9,,,rainy,robbery,5
6402,1,4,friday,1,night,20 - 5:59,,23.0167,91.3917,feni sadar,feni,chattogram,28,24,17,113,,55,10,,,winter,robbery,5
6403,11,45,saturday,1,night,20 - 5:59,,23.775,88.6417,meherpur sadar,meherpur,khulna,31,27,22,113,,73,10,,,winter,robbery,5
6404,1,5,tuesday,0,night,20 - 5:59,,23.9167,90.725,narsingdi sadar,narsingdi,dhaka,29,25,19,113,,43,10,,,winter,robbery,5
6405,1,5,wednesday,0,night,20 - 5:59,,25.7583,89.2333,rangpur sadar,rangpur,rangpur,28,23,17,113,,60,10,,,winter,robbery,5
6406,11,46,tuesday,0,morning,6 - 11:59,,25.51667,88.88333,fulbari,dinajpur,rangpur,33,28,22,113,,70,10,,,winter,robbery,5
6407,11,47,thursday,0,morning,6 - 11:59,,23.4875,89.4208,magura sadar,magura,khulna,33,29,22,113,,63,10,,,winter,robbery,5
6408,11,47,thursday,0,night,20 - 5:59,,25.6333,88.65,dinajpur sadar,dinajpur,rangpur,33,28,21,113,,68,10,,,winter,robbery,5
6409,11,48,friday,1,morning,6 - 11:59,,22.7,90.3667,barisal sadar,barisal,barisal,32,28,23,113,,65,10,,,winter,robbery,5
6410,5,20,sunday,0,night,20 - 5:59,,23.996158,90.419726,gazipur sadar,gazipur,dhaka,34,31,28,353,,69,10,,,hot,robbery,5
6411,12,50,saturday,1,night,20 - 5:59,,24.586659,88.275275,chapainawabganj sadar,chapainawabganj,rajshahi,30,24,20,116,,50,10,,,winter,robbery,5
6412,12,51,wednesday,0,morning,6 - 11:59,,23.9528,91.1167,brahmanbaria sadar,brahmanbaria,chattogram,26,23,17,113,,61,10,,,winter,robbery,5
6413,12,51,saturday,1,night,20 - 5:59,,24.9167,89.9583,jamalpur sadar,jamalpur,mymensingh,25,21,15,176,,67,9,,,winter,robbery,5
6414,3,11,saturday,1,night,20 - 5:59,,22.95,90.825,lakshmipur sadar,lakshmipur,chattogram,35,31,24,113,,55,10,,,hot,robbery,5
6415,5,19,thursday,0,morning,6 - 11:59,,23.6,90.5,narayanganj sadar,narayanganj,dhaka,38,34,28,200,,60,10,,,hot,robbery,5
6416,4,18,monday,0,morning,6 - 11:59,,22.7167,89.075,satkhira sadar,satkhira,khulna,34,31,25,176,,61,10,,,hot,robbery,5
6417,2,6,wednesday,0,night,20 - 5:59,,24.888242,91.868519,sylhet sadar,sylhet,sylhet,33,27,14,113,,38,10,,,winter,robbery,5
6418,2,7,tuesday,0,noon,12 - 15:59,,23.0167,91.3917,feni sadar,feni,chattogram,30,26,18,113,,43,10,,,winter,robbery,5
6419,2,7,sunday,0,night,20 - 5:59,,22.1294,90.2289,amtali,barguna,barisal,28,25,21,353,,62,10,,,winter,robbery,5
6420,2,9,tuesday,0,night,20 - 5:59,,22.7167,89.075,satkhira sadar,satkhira,khulna,35,29,22,113,,56,10,,,winter,robbery,5
6421,3,12,tuesday,0,night,20 - 5:59,,23.5417,89.1833,jhenaidah sadar,jhenaidah,khulna,35,30,21,113,,38,10,,,hot,robbery,5
6422,3,12,sunday,0,night,20 - 5:59,,23.180315,89.1608575,jessore sadar,jashore,khulna,39,34,25,113,,21,10,,,hot,robbery,5
6423,3,13,wednesday,0,night,20 - 5:59,,24.4139,88.93,natore sadar,natore,rajshahi,38,34,26,176,,32,10,,,hot,robbery,5
6424,4,15,sunday,0,night,20 - 5:59,,23.9611,89.8417,doulatpur,manikganj,dhaka,35,32,27,386,,57,10,,,hot,robbery,5
6425,4,16,thursday,0,noon,12 - 15:59,,25.9417,88.8444,nilphamari sadar,nilphamari,rangpur,38,34,26,116,,36,10,,,hot,robbery,5
6426,4,16,thursday,0,night,20 - 5:59,,24.4778,91.7667,moulvibazar sadar,moulvibazar,sylhet,35,32,26,119,,47,10,,,hot,robbery,5
6427,4,14,friday,1,noon,12 - 15:59,,22.7,90.3667,barisal sadar,barisal,barisal,32,30,27,386,,74,9,,,hot,robbery,5
6428,4,17,sunday,0,morning,6 - 11:59,,23.6,90.5,narayanganj sadar,narayanganj,dhaka,36,32,27,356,,68,9,,,hot,robbery,5
6429,5,22,monday,0,afternoon,16 - 17:59,,24.888242,91.868519,sylhet sadar,sylhet,sylhet,36,32,27,356,,76,8,,,hot,robbery,5
6430,7,27,friday,1,night,20 - 5:59,,22.7,90.3667,barisal sadar,barisal,barisal,32,30,27,353,,79,10,,,rainy,robbery,5
6431,7,28,thursday,0,night,20 - 5:59,,23.996158,90.419726,gazipur sadar,gazipur,dhaka,32,30,27,353,,84,9,,,rainy,robbery,5
6432,7,30,friday,1,night,20 - 5:59,,23.0167,91.3917,feni sadar,feni,chattogram,29,28,26,353,,86,9,,,rainy,robbery,5
6433,8,31,thursday,0,morning,6 - 11:59,,24.8417,89.375,bogra sadar,bogura,rajshahi,32,29,26,353,,84,9,,,rainy,robbery,5
6434,8,33,saturday,1,night,20 - 5:59,,24.9167,89.9583,jamalpur sadar,jamalpur,mymensingh,34,31,25,200,,83,6,,,rainy,robbery,5
6435,8,33,friday,1,night,20 - 5:59,,24.9167,89.9583,jamalpur sadar,jamalpur,mymensingh,29,28,26,302,,92,7,,,rainy,robbery,5
6436,8,34,monday,0,night,20 - 5:59,,25.06667,91.4,sunamganj sadar,sunamganj,sylhet,32,28,26,389,,86,8,,,rainy,robbery,5
6437,9,36,wednesday,0,night,20 - 5:59,,24.888242,91.868519,sylhet sadar,sylhet,sylhet,27,25,24,359,,95,7,,,rainy,robbery,5
6438,9,37,wednesday,0,evening,18 - 19:59,,24.888242,91.868519,sylhet sadar,sylhet,sylhet,35,30,24,176,,80,8,,,rainy,robbery,5
6439,9,39,sunday,0,noon,12 - 15:59,,24.888242,91.868519,sylhet sadar,sylhet,sylhet,30,27,24,305,,84,7,,,rainy,robbery,5
6440,5,21,wednesday,0,night,20 - 5:59,,26.0208,88.4667,thakurgaon sadar,thakurgaon,rangpur,38,34,27,386,,65,10,,,hot,robbery,5
6441,10,40,thursday,0,night,20 - 5:59,,24.1028,91.2917,madhabpur,habiganj,sylhet,35,32,27,113,,73,10,,,rainy,robbery,5
6442,10,40,thursday,0,night,20 - 5:59,,22.7,90.3667,barisal sadar,barisal,barisal,34,32,29,116,,73,10,,,rainy,robbery,5
6443,3,11,saturday,1,night,20 - 5:59,,24.9167,89.9583,jamalpur sadar,jamalpur,mymensingh,35,31,24,113,,39,10,,,hot,robbery,5
6444,3,12,friday,1,night,20 - 5:59,,25.915,89.45,lalmonirhat sadar,lalmonirhat,rangpur,40,34,24,113,,26,10,,,hot,robbery,5
6445,4,17,wednesday,0,evening,18 - 19:59,,23.180315,89.1608575,jessore sadar,jashore,khulna,42,37,28,116,,56,10,,,hot,robbery,5
6446,5,18,thursday,0,night,20 - 5:59,,25.05,91.5667,dowarabazar,sunamganj,sylhet,34,31,24,176,,63,10,,,hot,robbery,5
6447,5,21,tuesday,0,night,20 - 5:59,,24.005,89.25,pabna sadar,pabna,rajshahi,37,34,29,386,,65,10,,,hot,robbery,5
6448,5,21,sunday,0,morning,6 - 11:59,,23.5417,89.1833,jhenaidah sadar,jhenaidah,khulna,37,34,28,386,,67,10,,,hot,robbery,5
6449,1,1,saturday,1,night,20 - 5:59,,23.65,88.6,mujibnagar,meherpur,khulna,26,21,15,113,,39,10,,,winter,robbery,5
6450,1,2,friday,1,night,20 - 5:59,,23.6,90.5,narayanganj sadar,narayanganj,dhaka,27,23,19,116,,55,10,,,winter,robbery,5
6451,1,4,wednesday,0,morning,6 - 11:59,,23.605717,89.841728,faridpur sadar,faridpur,dhaka,27,22,16,113,,38,10,,,winter,robbery,5
6452,2,5,monday,0,night,20 - 5:59,,23.228401,90.645015,chandpur sadar,chandpur,chattogram,28,25,20,113,,68,10,,,winter,robbery,5
6453,2,5,thursday,0,afternoon,16 - 17:59,,23.996158,90.419726,gazipur sadar,gazipur,dhaka,29,25,19,113,,38,10,,,winter,robbery,5
6454,2,5,wednesday,0,night,20 - 5:59,,23.9167,90.725,narsingdi sadar,narsingdi,dhaka,29,25,18,113,,42,10,,,winter,robbery,5
6455,2,5,sunday,0,night,20 - 5:59,,23.85,90.0111,manikganj sadar,manikganj,dhaka,29,25,19,113,,35,10,,,winter,robbery,5
6456,2,7,tuesday,0,morning,6 - 11:59,,24.4778,91.7667,moulvibazar sadar,moulvibazar,sylhet,34,28,19,113,,51,10,,,winter,robbery,5
6457,2,7,friday,1,morning,6 - 11:59,,25.915,89.45,lalmonirhat sadar,lalmonirhat,rangpur,35,30,22,113,,38,10,,,winter,robbery,5
6458,8,33,tuesday,0,morning,6 - 11:59,,25.915,89.45,lalmonirhat sadar,lalmonirhat,rangpur,35,33,29,353,,72,10,,,rainy,robbery,5
6459,3,9,thursday,0,morning,6 - 11:59,,24.888242,91.868519,sylhet sadar,sylhet,sylhet,37,30,21,113,,39,10,,,hot,robbery,5
6460,7,31,monday,0,morning,6 - 11:59,,25.7583,89.2333,rangpur sadar,rangpur,rangpur,33,30,28,353,,80,9,,,rainy,robbery,5
6461,8,32,friday,1,night,20 - 5:59,,23.85,90.0111,manikganj sadar,manikganj,dhaka,33,31,28,386,,80,9,,,rainy,robbery,5
6462,8,32,saturday,1,morning,6 - 11:59,,24.8417,89.375,bogra sadar,bogura,rajshahi,34,31,28,359,,77,8,,,rainy,robbery,5
6463,8,33,thursday,0,morning,6 - 11:59,,23.85,90.0111,manikganj sadar,manikganj,dhaka,33,31,28,353,,79,10,,,rainy,robbery,5
6464,7,31,monday,0,morning,6 - 11:59,,23.996158,90.419726,gazipur sadar,gazipur,dhaka,26,25,24,308,,90,8,,,rainy,robbery,5
6465,9,38,friday,1,morning,6 - 11:59,,23.180315,89.1608575,jessore sadar,jashore,khulna,32,29,26,356,,83,8,,,rainy,robbery,5
6466,9,39,monday,0,night,20 - 5:59,,22.3542,90.3181,patuakhali sadar,patuakhali,barisal,31,30,28,353,,80,10,,,rainy,robbery,5
6467,9,38,wednesday,0,night,20 - 5:59,,22.3542,90.3181,patuakhali sadar,patuakhali,barisal,31,30,28,359,,79,7,,,rainy,robbery,5
6468,1,2,tuesday,0,night,20 - 5:59,,24.075,90.2167,kaliakair,gazipur,dhaka,27,23,13,113,,52,10,,,winter,robbery,5
6469,7,30,thursday,0,morning,6 - 11:59,,21.454718,92.010452,coxsbazar sadar,coxsbazar,chattogram,32,30,27,356,,77,10,,,rainy,robbery,5
6470,7,30,tuesday,0,afternoon,16 - 17:59,,23.228401,90.645015,chandpur sadar,chandpur,chattogram,33,31,28,359,,76,8,,,rainy,robbery,5
6471,6,25,monday,0,morning,6 - 11:59,,22.2917,89.7917,sarankhola,bagerhat,khulna,31,29,29,353,,73,10,,,rainy,robbery,5
6472,6,24,sunday,0,night,20 - 5:59,,22.6903,90.6525,bhola sadar,bhola,barisal,33,31,28,116,,70,10,,,rainy,robbery,5
6473,6,25,friday,1,noon,12 - 15:59,,22.8256,91.1014,noakhali sadar,noakhali,chattogram,34,32,29,176,,67,10,,,rainy,robbery,5
6474,6,25,saturday,1,noon,12 - 15:59,,22.8256,91.1014,noakhali sadar,noakhali,chattogram,35,32,29,176,,66,10,,,rainy,robbery,5
6475,7,30,thursday,0,morning,6 - 11:59,,23.5417,89.1833,jhenaidah sadar,jhenaidah,khulna,34,31,28,359,,77,8,,,rainy,robbery,5
6476,6,25,sunday,0,morning,6 - 11:59,,25.7583,89.2333,rangpur sadar,rangpur,rangpur,34,31,28,359,,74,9,,,rainy,robbery,5
6477,6,26,wednesday,0,morning,6 - 11:59,,24.8417,89.375,bogra sadar,bogura,rajshahi,29,28,27,359,,89,7,,,rainy,robbery,5
6478,7,27,wednesday,0,night,20 - 5:59,,24.875,90.7333,netrokona sadar,netrokona,mymensingh,33,30,26,200,,80,9,,,rainy,robbery,5
6479,7,28,monday,0,morning,6 - 11:59,,22.8256,91.1014,noakhali sadar,noakhali,chattogram,33,31,28,176,,76,10,,,rainy,robbery,5
6480,7,28,thursday,0,night,20 - 5:59,,24.9167,89.9583,jamalpur sadar,jamalpur,mymensingh,27,26,26,302,,94,8,,,rainy,robbery,5
6481,1,1,thursday,0,night,20 - 5:59,,23.180315,89.1608575,jessore sadar,jashore,khulna,29,25,19,113,,36,10,,,winter,robbery,5
6482,1,5,tuesday,0,night,20 - 5:59,,23.996158,90.419726,gazipur sadar,gazipur,dhaka,24,22,20,386,,53,10,,,winter,robbery,5
6483,1,3,monday,0,night,20 - 5:59,,23.20833,90.35,shariatpur sadar,shariatpur,dhaka,28,25,20,113,,49,10,,,winter,robbery,5
6484,1,3,monday,0,night,20 - 5:59,,23.20833,90.35,shariatpur sadar,shariatpur,dhaka,28,25,20,113,,49,10,,,winter,robbery,5
6485,1,3,monday,0,night,20 - 5:59,,23.20833,90.35,shariatpur sadar,shariatpur,dhaka,28,25,20,113,,49,10,,,winter,robbery,5
6486,1,3,monday,0,night,20 - 5:59,,23.20833,90.35,shariatpur sadar,shariatpur,dhaka,28,25,20,113,,49,10,,,winter,robbery,5
6487,7,29,saturday,1,night,20 - 5:59,,23.6,90.5,narayanganj sadar,narayanganj,dhaka,32,29,28,353,,79,10,,,rainy,robbery,5
6488,1,1,thursday,0,night,20 - 5:59,,23.7583,88.95,alamdanga,chuadanga,khulna,29,23,17,113,,42,10,,,winter,robbery,5
6489,11,47,wednesday,0,night,20 - 5:59,,24.75,90.4167,mymensingh sadar,mymensingh,mymensingh,30,26,20,113,,65,10,,,winter,robbery,5
6490,11,47,saturday,1,night,20 - 5:59,,23.6417,88.8583,chuadanga sadar,chuadanga,khulna,30,26,21,113,,46,10,,,winter,robbery,5
6491,6,25,wednesday,0,night,20 - 5:59,,23.6417,88.8583,chuadanga sadar,chuadanga,khulna,34,32,28,356,,68,10,,,rainy,robbery,5
6492,7,28,thursday,0,night,20 - 5:59,,24.4583,89.7,sirajganj sadar,sirajganj,rajshahi,32,30,26,353,,81,10,,,rainy,robbery,5
6493,7,29,sunday,0,morning,6 - 11:59,,25.7583,89.2333,rangpur sadar,rangpur,rangpur,34,31,28,176,,73,10,,,rainy,robbery,5
6494,1,1,tuesday,0,night,20 - 5:59,,23.6,90.5,narayanganj sadar,narayanganj,dhaka,30,24,18,113,,50,10,,,winter,robbery,5
6495,1,1,sunday,0,morning,6 - 11:59,,24.8417,89.375,bogra sadar,bogura,rajshahi,30,25,20,113,,48,10,,,winter,robbery,5
6496,1,1,thursday,0,night,20 - 5:59,,23.6417,88.8583,chuadanga sadar,chuadanga,khulna,29,24,18,113,,43,10,,,winter,robbery,5
6497,5,22,thursday,0,night,20 - 5:59,,23.6417,88.8583,chuadanga sadar,chuadanga,khulna,37,34,30,353,,63,10,,,hot,robbery,5
6498,1,4,friday,1,night,20 - 5:59,,25.51667,88.88333,fulbari,dinajpur,rangpur,27,22,18,113,,46,10,,,winter,robbery,5
6499,2,7,thursday,0,night,20 - 5:59,,24.75,90.4167,mymensingh sadar,mymensingh,mymensingh,30,26,19,116,,47,10,,,winter,robbery,5
6500,3,13,saturday,1,night,20 - 5:59,,26.3347,88.5583,panchagarh sadar,panchagarh,rangpur,33,31,23,356,,46,9,,,hot,robbery,5
6501,5,20,monday,0,morning,6 - 11:59,,24.1028,91.2917,madhabpur,habiganj,sylhet,38,35,28,353,,67,10,,,hot,robbery,5
6502,8,33,saturday,1,night,20 - 5:59,,23.6417,88.8583,chuadanga sadar,chuadanga,khulna,33,30,26,356,,82,8,,,rainy,robbery,5
6503,8,35,thursday,0,morning,6 - 11:59,,23.180315,89.1608575,jessore sadar,jashore,khulna,33,31,27,356,,82,9,,,rainy,robbery,5
6504,8,34,sunday,0,night,20 - 5:59,,22.6431,90.2,jhalakathi sadar,jhalakathi,barisal,32,30,26,386,,78,9,,,rainy,robbery,5
6505,6,25,wednesday,0,morning,6 - 11:59,,23.180315,89.1608575,jessore sadar,jashore,khulna,40,37,30,386,,55,10,,,rainy,robbery,5
6506,4,16,friday,1,night,20 - 5:59,,23.775,88.6417,meherpur sadar,meherpur,khulna,40,35,28,116,,55,10,,,hot,robbery,5
6507,8,32,monday,0,night,20 - 5:59,,25.333317,89.520761,gaibandha sadar,gaibandha,rangpur,35,33,28,353,,68,10,,,rainy,robbery,5
6508,8,35,thursday,0,night,20 - 5:59,,22.65,92.1833,rangamati sadar,rangamati,chattogram,30,28,24,356,,89,5,,,rainy,robbery,5
6509,2,8,monday,0,morning,6 - 11:59,,25.7583,89.2333,rangpur sadar,rangpur,rangpur,30,26,21,113,,36,10,,,winter,robbery,5
6510,5,19,saturday,1,night,20 - 5:59,,24.56667,91.515,nabiganj,habiganj,sylhet,32,29,24,359,,89,6,,,hot,robbery,5
6511,8,34,thursday,0,night,20 - 5:59,,23.16667,91.2,nangalkot,comilla,chattogram,31,28,24,353,,87,7,,,rainy,robbery,5
6512,2,5,friday,1,evening,18 - 19:59,,23.9167,90.725,narsingdi sadar,narsingdi,dhaka,29,25,18,113,,51,10,,,winter,robbery,5
6513,11,45,tuesday,0,morning,6 - 11:59,,23.95,90.625,palash,narsingdi,dhaka,31,28,23,116,,69,10,,,winter,robbery,5
6514,10,40,tuesday,0,morning,6 - 11:59,,25.195,89.02,panchbibi,joypurhat,rajshahi,28,25,22,353,,88,9,,,rainy,robbery,5
6515,5,21,saturday,1,morning,6 - 11:59,,25.6533,88.9155,parbatipur,dinajpur,rangpur,37,33,27,386,,72,10,,,hot,robbery,5
6516,2,5,friday,1,night,20 - 5:59,,25.6533,88.9155,parbatipur,dinajpur,rangpur,31,25,18,113,,47,10,,,winter,robbery,5
6517,5,19,thursday,0,night,20 - 5:59,,25.6533,88.9155,parbatipur,dinajpur,rangpur,40,34,27,176,,60,10,,,hot,robbery,5
6518,6,26,thursday,0,night,20 - 5:59,,25.6533,88.9155,parbatipur,dinajpur,rangpur,34,31,27,356,,84,7,,,rainy,robbery,5
6519,5,18,saturday,1,night,20 - 5:59,,25.6533,88.9155,parbatipur,dinajpur,rangpur,34,31,27,386,,71,8,,,hot,robbery,5
6520,11,48,thursday,0,night,20 - 5:59,,26.35,89.01667,patgram,lalmonirhat,rangpur,29,25,18,113,,71,10,,,winter,robbery,5
6521,11,48,sunday,0,night,20 - 5:59,,21.813624,91.964845,pekua,coxsbazar,chattogram,25,23,20,113,,72,10,,,winter,robbery,5
6522,10,42,tuesday,0,morning,6 - 11:59,,25.51667,88.88333,phulbari,dinajpur,rangpur,33,28,23,386,,81,10,,,rainy,robbery,5
6523,8,33,wednesday,0,morning,6 - 11:59,,25.1917,89.6167,phulchari,gaibandha,rangpur,34,30,27,386,,79,10,,,rainy,robbery,5
6524,6,22,sunday,0,night,20 - 5:59,,25.58,89.4,pirgacha,rangpur,rangpur,37,33,28,356,,61,9,,,rainy,robbery,5
6525,10,41,friday,1,night,20 - 5:59,,24.375,88.85,puthia,rajshahi,rajshahi,35,31,26,116,,69,10,,,rainy,robbery,5
6526,3,10,monday,0,night,20 - 5:59,,25.8,89.55,rajarhat,kurigram,rangpur,37,31,22,113,,35,10,,,hot,robbery,5
6527,5,18,thursday,0,night,20 - 5:59,,24.5194,91.8667,rajnagar,moulvibazar,sylhet,36,32,25,356,,72,9,,,hot,robbery,5
6528,7,29,monday,0,night,20 - 5:59,,23.105,90.875,ramganj,lakshmipur,chattogram,32,30,27,353,,81,10,,,rainy,robbery,5
6529,8,35,friday,1,night,20 - 5:59,,22.6056,90.9972,ramgati,lakshmipur,chattogram,31,29,27,386,,81,10,,,rainy,robbery,5
6530,1,4,tuesday,0,morning,6 - 11:59,,21.429087,92.089241,ramu,coxsbazar,chattogram,24,22,19,113,,68,10,,,winter,robbery,5
6531,9,39,saturday,1,night,20 - 5:59,,21.429087,92.089241,ramu,coxsbazar,chattogram,30,29,28,356,,80,10,,,rainy,robbery,5
6532,2,6,saturday,1,night,20 - 5:59,,23.7931,90.5167,rupganj,narayanganj,dhaka,32,28,22,113,,58,10,,,winter,robbery,5
6533,6,23,saturday,1,noon,12 - 15:59,,23.7931,90.5167,rupganj,narayanganj,dhaka,36,34,29,356,,65,9,,,rainy,robbery,5
6534,11,45,thursday,0,night,20 - 5:59,,23.4764,90.0333,sadarpur,faridpur,dhaka,33,31,27,113,,54,10,,,winter,robbery,5
6535,11,45,thursday,0,night,20 - 5:59,,23.4764,90.0333,sadarpur,faridpur,dhaka,33,31,27,113,,54,10,,,winter,robbery,5
6536,11,46,tuesday,0,night,20 - 5:59,,25.3833,89.4667,sadullapur,gaibandha,rangpur,30,25,17,113,,67,10,,,winter,robbery,5
6537,8,31,wednesday,0,morning,6 - 11:59,,24.09247,91.11978,sarail,brahmanbaria,chattogram,36,32,27,116,,75,10,,,rainy,robbery,5
6538,3,10,wednesday,0,night,20 - 5:59,,24.09247,91.11978,sarail,brahmanbaria,chattogram,30,25,19,353,,74,10,,,hot,robbery,5
6539,3,10,wednesday,0,night,20 - 5:59,,24.09247,91.11978,sarail,brahmanbaria,chattogram,30,25,19,353,,74,10,,,hot,robbery,5
6540,3,10,wednesday,0,night,20 - 5:59,,24.09247,91.11978,sarail,brahmanbaria,chattogram,30,25,19,353,,74,10,,,hot,robbery,5
6541,3,10,wednesday,0,night,20 - 5:59,,24.09247,91.11978,sarail,brahmanbaria,chattogram,30,25,19,353,,74,10,,,hot,robbery,5
6542,11,46,saturday,1,night,20 - 5:59,,24.09247,91.11978,sarail,brahmanbaria,chattogram,31,26,18,113,,68,10,,,winter,robbery,5
6543,11,46,saturday,1,night,20 - 5:59,,24.09247,91.11978,sarail,brahmanbaria,chattogram,31,28,23,353,,77,10,,,winter,robbery,5
6544,10,43,thursday,0,morning,6 - 11:59,,24.17,89.58833,shahjadpur,sirajganj,rajshahi,32,29,25,176,,66,10,,,rainy,robbery,5
6545,3,9,wednesday,0,night,20 - 5:59,,24.762147,89.382832,shajahanpur,bogura,rajshahi,33,29,23,113,,38,10,,,hot,robbery,5
6546,7,31,tuesday,0,night,20 - 5:59,,24.762147,89.382832,shajahanpur,bogura,rajshahi,34,31,27,359,,76,7,,,rainy,robbery,5
6547,8,32,tuesday,0,night,20 - 5:59,,24.762147,89.382832,shajahanpur,bogura,rajshahi,32,29,26,356,,84,9,,,rainy,robbery,5
6548,5,19,saturday,1,noon,12 - 15:59,,24.8833,89.5667,shariakandi,bogura,rajshahi,35,32,26,353,,53,10,,,hot,robbery,5
6549,4,17,wednesday,0,morning,6 - 11:59,,23.0744,88.8667,sharsha,jashore,khulna,39,35,29,386,,60,10,,,hot,robbery,5
6550,9,36,wednesday,0,night,20 - 5:59,,24.66667,89.41667,sherpur,bogura,rajshahi,34,32,29,359,,72,8,,,rainy,robbery,5
6551,6,26,tuesday,0,night,20 - 5:59,,23.35,90.1667,shibchar,madaripur,dhaka,34,31,28,356,,81,9,,,rainy,robbery,5
6552,8,33,monday,0,night,20 - 5:59,,23.8167,90.15,singiar,manikganj,dhaka,34,32,28,116,,75,10,,,rainy,robbery,5
6553,1,2,friday,1,night,20 - 5:59,,23.8167,90.15,singiar,manikganj,dhaka,25,20,13,113,,47,10,,,winter,robbery,5
6554,2,6,tuesday,0,night,20 - 5:59,,23.5667,90.3833,sirajdikhan,munshiganj,dhaka,30,25,19,176,,59,10,,,winter,robbery,5
6555,6,24,monday,0,night,20 - 5:59,,23.5667,90.3833,sirajdikhan,munshiganj,dhaka,36,33,29,353,,72,10,,,rainy,robbery,5
6556,8,33,friday,1,morning,6 - 11:59,,24.3083,91.7333,sreemangal,moulvibazar,sylhet,33,30,26,356,,83,8,,,rainy,robbery,5
6557,11,46,thursday,0,night,20 - 5:59,,23.5361,90.2917,sreenagar,munshiganj,dhaka,33,29,24,113,,64,10,,,winter,robbery,5
6558,3,13,monday,0,night,20 - 5:59,,23.5361,90.2917,sreenagar,munshiganj,dhaka,38,33,26,113,,29,10,,,hot,robbery,5
6559,4,16,sunday,0,night,20 - 5:59,,24.2,90.4667,sreepur,gazipur,dhaka,35,32,26,176,,62,10,,,hot,robbery,5
6560,5,22,monday,0,night,20 - 5:59,,24.2,90.4667,sreepur,gazipur,dhaka,35,32,27,356,,76,8,,,hot,robbery,5
6561,2,5,wednesday,0,night,20 - 5:59,,24.2,90.4667,sreepur,gazipur,dhaka,30,25,19,113,,42,10,,,winter,robbery,5
6562,2,6,sunday,0,morning,6 - 11:59,,24.2,90.4667,sreepur,gazipur,dhaka,33,28,21,113,,51,10,,,winter,robbery,5
6563,1,2,friday,1,night,20 - 5:59,,24.2,90.4667,sreepur,gazipur,dhaka,28,23,18,113,,51,10,,,winter,robbery,5
6564,12,52,monday,0,evening,18 - 19:59,,23.9167,89.4333,sujanagar,pabna,rajshahi,25,20,14,113,,54,10,,,winter,robbery,5
6565,5,19,monday,0,morning,6 - 11:59,,25.56436,89.51909,sundarganj,gaibandha,rangpur,38,33,25,356,,60,9,,,hot,robbery,5
6566,3,13,thursday,0,morning,6 - 11:59,,22.75,89.25,tala,satkhira,khulna,36,31,24,116,,59,10,,,hot,robbery,5
6567,10,44,wednesday,0,morning,6 - 11:59,,22.75,89.25,tala,satkhira,khulna,33,29,23,113,,71,10,,,rainy,robbery,5
6568,7,31,tuesday,0,night,20 - 5:59,,22.75,89.25,tala,satkhira,khulna,32,30,26,356,,81,9,,,rainy,robbery,5
6569,3,10,tuesday,0,night,20 - 5:59,,23.5,90.4583,tongibari,munshiganj,dhaka,30,26,22,356,,72,9,,,hot,robbery,5
6570,10,42,saturday,1,night,20 - 5:59,,23.5,90.4583,tongibari,munshiganj,dhaka,32,29,25,176,,74,10,,,rainy,robbery,5
6571,3,10,tuesday,0,night,20 - 5:59,,23.5,90.4583,tongibari,munshiganj,dhaka,30,26,22,356,,72,9,,,hot,robbery,5
6572,1,2,wednesday,0,night,20 - 5:59,,24.8778,92.3722,zakiganj,sylhet,sylhet,25,20,12,113,,62,10,,,winter,robbery,5
6573,1,4,tuesday,0,night,20 - 5:59,,22.50439,89.97897,zianagar,pirojpur,barisal,26,22,16,113,,37,10,,,winter,robbery,5
