hour,,day,,,lat,lng,,,,,,,,weight
7,,wednesday,,,23.77456936,90.35529228,,,,,,,,6.1
1,,wednesday,,,23.77456936,90.35529228,,,,,,,,0
1,,tuesday,,,23.769808,90.351595,,,,,,,,0
3,,friday,,,23.728907,90.417137,,,,,,,,0
8,,thursday,,,23.847177,90.4041325,,,,,,,,21.9
8,,thursday,,,23.847177,90.4041325,,,,,,,,21.9
2,,sunday,,,23.913894,90.320686,,,,,,,,0.6
1,,saturday,,,23.913894,90.320686,,,,,,,,0
1,,friday,,,23.913894,90.320686,,,,,,,,0
2,,sunday,,,23.913894,90.320686,,,,,,,,0.6
11,,monday,,,23.913894,90.320686,,,,,,,,0
11,,sunday,,,23.913894,90.320686,,,,,,,,0
2,,sunday,,,23.913894,90.320686,,,,,,,,0.6
2,,saturday,,,23.913894,90.320686,,,,,,,,0
9,,friday,,,23.913894,90.320686,,,,,,,,7.8
6,,monday,,,23.913894,90.320686,,,,,,,,2.6
4,,sunday,,,23.913894,90.320686,,,,,,,,0
2,,sunday,,,23.913894,90.320686,,,,,,,,0.6
7,,monday,,,23.793708,90.453284,,,,,,,,10.3
5,,tuesday,,,23.793708,90.453284,,,,,,,,2.3
9,,sunday,,,23.793708,90.453284,,,,,,,,7
8,,thursday,,,23.793708,90.453284,,,,,,,,2.1
1,,thursday,,,23.793708,90.453284,,,,,,,,0
7,,monday,,,23.793708,90.453284,,,,,,,,10.3
7,,saturday,,,23.793708,90.453284,,,,,,,,1.1
4,,sunday,,,23.793708,90.453284,,,,,,,,12.3
3,,monday,,,23.793708,90.453284,,,,,,,,1.2
11,,saturday,,,23.716838,90.405322,,,,,,,,28
1,,monday,,,23.81851,90.41513,,,,,,,,0
1,,saturday,,,23.913894,90.320686,,,,,,,,0
1,,tuesday,,,23.784506,90.403409,,,,,,,,0
6,,wednesday,,,23.728907,90.417137,,,,,,,,0
3,,sunday,,,23.765913,90.426541,,,,,,,,0
8,,friday,,,23.716838,90.405322,,,,,,,,7.9
10,,sunday,,,23.7268465,90.3922105,,,,,,,,4.4
5,,monday,,,23.81039,90.406568,,,,,,,,35.7
11,,tuesday,,,23.717677,90.394341,,,,,,,,0
6,,saturday,,,23.728907,90.417137,,,,,,,,13.9
1,,tuesday,,,23.865506,90.413772,,,,,,,,0
8,,thursday,,,23.785337,90.342439,,,,,,,,27.2
3,,tuesday,,,23.785337,90.342439,,,,,,,,0
2,,thursday,,,23.721686,90.497766,,,,,,,,0
2,,thursday,,,23.721686,90.497766,,,,,,,,0
3,,friday,,,23.881433,90.2683015,,,,,,,,0
9,,sunday,,,23.90833,90.21667,,,,,,,,3.1
6,,friday,,,23.90833,90.21667,,,,,,,,0.8
7,,monday,,,23.90833,90.21667,,,,,,,,3.8
6,,wednesday,,,23.90833,90.21667,,,,,,,,0.6
6,,wednesday,,,23.90833,90.21667,,,,,,,,0.6
2,,wednesday,,,23.90833,90.21667,,,,,,,,0
5,,sunday,,,23.744806,90.373922,,,,,,,,5.1
1,,friday,,,23.744806,90.373922,,,,,,,,0
1,,monday,,,23.5958,90.1222,,,,,,,,0
2,,wednesday,,,23.700508,90.451953,,,,,,,,3.4
7,,friday,,,23.78241147,90.33740957,,,,,,,,1.7
6,,saturday,,,23.7917,90.4167,,,,,,,,3.5
10,,tuesday,,,23.740038,90.35886,,,,,,,,0
9,,monday,,,23.740038,90.35886,,,,,,,,13.9
4,,wednesday,,,23.70637,90.41431,,,,,,,,6.9
10,,sunday,,,23.728907,90.417137,,,,,,,,0.1
8,,sunday,,,23.784506,90.403409,,,,,,,,0.4
7,,sunday,,,23.714039,90.450656,,,,,,,,0.9
6,,friday,,,23.714039,90.450656,,,,,,,,1
1,,monday,,,23.714039,90.450656,,,,,,,,0
2,,sunday,,,23.714039,90.450656,,,,,,,,0
4,,thursday,,,23.714039,90.450656,,,,,,,,8.2
4,,thursday,,,23.714039,90.450656,,,,,,,,7.6
2,,monday,,,23.714039,90.450656,,,,,,,,0
5,,friday,,,23.714039,90.450656,,,,,,,,10.1
6,,thursday,,,23.714039,90.450656,,,,,,,,50.4
2,,sunday,,,23.728907,90.417137,,,,,,,,0
8,,saturday,,,23.7931,90.3861,,,,,,,,19.1
4,,monday,,,23.747314,90.386673,,,,,,,,3.1
5,,thursday,,,23.777843,90.361078,,,,,,,,13.8
6,,sunday,,,23.784506,90.403409,,,,,,,,13.3
12,,friday,,,23.737146,90.410583,,,,,,,,0
4,,monday,,,23.68333,90.33333,,,,,,,,36.5
6,,friday,,,23.752027,90.421808,,,,,,,,8.8
1,,thursday,,,23.752027,90.421808,,,,,,,,0
5,,friday,,,23.752027,90.421808,,,,,,,,3.7
1,,monday,,,23.714039,90.450656,,,,,,,,0
5,,wednesday,,,23.728907,90.417137,,,,,,,,15.8
8,,saturday,,,23.721427,90.375435,,,,,,,,5.5
7,,friday,,,23.721427,90.375435,,,,,,,,7.1
5,,saturday,,,23.793708,90.453284,,,,,,,,0.4
2,,wednesday,,,23.728907,90.417137,,,,,,,,0
8,,monday,,,23.728907,90.417137,,,,,,,,3.7
8,,monday,,,23.728907,90.417137,,,,,,,,3.7
12,,friday,,,23.729159,90.441764,,,,,,,,0
3,,sunday,,,23.805381,90.374565,,,,,,,,0
4,,monday,,,23.805381,90.374565,,,,,,,,36.5
5,,friday,,,23.805381,90.374565,,,,,,,,0.1
8,,tuesday,,,23.805381,90.374565,,,,,,,,8.1
9,,sunday,,,23.805381,90.374565,,,,,,,,7
1,,monday,,,23.805381,90.374565,,,,,,,,0
9,,sunday,,,23.805381,90.374565,,,,,,,,7
11,,tuesday,,,23.805381,90.374565,,,,,,,,0
2,,tuesday,,,23.805381,90.374565,,,,,,,,0
8,,thursday,,,23.754232,90.410831,,,,,,,,2.1
2,,sunday,,,23.784506,90.403409,,,,,,,,0
7,,wednesday,,,23.784506,90.403409,,,,,,,,6.1
9,,wednesday,,,23.760178,90.355229,,,,,,,,1.2
9,,wednesday,,,23.760178,90.355229,,,,,,,,1.8
9,,wednesday,,,23.760178,90.355229,,,,,,,,1.2
8,,monday,,,23.760178,90.355229,,,,,,,,4.3
8,,thursday,,,23.760178,90.355229,,,,,,,,5
10,,thursday,,,23.760178,90.355229,,,,,,,,22.7
1,,sunday,,,23.760178,90.355229,,,,,,,,0
10,,thursday,,,23.760178,90.355229,,,,,,,,22.7
9,,sunday,,,23.800242,90.366958,,,,,,,,7
9,,sunday,,,23.800242,90.366958,,,,,,,,7
9,,sunday,,,23.800242,90.366958,,,,,,,,7
6,,thursday,,,23.784506,90.403409,,,,,,,,6.3
3,,thursday,,,23.728907,90.417137,,,,,,,,0
2,,wednesday,,,23.7350915,90.3842575,,,,,,,,2
2,,friday,,,23.7350915,90.3842575,,,,,,,,0
5,,tuesday,,,23.77337857,90.4097081,,,,,,,,2.3
7,,thursday,,,23.794413,90.413735,,,,,,,,19.1
5,,monday,,,23.794413,90.413735,,,,,,,,17.2
4,,friday,,,23.794413,90.413735,,,,,,,,2.6
1,,sunday,,,23.827398,90.364473,,,,,,,,0
12,,monday,,,23.827398,90.364473,,,,,,,,0
1,,wednesday,,,23.827398,90.364473,,,,,,,,0
5,,wednesday,,,23.748663,90.404175,,,,,,,,11.3
7,,wednesday,,,23.759994,90.420113,,,,,,,,5.1
7,,saturday,,,23.77731,90.43628,,,,,,,,1.4
9,,saturday,,,23.784506,90.403409,,,,,,,,1.5
4,,monday,,,23.85833,90.26667,,,,,,,,0.5
2,,saturday,,,23.85833,90.26667,,,,,,,,0
5,,tuesday,,,23.85833,90.26667,,,,,,,,5.9
9,,sunday,,,23.85833,90.26667,,,,,,,,9.2
8,,monday,,,23.85833,90.26667,,,,,,,,3.1
2,,monday,,,23.85833,90.26667,,,,,,,,0
4,,sunday,,,23.85833,90.26667,,,,,,,,0.2
9,,tuesday,,,23.85833,90.26667,,,,,,,,0
1,,thursday,,,23.85833,90.26667,,,,,,,,0
12,,thursday,,,23.85833,90.26667,,,,,,,,0
7,,wednesday,,,23.85833,90.26667,,,,,,,,15.7
2,,thursday,,,23.85833,90.26667,,,,,,,,0
2,,wednesday,,,23.85833,90.26667,,,,,,,,0
7,,wednesday,,,23.85833,90.26667,,,,,,,,15.7
3,,thursday,,,23.85833,90.26667,,,,,,,,0
8,,tuesday,,,23.85833,90.26667,,,,,,,,6
1,,sunday,,,23.812063,90.348161,,,,,,,,0
4,,monday,,,23.736484,90.397323,,,,,,,,22.1
9,,friday,,,23.784506,90.403409,,,,,,,,6.1
3,,thursday,,,23.784506,90.403409,,,,,,,,0
7,,saturday,,,23.784506,90.403409,,,,,,,,12.7
8,,monday,,,23.784506,90.403409,,,,,,,,6.2
8,,thursday,,,23.698502,90.42949,,,,,,,,5.5
6,,friday,,,23.711414,90.415019,,,,,,,,16.6
5,,monday,,,23.783794,90.378374,,,,,,,,1.1
1,,wednesday,,,23.763,90.3897,,,,,,,,0
12,,wednesday,,,23.763,90.3897,,,,,,,,0
12,,wednesday,,,23.763,90.3897,,,,,,,,0
5,,sunday,,,23.720046,90.421578,,,,,,,,5.1
5,,tuesday,,,23.720046,90.421578,,,,,,,,17.6
1,,sunday,,,23.860422,90.367672,,,,,,,,0
4,,monday,,,23.728907,90.417137,,,,,,,,2.1
5,,friday,,,23.728907,90.417137,,,,,,,,2.3
7,,wednesday,,,23.874875,90.393071,,,,,,,,12.5
2,,thursday,,,23.874875,90.393071,,,,,,,,0
3,,sunday,,,23.874875,90.393071,,,,,,,,10
1,,friday,,,23.874875,90.393071,,,,,,,,0
1,,friday,,,23.874875,90.393071,,,,,,,,0
6,,sunday,,,23.874875,90.393071,,,,,,,,11.7
10,,monday,,,23.728907,90.417137,,,,,,,,0
6,,friday,,,23.80476,90.42575,,,,,,,,0.4
11,,saturday,,,23.913894,90.320686,,,,,,,,17.3
2,,saturday,,,23.728907,90.417137,,,,,,,,0
8,,tuesday,,,23.728907,90.417137,,,,,,,,2.5
10,,monday,,,23.782726,90.348319,,,,,,,,1.4
5,,thursday,,,23.913894,90.320686,,,,,,,,7.3
2,,monday,,,23.913894,90.320686,,,,,,,,0
3,,saturday,,,23.913894,90.320686,,,,,,,,0.6
8,,thursday,,,23.913894,90.320686,,,,,,,,7.4
8,,tuesday,,,23.913894,90.320686,,,,,,,,6.5
8,,thursday,,,23.913894,90.320686,,,,,,,,7.4
8,,monday,,,23.793708,90.453284,,,,,,,,10.1
8,,monday,,,23.793708,90.453284,,,,,,,,10.1
10,,tuesday,,,23.793708,90.453284,,,,,,,,0
8,,thursday,,,23.793708,90.453284,,,,,,,,3.1
11,,saturday,,,23.793708,90.453284,,,,,,,,0
10,,tuesday,,,23.793708,90.453284,,,,,,,,0
3,,sunday,,,23.793708,90.453284,,,,,,,,0
11,,thursday,,,23.79259,90.407646,,,,,,,,0
7,,tuesday,,,23.79259,90.407646,,,,,,,,5.7
3,,tuesday,,,23.79259,90.407646,,,,,,,,1.2
2,,saturday,,,23.79259,90.407646,,,,,,,,0
1,,saturday,,,23.913894,90.320686,,,,,,,,0
5,,thursday,,,23.784506,90.403409,,,,,,,,0
5,,saturday,,,23.784506,90.403409,,,,,,,,13.4
1,,tuesday,,,23.784506,90.403409,,,,,,,,0
10,,saturday,,,23.728907,90.417137,,,,,,,,1.2
5,,thursday,,,23.728907,90.417137,,,,,,,,1.2
10,,saturday,,,23.728907,90.417137,,,,,,,,3
6,,friday,,,23.865506,90.413772,,,,,,,,80
12,,sunday,,,23.785337,90.342439,,,,,,,,0
11,,wednesday,,,23.794413,90.413735,,,,,,,,0
10,,sunday,,,23.865506,90.413772,,,,,,,,0
12,,tuesday,,,23.865506,90.413772,,,,,,,,0
7,,wednesday,,,23.728907,90.417137,,,,,,,,5.1
2,,wednesday,,,23.728907,90.417137,,,,,,,,0
10,,friday,,,23.784506,90.403409,,,,,,,,0
12,,sunday,,,23.794413,90.413735,,,,,,,,0
5,,friday,,,23.784506,90.403409,,,,,,,,28
7,,thursday,,,23.874875,90.393071,,,,,,,,11.4
8,,saturday,,,23.740038,90.35886,,,,,,,,28.7
8,,saturday,,,23.714039,90.450656,,,,,,,,28.7
8,,thursday,,,23.827398,90.364473,,,,,,,,4.2
9,,tuesday,,,23.752027,90.421808,,,,,,,,0.6
9,,tuesday,,,23.752027,90.421808,,,,,,,,45.1
12,,sunday,,,23.794413,90.413735,,,,,,,,0
6,,monday,,,23.794413,90.413735,,,,,,,,6.5
11,,thursday,,,23.733251,90.442769,,,,,,,,0
10,,thursday,,,23.7257475,90.3975835,,,,,,,,20
1,,thursday,,,23.85,90.01,,,,,,,,0
7,,saturday,,,23.90833,90.21667,,,,,,,,7.6
7,,tuesday,,,23.90833,90.21667,,,,,,,,9.1
5,,monday,,,23.90833,90.21667,,,,,,,,10.9
4,,sunday,,,23.90833,90.21667,,,,,,,,0.5
10,,thursday,,,23.90833,90.21667,,,,,,,,4
8,,sunday,,,23.90833,90.21667,,,,,,,,1.4
8,,sunday,,,23.90833,90.21667,,,,,,,,1.4
5,,monday,,,23.90833,90.21667,,,,,,,,10.9
8,,sunday,,,23.90833,90.21667,,,,,,,,1.4
9,,monday,,,23.90833,90.21667,,,,,,,,11
3,,saturday,,,23.90833,90.21667,,,,,,,,0
11,,tuesday,,,23.90833,90.21667,,,,,,,,0
7,,friday,,,23.90833,90.21667,,,,,,,,1.9
5,,thursday,,,23.90833,90.21667,,,,,,,,3.7
9,,sunday,,,23.744806,90.373922,,,,,,,,27.6
1,,monday,,,23.5958,90.1222,,,,,,,,0
10,,wednesday,,,23.738268,90.380707,,,,,,,,2.3
10,,friday,,,23.749054,90.386405,,,,,,,,0
8,,monday,,,23.72483,90.410781,,,,,,,,6
8,,wednesday,,,23.7917,90.4167,,,,,,,,15.9
4,,sunday,,,23.740038,90.35886,,,,,,,,26.7
12,,saturday,,,24.13499,90.79924,,,,,,,,0
12,,saturday,,,23.714039,90.450656,,,,,,,,0
4,,monday,,,23.714039,90.450656,,,,,,,,8
4,,monday,,,23.714039,90.450656,,,,,,,,8
4,,saturday,,,23.714039,90.450656,,,,,,,,0.4
6,,wednesday,,,23.714039,90.450656,,,,,,,,5.5
1,,saturday,,,23.714039,90.450656,,,,,,,,0
12,,sunday,,,23.714039,90.450656,,,,,,,,0
4,,saturday,,,23.685475,90.448537,,,,,,,,0.3
12,,monday,,,23.737146,90.410583,,,,,,,,0
2,,wednesday,,,23.728907,90.417137,,,,,,,,0
11,,tuesday,,,23.784506,90.403409,,,,,,,,0
10,,wednesday,,,23.68333,90.33333,,,,,,,,1
8,,sunday,,,23.68333,90.33333,,,,,,,,12.2
6,,thursday,,,23.752027,90.421808,,,,,,,,7.2
12,,tuesday,,,23.752027,90.421808,,,,,,,,0
12,,monday,,,23.752027,90.421808,,,,,,,,0
1,,tuesday,,,23.752027,90.421808,,,,,,,,0
8,,tuesday,,,23.752027,90.421808,,,,,,,,5.5
6,,wednesday,,,23.752027,90.421808,,,,,,,,1.7
6,,wednesday,,,23.752027,90.421808,,,,,,,,1.7
6,,tuesday,,,23.752027,90.421808,,,,,,,,9.2
6,,tuesday,,,23.752027,90.421808,,,,,,,,9.2
8,,monday,,,23.784506,90.403409,,,,,,,,1.8
7,,friday,,,23.728907,90.417137,,,,,,,,4.1
5,,thursday,,,23.728907,90.417137,,,,,,,,1.2
3,,tuesday,,,23.847177,90.4041325,,,,,,,,1.6
8,,tuesday,,,23.721427,90.375435,,,,,,,,18.6
8,,sunday,,,23.85,90.01,,,,,,,,1.1
9,,friday,,,23.805381,90.374565,,,,,,,,38.6
5,,saturday,,,23.805381,90.374565,,,,,,,,2.8
9,,friday,,,23.805381,90.374565,,,,,,,,38.6
10,,saturday,,,23.805381,90.374565,,,,,,,,0
7,,saturday,,,23.805381,90.374565,,,,,,,,3.3
1,,sunday,,,23.805381,90.374565,,,,,,,,0
10,,friday,,,23.805381,90.374565,,,,,,,,2.9
5,,tuesday,,,23.805381,90.374565,,,,,,,,6
10,,sunday,,,23.805381,90.374565,,,,,,,,2.6
8,,sunday,,,23.805381,90.374565,,,,,,,,56
11,,tuesday,,,23.805381,90.374565,,,,,,,,0
11,,wednesday,,,23.805381,90.374565,,,,,,,,0
6,,saturday,,,23.805381,90.374565,,,,,,,,0
4,,saturday,,,23.760178,90.355229,,,,,,,,0
10,,sunday,,,23.760178,90.355229,,,,,,,,0.1
4,,monday,,,23.760178,90.355229,,,,,,,,0.2
5,,sunday,,,23.760178,90.355229,,,,,,,,0.1
10,,wednesday,,,23.784506,90.403409,,,,,,,,4
12,,tuesday,,,23.729802,90.4126245,,,,,,,,0
8,,wednesday,,,23.733251,90.442769,,,,,,,,1.4
8,,wednesday,,,23.733251,90.442769,,,,,,,,1.4
11,,sunday,,,23.716838,90.405322,,,,,,,,0
9,,wednesday,,,23.784506,90.403409,,,,,,,,3.3
1,,monday,,,23.6667,90.1667,,,,,,,,0
2,,thursday,,,23.6667,90.1667,,,,,,,,0
10,,tuesday,,,23.827398,90.364473,,,,,,,,9.1
8,,tuesday,,,23.827398,90.364473,,,,,,,,12.1
5,,sunday,,,23.73368,90.413005,,,,,,,,8.4
7,,thursday,,,23.759994,90.420113,,,,,,,,4.9
6,,friday,,,23.759994,90.420113,,,,,,,,38.7
3,,thursday,,,23.784506,90.403409,,,,,,,,0
9,,sunday,,,23.77731,90.43628,,,,,,,,1.5
2,,sunday,,,23.77731,90.43628,,,,,,,,0
6,,tuesday,,,23.85833,90.26667,,,,,,,,9.1
12,,wednesday,,,23.85833,90.26667,,,,,,,,0
1,,thursday,,,23.85833,90.26667,,,,,,,,0
9,,wednesday,,,23.85833,90.26667,,,,,,,,1.5
12,,thursday,,,23.85833,90.26667,,,,,,,,0
12,,monday,,,23.85833,90.26667,,,,,,,,0
9,,friday,,,23.85833,90.26667,,,,,,,,2.2
12,,tuesday,,,23.85833,90.26667,,,,,,,,0
7,,tuesday,,,23.85833,90.26667,,,,,,,,12.1
12,,tuesday,,,23.85833,90.26667,,,,,,,,0
8,,saturday,,,23.85833,90.26667,,,,,,,,2.2
10,,saturday,,,23.85833,90.26667,,,,,,,,0
8,,tuesday,,,23.85833,90.26667,,,,,,,,5.9
2,,saturday,,,23.85833,90.26667,,,,,,,,0
5,,saturday,,,23.85833,90.26667,,,,,,,,0
5,,tuesday,,,23.85833,90.26667,,,,,,,,0
7,,wednesday,,,23.85833,90.26667,,,,,,,,2.1
8,,saturday,,,23.85833,90.26667,,,,,,,,19
8,,tuesday,,,23.85833,90.26667,,,,,,,,4.5
8,,wednesday,,,23.85833,90.26667,,,,,,,,16.1
6,,wednesday,,,23.85833,90.26667,,,,,,,,12.5
10,,monday,,,23.85833,90.26667,,,,,,,,3.4
5,,tuesday,,,23.85833,90.26667,,,,,,,,5.9
8,,sunday,,,23.85833,90.26667,,,,,,,,1.4
8,,sunday,,,23.85833,90.26667,,,,,,,,1.4
3,,monday,,,23.85833,90.26667,,,,,,,,2.3
2,,thursday,,,23.85833,90.26667,,,,,,,,0
1,,friday,,,23.85833,90.26667,,,,,,,,0
2,,saturday,,,23.85833,90.26667,,,,,,,,0
2,,friday,,,23.85833,90.26667,,,,,,,,0
7,,sunday,,,23.85833,90.26667,,,,,,,,16.2
9,,sunday,,,23.85833,90.26667,,,,,,,,6.2
4,,thursday,,,23.85833,90.26667,,,,,,,,0.4
10,,wednesday,,,23.85833,90.26667,,,,,,,,0.5
8,,sunday,,,23.85833,90.26667,,,,,,,,1.4
1,,saturday,,,23.85833,90.26667,,,,,,,,0
1,,friday,,,23.85833,90.26667,,,,,,,,0
9,,saturday,,,23.85833,90.26667,,,,,,,,0.3
6,,sunday,,,23.85833,90.26667,,,,,,,,4.2
9,,sunday,,,23.85833,90.26667,,,,,,,,0.4
9,,friday,,,23.85833,90.26667,,,,,,,,3.2
7,,thursday,,,23.85833,90.26667,,,,,,,,16.8
12,,wednesday,,,23.85833,90.26667,,,,,,,,0
12,,sunday,,,23.85833,90.26667,,,,,,,,0
12,,monday,,,23.736484,90.397323,,,,,,,,0
10,,sunday,,,23.784506,90.403409,,,,,,,,1.2
8,,monday,,,23.767676,90.376173,,,,,,,,3.7
6,,sunday,,,23.767676,90.376173,,,,,,,,13.3
8,,tuesday,,,23.711414,90.415019,,,,,,,,10.5
2,,friday,,,23.763,90.3897,,,,,,,,0
3,,monday,,,23.763,90.3897,,,,,,,,0
10,,friday,,,23.763,90.3897,,,,,,,,2.3
9,,monday,,,23.763,90.3897,,,,,,,,0
12,,wednesday,,,23.887625,90.398942,,,,,,,,0
1,,wednesday,,,23.887625,90.398942,,,,,,,,0
1,,monday,,,23.73018,90.4102,,,,,,,,0
1,,friday,,,23.874875,90.393071,,,,,,,,0
1,,sunday,,,23.874875,90.393071,,,,,,,,0
8,,friday,,,23.874875,90.393071,,,,,,,,0.7
12,,sunday,,,23.728907,90.417137,,,,,,,,0
9,,friday,,,23.728907,90.417137,,,,,,,,0.2
8,,thursday,,,23.728907,90.417137,,,,,,,,5
1,,saturday,,,23.874875,90.393071,,,,,,,,0
8,,thursday,,,23.714039,90.450656,,,,,,,,2.7
8,,wednesday,,,23.728907,90.417137,,,,,,,,9.4
8,,wednesday,,,23.728907,90.417137,,,,,,,,9.4
8,,monday,,,23.847177,90.4041325,,,,,,,,0
12,,monday,,,23.794998,90.291207,,,,,,,,11.5
10,,sunday,,,23.913894,90.320686,,,,,,,,0.1
1,,thursday,,,23.913894,90.320686,,,,,,,,0
9,,friday,,,23.913894,90.320686,,,,,,,,0.8
2,,tuesday,,,23.913894,90.320686,,,,,,,,0
8,,friday,,,23.728611,90.385391,,,,,,,,0.8
3,,monday,,,23.6073285,90.613006,,,,,,,,0
7,,sunday,,,23.793708,90.453284,,,,,,,,5
3,,monday,,,23.793708,90.453284,,,,,,,,4.3
8,,friday,,,23.729802,90.4126245,,,,,,,,17.9
3,,monday,,,23.79259,90.407646,,,,,,,,0
9,,friday,,,23.79259,90.407646,,,,,,,,11.3
3,,wednesday,,,23.746136,90.394581,,,,,,,,0
3,,wednesday,,,23.746136,90.394581,,,,,,,,0
4,,sunday,,,23.7268465,90.3922105,,,,,,,,3.2
6,,monday,,,23.716838,90.405322,,,,,,,,1.2
9,,friday,,,23.85833,90.26667,,,,,,,,0.1
5,,friday,,,23.784506,90.403409,,,,,,,,1.4
2,,friday,,,23.728907,90.417137,,,,,,,,0
7,,tuesday,,,23.784506,90.403409,,,,,,,,2.7
2,,sunday,,,23.784506,90.403409,,,,,,,,0
9,,saturday,,,23.731537,90.398707,,,,,,,,1.9
6,,wednesday,,,23.717677,90.394341,,,,,,,,0
1,,monday,,,23.865506,90.413772,,,,,,,,0
1,,monday,,,23.865506,90.413772,,,,,,,,0
9,,thursday,,,23.806587,90.3524285,,,,,,,,1.3
2,,tuesday,,,23.721686,90.497766,,,,,,,,0
9,,saturday,,,23.721686,90.497766,,,,,,,,0.4
4,,sunday,,,23.794413,90.413735,,,,,,,,26.7
6,,wednesday,,,23.874875,90.393071,,,,,,,,51.3
9,,monday,,,23.728907,90.417137,,,,,,,,7.4
4,,tuesday,,,23.794413,90.413735,,,,,,,,1.2
8,,saturday,,,23.881433,90.2683015,,,,,,,,19
9,,friday,,,23.881433,90.2683015,,,,,,,,0.1
9,,monday,,,23.881433,90.2683015,,,,,,,,0
8,,sunday,,,23.881433,90.2683015,,,,,,,,3.2
9,,wednesday,,,23.881433,90.2683015,,,,,,,,2.1
3,,wednesday,,,23.881433,90.2683015,,,,,,,,0.3
4,,friday,,,23.881433,90.2683015,,,,,,,,0
12,,sunday,,,23.881433,90.2683015,,,,,,,,0
1,,sunday,,,23.90833,90.21667,,,,,,,,0.3
1,,sunday,,,23.90833,90.21667,,,,,,,,0.3
11,,monday,,,23.90833,90.21667,,,,,,,,1.5
4,,friday,,,23.90833,90.21667,,,,,,,,0.7
5,,tuesday,,,23.90833,90.21667,,,,,,,,0.1
7,,saturday,,,23.744806,90.373922,,,,,,,,2.5
5,,tuesday,,,23.744806,90.373922,,,,,,,,5
1,,tuesday,,,23.744806,90.373922,,,,,,,,0
5,,sunday,,,23.712453,90.414168,,,,,,,,26.5
1,,monday,,,23.784506,90.403409,,,,,,,,0
4,,tuesday,,,23.746693,90.394921,,,,,,,,1
12,,saturday,,,23.881433,90.2683015,,,,,,,,0
3,,friday,,,23.881433,90.2683015,,,,,,,,0
4,,wednesday,,,23.881433,90.2683015,,,,,,,,0.6
7,,saturday,,,23.881433,90.2683015,,,,,,,,0.8
9,,friday,,,23.881433,90.2683015,,,,,,,,0.8
9,,monday,,,23.881433,90.2683015,,,,,,,,6.5
4,,tuesday,,,23.881433,90.2683015,,,,,,,,0.4
5,,wednesday,,,23.881433,90.2683015,,,,,,,,9.3
2,,tuesday,,,23.881433,90.2683015,,,,,,,,0
12,,tuesday,,,23.881433,90.2683015,,,,,,,,0
2,,friday,,,23.881433,90.2683015,,,,,,,,0
10,,tuesday,,,23.881433,90.2683015,,,,,,,,0
11,,thursday,,,23.881433,90.2683015,,,,,,,,0
11,,sunday,,,23.784506,90.403409,,,,,,,,21.4
5,,saturday,,,23.78241147,90.33740957,,,,,,,,7.5
10,,monday,,,23.707042,90.423069,,,,,,,,6.4
3,,friday,,,23.728907,90.417137,,,,,,,,0
9,,sunday,,,23.784506,90.403409,,,,,,,,2
4,,saturday,,,23.784506,90.403409,,,,,,,,22.7
9,,saturday,,,23.749054,90.386405,,,,,,,,1.9
7,,saturday,,,23.749054,90.386405,,,,,,,,12.7
4,,thursday,,,23.7917,90.4167,,,,,,,,11.2
7,,friday,,,23.7917,90.4167,,,,,,,,6.1
12,,sunday,,,23.7917,90.4167,,,,,,,,0
9,,saturday,,,23.74819,90.394162,,,,,,,,1.9
7,,sunday,,,23.743883,90.392304,,,,,,,,1.5
10,,wednesday,,,23.740038,90.35886,,,,,,,,0.4
3,,thursday,,,23.740038,90.35886,,,,,,,,0.1
5,,saturday,,,23.874875,90.393071,,,,,,,,4.2
5,,saturday,,,23.874875,90.393071,,,,,,,,4.2
1,,sunday,,,23.735582,90.422315,,,,,,,,0
4,,sunday,,,23.70956,90.4111575,,,,,,,,15
8,,sunday,,,23.70956,90.4111575,,,,,,,,1
6,,saturday,,,23.881433,90.2683015,,,,,,,,1.8
8,,monday,,,23.881433,90.2683015,,,,,,,,0.1
8,,wednesday,,,23.881433,90.2683015,,,,,,,,0
9,,sunday,,,23.881433,90.2683015,,,,,,,,0.8
6,,thursday,,,23.881433,90.2683015,,,,,,,,26.6
5,,friday,,,23.881433,90.2683015,,,,,,,,27.7
8,,friday,,,23.881433,90.2683015,,,,,,,,0.1
1,,friday,,,23.881433,90.2683015,,,,,,,,0
11,,monday,,,23.881433,90.2683015,,,,,,,,0.6
11,,tuesday,,,23.881433,90.2683015,,,,,,,,0
1,,wednesday,,,23.881433,90.2683015,,,,,,,,0
2,,tuesday,,,23.881433,90.2683015,,,,,,,,0
4,,tuesday,,,23.881433,90.2683015,,,,,,,,0
4,,tuesday,,,23.881433,90.2683015,,,,,,,,0.2
7,,sunday,,,23.881433,90.2683015,,,,,,,,0.4
3,,friday,,,23.881433,90.2683015,,,,,,,,0
4,,monday,,,23.714039,90.450656,,,,,,,,1.4
2,,monday,,,23.714039,90.450656,,,,,,,,0
8,,friday,,,23.714039,90.450656,,,,,,,,7.9
2,,thursday,,,23.714039,90.450656,,,,,,,,0
8,,saturday,,,23.73889,90.371214,,,,,,,,17
3,,monday,,,23.70956,90.4111575,,,,,,,,0
3,,saturday,,,23.881433,90.2683015,,,,,,,,4.8
12,,saturday,,,23.881433,90.2683015,,,,,,,,0
9,,wednesday,,,23.881433,90.2683015,,,,,,,,0
6,,wednesday,,,23.881433,90.2683015,,,,,,,,3.4
11,,wednesday,,,23.881433,90.2683015,,,,,,,,0
9,,thursday,,,23.881433,90.2683015,,,,,,,,0.5
1,,thursday,,,23.881433,90.2683015,,,,,,,,0.1
10,,saturday,,,23.881433,90.2683015,,,,,,,,0
7,,thursday,,,23.881433,90.2683015,,,,,,,,15
12,,friday,,,23.881433,90.2683015,,,,,,,,0
3,,friday,,,23.881433,90.2683015,,,,,,,,0
10,,wednesday,,,23.784506,90.403409,,,,,,,,0
6,,monday,,,23.685475,90.448537,,,,,,,,3.4
6,,monday,,,23.685475,90.448537,,,,,,,,3.4
2,,saturday,,,23.737146,90.410583,,,,,,,,0
8,,wednesday,,,23.737146,90.410583,,,,,,,,0
8,,tuesday,,,23.737146,90.410583,,,,,,,,0.1
11,,tuesday,,,23.732038,90.4257675,,,,,,,,0
6,,monday,,,23.732038,90.4257675,,,,,,,,10.9
11,,saturday,,,23.784506,90.403409,,,,,,,,0.1
8,,thursday,,,23.72294,90.413688,,,,,,,,3.7
10,,thursday,,,23.68333,90.33333,,,,,,,,1.9
11,,monday,,,23.759041,90.388041,,,,,,,,0.1
5,,wednesday,,,23.752027,90.421808,,,,,,,,11.3
3,,thursday,,,23.752027,90.421808,,,,,,,,0.1
12,,saturday,,,23.834376,90.445713,,,,,,,,0
3,,thursday,,,23.721427,90.375435,,,,,,,,1.5
11,,sunday,,,23.721427,90.375435,,,,,,,,0
7,,wednesday,,,23.728907,90.417137,,,,,,,,5.8
9,,friday,,,23.737051,90.423374,,,,,,,,11.3
9,,sunday,,,23.7257475,90.3975835,,,,,,,,0.9
6,,sunday,,,23.805381,90.374565,,,,,,,,0.5
4,,thursday,,,23.805381,90.374565,,,,,,,,2.6
8,,friday,,,23.805381,90.374565,,,,,,,,4.7
10,,thursday,,,23.805381,90.374565,,,,,,,,1.4
7,,tuesday,,,23.805381,90.374565,,,,,,,,0.4
9,,sunday,,,23.805381,90.374565,,,,,,,,1.5
6,,monday,,,23.754232,90.410831,,,,,,,,3.4
5,,sunday,,,23.754232,90.410831,,,,,,,,12.5
2,,sunday,,,23.784506,90.403409,,,,,,,,0
1,,wednesday,,,23.784506,90.403409,,,,,,,,0
4,,sunday,,,23.760178,90.355229,,,,,,,,2
1,,saturday,,,23.760178,90.355229,,,,,,,,0
10,,tuesday,,,23.760178,90.355229,,,,,,,,1.3
1,,sunday,,,23.760178,90.355229,,,,,,,,0
1,,tuesday,,,23.760178,90.355229,,,,,,,,0
5,,thursday,,,23.760178,90.355229,,,,,,,,0
5,,tuesday,,,23.760178,90.355229,,,,,,,,0
3,,thursday,,,23.737051,90.423374,,,,,,,,0.1
11,,thursday,,,23.737051,90.423374,,,,,,,,0
7,,wednesday,,,23.784506,90.403409,,,,,,,,12.2
4,,friday,,,23.784506,90.403409,,,,,,,,0
1,,saturday,,,23.728907,90.417137,,,,,,,,0
5,,saturday,,,23.728907,90.417137,,,,,,,,6.9
4,,tuesday,,,23.746693,90.394921,,,,,,,,1
4,,tuesday,,,23.746693,90.394921,,,,,,,,1
2,,tuesday,,,23.728907,90.417137,,,,,,,,0
12,,sunday,,,23.728907,90.417137,,,,,,,,0
4,,thursday,,,23.794413,90.413735,,,,,,,,3.2
8,,monday,,,23.794413,90.413735,,,,,,,,8.1
6,,friday,,,23.827398,90.364473,,,,,,,,9.6
10,,tuesday,,,23.73368,90.413005,,,,,,,,11.1
1,,tuesday,,,23.73368,90.413005,,,,,,,,0
7,,thursday,,,23.750343,90.388695,,,,,,,,1.7
5,,sunday,,,23.784506,90.403409,,,,,,,,3.2
2,,monday,,,23.73368,90.413005,,,,,,,,0
8,,friday,,,23.748663,90.404175,,,,,,,,17.9
10,,tuesday,,,23.759994,90.420113,,,,,,,,0
3,,monday,,,23.733251,90.442769,,,,,,,,0
7,,tuesday,,,23.739036,90.383432,,,,,,,,6.1
5,,friday,,,23.85833,90.26667,,,,,,,,27.7
5,,saturday,,,23.85833,90.26667,,,,,,,,9.1
8,,saturday,,,23.85833,90.26667,,,,,,,,2.2
2,,friday,,,23.85833,90.26667,,,,,,,,0
8,,wednesday,,,23.85833,90.26667,,,,,,,,3
10,,tuesday,,,23.85833,90.26667,,,,,,,,0
1,,thursday,,,23.85833,90.26667,,,,,,,,0
5,,monday,,,23.85833,90.26667,,,,,,,,10.9
2,,monday,,,23.85833,90.26667,,,,,,,,0
8,,sunday,,,23.73889,90.371214,,,,,,,,4.7
4,,sunday,,,23.77405872,90.3644076,,,,,,,,26.7
4,,thursday,,,23.734028,90.397321,,,,,,,,3.2
9,,saturday,,,24.25,89.9167,,,,,,,,0.3
8,,tuesday,,,23.720046,90.421578,,,,,,,,10.5
8,,saturday,,,23.71802,90.41789,,,,,,,,10.2
1,,thursday,,,23.71802,90.41789,,,,,,,,0
12,,thursday,,,23.77456936,90.35529228,,,,,,,,0
3,,thursday,,,23.77456936,90.35529228,,,,,,,,0
1,,friday,,,23.769808,90.351595,,,,,,,,0
9,,tuesday,,,23.728907,90.417137,,,,,,,,0
2,,saturday,,,23.847177,90.4041325,,,,,,,,0
9,,friday,,,23.784506,90.403409,,,,,,,,0.6
10,,wednesday,,,23.767676,90.376173,,,,,,,,0
6,,tuesday,,,23.913894,90.320686,,,,,,,,11.5
11,,wednesday,,,23.913894,90.320686,,,,,,,,0
6,,wednesday,,,23.913894,90.320686,,,,,,,,3.4
6,,monday,,,23.913894,90.320686,,,,,,,,0
6,,sunday,,,23.868316,90.40038,,,,,,,,0.3
3,,monday,,,23.728907,90.417137,,,,,,,,0
2,,friday,,,23.793708,90.453284,,,,,,,,0
3,,friday,,,23.793708,90.453284,,,,,,,,0
7,,saturday,,,23.793708,90.453284,,,,,,,,13.6
5,,friday,,,23.793708,90.453284,,,,,,,,16.6
4,,monday,,,23.793708,90.453284,,,,,,,,0
6,,saturday,,,23.793708,90.453284,,,,,,,,19.1
2,,thursday,,,23.793708,90.453284,,,,,,,,10.6
11,,tuesday,,,23.741915,90.40912,,,,,,,,0
12,,tuesday,,,23.79259,90.407646,,,,,,,,0
8,,sunday,,,23.79259,90.407646,,,,,,,,4.7
3,,friday,,,23.79259,90.407646,,,,,,,,0.1
11,,friday,,,23.765913,90.426541,,,,,,,,0
3,,sunday,,,23.765913,90.426541,,,,,,,,0
1,,saturday,,,23.765913,90.426541,,,,,,,,0
8,,friday,,,23.765913,90.426541,,,,,,,,12.6
11,,thursday,,,23.716838,90.405322,,,,,,,,0.3
7,,monday,,,23.81851,90.41513,,,,,,,,2.6
12,,monday,,,23.81851,90.41513,,,,,,,,0
1,,saturday,,,23.81391621,90.42919024,,,,,,,,0
10,,sunday,,,23.813105,90.429764,,,,,,,,2.6
2,,sunday,,,23.784506,90.403409,,,,,,,,0
9,,tuesday,,,23.728907,90.417137,,,,,,,,12.8
1,,friday,,,23.728907,90.417137,,,,,,,,0
12,,sunday,,,23.728907,90.417137,,,,,,,,0
11,,saturday,,,23.763781,90.389061,,,,,,,,0
11,,wednesday,,,23.784506,90.403409,,,,,,,,0
12,,sunday,,,23.784506,90.403409,,,,,,,,0
1,,wednesday,,,23.784506,90.403409,,,,,,,,0
3,,thursday,,,23.717677,90.394341,,,,,,,,0.1
6,,thursday,,,23.717677,90.394341,,,,,,,,5.9
8,,tuesday,,,23.717677,90.394341,,,,,,,,1.4
5,,monday,,,23.865506,90.413772,,,,,,,,1.7
3,,sunday,,,23.700508,90.451953,,,,,,,,1.5
10,,saturday,,,23.865506,90.413772,,,,,,,,1.6
9,,monday,,,23.865506,90.413772,,,,,,,,7.1
6,,wednesday,,,23.785337,90.342439,,,,,,,,3.4
1,,monday,,,23.785337,90.342439,,,,,,,,0
3,,saturday,,,23.785337,90.342439,,,,,,,,0.2
9,,friday,,,23.721686,90.497766,,,,,,,,3.6
2,,friday,,,23.721686,90.497766,,,,,,,,0.2
7,,monday,,,23.721686,90.497766,,,,,,,,0.8
9,,thursday,,,23.77731,90.43628,,,,,,,,21.8
8,,saturday,,,23.721686,90.497766,,,,,,,,8.3
9,,friday,,,23.759994,90.420113,,,,,,,,3.4
10,,tuesday,,,23.733251,90.442769,,,,,,,,0
4,,monday,,,23.874875,90.393071,,,,,,,,0
5,,thursday,,,23.81039,90.406568,,,,,,,,2.3
2,,thursday,,,23.784506,90.403409,,,,,,,,0
2,,wednesday,,,23.5958,90.1222,,,,,,,,0
2,,saturday,,,23.881433,90.2683015,,,,,,,,0
1,,sunday,,,23.881433,90.2683015,,,,,,,,0
3,,friday,,,23.881433,90.2683015,,,,,,,,0
9,,thursday,,,23.90833,90.21667,,,,,,,,0.8
5,,saturday,,,23.90833,90.21667,,,,,,,,5.8
3,,saturday,,,23.744806,90.373922,,,,,,,,20.2
2,,monday,,,23.744806,90.373922,,,,,,,,0
10,,thursday,,,23.744806,90.373922,,,,,,,,0
1,,wednesday,,,23.71134962,90.38383434,,,,,,,,0.6
12,,friday,,,23.81851,90.41513,,,,,,,,0
9,,thursday,,,23.784506,90.403409,,,,,,,,1.6
12,,tuesday,,,23.784506,90.403409,,,,,,,,0
9,,saturday,,,23.746693,90.394921,,,,,,,,0.2
9,,saturday,,,23.746693,90.394921,,,,,,,,0.2
10,,thursday,,,23.784506,90.403409,,,,,,,,0
8,,monday,,,23.760305,90.389484,,,,,,,,11.8
4,,monday,,,23.760305,90.389484,,,,,,,,2.1
7,,monday,,,23.78241147,90.33740957,,,,,,,,2.6
2,,saturday,,,23.78241147,90.33740957,,,,,,,,0
7,,monday,,,23.78241147,90.33740957,,,,,,,,2.6
6,,sunday,,,23.7917,90.4167,,,,,,,,72.9
10,,thursday,,,23.7917,90.4167,,,,,,,,5.4
3,,friday,,,23.7917,90.4167,,,,,,,,0
9,,wednesday,,,23.7917,90.4167,,,,,,,,0.8
9,,wednesday,,,23.7917,90.4167,,,,,,,,0.8
1,,friday,,,23.7917,90.4167,,,,,,,,0
6,,saturday,,,23.7917,90.4167,,,,,,,,1.6
6,,saturday,,,23.7917,90.4167,,,,,,,,1.6
9,,tuesday,,,23.74819,90.394162,,,,,,,,31.4
5,,thursday,,,23.74819,90.394162,,,,,,,,5.9
1,,monday,,,23.74819,90.394162,,,,,,,,0
8,,sunday,,,23.740038,90.35886,,,,,,,,5.1
9,,friday,,,23.740038,90.35886,,,,,,,,0.6
7,,sunday,,,23.740038,90.35886,,,,,,,,35.6
1,,tuesday,,,23.740038,90.35886,,,,,,,,0
1,,thursday,,,23.847177,90.4041325,,,,,,,,0
10,,wednesday,,,23.881433,90.2683015,,,,,,,,0
1,,friday,,,23.714039,90.450656,,,,,,,,0
11,,saturday,,,23.714039,90.450656,,,,,,,,0
6,,sunday,,,23.714039,90.450656,,,,,,,,12.9
1,,tuesday,,,23.714039,90.450656,,,,,,,,0
10,,thursday,,,23.714039,90.450656,,,,,,,,0
2,,thursday,,,23.714039,90.450656,,,,,,,,0
1,,thursday,,,23.714039,90.450656,,,,,,,,0
8,,saturday,,,23.714039,90.450656,,,,,,,,6.2
12,,friday,,,23.728907,90.417137,,,,,,,,0
9,,friday,,,23.685475,90.448537,,,,,,,,2.3
3,,saturday,,,23.7931,90.3861,,,,,,,,0
11,,saturday,,,23.7931,90.3861,,,,,,,,0
11,,thursday,,,23.7931,90.3861,,,,,,,,0
10,,friday,,,23.747314,90.386673,,,,,,,,0.9
4,,monday,,,23.784506,90.403409,,,,,,,,3.1
1,,wednesday,,,23.732038,90.4257675,,,,,,,,0
3,,sunday,,,23.784506,90.403409,,,,,,,,0
7,,friday,,,23.784506,90.403409,,,,,,,,2.5
8,,wednesday,,,23.784506,90.403409,,,,,,,,4.1
4,,wednesday,,,23.784506,90.403409,,,,,,,,25.7
3,,saturday,,,23.750949,90.393367,,,,,,,,0
9,,monday,,,23.750949,90.393367,,,,,,,,2.9
7,,sunday,,,23.784506,90.403409,,,,,,,,16.6
3,,friday,,,23.68333,90.33333,,,,,,,,0
9,,tuesday,,,23.68333,90.33333,,,,,,,,4.6
8,,saturday,,,23.68333,90.33333,,,,,,,,0.8
6,,tuesday,,,23.68333,90.33333,,,,,,,,14.3
9,,sunday,,,23.68333,90.33333,,,,,,,,1.1
6,,wednesday,,,23.68333,90.33333,,,,,,,,1.7
7,,monday,,,23.68333,90.33333,,,,,,,,2.3
9,,sunday,,,23.68333,90.33333,,,,,,,,0.7
5,,sunday,,,23.752027,90.421808,,,,,,,,0.5
10,,friday,,,23.752027,90.421808,,,,,,,,18.2
1,,monday,,,23.752027,90.421808,,,,,,,,0
10,,sunday,,,23.752027,90.421808,,,,,,,,0
4,,thursday,,,23.752027,90.421808,,,,,,,,2.7
2,,monday,,,23.752027,90.421808,,,,,,,,0
5,,tuesday,,,23.752027,90.421808,,,,,,,,17.6
3,,sunday,,,23.834376,90.445713,,,,,,,,0.2
9,,thursday,,,23.834376,90.445713,,,,,,,,0.8
8,,thursday,,,23.834376,90.445713,,,,,,,,8.4
3,,friday,,,23.834376,90.445713,,,,,,,,0
7,,thursday,,,23.709226,90.40739,,,,,,,,0.2
3,,tuesday,,,23.721427,90.375435,,,,,,,,0
11,,saturday,,,23.721427,90.375435,,,,,,,,0
9,,wednesday,,,23.721427,90.375435,,,,,,,,3.5
12,,saturday,,,23.721427,90.375435,,,,,,,,0
2,,thursday,,,23.793708,90.453284,,,,,,,,0
6,,wednesday,,,23.793708,90.453284,,,,,,,,1.7
12,,wednesday,,,23.728907,90.417137,,,,,,,,0
12,,thursday,,,23.728907,90.417137,,,,,,,,0
1,,saturday,,,23.758698,90.380792,,,,,,,,0
6,,monday,,,23.728907,90.417137,,,,,,,,3.4
9,,saturday,,,23.728907,90.417137,,,,,,,,1.9
1,,saturday,,,23.805381,90.374565,,,,,,,,0
1,,saturday,,,23.805381,90.374565,,,,,,,,0
9,,sunday,,,23.805381,90.374565,,,,,,,,2
12,,monday,,,23.805381,90.374565,,,,,,,,0
5,,friday,,,23.805381,90.374565,,,,,,,,51.2
4,,wednesday,,,23.805381,90.374565,,,,,,,,0.6
2,,sunday,,,23.805381,90.374565,,,,,,,,0
7,,sunday,,,23.805381,90.374565,,,,,,,,15.6
7,,monday,,,23.805381,90.374565,,,,,,,,20.4
9,,saturday,,,23.805381,90.374565,,,,,,,,12.6
3,,wednesday,,,23.805381,90.374565,,,,,,,,0
8,,monday,,,23.805381,90.374565,,,,,,,,4.3
9,,monday,,,23.805381,90.374565,,,,,,,,14.1
12,,friday,,,23.805381,90.374565,,,,,,,,0
8,,tuesday,,,23.805381,90.374565,,,,,,,,7.2
10,,monday,,,23.805381,90.374565,,,,,,,,0
7,,friday,,,23.805381,90.374565,,,,,,,,0.4
9,,tuesday,,,23.805381,90.374565,,,,,,,,19.9
6,,sunday,,,23.805381,90.374565,,,,,,,,0.5
4,,monday,,,23.754232,90.410831,,,,,,,,35
9,,friday,,,23.754232,90.410831,,,,,,,,14.1
1,,monday,,,23.754232,90.410831,,,,,,,,0
11,,monday,,,23.754232,90.410831,,,,,,,,0.5
10,,wednesday,,,23.784506,90.403409,,,,,,,,2
11,,sunday,,,23.784506,90.403409,,,,,,,,0
7,,monday,,,23.784506,90.403409,,,,,,,,36.1
1,,saturday,,,23.784506,90.403409,,,,,,,,0
7,,wednesday,,,23.784506,90.403409,,,,,,,,5.8
1,,wednesday,,,23.760178,90.355229,,,,,,,,0
4,,thursday,,,23.760178,90.355229,,,,,,,,8.2
5,,thursday,,,23.760178,90.355229,,,,,,,,13.8
4,,friday,,,23.760178,90.355229,,,,,,,,11.8
5,,wednesday,,,23.760178,90.355229,,,,,,,,2.3
6,,saturday,,,23.760178,90.355229,,,,,,,,12.9
7,,saturday,,,23.760178,90.355229,,,,,,,,5.9
2,,monday,,,23.737051,90.423374,,,,,,,,0
8,,thursday,,,23.737051,90.423374,,,,,,,,1.5
9,,friday,,,23.737051,90.423374,,,,,,,,0
7,,wednesday,,,23.737051,90.423374,,,,,,,,24.8
3,,monday,,,23.737051,90.423374,,,,,,,,0
7,,thursday,,,23.728907,90.417137,,,,,,,,1.4
1,,monday,,,23.784506,90.403409,,,,,,,,0
8,,friday,,,23.728907,90.417137,,,,,,,,7.9
7,,friday,,,23.6167,90.525,,,,,,,,13.8
9,,monday,,,23.7350915,90.3842575,,,,,,,,32.3
9,,thursday,,,23.7350915,90.3842575,,,,,,,,5.9
4,,sunday,,,23.77337857,90.4097081,,,,,,,,5.3
9,,monday,,,23.784506,90.403409,,,,,,,,7.4
1,,friday,,,23.784506,90.403409,,,,,,,,0
4,,sunday,,,23.827398,90.364473,,,,,,,,2
1,,tuesday,,,23.827398,90.364473,,,,,,,,0
3,,monday,,,23.827398,90.364473,,,,,,,,3.1
3,,tuesday,,,23.827398,90.364473,,,,,,,,0
11,,thursday,,,23.827398,90.364473,,,,,,,,0
6,,saturday,,,23.827398,90.364473,,,,,,,,15.8
3,,saturday,,,23.73368,90.413005,,,,,,,,0
5,,saturday,,,23.784506,90.403409,,,,,,,,15.1
2,,friday,,,23.748663,90.404175,,,,,,,,0.5
1,,thursday,,,23.759994,90.420113,,,,,,,,0
7,,tuesday,,,23.759994,90.420113,,,,,,,,8
7,,sunday,,,23.784506,90.403409,,,,,,,,3.8
3,,tuesday,,,23.728907,90.417137,,,,,,,,0.5
6,,saturday,,,23.733251,90.442769,,,,,,,,0.7
1,,monday,,,23.733251,90.442769,,,,,,,,0
6,,tuesday,,,23.733251,90.442769,,,,,,,,4.1
9,,thursday,,,23.733251,90.442769,,,,,,,,0.3
5,,tuesday,,,23.85833,90.26667,,,,,,,,0.2
2,,sunday,,,23.85833,90.26667,,,,,,,,0
7,,thursday,,,23.85833,90.26667,,,,,,,,9.2
1,,friday,,,23.85833,90.26667,,,,,,,,0
2,,monday,,,23.85833,90.26667,,,,,,,,0
7,,saturday,,,23.85833,90.26667,,,,,,,,6
1,,tuesday,,,23.85833,90.26667,,,,,,,,0
3,,thursday,,,23.85833,90.26667,,,,,,,,0
2,,monday,,,23.85833,90.26667,,,,,,,,0
3,,thursday,,,23.85833,90.26667,,,,,,,,10.5
1,,friday,,,23.85833,90.26667,,,,,,,,0
9,,wednesday,,,23.85833,90.26667,,,,,,,,0.1
10,,monday,,,23.85833,90.26667,,,,,,,,3.7
10,,friday,,,23.85833,90.26667,,,,,,,,16.2
10,,wednesday,,,23.85833,90.26667,,,,,,,,1.6
11,,wednesday,,,23.85833,90.26667,,,,,,,,0
4,,saturday,,,23.85833,90.26667,,,,,,,,0.1
4,,saturday,,,23.85833,90.26667,,,,,,,,0.5
6,,saturday,,,23.85833,90.26667,,,,,,,,4.7
4,,monday,,,23.85833,90.26667,,,,,,,,0
8,,thursday,,,23.85833,90.26667,,,,,,,,21.9
9,,saturday,,,23.85833,90.26667,,,,,,,,0.9
6,,friday,,,23.85833,90.26667,,,,,,,,12.4
5,,friday,,,23.85833,90.26667,,,,,,,,7.3
5,,saturday,,,23.85833,90.26667,,,,,,,,3.5
9,,saturday,,,23.85833,90.26667,,,,,,,,0.9
6,,thursday,,,23.85833,90.26667,,,,,,,,15.4
1,,tuesday,,,23.85833,90.26667,,,,,,,,0
5,,wednesday,,,23.85833,90.26667,,,,,,,,8.8
5,,thursday,,,23.85833,90.26667,,,,,,,,0
8,,saturday,,,23.85833,90.26667,,,,,,,,8.1
10,,saturday,,,23.85833,90.26667,,,,,,,,0.3
7,,friday,,,23.85833,90.26667,,,,,,,,3.5
3,,tuesday,,,23.85833,90.26667,,,,,,,,0
10,,tuesday,,,23.85833,90.26667,,,,,,,,0
10,,wednesday,,,23.85833,90.26667,,,,,,,,1.5
5,,sunday,,,23.85833,90.26667,,,,,,,,15.3
10,,thursday,,,23.85833,90.26667,,,,,,,,17.8
10,,thursday,,,23.85833,90.26667,,,,,,,,1.6
3,,sunday,,,23.85833,90.26667,,,,,,,,0
11,,tuesday,,,23.85833,90.26667,,,,,,,,0
11,,saturday,,,23.85833,90.26667,,,,,,,,0.1
10,,sunday,,,23.85833,90.26667,,,,,,,,0
10,,friday,,,23.85833,90.26667,,,,,,,,0
10,,wednesday,,,23.85833,90.26667,,,,,,,,0.2
3,,thursday,,,23.85833,90.26667,,,,,,,,0.8
3,,friday,,,23.85833,90.26667,,,,,,,,0
9,,friday,,,23.85833,90.26667,,,,,,,,1.3
9,,monday,,,23.85833,90.26667,,,,,,,,7.1
10,,thursday,,,23.85833,90.26667,,,,,,,,0
9,,thursday,,,23.85833,90.26667,,,,,,,,0.6
5,,sunday,,,23.85833,90.26667,,,,,,,,0
8,,thursday,,,23.85833,90.26667,,,,,,,,0.9
6,,saturday,,,23.85833,90.26667,,,,,,,,1.9
6,,saturday,,,23.85833,90.26667,,,,,,,,1.9
10,,monday,,,23.85833,90.26667,,,,,,,,2.2
9,,saturday,,,23.85833,90.26667,,,,,,,,2.2
10,,saturday,,,23.85833,90.26667,,,,,,,,1.1
10,,monday,,,23.85833,90.26667,,,,,,,,0
10,,saturday,,,23.85833,90.26667,,,,,,,,0.2
11,,monday,,,23.85833,90.26667,,,,,,,,1.5
12,,friday,,,23.85833,90.26667,,,,,,,,0
11,,friday,,,23.85833,90.26667,,,,,,,,0.1
12,,sunday,,,23.85833,90.26667,,,,,,,,0
11,,monday,,,23.85833,90.26667,,,,,,,,0
8,,saturday,,,23.85833,90.26667,,,,,,,,2.2
6,,thursday,,,23.85833,90.26667,,,,,,,,2.6
7,,wednesday,,,23.85833,90.26667,,,,,,,,0.2
8,,sunday,,,23.85833,90.26667,,,,,,,,3.2
7,,sunday,,,23.85833,90.26667,,,,,,,,5.8
5,,friday,,,23.85833,90.26667,,,,,,,,2.4
6,,wednesday,,,23.85833,90.26667,,,,,,,,0.6
5,,friday,,,23.85833,90.26667,,,,,,,,27.7
5,,monday,,,23.85833,90.26667,,,,,,,,2.1
5,,friday,,,23.85833,90.26667,,,,,,,,5.3
4,,thursday,,,23.85833,90.26667,,,,,,,,6.5
8,,thursday,,,23.85833,90.26667,,,,,,,,4.2
5,,friday,,,23.85833,90.26667,,,,,,,,27.7
5,,wednesday,,,23.728907,90.417137,,,,,,,,0
11,,sunday,,,23.847177,90.4041325,,,,,,,,1.5
7,,monday,,,23.767676,90.376173,,,,,,,,7.4
11,,tuesday,,,23.698502,90.42949,,,,,,,,0
6,,sunday,,,23.881433,90.2683015,,,,,,,,0.5
2,,wednesday,,,23.747314,90.386673,,,,,,,,0
6,,monday,,,23.73503,90.4194,,,,,,,,0.2
3,,monday,,,23.763,90.3897,,,,,,,,0
8,,sunday,,,23.720046,90.421578,,,,,,,,4.7
4,,sunday,,,23.860422,90.367672,,,,,,,,2
2,,friday,,,23.860422,90.367672,,,,,,,,0.5
4,,sunday,,,23.874875,90.393071,,,,,,,,0
12,,thursday,,,23.874875,90.393071,,,,,,,,0
1,,thursday,,,23.874875,90.393071,,,,,,,,0
8,,saturday,,,23.874875,90.393071,,,,,,,,1.3
12,,sunday,,,23.874875,90.393071,,,,,,,,0
2,,saturday,,,23.874875,90.393071,,,,,,,,0
7,,monday,,,23.874875,90.393071,,,,,,,,26.6
11,,thursday,,,23.874875,90.393071,,,,,,,,0
3,,monday,,,23.874875,90.393071,,,,,,,,0
5,,wednesday,,,23.874875,90.393071,,,,,,,,6.7
4,,sunday,,,23.874875,90.393071,,,,,,,,2.2
4,,friday,,,23.874875,90.393071,,,,,,,,0.1
3,,monday,,,23.874875,90.393071,,,,,,,,0.1
12,,friday,,,23.874875,90.393071,,,,,,,,0
6,,friday,,,23.874875,90.393071,,,,,,,,0.1
12,,monday,,,23.728907,90.417137,,,,,,,,0
5,,saturday,,,23.728907,90.417137,,,,,,,,3.8
1,,tuesday,,,23.728907,90.417137,,,,,,,,0
2,,monday,,,23.728907,90.417137,,,,,,,,0
3,,tuesday,,,23.71802,90.41789,,,,,,,,0
7,,sunday,,,23.769808,90.351595,,,,,,,,12.1
4,,sunday,,,23.913894,90.320686,,,,,,,,0.6
5,,friday,,,23.79259,90.407646,,,,,,,,8.5
12,,thursday,,,23.79259,90.407646,,,,,,,,0
5,,monday,,,23.79259,90.407646,,,,,,,,4.3
5,,saturday,,,23.79259,90.407646,,,,,,,,10.2
7,,friday,,,23.716838,90.405322,,,,,,,,7.9
9,,tuesday,,,23.716838,90.405322,,,,,,,,3.8
5,,sunday,,,23.728907,90.417137,,,,,,,,26.5
12,,wednesday,,,23.721686,90.497766,,,,,,,,0.1
12,,saturday,,,23.85833,90.26667,,,,,,,,0
3,,thursday,,,23.794413,90.413735,,,,,,,,1.5
7,,wednesday,,,23.794413,90.413735,,,,,,,,8
7,,sunday,,,23.754232,90.410831,,,,,,,,6.2
3,,sunday,,,23.813105,90.429764,,,,,,,,0
7,,thursday,,,23.769808,90.351595,,,,,,,,11.4
3,,friday,,,23.763,90.3897,,,,,,,,0
11,,friday,,,23.763,90.3897,,,,,,,,0
8,,tuesday,,,23.760178,90.355229,,,,,,,,7.2
10,,saturday,,,23.794413,90.413735,,,,,,,,0.5
5,,thursday,,,23.90833,90.21667,,,,,,,,3.7
10,,monday,,,23.90833,90.21667,,,,,,,,0.2
7,,saturday,,,23.744806,90.373922,,,,,,,,13.6
3,,sunday,,,23.744806,90.373922,,,,,,,,2.6
2,,sunday,,,23.728907,90.417137,,,,,,,,0
2,,friday,,,23.7917,90.4167,,,,,,,,0
11,,monday,,,23.7917,90.4167,,,,,,,,0
8,,sunday,,,23.7917,90.4167,,,,,,,,56
5,,monday,,,23.7917,90.4167,,,,,,,,24.3
12,,tuesday,,,23.7917,90.4167,,,,,,,,0
5,,wednesday,,,23.74819,90.394162,,,,,,,,2.7
6,,tuesday,,,23.728907,90.417137,,,,,,,,1.7
1,,saturday,,,23.714039,90.450656,,,,,,,,0
1,,saturday,,,23.714039,90.450656,,,,,,,,0
1,,saturday,,,23.714039,90.450656,,,,,,,,0
9,,tuesday,,,23.728907,90.417137,,,,,,,,3.8
7,,sunday,,,23.747314,90.386673,,,,,,,,12.1
4,,sunday,,,23.784506,90.403409,,,,,,,,3.7
2,,saturday,,,23.784506,90.403409,,,,,,,,0
11,,friday,,,23.750949,90.393367,,,,,,,,0
10,,sunday,,,23.750949,90.393367,,,,,,,,6.3
5,,saturday,,,23.68333,90.33333,,,,,,,,8
4,,monday,,,23.68333,90.33333,,,,,,,,36.5
1,,friday,,,23.68333,90.33333,,,,,,,,0
8,,monday,,,23.7537165,90.392516,,,,,,,,1.1
11,,tuesday,,,23.752027,90.421808,,,,,,,,0
8,,thursday,,,23.834376,90.445713,,,,,,,,6.2
6,,tuesday,,,23.721427,90.375435,,,,,,,,9.2
4,,monday,,,23.784506,90.403409,,,,,,,,2.1
1,,sunday,,,23.805381,90.374565,,,,,,,,0
9,,friday,,,23.805381,90.374565,,,,,,,,0.7
9,,tuesday,,,23.805381,90.374565,,,,,,,,19.9
8,,monday,,,23.805381,90.374565,,,,,,,,4.3
2,,wednesday,,,23.805381,90.374565,,,,,,,,2
7,,sunday,,,23.805381,90.374565,,,,,,,,2
7,,thursday,,,23.805381,90.374565,,,,,,,,11.4
3,,sunday,,,23.805381,90.374565,,,,,,,,0
8,,thursday,,,23.784506,90.403409,,,,,,,,25.4
7,,wednesday,,,23.760178,90.355229,,,,,,,,50.6
10,,tuesday,,,23.737051,90.423374,,,,,,,,0
10,,thursday,,,23.85833,90.26667,,,,,,,,0.8
7,,friday,,,23.75670084,90.36915536,,,,,,,,7.9
10,,sunday,,,23.7350915,90.3842575,,,,,,,,4.4
9,,thursday,,,23.827398,90.364473,,,,,,,,1.4
7,,sunday,,,23.73368,90.413005,,,,,,,,17
8,,sunday,,,23.73368,90.413005,,,,,,,,56
1,,sunday,,,23.697037,90.459509,,,,,,,,0
11,,tuesday,,,23.85833,90.26667,,,,,,,,0
10,,wednesday,,,23.85833,90.26667,,,,,,,,0
7,,saturday,,,23.85833,90.26667,,,,,,,,0.2
11,,tuesday,,,23.85833,90.26667,,,,,,,,0
9,,thursday,,,23.85833,90.26667,,,,,,,,0.8
6,,monday,,,23.85833,90.26667,,,,,,,,4.5
6,,tuesday,,,23.85833,90.26667,,,,,,,,1.4
8,,thursday,,,23.85833,90.26667,,,,,,,,1.7
7,,wednesday,,,23.85833,90.26667,,,,,,,,6
9,,monday,,,23.85833,90.26667,,,,,,,,1.4
9,,friday,,,23.85833,90.26667,,,,,,,,0.1
12,,friday,,,23.85833,90.26667,,,,,,,,0
10,,thursday,,,23.85833,90.26667,,,,,,,,1.7
10,,friday,,,23.85833,90.26667,,,,,,,,4.9
2,,friday,,,23.85833,90.26667,,,,,,,,0
4,,saturday,,,23.85833,90.26667,,,,,,,,1.2
5,,tuesday,,,23.85833,90.26667,,,,,,,,0
12,,friday,,,23.85833,90.26667,,,,,,,,0
12,,friday,,,23.85833,90.26667,,,,,,,,0
12,,friday,,,23.85833,90.26667,,,,,,,,0
1,,saturday,,,23.85833,90.26667,,,,,,,,0
10,,saturday,,,23.73889,90.371214,,,,,,,,0.5
1,,friday,,,23.7689555,90.3716285,,,,,,,,0
12,,monday,,,23.698502,90.42949,,,,,,,,0
8,,saturday,,,23.887625,90.398942,,,,,,,,5.2
10,,monday,,,23.887625,90.398942,,,,,,,,3.7
4,,monday,,,23.874875,90.393071,,,,,,,,13.1
12,,tuesday,,,23.874875,90.393071,,,,,,,,0
3,,tuesday,,,23.874875,90.393071,,,,,,,,0
12,,saturday,,,23.874875,90.393071,,,,,,,,0
3,,friday,,,23.728907,90.417137,,,,,,,,0
12,,monday,,,23.728907,90.417137,,,,,,,,0
3,,tuesday,,,23.782726,90.348319,,,,,,,,23.7
8,,wednesday,,,23.913894,90.320686,,,,,,,,2.8
4,,tuesday,,,23.913894,90.320686,,,,,,,,6.2
2,,sunday,,,23.913894,90.320686,,,,,,,,0
8,,thursday,,,23.913894,90.320686,,,,,,,,23.3
8,,tuesday,,,23.793708,90.453284,,,,,,,,10
8,,monday,,,23.793708,90.453284,,,,,,,,1.1
9,,tuesday,,,23.793708,90.453284,,,,,,,,12.8
7,,sunday,,,23.793708,90.453284,,,,,,,,5
11,,wednesday,,,23.793708,90.453284,,,,,,,,0.2
8,,sunday,,,23.765913,90.426541,,,,,,,,1.3
10,,monday,,,23.765913,90.426541,,,,,,,,0.4
10,,monday,,,23.746136,90.394581,,,,,,,,1.4
2,,sunday,,,23.716838,90.405322,,,,,,,,0
4,,wednesday,,,23.716838,90.405322,,,,,,,,25.7
1,,tuesday,,,23.784506,90.403409,,,,,,,,0
11,,sunday,,,23.763781,90.389061,,,,,,,,0.5
2,,monday,,,23.717677,90.394341,,,,,,,,0
11,,tuesday,,,23.784506,90.403409,,,,,,,,0
11,,tuesday,,,23.784506,90.403409,,,,,,,,0
12,,friday,,,23.70861461,90.42250425,,,,,,,,0
7,,thursday,,,23.721686,90.497766,,,,,,,,1.7
6,,sunday,,,23.721686,90.497766,,,,,,,,10.9
2,,friday,,,23.721686,90.497766,,,,,,,,0.2
11,,friday,,,23.794413,90.413735,,,,,,,,0
6,,wednesday,,,23.874875,90.393071,,,,,,,,51.3
9,,friday,,,23.794413,90.413735,,,,,,,,2.1
12,,tuesday,,,23.728907,90.417137,,,,,,,,0
9,,saturday,,,23.715966,90.434561,,,,,,,,0.1
4,,tuesday,,,23.744806,90.373922,,,,,,,,0.7
2,,monday,,,23.744806,90.373922,,,,,,,,0
2,,saturday,,,23.744806,90.373922,,,,,,,,0
6,,sunday,,,23.744806,90.373922,,,,,,,,12.5
8,,friday,,,23.744806,90.373922,,,,,,,,2.3
6,,sunday,,,23.744806,90.373922,,,,,,,,2.2
1,,sunday,,,23.744806,90.373922,,,,,,,,0
8,,friday,,,23.5958,90.1222,,,,,,,,0.2
2,,thursday,,,23.743883,90.392304,,,,,,,,0
10,,wednesday,,,23.738268,90.380707,,,,,,,,2.3
9,,friday,,,23.760305,90.389484,,,,,,,,0.8
4,,saturday,,,23.760305,90.389484,,,,,,,,0
8,,friday,,,24.6333,90.2667,,,,,,,,26.2
5,,monday,,,23.98889,90.375,,,,,,,,0.8
6,,tuesday,,,23.98889,90.375,,,,,,,,9.1
6,,monday,,,23.98889,90.375,,,,,,,,2.6
6,,thursday,,,23.98889,90.375,,,,,,,,2.3
5,,sunday,,,23.98889,90.375,,,,,,,,1.2
12,,tuesday,,,23.98889,90.375,,,,,,,,0.7
12,,friday,,,23.98889,90.375,,,,,,,,0
2,,tuesday,,,23.98889,90.375,,,,,,,,0
4,,monday,,,23.98889,90.375,,,,,,,,17.8
9,,sunday,,,23.784506,90.403409,,,,,,,,2
2,,monday,,,23.749054,90.386405,,,,,,,,0
10,,tuesday,,,23.7917,90.4167,,,,,,,,11.1
7,,wednesday,,,23.7917,90.4167,,,,,,,,1.9
4,,saturday,,,23.7917,90.4167,,,,,,,,2.9
3,,sunday,,,23.728907,90.417137,,,,,,,,0
10,,tuesday,,,23.74819,90.394162,,,,,,,,0
9,,saturday,,,23.74819,90.394162,,,,,,,,1.9
12,,wednesday,,,23.743883,90.392304,,,,,,,,0
10,,wednesday,,,23.740038,90.35886,,,,,,,,0.4
6,,thursday,,,23.740038,90.35886,,,,,,,,0
5,,friday,,,23.714039,90.450656,,,,,,,,0.7
2,,friday,,,23.714039,90.450656,,,,,,,,0
1,,tuesday,,,23.714039,90.450656,,,,,,,,0
6,,monday,,,23.714039,90.450656,,,,,,,,24.2
5,,friday,,,23.714039,90.450656,,,,,,,,2.2
4,,monday,,,23.714039,90.450656,,,,,,,,1.4
6,,friday,,,23.714039,90.450656,,,,,,,,8
2,,tuesday,,,23.714039,90.450656,,,,,,,,0
4,,wednesday,,,23.73889,90.371214,,,,,,,,2.6
2,,wednesday,,,23.728907,90.417137,,,,,,,,0
6,,saturday,,,23.747314,90.386673,,,,,,,,2.4
8,,sunday,,,23.747314,90.386673,,,,,,,,3.5
9,,monday,,,23.747314,90.386673,,,,,,,,1.3
2,,thursday,,,23.747314,90.386673,,,,,,,,0
10,,sunday,,,23.777843,90.361078,,,,,,,,0.1
4,,thursday,,,23.777843,90.361078,,,,,,,,3.2
7,,tuesday,,,23.732038,90.4257675,,,,,,,,3.1
10,,saturday,,,23.732038,90.4257675,,,,,,,,7.4
9,,wednesday,,,23.68333,90.33333,,,,,,,,5.1
5,,tuesday,,,23.752027,90.421808,,,,,,,,0
11,,wednesday,,,23.752027,90.421808,,,,,,,,0.2
11,,sunday,,,23.752027,90.421808,,,,,,,,0
11,,thursday,,,23.834376,90.445713,,,,,,,,0
1,,saturday,,,23.728907,90.417137,,,,,,,,0
10,,sunday,,,23.728907,90.417137,,,,,,,,0
5,,sunday,,,23.728907,90.417137,,,,,,,,5.7
3,,thursday,,,23.721427,90.375435,,,,,,,,1.5
3,,monday,,,23.728907,90.417137,,,,,,,,2.6
1,,sunday,,,23.728907,90.417137,,,,,,,,0
10,,thursday,,,23.805381,90.374565,,,,,,,,1.4
9,,monday,,,23.805381,90.374565,,,,,,,,2.9
10,,tuesday,,,23.805381,90.374565,,,,,,,,0.5
8,,tuesday,,,23.805381,90.374565,,,,,,,,7.2
2,,friday,,,23.805381,90.374565,,,,,,,,0
4,,sunday,,,23.805381,90.374565,,,,,,,,0.1
11,,thursday,,,23.805381,90.374565,,,,,,,,0
11,,thursday,,,23.805381,90.374565,,,,,,,,0
8,,sunday,,,23.805381,90.374565,,,,,,,,3.7
5,,monday,,,23.754232,90.410831,,,,,,,,24.3
8,,wednesday,,,23.754232,90.410831,,,,,,,,14.4
9,,tuesday,,,23.754232,90.410831,,,,,,,,3
2,,saturday,,,23.754232,90.410831,,,,,,,,0
7,,tuesday,,,23.784506,90.403409,,,,,,,,3.4
5,,thursday,,,23.760178,90.355229,,,,,,,,0
3,,friday,,,23.760178,90.355229,,,,,,,,0
7,,thursday,,,23.737051,90.423374,,,,,,,,11.4
4,,monday,,,23.737051,90.423374,,,,,,,,9.2
9,,wednesday,,,23.737051,90.423374,,,,,,,,1.2
2,,saturday,,,23.7931,90.3861,,,,,,,,0.2
8,,sunday,,,23.6667,90.1667,,,,,,,,8.6
6,,monday,,,23.746693,90.394921,,,,,,,,23.6
6,,wednesday,,,23.728907,90.417137,,,,,,,,23.9
6,,thursday,,,23.728907,90.417137,,,,,,,,4.9
4,,wednesday,,,23.794413,90.413735,,,,,,,,15.5
11,,wednesday,,,23.794413,90.413735,,,,,,,,0
6,,thursday,,,23.794413,90.413735,,,,,,,,21.5
4,,thursday,,,23.794413,90.413735,,,,,,,,3.2
12,,thursday,,,23.794413,90.413735,,,,,,,,0
4,,wednesday,,,23.794413,90.413735,,,,,,,,15.5
2,,monday,,,23.73368,90.413005,,,,,,,,0.8
4,,thursday,,,23.728907,90.417137,,,,,,,,0.3
6,,thursday,,,23.759994,90.420113,,,,,,,,2.4
4,,thursday,,,23.759994,90.420113,,,,,,,,0
11,,monday,,,23.759994,90.420113,,,,,,,,0
3,,tuesday,,,23.759994,90.420113,,,,,,,,0
6,,wednesday,,,23.77731,90.43628,,,,,,,,1
2,,sunday,,,23.733251,90.442769,,,,,,,,0
1,,sunday,,,23.85833,90.26667,,,,,,,,0
9,,thursday,,,22.62908,91.65212,,,,,,,,14.4
9,,wednesday,,,23.85833,90.26667,,,,,,,,3.8
6,,friday,,,23.85833,90.26667,,,,,,,,1
4,,sunday,,,23.85833,90.26667,,,,,,,,2
2,,monday,,,23.85833,90.26667,,,,,,,,0
4,,tuesday,,,23.85833,90.26667,,,,,,,,6.2
5,,sunday,,,23.85833,90.26667,,,,,,,,1.6
5,,tuesday,,,23.85833,90.26667,,,,,,,,0.1
11,,wednesday,,,23.85833,90.26667,,,,,,,,0.1
10,,sunday,,,23.85833,90.26667,,,,,,,,0.1
3,,tuesday,,,23.85833,90.26667,,,,,,,,0.1
3,,tuesday,,,23.85833,90.26667,,,,,,,,0.1
2,,monday,,,23.85833,90.26667,,,,,,,,0
2,,thursday,,,23.85833,90.26667,,,,,,,,0
11,,saturday,,,23.85833,90.26667,,,,,,,,0
11,,sunday,,,23.85833,90.26667,,,,,,,,0
6,,tuesday,,,23.85833,90.26667,,,,,,,,0
1,,friday,,,23.85833,90.26667,,,,,,,,0.5
1,,wednesday,,,23.85833,90.26667,,,,,,,,0
6,,saturday,,,23.85833,90.26667,,,,,,,,18.6
6,,sunday,,,23.85833,90.26667,,,,,,,,11
10,,tuesday,,,23.85833,90.26667,,,,,,,,0
4,,monday,,,23.85833,90.26667,,,,,,,,0
4,,wednesday,,,23.728907,90.417137,,,,,,,,29.1
4,,wednesday,,,23.728907,90.417137,,,,,,,,29.1
4,,wednesday,,,23.728907,90.417137,,,,,,,,29.1
4,,wednesday,,,23.728907,90.417137,,,,,,,,29.1
4,,tuesday,,,23.728907,90.417137,,,,,,,,12.4
4,,wednesday,,,23.728907,90.417137,,,,,,,,29.1
4,,tuesday,,,23.728907,90.417137,,,,,,,,12.4
4,,tuesday,,,23.728907,90.417137,,,,,,,,12.4
4,,tuesday,,,23.728907,90.417137,,,,,,,,12.4
9,,thursday,,,23.728907,90.417137,,,,,,,,1.3
12,,tuesday,,,23.784506,90.403409,,,,,,,,0
10,,sunday,,,23.736484,90.397323,,,,,,,,1.1
2,,tuesday,,,23.74534,90.4234,,,,,,,,0
3,,thursday,,,23.74534,90.4234,,,,,,,,0
11,,monday,,,23.74534,90.4234,,,,,,,,0
8,,tuesday,,,24.16667,90.41667,,,,,,,,10.9
7,,sunday,,,23.77405872,90.3644076,,,,,,,,1
3,,saturday,,,23.783794,90.378374,,,,,,,,0
3,,thursday,,,23.71384927,90.40776174,,,,,,,,0
4,,sunday,,,23.763,90.3897,,,,,,,,0.5
1,,saturday,,,23.763,90.3897,,,,,,,,0
10,,sunday,,,23.720046,90.421578,,,,,,,,0.5
6,,thursday,,,23.720046,90.421578,,,,,,,,10.7
7,,monday,,,23.720046,90.421578,,,,,,,,0.6
11,,monday,,,23.860422,90.367672,,,,,,,,0
3,,monday,,,23.860422,90.367672,,,,,,,,0
4,,sunday,,,23.860422,90.367672,,,,,,,,0.1
8,,friday,,,23.874875,90.393071,,,,,,,,15.6
6,,sunday,,,23.874875,90.393071,,,,,,,,30.2
10,,wednesday,,,23.874875,90.393071,,,,,,,,0
1,,thursday,,,23.874875,90.393071,,,,,,,,0
7,,monday,,,23.874875,90.393071,,,,,,,,26.6
11,,friday,,,23.874875,90.393071,,,,,,,,0.1
4,,monday,,,23.874875,90.393071,,,,,,,,0.5
3,,monday,,,22.31667,91.81667,,,,,,,,0
3,,monday,,,22.31667,91.81667,,,,,,,,0
8,,tuesday,,,22.31667,91.81667,,,,,,,,10.6
3,,saturday,,,22.31667,91.81667,,,,,,,,0
4,,tuesday,,,22.31667,91.81667,,,,,,,,1.7
4,,thursday,,,22.31667,91.81667,,,,,,,,0
1,,tuesday,,,22.31667,91.81667,,,,,,,,0
9,,wednesday,,,22.31667,91.81667,,,,,,,,16.2
4,,sunday,,,22.31667,91.81667,,,,,,,,0
4,,sunday,,,22.31667,91.81667,,,,,,,,0
5,,thursday,,,22.498796,91.807213,,,,,,,,3.6
5,,friday,,,22.498796,91.807213,,,,,,,,11.2
5,,thursday,,,22.498796,91.807213,,,,,,,,16.8
7,,sunday,,,22.31667,91.81667,,,,,,,,26.3
5,,thursday,,,22.31667,91.81667,,,,,,,,0
2,,friday,,,22.31667,91.81667,,,,,,,,0
7,,wednesday,,,22.31667,91.81667,,,,,,,,15.3
1,,monday,,,22.31667,91.81667,,,,,,,,0
1,,tuesday,,,22.31667,91.81667,,,,,,,,0
7,,sunday,,,22.31667,91.81667,,,,,,,,82.5
10,,tuesday,,,22.359626,91.8301695,,,,,,,,23.3
7,,monday,,,22.359626,91.8301695,,,,,,,,11.2
11,,friday,,,22.359626,91.8301695,,,,,,,,0
12,,friday,,,22.359626,91.8301695,,,,,,,,0
10,,tuesday,,,22.359626,91.8301695,,,,,,,,3.4
1,,tuesday,,,22.359626,91.8301695,,,,,,,,0
1,,tuesday,,,22.359626,91.8301695,,,,,,,,0
10,,saturday,,,22.359626,91.8301695,,,,,,,,2.8
10,,monday,,,22.359626,91.8301695,,,,,,,,0.6
11,,thursday,,,22.359626,91.8301695,,,,,,,,0.1
4,,monday,,,22.359626,91.8301695,,,,,,,,0
5,,wednesday,,,22.359626,91.8301695,,,,,,,,20.6
4,,friday,,,22.359626,91.8301695,,,,,,,,0
4,,wednesday,,,22.359626,91.8301695,,,,,,,,0.8
4,,monday,,,22.359626,91.8301695,,,,,,,,0
4,,thursday,,,22.359626,91.8301695,,,,,,,,0.5
4,,tuesday,,,22.359626,91.8301695,,,,,,,,0
4,,saturday,,,22.359626,91.8301695,,,,,,,,0.4
8,,tuesday,,,22.359626,91.8301695,,,,,,,,1.5
8,,friday,,,22.359626,91.8301695,,,,,,,,6.6
2,,friday,,,22.359626,91.8301695,,,,,,,,0
5,,thursday,,,22.359626,91.8301695,,,,,,,,19
3,,tuesday,,,22.359626,91.8301695,,,,,,,,0.4
6,,sunday,,,22.359626,91.8301695,,,,,,,,20.9
8,,monday,,,22.359626,91.8301695,,,,,,,,16.3
3,,tuesday,,,22.359626,91.8301695,,,,,,,,0
9,,friday,,,22.359626,91.8301695,,,,,,,,47.5
4,,thursday,,,22.359626,91.8301695,,,,,,,,0
4,,wednesday,,,22.359626,91.8301695,,,,,,,,0.2
3,,friday,,,22.359626,91.8301695,,,,,,,,0
6,,sunday,,,22.359626,91.8301695,,,,,,,,20.9
6,,monday,,,22.359626,91.8301695,,,,,,,,5.9
6,,tuesday,,,22.359626,91.8301695,,,,,,,,0
6,,monday,,,22.359626,91.8301695,,,,,,,,0
4,,wednesday,,,22.359626,91.8301695,,,,,,,,1.4
4,,sunday,,,22.359626,91.8301695,,,,,,,,0.3
5,,tuesday,,,22.359626,91.8301695,,,,,,,,1
4,,wednesday,,,22.359626,91.8301695,,,,,,,,0
4,,sunday,,,22.359626,91.8301695,,,,,,,,0
5,,saturday,,,22.359626,91.8301695,,,,,,,,0.3
5,,friday,,,22.359626,91.8301695,,,,,,,,0.2
9,,friday,,,22.359626,91.8301695,,,,,,,,2
9,,saturday,,,22.359626,91.8301695,,,,,,,,0.1
5,,friday,,,22.359626,91.8301695,,,,,,,,1.7
5,,friday,,,22.359626,91.8301695,,,,,,,,0.8
3,,tuesday,,,22.359626,91.8301695,,,,,,,,0
2,,friday,,,22.359626,91.8301695,,,,,,,,0
3,,monday,,,22.359626,91.8301695,,,,,,,,0.4
8,,monday,,,22.359626,91.8301695,,,,,,,,12.5
2,,sunday,,,22.359626,91.8301695,,,,,,,,0
2,,saturday,,,22.359626,91.8301695,,,,,,,,0
2,,sunday,,,22.359626,91.8301695,,,,,,,,0
2,,saturday,,,22.359626,91.8301695,,,,,,,,0
2,,saturday,,,22.359626,91.8301695,,,,,,,,0
2,,sunday,,,22.359626,91.8301695,,,,,,,,0
1,,monday,,,22.359626,91.8301695,,,,,,,,0
6,,sunday,,,22.359626,91.8301695,,,,,,,,15
7,,sunday,,,22.359626,91.8301695,,,,,,,,11.5
1,,monday,,,22.359626,91.8301695,,,,,,,,0
6,,friday,,,22.359626,91.8301695,,,,,,,,28.8
1,,tuesday,,,22.359626,91.8301695,,,,,,,,0
11,,tuesday,,,22.359626,91.8301695,,,,,,,,0
2,,sunday,,,22.359626,91.8301695,,,,,,,,0.7
4,,tuesday,,,22.31667,91.81667,,,,,,,,0
1,,friday,,,22.31667,91.81667,,,,,,,,0
2,,friday,,,22.31667,91.81667,,,,,,,,0
12,,monday,,,22.31667,91.81667,,,,,,,,0
5,,friday,,,22.31667,91.81667,,,,,,,,19.4
8,,monday,,,22.31667,91.81667,,,,,,,,25.8
3,,tuesday,,,22.31667,91.81667,,,,,,,,0.4
1,,wednesday,,,22.31667,91.81667,,,,,,,,0
1,,wednesday,,,22.31667,91.81667,,,,,,,,0
7,,saturday,,,22.31667,91.81667,,,,,,,,90.2
4,,wednesday,,,22.31667,91.81667,,,,,,,,0.2
5,,wednesday,,,22.31667,91.81667,,,,,,,,20.6
2,,wednesday,,,22.31667,91.81667,,,,,,,,0
2,,saturday,,,22.31667,91.81667,,,,,,,,0
4,,friday,,,22.31667,91.81667,,,,,,,,0.6
9,,wednesday,,,22.31667,91.81667,,,,,,,,2
5,,tuesday,,,22.359626,91.8301695,,,,,,,,2.1
4,,saturday,,,22.359626,91.8301695,,,,,,,,0
5,,friday,,,22.359626,91.8301695,,,,,,,,0.7
5,,tuesday,,,22.359626,91.8301695,,,,,,,,2.1
5,,friday,,,22.359626,91.8301695,,,,,,,,26
12,,monday,,,22.359626,91.8301695,,,,,,,,0
5,,wednesday,,,22.359626,91.8301695,,,,,,,,16.5
2,,wednesday,,,22.359626,91.8301695,,,,,,,,2
10,,thursday,,,22.359626,91.8301695,,,,,,,,204.6
1,,sunday,,,22.31667,91.81667,,,,,,,,0
7,,wednesday,,,22.31667,91.81667,,,,,,,,119.9
11,,sunday,,,22.31667,91.81667,,,,,,,,0
6,,thursday,,,22.31667,91.81667,,,,,,,,10.3
4,,wednesday,,,22.31667,91.81667,,,,,,,,0
4,,wednesday,,,22.31667,91.81667,,,,,,,,0.8
4,,tuesday,,,22.31667,91.81667,,,,,,,,0.9
8,,thursday,,,22.31667,91.81667,,,,,,,,6.5
10,,tuesday,,,22.31667,91.81667,,,,,,,,20.2
1,,saturday,,,22.31667,91.81667,,,,,,,,0
4,,sunday,,,22.31667,91.81667,,,,,,,,0
3,,sunday,,,22.498796,91.807213,,,,,,,,0
3,,monday,,,22.498796,91.807213,,,,,,,,0
5,,wednesday,,,22.498796,91.807213,,,,,,,,19.6
7,,saturday,,,22.31667,91.81667,,,,,,,,19.5
12,,wednesday,,,22.31667,91.81667,,,,,,,,0
5,,monday,,,22.31667,91.81667,,,,,,,,0.3
10,,saturday,,,22.31667,91.81667,,,,,,,,4.4
7,,sunday,,,22.31667,91.81667,,,,,,,,41.3
11,,saturday,,,22.31667,91.81667,,,,,,,,0
2,,wednesday,,,22.31667,91.81667,,,,,,,,0
3,,friday,,,22.359626,91.8301695,,,,,,,,3.1
7,,tuesday,,,22.359626,91.8301695,,,,,,,,22.6
7,,thursday,,,22.359626,91.8301695,,,,,,,,8.7
8,,monday,,,22.393836,91.865371,,,,,,,,40.7
7,,tuesday,,,22.359626,91.8301695,,,,,,,,78.4
7,,sunday,,,22.359626,91.8301695,,,,,,,,21.7
3,,friday,,,22.359626,91.8301695,,,,,,,,0
8,,wednesday,,,22.359626,91.8301695,,,,,,,,10.3
6,,friday,,,22.358732,91.775428,,,,,,,,4.6
5,,saturday,,,22.359626,91.8301695,,,,,,,,4.5
6,,tuesday,,,22.359626,91.8301695,,,,,,,,16.3
10,,thursday,,,22.359626,91.8301695,,,,,,,,0
10,,thursday,,,22.359626,91.8301695,,,,,,,,0
9,,sunday,,,22.359626,91.8301695,,,,,,,,1.9
9,,sunday,,,22.359626,91.8301695,,,,,,,,17.6
6,,sunday,,,22.359626,91.8301695,,,,,,,,6.7
4,,wednesday,,,22.359626,91.8301695,,,,,,,,0
4,,sunday,,,22.359626,91.8301695,,,,,,,,0
6,,wednesday,,,22.359626,91.8301695,,,,,,,,0
1,,sunday,,,22.359626,91.8301695,,,,,,,,0
1,,sunday,,,22.359626,91.8301695,,,,,,,,0
8,,sunday,,,22.359626,91.8301695,,,,,,,,9.7
8,,thursday,,,22.359626,91.8301695,,,,,,,,12
11,,tuesday,,,22.359626,91.8301695,,,,,,,,1
11,,tuesday,,,22.359626,91.8301695,,,,,,,,0
4,,monday,,,22.359626,91.8301695,,,,,,,,0.9
11,,tuesday,,,22.359626,91.8301695,,,,,,,,2.9
1,,tuesday,,,22.359626,91.8301695,,,,,,,,0
1,,friday,,,22.359626,91.8301695,,,,,,,,0
3,,wednesday,,,22.359626,91.8301695,,,,,,,,0.2
2,,tuesday,,,22.359626,91.8301695,,,,,,,,0
1,,wednesday,,,22.359626,91.8301695,,,,,,,,0
10,,friday,,,22.359626,91.8301695,,,,,,,,3
11,,tuesday,,,22.31667,91.81667,,,,,,,,0.7
9,,sunday,,,22.31667,91.81667,,,,,,,,24
5,,wednesday,,,22.31667,91.81667,,,,,,,,0.3
7,,monday,,,22.31667,91.81667,,,,,,,,32.9
9,,monday,,,22.31667,91.81667,,,,,,,,9.6
8,,tuesday,,,22.359626,91.8301695,,,,,,,,43.8
5,,tuesday,,,22.31667,91.81667,,,,,,,,4.5
9,,thursday,,,22.31667,91.81667,,,,,,,,11
10,,sunday,,,22.31667,91.81667,,,,,,,,28
4,,tuesday,,,22.31667,91.81667,,,,,,,,3.6
9,,friday,,,22.31667,91.81667,,,,,,,,1.3
5,,monday,,,22.31667,91.81667,,,,,,,,0
2,,thursday,,,22.31667,91.81667,,,,,,,,0
10,,saturday,,,22.31667,91.81667,,,,,,,,0.1
7,,sunday,,,22.31667,91.81667,,,,,,,,5.8
4,,tuesday,,,22.31667,91.81667,,,,,,,,0
6,,wednesday,,,22.31667,91.81667,,,,,,,,7
12,,sunday,,,22.498796,91.807213,,,,,,,,0
11,,wednesday,,,22.31667,91.81667,,,,,,,,0
8,,sunday,,,22.31667,91.81667,,,,,,,,26.8
1,,monday,,,22.31667,91.81667,,,,,,,,0
7,,wednesday,,,22.359626,91.8301695,,,,,,,,10.6
11,,sunday,,,22.362823,91.7969625,,,,,,,,0
9,,thursday,,,22.359626,91.8301695,,,,,,,,11
9,,tuesday,,,22.362823,91.7969625,,,,,,,,24.3
5,,friday,,,22.31667,91.81667,,,,,,,,3.8
5,,saturday,,,22.362823,91.7969625,,,,,,,,0.1
10,,tuesday,,,22.359626,91.8301695,,,,,,,,3.5
11,,monday,,,22.362823,91.7969625,,,,,,,,1
11,,thursday,,,22.362823,91.7969625,,,,,,,,4.4
7,,sunday,,,22.359626,91.8301695,,,,,,,,12.3
9,,monday,,,22.359626,91.8301695,,,,,,,,4.4
9,,wednesday,,,22.362823,91.7969625,,,,,,,,52.8
9,,monday,,,22.359626,91.8301695,,,,,,,,4.4
10,,tuesday,,,22.362823,91.7969625,,,,,,,,20.2
8,,sunday,,,22.362823,91.7969625,,,,,,,,3.5
8,,sunday,,,22.362823,91.7969625,,,,,,,,3.5
8,,thursday,,,22.362823,91.7969625,,,,,,,,30.2
8,,monday,,,22.362823,91.7969625,,,,,,,,5.9
3,,tuesday,,,22.362823,91.7969625,,,,,,,,2.9
11,,wednesday,,,22.393836,91.865371,,,,,,,,0
4,,tuesday,,,22.358732,91.775428,,,,,,,,0
3,,saturday,,,22.359626,91.8301695,,,,,,,,0
5,,saturday,,,22.359626,91.8301695,,,,,,,,1.6
4,,saturday,,,22.362823,91.7969625,,,,,,,,0
4,,thursday,,,22.362823,91.7969625,,,,,,,,0
3,,thursday,,,22.359626,91.8301695,,,,,,,,0
11,,sunday,,,22.362823,91.7969625,,,,,,,,31.4
4,,wednesday,,,22.362823,91.7969625,,,,,,,,8.4
8,,tuesday,,,22.359626,91.8301695,,,,,,,,16
7,,saturday,,,22.359626,91.8301695,,,,,,,,6.6
8,,wednesday,,,22.359626,91.8301695,,,,,,,,35.6
8,,saturday,,,22.362823,91.7969625,,,,,,,,18.6
2,,sunday,,,22.362823,91.7969625,,,,,,,,0.1
2,,wednesday,,,22.359626,91.8301695,,,,,,,,0
5,,saturday,,,22.359626,91.8301695,,,,,,,,0.4
12,,thursday,,,22.362823,91.7969625,,,,,,,,0
2,,tuesday,,,22.359626,91.8301695,,,,,,,,0
10,,saturday,,,22.362823,91.7969625,,,,,,,,11.9
9,,wednesday,,,22.31667,91.81667,,,,,,,,0
10,,friday,,,22.362823,91.7969625,,,,,,,,0.1
10,,monday,,,22.31667,91.81667,,,,,,,,0.2
9,,monday,,,22.362823,91.7969625,,,,,,,,7.9
8,,tuesday,,,22.362823,91.7969625,,,,,,,,89.7
8,,monday,,,22.359626,91.8301695,,,,,,,,55.5
2,,saturday,,,22.362823,91.7969625,,,,,,,,0
9,,sunday,,,22.362823,91.7969625,,,,,,,,1.2
9,,tuesday,,,22.362823,91.7969625,,,,,,,,2.1
2,,saturday,,,22.359626,91.8301695,,,,,,,,0
8,,thursday,,,22.359626,91.8301695,,,,,,,,14.1
1,,friday,,,22.362823,91.7969625,,,,,,,,0
2,,monday,,,22.359626,91.8301695,,,,,,,,0
7,,wednesday,,,22.359626,91.8301695,,,,,,,,27.3
11,,tuesday,,,22.362823,91.7969625,,,,,,,,0
12,,tuesday,,,22.359626,91.8301695,,,,,,,,0
12,,wednesday,,,22.362823,91.7969625,,,,,,,,0
12,,thursday,,,22.362823,91.7969625,,,,,,,,0
5,,friday,,,22.359626,91.8301695,,,,,,,,0
5,,sunday,,,22.362823,91.7969625,,,,,,,,0.2
6,,sunday,,,22.359626,91.8301695,,,,,,,,15
7,,sunday,,,22.359626,91.8301695,,,,,,,,15.6
9,,tuesday,,,22.359626,91.8301695,,,,,,,,0.5
4,,monday,,,22.359626,91.8301695,,,,,,,,0
4,,thursday,,,22.362823,91.7969625,,,,,,,,0
4,,friday,,,22.359626,91.8301695,,,,,,,,0
12,,monday,,,22.359626,91.8301695,,,,,,,,0
2,,wednesday,,,22.362823,91.7969625,,,,,,,,0
3,,wednesday,,,22.3693625,91.843101,,,,,,,,16
3,,thursday,,,22.362823,91.7969625,,,,,,,,0
3,,monday,,,22.31667,91.81667,,,,,,,,0.3
10,,tuesday,,,22.31667,91.81667,,,,,,,,23.3
4,,wednesday,,,22.31667,91.81667,,,,,,,,0.1
4,,tuesday,,,22.31667,91.81667,,,,,,,,0
4,,thursday,,,22.359626,91.8301695,,,,,,,,0
1,,friday,,,22.359626,91.8301695,,,,,,,,0
11,,monday,,,22.31667,91.81667,,,,,,,,0
8,,friday,,,22.31667,91.81667,,,,,,,,28.9
8,,monday,,,22.31667,91.81667,,,,,,,,12.5
3,,thursday,,,22.31667,91.81667,,,,,,,,4.6
3,,sunday,,,22.31667,91.81667,,,,,,,,1.7
6,,wednesday,,,22.31667,91.81667,,,,,,,,4
3,,friday,,,22.31667,91.81667,,,,,,,,3.1
7,,tuesday,,,22.31667,91.81667,,,,,,,,21
7,,wednesday,,,22.31667,91.81667,,,,,,,,27.3
1,,monday,,,22.31667,91.81667,,,,,,,,0
12,,wednesday,,,22.31667,91.81667,,,,,,,,0
5,,monday,,,22.31667,91.81667,,,,,,,,0.2
2,,monday,,,22.31667,91.81667,,,,,,,,0.6
6,,saturday,,,22.31667,91.81667,,,,,,,,45.6
1,,wednesday,,,22.31667,91.81667,,,,,,,,0
2,,sunday,,,22.31667,91.81667,,,,,,,,0
4,,tuesday,,,22.31667,91.81667,,,,,,,,0.1
6,,friday,,,22.31667,91.81667,,,,,,,,0.7
12,,tuesday,,,22.31667,91.81667,,,,,,,,0
12,,friday,,,22.31667,91.81667,,,,,,,,0
1,,friday,,,22.31667,91.81667,,,,,,,,0
5,,monday,,,22.31667,91.81667,,,,,,,,0.2
7,,thursday,,,22.31667,91.81667,,,,,,,,28
11,,tuesday,,,22.31667,91.81667,,,,,,,,0
7,,saturday,,,22.31667,91.81667,,,,,,,,86.9
8,,saturday,,,22.31667,91.81667,,,,,,,,6
8,,sunday,,,22.31667,91.81667,,,,,,,,22
3,,wednesday,,,22.31667,91.81667,,,,,,,,1.2
3,,monday,,,22.498796,91.807213,,,,,,,,3.1
6,,friday,,,22.498796,91.807213,,,,,,,,4.5
1,,saturday,,,22.498796,91.807213,,,,,,,,0
12,,friday,,,22.498796,91.807213,,,,,,,,0
4,,friday,,,22.498796,91.807213,,,,,,,,2.9
9,,wednesday,,,22.31667,91.81667,,,,,,,,52.8
8,,wednesday,,,22.31667,91.81667,,,,,,,,3.6
9,,wednesday,,,22.31667,91.81667,,,,,,,,8.7
5,,sunday,,,22.31667,91.81667,,,,,,,,0
12,,monday,,,22.31667,91.81667,,,,,,,,0
1,,tuesday,,,22.31667,91.81667,,,,,,,,0
6,,saturday,,,22.31667,91.81667,,,,,,,,14.5
7,,tuesday,,,22.31667,91.81667,,,,,,,,7.6
8,,thursday,,,22.359626,91.8301695,,,,,,,,11.9
3,,thursday,,,22.359626,91.8301695,,,,,,,,0
8,,friday,,,22.359626,91.8301695,,,,,,,,14.4
1,,monday,,,22.359626,91.8301695,,,,,,,,0
1,,sunday,,,22.359626,91.8301695,,,,,,,,0
9,,monday,,,22.359626,91.8301695,,,,,,,,9.6
1,,wednesday,,,22.359626,91.8301695,,,,,,,,0
8,,thursday,,,22.359626,91.8301695,,,,,,,,11.9
12,,saturday,,,22.359626,91.8301695,,,,,,,,0
1,,tuesday,,,22.359626,91.8301695,,,,,,,,0
1,,thursday,,,22.359626,91.8301695,,,,,,,,0
1,,thursday,,,22.359626,91.8301695,,,,,,,,0
4,,sunday,,,22.31667,91.81667,,,,,,,,0
12,,sunday,,,22.359626,91.8301695,,,,,,,,0
8,,thursday,,,22.359626,91.8301695,,,,,,,,12
7,,sunday,,,22.359626,91.8301695,,,,,,,,35
6,,saturday,,,22.359626,91.8301695,,,,,,,,6.6
5,,wednesday,,,22.359626,91.8301695,,,,,,,,0
4,,monday,,,22.359626,91.8301695,,,,,,,,0.9
7,,friday,,,22.359626,91.8301695,,,,,,,,59.2
7,,monday,,,22.359626,91.8301695,,,,,,,,33.1
7,,saturday,,,22.359626,91.8301695,,,,,,,,25.4
7,,monday,,,22.359626,91.8301695,,,,,,,,36.4
7,,tuesday,,,22.359626,91.8301695,,,,,,,,14.4
3,,wednesday,,,22.359626,91.8301695,,,,,,,,0
1,,friday,,,22.359626,91.8301695,,,,,,,,0.2
3,,saturday,,,22.359626,91.8301695,,,,,,,,0
3,,thursday,,,22.359626,91.8301695,,,,,,,,0.1
3,,tuesday,,,22.31667,91.81667,,,,,,,,0.4
12,,tuesday,,,22.359626,91.8301695,,,,,,,,0
12,,sunday,,,22.359626,91.8301695,,,,,,,,0
12,,monday,,,22.359626,91.8301695,,,,,,,,0
9,,wednesday,,,22.359626,91.8301695,,,,,,,,1.6
10,,friday,,,22.359626,91.8301695,,,,,,,,24.1
10,,sunday,,,22.359626,91.8301695,,,,,,,,7.5
11,,saturday,,,22.359626,91.8301695,,,,,,,,44.3
11,,saturday,,,22.362823,91.7969625,,,,,,,,0
11,,saturday,,,22.359626,91.8301695,,,,,,,,0
12,,sunday,,,22.359626,91.8301695,,,,,,,,0
5,,tuesday,,,22.359626,91.8301695,,,,,,,,0
6,,saturday,,,22.359626,91.8301695,,,,,,,,0
6,,saturday,,,22.31667,91.81667,,,,,,,,9.5
11,,friday,,,22.31667,91.81667,,,,,,,,0
5,,friday,,,22.359626,91.8301695,,,,,,,,5.2
6,,friday,,,22.359626,91.8301695,,,,,,,,155.4
7,,friday,,,22.359626,91.8301695,,,,,,,,7.7
7,,friday,,,22.362823,91.7969625,,,,,,,,20.7
5,,tuesday,,,22.359626,91.8301695,,,,,,,,0
10,,tuesday,,,22.359626,91.8301695,,,,,,,,8.8
8,,wednesday,,,22.359626,91.8301695,,,,,,,,11
1,,monday,,,22.359626,91.8301695,,,,,,,,0
1,,wednesday,,,22.359626,91.8301695,,,,,,,,0
2,,thursday,,,22.359626,91.8301695,,,,,,,,5.6
8,,saturday,,,22.359626,91.8301695,,,,,,,,18.6
3,,thursday,,,22.359626,91.8301695,,,,,,,,0
4,,sunday,,,22.359626,91.8301695,,,,,,,,3.2
7,,wednesday,,,22.359626,91.8301695,,,,,,,,15.3
12,,friday,,,22.359626,91.8301695,,,,,,,,0
4,,monday,,,22.2544,91.7948,,,,,,,,0
5,,saturday,,,22.359626,91.8301695,,,,,,,,1.2
11,,saturday,,,22.359626,91.8301695,,,,,,,,2.7
6,,wednesday,,,22.359626,91.8301695,,,,,,,,14.6
6,,tuesday,,,22.359626,91.8301695,,,,,,,,4.7
6,,wednesday,,,22.359626,91.8301695,,,,,,,,7.2
12,,wednesday,,,22.362823,91.7969625,,,,,,,,0
10,,monday,,,22.359626,91.8301695,,,,,,,,1.9
11,,monday,,,22.359626,91.8301695,,,,,,,,0
12,,friday,,,22.359626,91.8301695,,,,,,,,0
7,,friday,,,22.359626,91.8301695,,,,,,,,15.8
6,,tuesday,,,22.359626,91.8301695,,,,,,,,3.2
5,,monday,,,22.359626,91.8301695,,,,,,,,16.7
5,,wednesday,,,22.359626,91.8301695,,,,,,,,3
5,,saturday,,,22.359626,91.8301695,,,,,,,,0
5,,monday,,,22.359626,91.8301695,,,,,,,,0.8
5,,tuesday,,,22.359626,91.8301695,,,,,,,,4.5
6,,tuesday,,,22.359626,91.8301695,,,,,,,,14.8
6,,friday,,,22.359626,91.8301695,,,,,,,,28.5
10,,thursday,,,22.359626,91.8301695,,,,,,,,1.2
8,,friday,,,22.359626,91.8301695,,,,,,,,7.4
8,,monday,,,22.393836,91.865371,,,,,,,,12.3
1,,monday,,,22.359626,91.8301695,,,,,,,,0
2,,saturday,,,22.359626,91.8301695,,,,,,,,0
6,,sunday,,,22.359626,91.8301695,,,,,,,,13.6
8,,saturday,,,22.362823,91.7969625,,,,,,,,36
5,,friday,,,22.31667,91.81667,,,,,,,,0.6
9,,friday,,,22.31667,91.81667,,,,,,,,2
11,,wednesday,,,22.31667,91.81667,,,,,,,,0
12,,sunday,,,22.31667,91.81667,,,,,,,,0
1,,tuesday,,,22.31667,91.81667,,,,,,,,0
11,,saturday,,,22.31667,91.81667,,,,,,,,0
9,,thursday,,,22.31667,91.81667,,,,,,,,6
5,,wednesday,,,22.31667,91.81667,,,,,,,,0.3
6,,friday,,,22.31667,91.81667,,,,,,,,24.3
2,,wednesday,,,22.31667,91.81667,,,,,,,,0
4,,saturday,,,22.31667,91.81667,,,,,,,,2
3,,wednesday,,,22.31667,91.81667,,,,,,,,0.1
9,,sunday,,,22.31667,91.81667,,,,,,,,9.8
4,,monday,,,22.31667,91.81667,,,,,,,,7.1
10,,monday,,,22.31667,91.81667,,,,,,,,7.1
7,,tuesday,,,22.31667,91.81667,,,,,,,,7.6
10,,monday,,,22.31667,91.81667,,,,,,,,20.1
1,,friday,,,22.359626,91.8301695,,,,,,,,0
1,,saturday,,,22.359626,91.8301695,,,,,,,,0
11,,thursday,,,22.359626,91.8301695,,,,,,,,0
3,,sunday,,,22.359626,91.8301695,,,,,,,,0
1,,monday,,,22.359626,91.8301695,,,,,,,,0
7,,wednesday,,,22.359626,91.8301695,,,,,,,,29.8
2,,saturday,,,22.359626,91.8301695,,,,,,,,0
5,,sunday,,,22.359626,91.8301695,,,,,,,,1.9
3,,sunday,,,22.359626,91.8301695,,,,,,,,0
3,,wednesday,,,22.359626,91.8301695,,,,,,,,0.1
8,,tuesday,,,22.359626,91.8301695,,,,,,,,30.6
12,,sunday,,,22.359626,91.8301695,,,,,,,,0
11,,friday,,,22.359626,91.8301695,,,,,,,,0
10,,thursday,,,22.359626,91.8301695,,,,,,,,3.1
5,,tuesday,,,22.359626,91.8301695,,,,,,,,1.6
7,,friday,,,22.359626,91.8301695,,,,,,,,7.3
3,,monday,,,22.359626,91.8301695,,,,,,,,6.3
6,,saturday,,,22.359626,91.8301695,,,,,,,,2.7
7,,tuesday,,,22.31667,91.81667,,,,,,,,14.4
12,,friday,,,22.31667,91.81667,,,,,,,,0
8,,tuesday,,,22.31667,91.81667,,,,,,,,51
10,,saturday,,,22.31667,91.81667,,,,,,,,4.4
10,,saturday,,,22.31667,91.81667,,,,,,,,4.4
12,,friday,,,22.31667,91.81667,,,,,,,,0
9,,monday,,,22.31667,91.81667,,,,,,,,62.3
1,,wednesday,,,22.498796,91.807213,,,,,,,,0
8,,sunday,,,22.31667,91.81667,,,,,,,,30.3
6,,saturday,,,22.31667,91.81667,,,,,,,,11.5
7,,tuesday,,,22.359626,91.8301695,,,,,,,,21
6,,thursday,,,22.359626,91.8301695,,,,,,,,5.8
9,,wednesday,,,22.359626,91.8301695,,,,,,,,20.3
10,,thursday,,,22.362823,91.7969625,,,,,,,,0
1,,friday,,,22.359626,91.8301695,,,,,,,,0
2,,sunday,,,22.359626,91.8301695,,,,,,,,0
3,,saturday,,,22.362823,91.7969625,,,,,,,,0
3,,saturday,,,22.362823,91.7969625,,,,,,,,0
4,,monday,,,22.359626,91.8301695,,,,,,,,0
8,,monday,,,22.59508,91.62622,,,,,,,,27.2
5,,sunday,,,22.31667,91.81667,,,,,,,,0.6
6,,sunday,,,22.359626,91.8301695,,,,,,,,15.9
7,,wednesday,,,22.359626,91.8301695,,,,,,,,55.1
8,,friday,,,22.359626,91.8301695,,,,,,,,15.6
9,,wednesday,,,22.359626,91.8301695,,,,,,,,49.4
12,,tuesday,,,22.359626,91.8301695,,,,,,,,0
2,,sunday,,,22.359626,91.8301695,,,,,,,,0
3,,wednesday,,,22.362823,91.7969625,,,,,,,,2.2
3,,sunday,,,22.359626,91.8301695,,,,,,,,0
5,,tuesday,,,22.362823,91.7969625,,,,,,,,13.6
12,,sunday,,,22.359626,91.8301695,,,,,,,,0
12,,wednesday,,,22.31667,91.81667,,,,,,,,0
12,,tuesday,,,22.31667,91.81667,,,,,,,,0
7,,sunday,,,22.31667,91.81667,,,,,,,,37.2
1,,friday,,,22.31667,91.81667,,,,,,,,0
8,,monday,,,22.359626,91.8301695,,,,,,,,25.8
1,,wednesday,,,22.359626,91.8301695,,,,,,,,0
4,,wednesday,,,22.359626,91.8301695,,,,,,,,2
7,,tuesday,,,22.359626,91.8301695,,,,,,,,78.4
2,,thursday,,,22.31667,91.81667,,,,,,,,0
11,,wednesday,,,22.31667,91.81667,,,,,,,,0
10,,friday,,,22.31667,91.81667,,,,,,,,0.1
4,,monday,,,22.31667,91.81667,,,,,,,,4.8
8,,thursday,,,22.31667,91.81667,,,,,,,,6.5
2,,friday,,,22.31667,91.81667,,,,,,,,0
9,,monday,,,22.31667,91.81667,,,,,,,,12.6
10,,tuesday,,,22.359626,91.8301695,,,,,,,,23.7
10,,sunday,,,22.359626,91.8301695,,,,,,,,14.3
1,,wednesday,,,22.359626,91.8301695,,,,,,,,0
2,,monday,,,22.359626,91.8301695,,,,,,,,0
12,,monday,,,22.359626,91.8301695,,,,,,,,0
6,,monday,,,22.359626,91.8301695,,,,,,,,8.8
11,,thursday,,,22.359626,91.8301695,,,,,,,,0
6,,wednesday,,,22.359626,91.8301695,,,,,,,,125.1
10,,sunday,,,22.359626,91.8301695,,,,,,,,26.9
4,,friday,,,22.359626,91.8301695,,,,,,,,0.4
3,,saturday,,,22.359626,91.8301695,,,,,,,,0
4,,sunday,,,22.359626,91.8301695,,,,,,,,1.2
4,,sunday,,,22.359626,91.8301695,,,,,,,,1.2
2,,monday,,,22.359626,91.8301695,,,,,,,,0.6
8,,saturday,,,22.359626,91.8301695,,,,,,,,28
1,,wednesday,,,22.31667,91.81667,,,,,,,,0
4,,thursday,,,22.359626,91.8301695,,,,,,,,0
1,,saturday,,,22.31667,91.81667,,,,,,,,0
1,,saturday,,,22.31667,91.81667,,,,,,,,0
11,,tuesday,,,22.31667,91.81667,,,,,,,,0
10,,saturday,,,22.31667,91.81667,,,,,,,,0.9
3,,friday,,,22.31667,91.81667,,,,,,,,0
7,,monday,,,22.359626,91.8301695,,,,,,,,10.6
11,,monday,,,22.359626,91.8301695,,,,,,,,0
7,,tuesday,,,22.359626,91.8301695,,,,,,,,12.8
3,,sunday,,,22.359626,91.8301695,,,,,,,,0
10,,sunday,,,22.359626,91.8301695,,,,,,,,10.5
12,,monday,,,22.359626,91.8301695,,,,,,,,0
4,,monday,,,24.361729,88.599246,,,,,,,,0
5,,thursday,,,22.81667,89.55,,,,,,,,0.1
9,,tuesday,,,22.821424,89.553008,,,,,,,,40.4
8,,saturday,,,24.361729,88.599246,,,,,,,,8.3
8,,wednesday,,,24.361729,88.599246,,,,,,,,10.7
4,,tuesday,,,23.887625,90.398942,,,,,,,,0.4
5,,monday,,,24.5014,89.5347,,,,,,,,1.9
5,,thursday,,,22.821424,89.553008,,,,,,,,0.2
4,,friday,,,22.821424,89.553008,,,,,,,,0
4,,sunday,,,24.361729,88.599246,,,,,,,,1.3
4,,friday,,,24.361729,88.599246,,,,,,,,0
3,,saturday,,,24.361729,88.599246,,,,,,,,0
9,,tuesday,,,24.361729,88.599246,,,,,,,,4.3
5,,thursday,,,23.9667,90.875,,,,,,,,16.2
1,,saturday,,,22.821424,89.553008,,,,,,,,0
1,,monday,,,24.361729,88.599246,,,,,,,,0
2,,friday,,,22.81667,89.55,,,,,,,,0
1,,saturday,,,22.821424,89.553008,,,,,,,,0
7,,tuesday,,,22.821424,89.553008,,,,,,,,27.9
4,,sunday,,,24.361729,88.599246,,,,,,,,0
6,,wednesday,,,22.821424,89.553008,,,,,,,,11.5
7,,friday,,,24.361729,88.599246,,,,,,,,2.1
7,,saturday,,,22.821424,89.553008,,,,,,,,4.3
1,,monday,,,22.81667,89.55,,,,,,,,0
7,,tuesday,,,22.821424,89.553008,,,,,,,,10.3
1,,friday,,,22.821424,89.553008,,,,,,,,0
1,,wednesday,,,22.821424,89.553008,,,,,,,,0
4,,friday,,,23.0333,90.775,,,,,,,,3.3
3,,tuesday,,,23.9667,90.875,,,,,,,,4.7
6,,friday,,,23.9667,90.875,,,,,,,,12.1
5,,monday,,,24.5014,89.5347,,,,,,,,1.9
5,,wednesday,,,23.8875,89.8375,,,,,,,,23.1
10,,wednesday,,,22.821424,89.553008,,,,,,,,0
10,,wednesday,,,22.821424,89.553008,,,,,,,,0
8,,tuesday,,,21.815024,90.121864,,,,,,,,3.1
5,,saturday,,,24.361729,88.599246,,,,,,,,5.4
4,,sunday,,,24.361729,88.599246,,,,,,,,20.4
7,,monday,,,23.180315,89.1608575,,,,,,,,6.4
10,,tuesday,,,22.821424,89.553008,,,,,,,,0
10,,tuesday,,,22.821424,89.553008,,,,,,,,0
7,,monday,,,24.361729,88.599246,,,,,,,,4.4
10,,monday,,,21.815024,90.121864,,,,,,,,0
1,,saturday,,,24.93951,91.41359,,,,,,,,0
2,,friday,,,24.361729,88.599246,,,,,,,,0
9,,sunday,,,22.821424,89.553008,,,,,,,,1.2
9,,friday,,,22.821424,89.553008,,,,,,,,2.5
8,,friday,,,22.821424,89.553008,,,,,,,,14.9
8,,friday,,,22.821424,89.553008,,,,,,,,14.9
11,,saturday,,,24.361729,88.599246,,,,,,,,0
12,,thursday,,,24.361729,88.599246,,,,,,,,0
12,,sunday,,,22.821424,89.553008,,,,,,,,0
8,,saturday,,,24.361729,88.599246,,,,,,,,22.9
1,,monday,,,22.821424,89.553008,,,,,,,,0
10,,tuesday,,,23.0333,90.775,,,,,,,,6.1
10,,tuesday,,,23.0333,90.775,,,,,,,,6.1
1,,monday,,,23.9667,90.875,,,,,,,,0
9,,friday,,,23.8875,89.8375,,,,,,,,0.3
5,,tuesday,,,23.8875,89.8375,,,,,,,,0.1
6,,sunday,,,23.8875,89.8375,,,,,,,,21.9
7,,sunday,,,23.8875,89.8375,,,,,,,,11.6
6,,monday,,,23.8875,89.8375,,,,,,,,61.5
1,,thursday,,,24.361729,88.599246,,,,,,,,0
7,,monday,,,24.361729,88.599246,,,,,,,,8.4
9,,monday,,,24.361729,88.599246,,,,,,,,4.1
10,,sunday,,,24.361729,88.599246,,,,,,,,0.2
9,,sunday,,,24.361729,88.599246,,,,,,,,13.9
5,,tuesday,,,22.6903,90.6525,,,,,,,,2.4
10,,friday,,,24.361729,88.599246,,,,,,,,1.2
9,,monday,,,24.361729,88.599246,,,,,,,,21.9
9,,wednesday,,,24.361729,88.599246,,,,,,,,10.8
11,,saturday,,,24.361729,88.599246,,,,,,,,0
11,,saturday,,,24.361729,88.599246,,,,,,,,0
2,,wednesday,,,24.361729,88.599246,,,,,,,,0
3,,tuesday,,,24.361729,88.599246,,,,,,,,0.1
8,,thursday,,,24.5014,89.5347,,,,,,,,1
8,,thursday,,,22.821424,89.553008,,,,,,,,34
7,,sunday,,,22.7167,89.075,,,,,,,,2.7
5,,saturday,,,23.00836,89.82419,,,,,,,,5.9
10,,monday,,,24.361729,88.599246,,,,,,,,0
10,,friday,,,24.361729,88.599246,,,,,,,,9.5
8,,thursday,,,24.361729,88.599246,,,,,,,,26.4
8,,thursday,,,24.361729,88.599246,,,,,,,,26.4
8,,saturday,,,24.361729,88.599246,,,,,,,,8.7
2,,friday,,,24.361729,88.599246,,,,,,,,0
9,,saturday,,,22.7167,89.075,,,,,,,,18.8
9,,friday,,,24.361729,88.599246,,,,,,,,18.5
9,,thursday,,,24.361729,88.599246,,,,,,,,15.1
2,,wednesday,,,24.361729,88.599246,,,,,,,,0
5,,thursday,,,24.361729,88.599246,,,,,,,,25.9
5,,thursday,,,24.375,91.4167,,,,,,,,37
1,,thursday,,,24.361729,88.599246,,,,,,,,0
1,,tuesday,,,24.361729,88.599246,,,,,,,,0
2,,friday,,,24.361729,88.599246,,,,,,,,0
1,,tuesday,,,24.361729,88.599246,,,,,,,,0
11,,saturday,,,24.361729,88.599246,,,,,,,,0
11,,monday,,,24.361729,88.599246,,,,,,,,0
12,,thursday,,,22.821424,89.553008,,,,,,,,0
7,,saturday,,,24.361729,88.599246,,,,,,,,17.3
6,,tuesday,,,24.361729,88.599246,,,,,,,,0.2
6,,tuesday,,,24.361729,88.599246,,,,,,,,0.2
6,,sunday,,,24.361729,88.599246,,,,,,,,13.5
6,,friday,,,24.361729,88.599246,,,,,,,,191.6
6,,monday,,,24.361729,88.599246,,,,,,,,12.9
6,,monday,,,24.361729,88.599246,,,,,,,,12.9
3,,wednesday,,,24.361729,88.599246,,,,,,,,0
5,,tuesday,,,24.361729,88.599246,,,,,,,,0
6,,wednesday,,,24.361729,88.599246,,,,,,,,4.5
6,,thursday,,,24.361729,88.599246,,,,,,,,19.8
7,,friday,,,24.361729,88.599246,,,,,,,,39.1
8,,thursday,,,24.361729,88.599246,,,,,,,,0
9,,tuesday,,,22.821424,89.553008,,,,,,,,8.9
2,,friday,,,24.361729,88.599246,,,,,,,,0
7,,monday,,,24.3654655,88.594324,,,,,,,,13.6
11,,sunday,,,23.8875,89.8375,,,,,,,,0
11,,thursday,,,23.8875,89.8375,,,,,,,,3.2
4,,thursday,,,23.8875,89.8375,,,,,,,,10.2
2,,monday,,,24.361729,88.599246,,,,,,,,0
3,,friday,,,24.361729,88.599246,,,,,,,,0
3,,monday,,,22.821424,89.553008,,,,,,,,9.2
1,,wednesday,,,25.7583,89.2333,,,,,,,,0
8,,tuesday,,,23.887625,90.398942,,,,,,,,0.4
7,,friday,,,21.815024,90.121864,,,,,,,,6.9
2,,friday,,,24.361729,88.599246,,,,,,,,0
7,,monday,,,22.821424,89.553008,,,,,,,,35.6
3,,monday,,,24.361729,88.599246,,,,,,,,1.3
4,,thursday,,,24.4583,89.7,,,,,,,,2.2
9,,thursday,,,24.361729,88.599246,,,,,,,,4.6
9,,thursday,,,24.25,89.9167,,,,,,,,4.6
10,,wednesday,,,24.3654655,88.594324,,,,,,,,0.7
11,,monday,,,24.361729,88.599246,,,,,,,,0
11,,tuesday,,,24.361729,88.599246,,,,,,,,0
4,,friday,,,23.738108,90.395905,,,,,,,,0
5,,saturday,,,24.361729,88.599246,,,,,,,,1.3
10,,friday,,,24.361729,88.599246,,,,,,,,9.5
8,,friday,,,24.361729,88.599246,,,,,,,,3.1
8,,wednesday,,,25.7583,89.2333,,,,,,,,3.3
1,,monday,,,24.888242,91.868519,,,,,,,,0.1
3,,thursday,,,25.6333,88.65,,,,,,,,0
12,,monday,,,23.98889,90.375,,,,,,,,0
5,,monday,,,24.361729,88.599246,,,,,,,,3
4,,saturday,,,24.361729,88.599246,,,,,,,,0
6,,wednesday,,,22.821424,89.553008,,,,,,,,16.7
9,,wednesday,,,22.81667,89.55,,,,,,,,23.1
10,,saturday,,,24.361729,88.599246,,,,,,,,0
8,,wednesday,,,24.4583,89.7,,,,,,,,25
2,,sunday,,,24.361729,88.599246,,,,,,,,0
11,,friday,,,24.5014,89.5347,,,,,,,,0
5,,tuesday,,,24.5014,89.5347,,,,,,,,0.3
9,,monday,,,25.75,89.66,,,,,,,,7.3
12,,thursday,,,24.36345,88.62847,,,,,,,,0
12,,thursday,,,24.36345,88.62847,,,,,,,,0
10,,tuesday,,,21.815024,90.121864,,,,,,,,0
9,,saturday,,,24.361729,88.599246,,,,,,,,18.6
11,,friday,,,24.3654655,88.594324,,,,,,,,0
10,,tuesday,,,24.361729,88.599246,,,,,,,,42.6
12,,sunday,,,23.98889,90.375,,,,,,,,0
4,,tuesday,,,24.361729,88.599246,,,,,,,,0.1
10,,wednesday,,,24.361729,88.599246,,,,,,,,0.2
1,,sunday,,,24.361729,88.599246,,,,,,,,0
1,,sunday,,,24.361729,88.599246,,,,,,,,0
1,,thursday,,,24.361729,88.599246,,,,,,,,0.5
4,,sunday,,,24.361729,88.599246,,,,,,,,17.2
3,,sunday,,,22.63996,92.191949,,,,,,,,3.5
11,,friday,,,23.9667,90.875,,,,,,,,0
11,,wednesday,,,23.8875,89.8375,,,,,,,,0
6,,saturday,,,23.8875,89.8375,,,,,,,,6.7
6,,monday,,,22.821424,89.553008,,,,,,,,2.9
7,,friday,,,22.821424,89.553008,,,,,,,,22
3,,thursday,,,22.821424,89.553008,,,,,,,,0.1
11,,friday,,,24.361729,88.599246,,,,,,,,0
12,,thursday,,,24.361729,88.599246,,,,,,,,0
1,,saturday,,,24.5014,89.5347,,,,,,,,0
11,,sunday,,,22.821424,89.553008,,,,,,,,0
9,,thursday,,,23.887625,90.398942,,,,,,,,5.8
9,,tuesday,,,24.361729,88.599246,,,,,,,,23
2,,friday,,,22.821424,89.553008,,,,,,,,0
2,,monday,,,24.361729,88.599246,,,,,,,,0
5,,tuesday,,,24.361729,88.599246,,,,,,,,4.6
2,,thursday,,,23.0333,90.775,,,,,,,,0
1,,sunday,,,23.01667,89.43333,,,,,,,,0
2,,thursday,,,23.01667,89.43333,,,,,,,,2.8
1,,saturday,,,23.01667,89.43333,,,,,,,,0
2,,sunday,,,23.01667,89.43333,,,,,,,,0
9,,saturday,,,23.01667,89.43333,,,,,,,,0
7,,wednesday,,,23.01667,89.43333,,,,,,,,12.4
5,,wednesday,,,25.925,89.35,,,,,,,,0.3
9,,sunday,,,22.9667,90.15,,,,,,,,16.3
5,,friday,,,24.5472,91.25,,,,,,,,16.7
2,,thursday,,,24.5472,91.25,,,,,,,,0
3,,saturday,,,23.8833,91.2166,,,,,,,,0
2,,saturday,,,23.8833,91.2166,,,,,,,,0
5,,sunday,,,24.975,89.02,,,,,,,,0.7
7,,sunday,,,24.975,89.02,,,,,,,,41.3
6,,monday,,,23.7583,88.95,,,,,,,,5.4
2,,sunday,,,23.7583,88.95,,,,,,,,0
1,,wednesday,,,23.7583,88.95,,,,,,,,0
4,,wednesday,,,23.7583,88.95,,,,,,,,25.1
6,,sunday,,,23.7583,88.95,,,,,,,,0.1
7,,wednesday,,,23.7583,88.95,,,,,,,,21.2
3,,wednesday,,,23.7583,88.95,,,,,,,,0
4,,saturday,,,23.7583,88.95,,,,,,,,3.7
8,,wednesday,,,21.6667,92.3056,,,,,,,,33.8
7,,monday,,,22.1294,90.2289,,,,,,,,5.5
9,,monday,,,22.1294,90.2289,,,,,,,,2.3
4,,tuesday,,,22.1294,90.2289,,,,,,,,0
5,,wednesday,,,23.7917,90.65,,,,,,,,2.6
2,,sunday,,,23.7917,90.65,,,,,,,,0
5,,sunday,,,23.7917,90.65,,,,,,,,37.3
4,,friday,,,23.7917,90.65,,,,,,,,5.5
4,,saturday,,,24.0366,91.005,,,,,,,,24.3
9,,monday,,,24.0366,91.005,,,,,,,,6.5
5,,friday,,,22.55,89.1681,,,,,,,,0.1
1,,sunday,,,22.55,89.1681,,,,,,,,0
1,,friday,,,24.1333,89.25,,,,,,,,0
9,,tuesday,,,24.1333,89.25,,,,,,,,40.8
1,,friday,,,24.1333,89.25,,,,,,,,0
1,,saturday,,,24.1333,89.25,,,,,,,,0
2,,sunday,,,24.1333,89.25,,,,,,,,0
1,,thursday,,,24.8083,90.8667,,,,,,,,0
1,,wednesday,,,24.61333,88.97,,,,,,,,0
9,,friday,,,26.3083,88.4583,,,,,,,,1
8,,saturday,,,24.2667,91.125,,,,,,,,2.3
7,,wednesday,,,24.2667,91.125,,,,,,,,8.9
2,,saturday,,,24.2667,91.125,,,,,,,,0
5,,thursday,,,22.8319,90.3222,,,,,,,,0
1,,monday,,,25.66667,89.05,,,,,,,,0
2,,tuesday,,,25.66667,89.05,,,,,,,,0
10,,sunday,,,22.66667,89.8,,,,,,,,0
3,,monday,,,22.66667,89.8,,,,,,,,0
3,,thursday,,,22.66667,89.8,,,,,,,,1
3,,sunday,,,22.66667,89.8,,,,,,,,0
9,,friday,,,22.66667,89.8,,,,,,,,55.2
3,,saturday,,,22.63996,92.191949,,,,,,,,0
5,,monday,,,22.63996,92.191949,,,,,,,,0
7,,thursday,,,22.63996,92.191949,,,,,,,,22.8
8,,friday,,,22.63996,92.191949,,,,,,,,31.6
4,,saturday,,,24.5639,88.8083,,,,,,,,0
3,,thursday,,,24.5639,88.8083,,,,,,,,0
4,,wednesday,,,24.5639,88.8083,,,,,,,,14.5
12,,saturday,,,24.5639,88.8083,,,,,,,,0
8,,sunday,,,24.3556,91.5417,,,,,,,,16.6
8,,friday,,,24.3556,91.5417,,,,,,,,17.9
3,,tuesday,,,24.3556,91.5417,,,,,,,,0
8,,wednesday,,,24.2167,90.9583,,,,,,,,2.5
1,,tuesday,,,24.2167,90.9583,,,,,,,,0
6,,saturday,,,22.55,90.3389,,,,,,,,26.4
12,,sunday,,,22.55,90.3389,,,,,,,,0
5,,wednesday,,,22.55,90.3389,,,,,,,,4.2
2,,friday,,,22.55,90.3389,,,,,,,,0
5,,monday,,,23.635,89.55,,,,,,,,5.4
12,,saturday,,,22.7819,90.1667,,,,,,,,0
7,,saturday,,,23.6167,90.525,,,,,,,,5.4
1,,wednesday,,,23.6167,90.525,,,,,,,,0
1,,saturday,,,23.6167,90.525,,,,,,,,0
5,,monday,,,22.2333,92.1917,,,,,,,,4.6
4,,thursday,,,22.2333,92.1917,,,,,,,,0
5,,thursday,,,22.2333,92.1917,,,,,,,,0.2
11,,saturday,,,24.5417,91.3333,,,,,,,,5.4
6,,sunday,,,24.3083,89.1708,,,,,,,,4.5
4,,tuesday,,,24.3083,89.1708,,,,,,,,4.6
6,,wednesday,,,22.1508,90.1264,,,,,,,,0.1
10,,monday,,,24.9,90.875,,,,,,,,0.2
5,,monday,,,22.7,90.3667,,,,,,,,1.2
4,,sunday,,,22.7,90.3667,,,,,,,,0
3,,tuesday,,,22.7,90.3667,,,,,,,,0
5,,friday,,,22.7,90.3667,,,,,,,,0
3,,tuesday,,,22.7,90.3667,,,,,,,,0
5,,sunday,,,24.7083,92.2,,,,,,,,2.1
6,,tuesday,,,24.7083,92.2,,,,,,,,3.9
10,,saturday,,,24.2167,90.05,,,,,,,,1.5
1,,tuesday,,,24.2167,90.05,,,,,,,,0
12,,thursday,,,24.2167,90.05,,,,,,,,0
3,,monday,,,22.4292,90.5139,,,,,,,,0
10,,saturday,,,22.4292,90.5139,,,,,,,,0.1
6,,wednesday,,,24.825,92.1625,,,,,,,,15.2
3,,saturday,,,22.95,91.1,,,,,,,,3.2
3,,wednesday,,,22.95,91.1,,,,,,,,7.9
3,,wednesday,,,22.95,91.1,,,,,,,,7.9
9,,thursday,,,22.95,91.1,,,,,,,,7.5
3,,saturday,,,22.95,91.1,,,,,,,,0
3,,tuesday,,,22.4667,92.375,,,,,,,,0.7
9,,friday,,,24.2917,89.7,,,,,,,,23.2
11,,tuesday,,,24.2917,89.7,,,,,,,,0
7,,wednesday,,,24.0667,89.625,,,,,,,,23.1
5,,monday,,,24.0667,89.625,,,,,,,,3.5
7,,wednesday,,,24.0667,89.625,,,,,,,,23.1
7,,wednesday,,,24.0667,89.625,,,,,,,,23.1
2,,sunday,,,24.0667,89.625,,,,,,,,0
5,,tuesday,,,24.0667,89.625,,,,,,,,3
8,,friday,,,24.0667,89.625,,,,,,,,29.1
7,,monday,,,24.05,90.98333,,,,,,,,31
5,,thursday,,,24.05,90.98333,,,,,,,,1.8
5,,thursday,,,24.05,90.98333,,,,,,,,9.1
5,,friday,,,24.05,90.98333,,,,,,,,21.9
6,,thursday,,,24.375,90.37833,,,,,,,,23.8
3,,saturday,,,24.375,90.37833,,,,,,,,0.2
2,,tuesday,,,24.375,90.37833,,,,,,,,1.6
9,,thursday,,,24.375,90.37833,,,,,,,,16.4
2,,friday,,,24.375,90.37833,,,,,,,,0
12,,wednesday,,,24.375,90.37833,,,,,,,,0
5,,wednesday,,,24.375,90.37833,,,,,,,,7.1
3,,monday,,,24.375,90.37833,,,,,,,,1
3,,monday,,,24.375,90.37833,,,,,,,,0.2
10,,friday,,,22.4889,90.0733,,,,,,,,3.9
3,,monday,,,22.4889,90.0733,,,,,,,,0
2,,saturday,,,22.4889,90.0733,,,,,,,,0
6,,monday,,,23.3833,89.9833,,,,,,,,0.5
2,,saturday,,,23.3833,89.9833,,,,,,,,0
12,,sunday,,,23.3833,89.9833,,,,,,,,0
12,,wednesday,,,23.3833,89.9833,,,,,,,,0
6,,monday,,,24.225,89.4,,,,,,,,0
8,,saturday,,,24.225,89.4,,,,,,,,14.9
6,,tuesday,,,24.225,89.4,,,,,,,,0
5,,wednesday,,,24.0167,88.9917,,,,,,,,2.1
9,,wednesday,,,24.0167,88.9917,,,,,,,,5.9
7,,monday,,,24.0167,88.9917,,,,,,,,10.3
7,,monday,,,24.9389,88.2028,,,,,,,,18
1,,friday,,,24.4583,89.8667,,,,,,,,0
9,,tuesday,,,24.0211,91.2797,,,,,,,,20.2
7,,monday,,,24.0211,91.2797,,,,,,,,1.6
4,,sunday,,,24.0211,91.2797,,,,,,,,43.8
4,,tuesday,,,25.3783,88.9833,,,,,,,,3
5,,sunday,,,25.3783,88.9833,,,,,,,,17.4
6,,saturday,,,25.3783,88.9833,,,,,,,,9.3
7,,saturday,,,26,88.5833,,,,,,,,22.8
4,,tuesday,,,26,88.5833,,,,,,,,1.3
5,,thursday,,,26,88.5833,,,,,,,,15.9
5,,thursday,,,26,88.5833,,,,,,,,15.9
3,,wednesday,,,25.6333,88.5333,,,,,,,,0
1,,wednesday,,,24.8083,91.7639,,,,,,,,0
5,,wednesday,,,24.8083,91.7639,,,,,,,,3.1
2,,friday,,,24.8083,91.7639,,,,,,,,0
9,,wednesday,,,23.3917,89.6833,,,,,,,,15.2
8,,tuesday,,,23.3917,89.6833,,,,,,,,12.5
4,,tuesday,,,23.3917,89.6833,,,,,,,,0
6,,tuesday,,,25.8,88.4611,,,,,,,,19.9
10,,saturday,,,25.8,88.4611,,,,,,,,1.3
10,,tuesday,,,26.2083,88.5597,,,,,,,,0
12,,sunday,,,24.8417,89.375,,,,,,,,0
5,,thursday,,,24.8417,89.375,,,,,,,,24.4
2,,wednesday,,,24.8417,89.375,,,,,,,,0
1,,wednesday,,,24.8417,89.375,,,,,,,,0
10,,monday,,,24.8417,89.375,,,,,,,,0
4,,sunday,,,24.8417,89.375,,,,,,,,4.6
1,,saturday,,,25.185884,89.869977,,,,,,,,0
10,,thursday,,,25.185884,89.869977,,,,,,,,0.2
4,,friday,,,25.185884,89.869977,,,,,,,,0.3
4,,friday,,,25.185884,89.869977,,,,,,,,0
1,,friday,,,25.185884,89.869977,,,,,,,,0
2,,sunday,,,22.7417,89.5167,,,,,,,,0
1,,monday,,,23.9528,91.1167,,,,,,,,0
6,,wednesday,,,23.9528,91.1167,,,,,,,,1.8
6,,friday,,,23.9528,91.1167,,,,,,,,25
6,,wednesday,,,23.9528,91.1167,,,,,,,,1.8
5,,tuesday,,,23.9528,91.1167,,,,,,,,2.5
3,,tuesday,,,23.9528,91.1167,,,,,,,,6.5
6,,saturday,,,23.6167,91.1083,,,,,,,,15.9
9,,saturday,,,23.6167,91.1083,,,,,,,,6.7
2,,friday,,,23.4833,91.0083,,,,,,,,0
6,,sunday,,,24.586659,88.275275,,,,,,,,0
2,,saturday,,,24.586659,88.275275,,,,,,,,0
1,,monday,,,24.586659,88.275275,,,,,,,,0
7,,wednesday,,,24.586659,88.275275,,,,,,,,43.4
4,,tuesday,,,24.586659,88.275275,,,,,,,,1.1
5,,tuesday,,,24.586659,88.275275,,,,,,,,1.1
4,,tuesday,,,24.586659,88.275275,,,,,,,,3.4
4,,tuesday,,,23.591766,89.976222,,,,,,,,6.3
5,,monday,,,23.591766,89.976222,,,,,,,,6.8
4,,sunday,,,22.1847,90.7625,,,,,,,,0
3,,monday,,,24.225,89.2917,,,,,,,,0
3,,tuesday,,,24.225,89.2917,,,,,,,,0
1,,friday,,,23.2167,91.3167,,,,,,,,0
1,,thursday,,,25.0417,91.675,,,,,,,,0
2,,wednesday,,,25.5667,89.6917,,,,,,,,0
9,,wednesday,,,25.6625,88.7833,,,,,,,,1.8
9,,wednesday,,,25.6625,88.7833,,,,,,,,1.8
7,,saturday,,,25.6625,88.7833,,,,,,,,0.4
1,,monday,,,25.6625,88.7833,,,,,,,,0
9,,monday,,,23.180315,89.1608575,,,,,,,,6.6
12,,wednesday,,,23.180315,89.1608575,,,,,,,,0
4,,tuesday,,,23.180315,89.1608575,,,,,,,,0
2,,sunday,,,23.180315,89.1608575,,,,,,,,0.2
9,,saturday,,,23.180315,89.1608575,,,,,,,,0.6
1,,saturday,,,24.2083,91.5222,,,,,,,,0
10,,wednesday,,,24.2083,91.5222,,,,,,,,0.4
10,,wednesday,,,24.2083,91.5222,,,,,,,,0.4
3,,thursday,,,24.2083,91.5222,,,,,,,,0
10,,wednesday,,,24.2083,91.5222,,,,,,,,0.4
7,,monday,,,24.2083,91.5222,,,,,,,,12.2
8,,thursday,,,23.459349,91.18264,,,,,,,,43.1
2,,tuesday,,,23.459349,91.18264,,,,,,,,0
5,,saturday,,,23.459349,91.18264,,,,,,,,0
6,,sunday,,,23.459349,91.18264,,,,,,,,24.4
5,,monday,,,23.459349,91.18264,,,,,,,,0.2
5,,tuesday,,,23.459349,91.18264,,,,,,,,0
11,,monday,,,23.459349,91.18264,,,,,,,,0
4,,sunday,,,23.459349,91.18264,,,,,,,,0
10,,saturday,,,23.459349,91.18264,,,,,,,,0.4
8,,tuesday,,,23.459349,91.18264,,,,,,,,2.5
4,,wednesday,,,23.459349,91.18264,,,,,,,,0.5
1,,thursday,,,25.0791,91.7542,,,,,,,,0
3,,sunday,,,25.0791,91.7542,,,,,,,,0.2
1,,monday,,,25.0791,91.7542,,,,,,,,0
1,,wednesday,,,25.0791,91.7542,,,,,,,,0
4,,monday,,,21.454718,92.010452,,,,,,,,0
4,,tuesday,,,22.9375,91.3042,,,,,,,,4.3
3,,tuesday,,,24.9,91.86667,,,,,,,,0.2
8,,friday,,,23.6167,88.7833,,,,,,,,10.5
9,,wednesday,,,22.2833,90.5903,,,,,,,,1.9
3,,monday,,,23.5333,90.7167,,,,,,,,0
5,,wednesday,,,24.0014,88.875,,,,,,,,0
3,,friday,,,24.0014,88.875,,,,,,,,0.3
1,,tuesday,,,24.0014,88.875,,,,,,,,0
2,,sunday,,,24.0014,88.875,,,,,,,,0
1,,friday,,,23.6,90.9917,,,,,,,,0
8,,monday,,,23.6,90.9917,,,,,,,,1.8
2,,tuesday,,,26.158752,88.718945,,,,,,,,0
11,,saturday,,,26.158752,88.718945,,,,,,,,0
1,,wednesday,,,24.1417,89.9667,,,,,,,,0
5,,tuesday,,,24.1417,89.9667,,,,,,,,7.4
2,,thursday,,,24.7833,91.35,,,,,,,,0
8,,monday,,,24.7833,91.35,,,,,,,,3.9
3,,wednesday,,,25.1417,89.7833,,,,,,,,0
7,,wednesday,,,25.1417,89.7833,,,,,,,,30.4
11,,friday,,,25.1417,89.7833,,,,,,,,0
12,,saturday,,,24.9,91.0167,,,,,,,,0
6,,thursday,,,24.6833,89.5375,,,,,,,,15.5
6,,tuesday,,,24.6833,89.5375,,,,,,,,13.8
9,,sunday,,,24.6833,89.5375,,,,,,,,0.2
7,,monday,,,23.2583,92.0583,,,,,,,,32.9
7,,saturday,,,23.2583,92.0583,,,,,,,,23
7,,saturday,,,23.2583,92.0583,,,,,,,,23
11,,friday,,,23.2583,92.0583,,,,,,,,0
2,,wednesday,,,23.2583,92.0583,,,,,,,,0
9,,friday,,,22.9083,89.5333,,,,,,,,4.5
8,,friday,,,22.9083,89.5333,,,,,,,,6.1
7,,tuesday,,,26.1278,88.925,,,,,,,,25.6
11,,tuesday,,,26.1278,88.925,,,,,,,,0
4,,sunday,,,25.6333,88.65,,,,,,,,1.7
9,,sunday,,,25.6333,88.65,,,,,,,,0.6
5,,wednesday,,,22.442809,90.414608,,,,,,,,3.4
10,,wednesday,,,25.09,90.7,,,,,,,,0
8,,friday,,,25.09,90.7,,,,,,,,5.8
2,,friday,,,23.125,90.7486,,,,,,,,0
2,,friday,,,23.125,90.7486,,,,,,,,0
3,,wednesday,,,23.125,90.7486,,,,,,,,5.1
6,,thursday,,,24.1583,89.4528,,,,,,,,5.4
9,,thursday,,,24.1583,89.4528,,,,,,,,5.7
4,,saturday,,,23.605717,89.841728,,,,,,,,18.2
2,,wednesday,,,23.605717,89.841728,,,,,,,,0
5,,sunday,,,23.605717,89.841728,,,,,,,,8
2,,saturday,,,23.605717,89.841728,,,,,,,,0
5,,wednesday,,,24.7083,91.9403,,,,,,,,0.2
9,,thursday,,,24.7083,91.9403,,,,,,,,7.5
5,,tuesday,,,25.51667,88.88333,,,,,,,,2.5
2,,tuesday,,,24.6333,90.2667,,,,,,,,0
4,,saturday,,,24.6333,90.2667,,,,,,,,0
4,,saturday,,,24.6333,90.2667,,,,,,,,0
5,,saturday,,,24.875,89.45,,,,,,,,2.7
8,,thursday,,,24.4167,90.55,,,,,,,,9.5
2,,wednesday,,,24.4167,90.55,,,,,,,,0
5,,tuesday,,,24.4167,90.55,,,,,,,,3.6
4,,sunday,,,24.4167,90.55,,,,,,,,2.2
8,,thursday,,,24.4167,90.55,,,,,,,,9.5
7,,saturday,,,24.4167,90.55,,,,,,,,18.8
5,,wednesday,,,24.4167,90.55,,,,,,,,4.3
9,,thursday,,,24.4167,90.55,,,,,,,,69.2
1,,monday,,,24.4167,90.55,,,,,,,,0
4,,wednesday,,,24.4167,90.55,,,,,,,,17.8
4,,monday,,,24.4167,90.55,,,,,,,,23
2,,monday,,,25.333317,89.520761,,,,,,,,0.1
8,,tuesday,,,22.1639,90.4306,,,,,,,,4.1
6,,tuesday,,,22.1639,90.4306,,,,,,,,8.4
3,,tuesday,,,22.1639,90.4306,,,,,,,,0
1,,friday,,,25.85,89.2167,,,,,,,,0
3,,saturday,,,25.85,89.2167,,,,,,,,0
7,,saturday,,,23.81667,88.755,,,,,,,,6.7
2,,saturday,,,23.81667,88.755,,,,,,,,0.1
5,,thursday,,,23.81667,88.755,,,,,,,,0.8
5,,saturday,,,23.996158,90.419726,,,,,,,,3.5
9,,tuesday,,,23.996158,90.419726,,,,,,,,0
10,,tuesday,,,23.996158,90.419726,,,,,,,,7.7
7,,saturday,,,24.46667,89.96667,,,,,,,,2.7
1,,wednesday,,,24.46667,89.96667,,,,,,,,0
1,,saturday,,,24.46667,89.96667,,,,,,,,0
5,,friday,,,25.2458,89.2167,,,,,,,,19.8
6,,monday,,,25.2458,89.2167,,,,,,,,7.8
4,,friday,,,25.2458,89.2167,,,,,,,,0.1
2,,thursday,,,22.638229,88.415531,,,,,,,,0
5,,friday,,,25.1333,89.3917,,,,,,,,4.1
7,,saturday,,,25.1333,89.3917,,,,,,,,0.3
5,,thursday,,,25.1333,89.3917,,,,,,,,11.3
2,,sunday,,,25.1333,89.3917,,,,,,,,0
2,,tuesday,,,25.1333,89.3917,,,,,,,,0
5,,monday,,,25.1333,89.3917,,,,,,,,11.7
2,,friday,,,25.1333,89.3917,,,,,,,,0
8,,sunday,,,25.1333,89.3917,,,,,,,,0.7
7,,sunday,,,24.4667,88.3306,,,,,,,,31.7
1,,tuesday,,,24.4667,88.3306,,,,,,,,0
6,,wednesday,,,24.8583,92.0208,,,,,,,,3.9
6,,thursday,,,24.8583,92.0208,,,,,,,,1.7
3,,friday,,,24.775,88.2833,,,,,,,,0
8,,wednesday,,,24.775,88.2833,,,,,,,,3.8
3,,sunday,,,24.775,88.2833,,,,,,,,0
1,,tuesday,,,23.0167,89.8333,,,,,,,,0
11,,saturday,,,24.5583,89.9167,,,,,,,,0
9,,thursday,,,24.75833,90.575,,,,,,,,8.3
1,,saturday,,,22.9736,90.2306,,,,,,,,0
6,,wednesday,,,25.1028,91.8917,,,,,,,,2.1
7,,monday,,,24.3667,89.25,,,,,,,,11.6
5,,thursday,,,24.375,91.4167,,,,,,,,29.1
10,,tuesday,,,23.25,90.85,,,,,,,,1.6
12,,wednesday,,,25.2833,89.0167,,,,,,,,0
8,,thursday,,,25.2833,89.0167,,,,,,,,42
6,,monday,,,25.2833,89.0167,,,,,,,,17.5
6,,friday,,,25.2833,89.0167,,,,,,,,0.3
8,,friday,,,25.125,90.35,,,,,,,,0
9,,monday,,,23.6417,89.05,,,,,,,,11.1
9,,monday,,,23.6417,89.05,,,,,,,,12.4
1,,tuesday,,,25.8083,88.1417,,,,,,,,0
2,,tuesday,,,25.8083,88.1417,,,,,,,,0
6,,friday,,,22.3667,91.125,,,,,,,,21.2
3,,thursday,,,22.3667,91.125,,,,,,,,7.6
6,,saturday,,,26.1125,89.1333,,,,,,,,62.6
4,,sunday,,,26.1125,89.1333,,,,,,,,0.2
11,,saturday,,,22.9,90.5083,,,,,,,,2.2
8,,wednesday,,,22.9,90.5083,,,,,,,,2.2
8,,saturday,,,24.15,89.0667,,,,,,,,12.2
3,,thursday,,,24.15,89.0667,,,,,,,,0
4,,friday,,,24.15,89.0667,,,,,,,,0
2,,saturday,,,24.15,89.0667,,,,,,,,1.6
2,,wednesday,,,24.15,89.0667,,,,,,,,0
4,,sunday,,,24.15,89.0667,,,,,,,,17.4
2,,friday,,,24.15,89.0667,,,,,,,,0.9
5,,friday,,,24.15,89.0667,,,,,,,,8.1
5,,sunday,,,24.15,89.0667,,,,,,,,0
3,,tuesday,,,25.0833,89.7917,,,,,,,,0
2,,tuesday,,,25.0833,89.7917,,,,,,,,0
9,,wednesday,,,24.6833,90.625,,,,,,,,0.1
5,,tuesday,,,24.6833,90.625,,,,,,,,1.3
6,,saturday,,,24.6833,90.625,,,,,,,,5.9
10,,tuesday,,,24.6833,90.625,,,,,,,,0
5,,monday,,,24.6833,90.625,,,,,,,,9.9
5,,wednesday,,,24.6833,90.625,,,,,,,,11
2,,saturday,,,26.0167,89.025,,,,,,,,0
12,,wednesday,,,24.9167,89.9583,,,,,,,,0
2,,tuesday,,,24.9167,89.9583,,,,,,,,0
3,,monday,,,24.9167,89.9583,,,,,,,,0
6,,friday,,,24.9167,89.9583,,,,,,,,17.7
8,,tuesday,,,24.9167,89.9583,,,,,,,,44.2
4,,thursday,,,24.9167,89.9583,,,,,,,,8.8
3,,monday,,,23.180315,89.1608575,,,,,,,,0.9
4,,sunday,,,23.180315,89.1608575,,,,,,,,8.4
4,,monday,,,23.180315,89.1608575,,,,,,,,0.2
3,,sunday,,,23.180315,89.1608575,,,,,,,,0
6,,monday,,,23.5417,89.1833,,,,,,,,4.3
6,,tuesday,,,23.5417,89.1833,,,,,,,,4.9
2,,sunday,,,23.5417,89.1833,,,,,,,,0
4,,friday,,,23.5417,89.1833,,,,,,,,0
8,,sunday,,,23.5417,89.1833,,,,,,,,29.5
8,,monday,,,23.5417,89.1833,,,,,,,,9.7
4,,saturday,,,23.5417,89.1833,,,,,,,,0
5,,monday,,,23.1,89.1333,,,,,,,,5
9,,thursday,,,23.1,89.1333,,,,,,,,7.1
3,,wednesday,,,23.1,89.1333,,,,,,,,0.9
9,,thursday,,,23.1,89.1333,,,,,,,,7.1
8,,sunday,,,23.1,89.1333,,,,,,,,29.5
9,,monday,,,23.1,89.1333,,,,,,,,29.3
4,,saturday,,,25.1,89.03333,,,,,,,,0
9,,wednesday,,,25.1,89.03333,,,,,,,,2.3
5,,friday,,,25.1,89.03333,,,,,,,,1.4
5,,wednesday,,,25.1,89.03333,,,,,,,,9
9,,wednesday,,,25.1,89.03333,,,,,,,,2.3
1,,saturday,,,24.58006,92.16467,,,,,,,,0
1,,tuesday,,,24.58006,92.16467,,,,,,,,0
3,,saturday,,,24.58006,92.16467,,,,,,,,0.1
5,,monday,,,22.65,89.88333,,,,,,,,0
7,,monday,,,24.8167,89.2667,,,,,,,,15.4
3,,thursday,,,25.7917,88.6,,,,,,,,0
4,,saturday,,,25.0583,89.1833,,,,,,,,11.6
6,,saturday,,,25.0583,89.1833,,,,,,,,8.7
7,,thursday,,,21.9861,90.2422,,,,,,,,6.4
8,,tuesday,,,21.9861,90.2422,,,,,,,,3.1
9,,monday,,,21.9861,90.2422,,,,,,,,2.3
5,,thursday,,,21.9861,90.2422,,,,,,,,0
3,,tuesday,,,21.9861,90.2422,,,,,,,,0.1
3,,thursday,,,22.875,89.0417,,,,,,,,12
8,,tuesday,,,22.875,89.0417,,,,,,,,22.5
5,,monday,,,22.875,89.0417,,,,,,,,4.1
12,,friday,,,23.0333,89.6167,,,,,,,,0
12,,sunday,,,23.925,90.5667,,,,,,,,0
7,,sunday,,,23.925,90.5667,,,,,,,,22.9
9,,saturday,,,22.45,89.0417,,,,,,,,2.1
2,,saturday,,,23.4139,89.1333,,,,,,,,0
7,,sunday,,,23.4139,89.1333,,,,,,,,32.8
6,,wednesday,,,23.4139,89.1333,,,,,,,,4.4
7,,tuesday,,,25.974953,89.228404,,,,,,,,46
12,,monday,,,24.3833,90.0083,,,,,,,,0
5,,sunday,,,24.3833,90.0083,,,,,,,,5.9
5,,monday,,,24.3833,90.0083,,,,,,,,1.6
5,,sunday,,,24.3833,90.0083,,,,,,,,0.1
8,,tuesday,,,25.0833,90.8917,,,,,,,,0.1
4,,saturday,,,25.0833,90.8917,,,,,,,,0
8,,friday,,,25.0833,90.8917,,,,,,,,21.8
6,,saturday,,,25.0833,90.8917,,,,,,,,5.9
4,,wednesday,,,22.73,90.88,,,,,,,,0.4
8,,monday,,,24.373646,89.659628,,,,,,,,13.2
7,,saturday,,,24.373646,89.659628,,,,,,,,26.3
2,,monday,,,24.3667,91.8667,,,,,,,,0
6,,monday,,,24.3667,91.8667,,,,,,,,16
7,,friday,,,24.3667,91.8667,,,,,,,,40
1,,monday,,,24.3667,91.8667,,,,,,,,0
3,,friday,,,25.0166,92.2472,,,,,,,,0
8,,saturday,,,24.1,90.57,,,,,,,,0
2,,monday,,,24.1,90.57,,,,,,,,0
5,,thursday,,,24.1,90.57,,,,,,,,2.3
7,,tuesday,,,22.5,92.2167,,,,,,,,34.1
6,,friday,,,24.4583,90.8833,,,,,,,,16.5
6,,friday,,,24.4583,90.8833,,,,,,,,16.5
4,,monday,,,23.759377,91.143823,,,,,,,,1.7
4,,monday,,,23.759377,91.143823,,,,,,,,1.7
6,,tuesday,,,23.759377,91.143823,,,,,,,,39.3
2,,thursday,,,23.759377,91.143823,,,,,,,,0
6,,sunday,,,23.759377,91.143823,,,,,,,,26.3
3,,tuesday,,,23.759377,91.143823,,,,,,,,0.5
7,,friday,,,23.759377,91.143823,,,,,,,,7.5
12,,wednesday,,,23.2167,89.7,,,,,,,,0
9,,monday,,,23.2167,89.7,,,,,,,,8.3
9,,tuesday,,,23.2167,89.7,,,,,,,,7.7
8,,tuesday,,,22.4,90.125,,,,,,,,4.1
3,,wednesday,,,22.4,90.125,,,,,,,,0.1
10,,wednesday,,,24.25,90.7917,,,,,,,,0
12,,friday,,,24.25,90.7917,,,,,,,,0
12,,friday,,,25.7708,89.4167,,,,,,,,1.2
10,,wednesday,,,24.6417,89.65,,,,,,,,2.1
5,,thursday,,,24.65,90.8417,,,,,,,,10.1
8,,thursday,,,24.65,90.8417,,,,,,,,0.1
4,,thursday,,,22.870267,89.237263,,,,,,,,0
6,,thursday,,,22.870267,89.237263,,,,,,,,1
9,,sunday,,,22.870267,89.237263,,,,,,,,26.9
7,,friday,,,22.870267,89.237263,,,,,,,,18.6
6,,thursday,,,22.870267,89.237263,,,,,,,,1
5,,sunday,,,22.870267,89.237263,,,,,,,,1.4
3,,sunday,,,23.0417,91.9944,,,,,,,,0
4,,monday,,,23.0417,91.9944,,,,,,,,0
7,,friday,,,23.0417,91.9944,,,,,,,,20.4
12,,tuesday,,,24.7,91.125,,,,,,,,0
7,,sunday,,,25.9278,88.7333,,,,,,,,37.4
4,,thursday,,,24.4333,90.7833,,,,,,,,0.7
1,,tuesday,,,24.4333,90.7833,,,,,,,,0
10,,wednesday,,,24.4333,90.7833,,,,,,,,0.5
1,,monday,,,24.4333,90.7833,,,,,,,,0
1,,tuesday,,,24.4333,90.7833,,,,,,,,0
2,,monday,,,25.9111,89.025,,,,,,,,0.3
7,,thursday,,,22.3417,89.3,,,,,,,,3.4
6,,sunday,,,22.3417,89.3,,,,,,,,0.2
11,,friday,,,24.489182,92.024555,,,,,,,,0
4,,saturday,,,24.489182,92.024555,,,,,,,,2.1
9,,saturday,,,24.489182,92.024555,,,,,,,,10.4
5,,wednesday,,,24.489182,92.024555,,,,,,,,0.4
9,,thursday,,,24.155,90.9,,,,,,,,0.1
12,,saturday,,,23.8542,89.2417,,,,,,,,0
8,,wednesday,,,23.9,89.1333,,,,,,,,24.4
9,,thursday,,,23.9,89.1333,,,,,,,,16.8
10,,monday,,,24.2889,91.2167,,,,,,,,0
8,,tuesday,,,24.2889,91.2167,,,,,,,,9.5
11,,tuesday,,,24.2889,91.2167,,,,,,,,0
8,,tuesday,,,24.2889,91.2167,,,,,,,,1.1
2,,monday,,,24.2889,91.2167,,,,,,,,0
7,,tuesday,,,24.2889,91.2167,,,,,,,,17.3
4,,tuesday,,,22.95,90.825,,,,,,,,13.5
1,,friday,,,22.3211,90.7472,,,,,,,,0
2,,tuesday,,,25.915,89.45,,,,,,,,0
1,,monday,,,25.915,89.45,,,,,,,,0
6,,sunday,,,25.915,89.45,,,,,,,,7.9
1,,tuesday,,,25.915,89.45,,,,,,,,0
6,,sunday,,,25.915,89.45,,,,,,,,7.9
8,,wednesday,,,25.915,89.45,,,,,,,,33.9
8,,wednesday,,,25.915,89.45,,,,,,,,33.9
1,,monday,,,25.915,89.45,,,,,,,,0
1,,tuesday,,,25.915,89.45,,,,,,,,0
1,,thursday,,,24.1833,88.975,,,,,,,,0
6,,wednesday,,,24.1833,88.975,,,,,,,,0.4
7,,wednesday,,,21.775,92.2,,,,,,,,9.1
3,,saturday,,,21.775,92.2,,,,,,,,0
2,,thursday,,,23.1833,89.6625,,,,,,,,0
4,,saturday,,,23.1833,89.6625,,,,,,,,4.3
1,,thursday,,,23.46,90.54,,,,,,,,0
8,,sunday,,,24.8917,89.75,,,,,,,,6.5
6,,tuesday,,,23.1667,90.2083,,,,,,,,1.5
8,,friday,,,24.1028,91.2917,,,,,,,,13.2
3,,friday,,,24.1028,91.2917,,,,,,,,0
3,,tuesday,,,24.1028,91.2917,,,,,,,,0
5,,monday,,,24.1028,91.2917,,,,,,,,25
6,,saturday,,,24.1028,91.2917,,,,,,,,44.3
2,,monday,,,24.1028,91.2917,,,,,,,,0.2
6,,saturday,,,24.1028,91.2917,,,,,,,,44.3
10,,saturday,,,24.1028,91.2917,,,,,,,,45.4
12,,thursday,,,24.1028,91.2917,,,,,,,,0
8,,friday,,,23.5417,89.6306,,,,,,,,6.1
8,,monday,,,23.5417,89.6306,,,,,,,,8.1
8,,friday,,,24.61667,90.01806,,,,,,,,1.7
8,,friday,,,24.61667,90.01806,,,,,,,,1.7
8,,friday,,,24.61667,90.01806,,,,,,,,1.7
8,,friday,,,24.61667,90.01806,,,,,,,,1.7
3,,tuesday,,,24.61667,90.01806,,,,,,,,0
4,,monday,,,24.61667,90.01806,,,,,,,,13.8
4,,monday,,,24.61667,90.01806,,,,,,,,13.8
7,,monday,,,23.4875,89.4208,,,,,,,,7.5
3,,friday,,,24.775,88.67,,,,,,,,0
2,,wednesday,,,24.775,88.67,,,,,,,,0
7,,monday,,,24.775,88.67,,,,,,,,36.6
7,,tuesday,,,22.8347,91.8361,,,,,,,,14.5
3,,tuesday,,,23.85,90.0111,,,,,,,,1.7
8,,tuesday,,,23.85,90.0111,,,,,,,,54.7
8,,wednesday,,,23.0167,89.2333,,,,,,,,10.3
1,,wednesday,,,23.0167,89.2333,,,,,,,,0
8,,thursday,,,23.0167,89.2333,,,,,,,,47.3
7,,saturday,,,23.0167,89.2333,,,,,,,,16.9
7,,wednesday,,,23.0167,89.2333,,,,,,,,13.7
12,,tuesday,,,23.0167,89.2333,,,,,,,,0
3,,friday,,,23.0167,89.2333,,,,,,,,0
2,,tuesday,,,23.0167,89.2333,,,,,,,,0
10,,tuesday,,,23.0167,89.2333,,,,,,,,0
2,,tuesday,,,22.2869,89.9667,,,,,,,,0.4
9,,monday,,,22.2869,89.9667,,,,,,,,5.3
3,,monday,,,22.2869,89.9667,,,,,,,,0
4,,sunday,,,22.2869,89.9667,,,,,,,,0
2,,tuesday,,,22.2869,89.9667,,,,,,,,0.4
1,,monday,,,22.2869,89.9667,,,,,,,,0
3,,monday,,,22.2869,89.9667,,,,,,,,0
5,,tuesday,,,23.0417,91.875,,,,,,,,0
2,,tuesday,,,22.8319,90.5333,,,,,,,,0
4,,sunday,,,23.775,88.6417,,,,,,,,0
5,,saturday,,,24.9667,89.8333,,,,,,,,52.1
3,,monday,,,24.9667,89.8333,,,,,,,,5.2
1,,wednesday,,,24.9667,89.8333,,,,,,,,0
1,,thursday,,,24.9667,89.8333,,,,,,,,0
7,,saturday,,,24.9667,89.8333,,,,,,,,2.4
1,,wednesday,,,23.9333,89,,,,,,,,0
1,,friday,,,22.3625,90.2417,,,,,,,,0
6,,saturday,,,24.1083,90.0917,,,,,,,,0.8
9,,friday,,,24.1083,90.0917,,,,,,,,2.1
7,,friday,,,24.1083,90.0917,,,,,,,,0.8
1,,friday,,,24.1083,90.0917,,,,,,,,0
5,,wednesday,,,25.5417,89.2833,,,,,,,,13.5
4,,monday,,,23.0417,91.9944,,,,,,,,17.9
2,,thursday,,,21.55,91.95,,,,,,,,0
4,,friday,,,23.35,88.9125,,,,,,,,0
6,,friday,,,23.35,88.9125,,,,,,,,20.9
4,,tuesday,,,23.35,88.9125,,,,,,,,2.1
6,,friday,,,24.5639,88.65,,,,,,,,5.3
6,,sunday,,,24.5639,88.65,,,,,,,,19.2
6,,friday,,,24.5639,88.65,,,,,,,,5.3
3,,wednesday,,,22.8887,89.771842,,,,,,,,0
10,,monday,,,22.2986,90.9792,,,,,,,,2.7
8,,friday,,,22.45,89.8583,,,,,,,,17.8
3,,sunday,,,22.45,89.8583,,,,,,,,0
4,,wednesday,,,22.45,89.8583,,,,,,,,1.1
9,,monday,,,22.45,89.8583,,,,,,,,0.1
2,,wednesday,,,22.45,89.8583,,,,,,,,0
5,,friday,,,22.45,89.8583,,,,,,,,0
3,,monday,,,22.45,89.8583,,,,,,,,0
2,,saturday,,,22.45,89.8583,,,,,,,,0.3
3,,sunday,,,24.4778,91.7667,,,,,,,,8.7
1,,sunday,,,24.4778,91.7667,,,,,,,,0
12,,saturday,,,24.4778,91.7667,,,,,,,,0
4,,friday,,,24.4778,91.7667,,,,,,,,1.9
3,,thursday,,,23.3167,89.8667,,,,,,,,16.9
6,,thursday,,,24.7583,90.2667,,,,,,,,1.5
2,,sunday,,,24.7583,90.2667,,,,,,,,0
5,,wednesday,,,24.7583,90.2667,,,,,,,,11.2
9,,monday,,,24.7583,90.2667,,,,,,,,15.8
9,,tuesday,,,23.4583,90.5417,,,,,,,,14.2
4,,tuesday,,,23.6385,90.9325,,,,,,,,1.5
4,,tuesday,,,24.75,90.4167,,,,,,,,0
8,,monday,,,24.75,90.4167,,,,,,,,5.7
4,,friday,,,24.75,90.4167,,,,,,,,9.4
6,,tuesday,,,24.75,90.4167,,,,,,,,40.4
4,,monday,,,24.75,90.4167,,,,,,,,0.1
9,,wednesday,,,24.75,90.4167,,,,,,,,0
8,,thursday,,,24.75,90.4167,,,,,,,,7.1
6,,tuesday,,,24.75,90.4167,,,,,,,,40.4
5,,friday,,,24.75,90.4167,,,,,,,,16.7
5,,tuesday,,,24.75,90.4167,,,,,,,,34.9
2,,sunday,,,24.75,90.4167,,,,,,,,0
10,,tuesday,,,24.75,90.4167,,,,,,,,1.8
4,,friday,,,24.75,90.4167,,,,,,,,0.2
3,,monday,,,24.75,90.4167,,,,,,,,7.1
3,,tuesday,,,24.75,90.4167,,,,,,,,0
1,,friday,,,24.75,90.4167,,,,,,,,0
6,,wednesday,,,24.75,90.4167,,,,,,,,27.5
1,,thursday,,,24.75,90.4167,,,,,,,,0
4,,saturday,,,24.75,90.4167,,,,,,,,7
10,,sunday,,,22.4292,90.5139,,,,,,,,3.7
12,,monday,,,23.228401,90.645015,,,,,,,,0.8
10,,wednesday,,,24.4583,89.7,,,,,,,,0
12,,wednesday,,,23.996158,90.419726,,,,,,,,0
8,,tuesday,,,24.9167,89.9583,,,,,,,,44.2
12,,tuesday,,,23.6,90.5,,,,,,,,0
8,,tuesday,,,23.2167,89.35,,,,,,,,41.6
10,,sunday,,,23.6,90.5,,,,,,,,0.3
7,,sunday,,,23.996158,90.419726,,,,,,,,10.2
2,,thursday,,,23.5417,89.1833,,,,,,,,2.8
10,,monday,,,23.0167,91.3917,,,,,,,,0.3
2,,thursday,,,22.5778,89.99,,,,,,,,0
2,,monday,,,24.56667,91.515,,,,,,,,0
11,,wednesday,,,23.6,90.5,,,,,,,,0
2,,monday,,,23.6,90.5,,,,,,,,0
10,,thursday,,,23.9167,90.725,,,,,,,,0.5
2,,sunday,,,23.180315,89.1608575,,,,,,,,0
8,,monday,,,23.305,89.38,,,,,,,,9.7
10,,wednesday,,,22.65,92.1833,,,,,,,,0
10,,sunday,,,25.1,89.03333,,,,,,,,0
10,,thursday,,,24.888242,91.868519,,,,,,,,0
2,,wednesday,,,23.180315,89.1608575,,,,,,,,0
11,,friday,,,23.180315,89.1608575,,,,,,,,0.9
5,,saturday,,,23.9528,91.1167,,,,,,,,0
10,,tuesday,,,22.3833,92.2417,,,,,,,,5.7
5,,monday,,,22.5778,89.99,,,,,,,,10.6
10,,saturday,,,24.1028,91.2917,,,,,,,,45.4
11,,friday,,,21.454718,92.010452,,,,,,,,0
10,,saturday,,,23.8167,90.15,,,,,,,,47.4
9,,thursday,,,23.6,90.5,,,,,,,,1
1,,wednesday,,,21.454718,92.010452,,,,,,,,0
9,,sunday,,,24.4583,89.7,,,,,,,,0.1
11,,friday,,,23.5417,89.1833,,,,,,,,0.9
11,,thursday,,,23.605717,89.841728,,,,,,,,0
5,,wednesday,,,23.605717,89.841728,,,,,,,,0
5,,thursday,,,22.5778,89.99,,,,,,,,1.5
5,,thursday,,,23.0417,91.9944,,,,,,,,0.9
5,,tuesday,,,23.6,90.5,,,,,,,,0.3
5,,friday,,,24.75,90.4167,,,,,,,,1.2
4,,saturday,,,23.180315,89.1608575,,,,,,,,0
9,,monday,,,23.180315,89.1608575,,,,,,,,19.1
5,,friday,,,23.591766,89.976222,,,,,,,,6.6
4,,sunday,,,24.888242,91.868519,,,,,,,,0.1
4,,wednesday,,,23.755,89.65,,,,,,,,0
4,,saturday,,,23.6417,88.8583,,,,,,,,0.1
4,,saturday,,,23.6417,88.8583,,,,,,,,0
5,,sunday,,,23.180315,89.1608575,,,,,,,,0.2
4,,monday,,,23.180315,89.1608575,,,,,,,,0
4,,saturday,,,23.180315,89.1608575,,,,,,,,4.3
5,,monday,,,22.2333,92.1917,,,,,,,,0.3
3,,wednesday,,,24.25,89.9167,,,,,,,,16.4
8,,sunday,,,23.180315,89.1608575,,,,,,,,15
8,,tuesday,,,24.8417,89.375,,,,,,,,9.8
8,,friday,,,23.6,90.5,,,,,,,,17.7
2,,friday,,,24.5667,90.6833,,,,,,,,0
8,,saturday,,,24.25,89.9167,,,,,,,,0
8,,thursday,,,23.9528,91.1167,,,,,,,,0.3
8,,tuesday,,,23.755,89.65,,,,,,,,10.3
2,,saturday,,,24.875,90.7333,,,,,,,,0
8,,saturday,,,24.888242,91.868519,,,,,,,,7.7
2,,saturday,,,23.9528,91.1167,,,,,,,,0
7,,tuesday,,,24.75,90.4167,,,,,,,,21.2
8,,tuesday,,,23.9528,91.1167,,,,,,,,35.6
1,,thursday,,,22.5778,89.99,,,,,,,,0
1,,thursday,,,23.775,88.6417,,,,,,,,0
6,,friday,,,24.975,89.02,,,,,,,,27
6,,saturday,,,23.1667,90.2083,,,,,,,,0.1
6,,tuesday,,,24.888242,91.868519,,,,,,,,18.2
6,,wednesday,,,23.996158,90.419726,,,,,,,,0
8,,thursday,,,22.65,92.1833,,,,,,,,7.7
8,,thursday,,,24.005,89.25,,,,,,,,8.9
2,,monday,,,24.17,89.58833,,,,,,,,0
3,,wednesday,,,23.996158,90.419726,,,,,,,,0
8,,tuesday,,,24.005,89.25,,,,,,,,4.8
3,,thursday,,,24.4778,91.7667,,,,,,,,0
3,,saturday,,,24.4333,90.7833,,,,,,,,0
2,,thursday,,,24.005,89.25,,,,,,,,0
7,,tuesday,,,24.75,90.4167,,,,,,,,21.2
8,,thursday,,,24.8417,89.375,,,,,,,,5.7
12,,tuesday,,,23.6,90.5,,,,,,,,0
8,,wednesday,,,24.4333,90.7833,,,,,,,,7.4
12,,tuesday,,,23.180315,89.1608575,,,,,,,,0
12,,monday,,,24.888242,91.868519,,,,,,,,0
12,,sunday,,,25.7583,89.2333,,,,,,,,0
12,,thursday,,,24.586659,88.275275,,,,,,,,0
8,,saturday,,,23.6417,88.8583,,,,,,,,9
8,,thursday,,,25.7583,89.2333,,,,,,,,2.4
8,,wednesday,,,23.175,89.505,,,,,,,,10.3
12,,monday,,,23.605717,89.841728,,,,,,,,0
6,,friday,,,24.3194,89.5667,,,,,,,,14.4
8,,friday,,,24.888242,91.868519,,,,,,,,47
6,,friday,,,24.75,90.4167,,,,,,,,50.1
10,,sunday,,,24.005,89.25,,,,,,,,0.1
2,,thursday,,,23.29,91.9,,,,,,,,0
6,,monday,,,23.6,90.5,,,,,,,,0
2,,friday,,,22.8111,90.2444,,,,,,,,0
7,,wednesday,,,23.0417,91.9944,,,,,,,,25.2
2,,sunday,,,22.6222,90.2708,,,,,,,,0
2,,saturday,,,23.180315,89.1608575,,,,,,,,0.6
12,,tuesday,,,24.375,91.4167,,,,,,,,0
7,,monday,,,24.005,89.25,,,,,,,,8.6
2,,sunday,,,24.6333,90.2667,,,,,,,,0.3
8,,friday,,,24.9167,89.9583,,,,,,,,1.7
7,,thursday,,,23.6417,88.8583,,,,,,,,18
7,,sunday,,,23.180315,89.1608575,,,,,,,,13.5
4,,tuesday,,,23.996158,90.419726,,,,,,,,0.4
9,,tuesday,,,24.75,90.4167,,,,,,,,4.2
9,,wednesday,,,24.888242,91.868519,,,,,,,,0.8
3,,monday,,,25.6333,88.65,,,,,,,,0
3,,thursday,,,25.7583,89.2333,,,,,,,,0
3,,monday,,,25.1,89.03333,,,,,,,,0
3,,friday,,,24.75,90.4167,,,,,,,,0
5,,sunday,,,24.888242,91.868519,,,,,,,,18.4
3,,sunday,,,24.586659,88.275275,,,,,,,,0
5,,wednesday,,,25.195,89.02,,,,,,,,23.3
5,,friday,,,25.1333,89.3917,,,,,,,,4.1
5,,tuesday,,,24.0167,88.9917,,,,,,,,0
4,,saturday,,,23.996158,90.419726,,,,,,,,0.1
5,,sunday,,,24.75,90.4167,,,,,,,,18.8
3,,monday,,,25.7583,89.2333,,,,,,,,5.9
3,,sunday,,,26.0208,88.4667,,,,,,,,0
3,,wednesday,,,22.95,91.1,,,,,,,,7.9
3,,thursday,,,23.3167,89.8667,,,,,,,,16.9
4,,monday,,,23.996158,90.419726,,,,,,,,17.8
4,,friday,,,22.3833,92.2417,,,,,,,,0.8
3,,tuesday,,,23.5417,89.1833,,,,,,,,1.8
3,,monday,,,23.996158,90.419726,,,,,,,,3
3,,sunday,,,24.8417,89.375,,,,,,,,1.8
4,,monday,,,23.996158,90.419726,,,,,,,,2.8
3,,monday,,,22.8256,91.1014,,,,,,,,0.2
6,,saturday,,,23.4583,90.5417,,,,,,,,8
6,,monday,,,23.996158,90.419726,,,,,,,,7.1
6,,friday,,,24.6333,90.2667,,,,,,,,2.8
6,,sunday,,,23.0744,88.8667,,,,,,,,0
6,,tuesday,,,25.4153,89.3167,,,,,,,,23.3
6,,thursday,,,25.18627,89.86886,,,,,,,,6.5
6,,thursday,,,22.7167,89.075,,,,,,,,2.2
6,,sunday,,,24.586659,88.275275,,,,,,,,4.2
6,,wednesday,,,24.75,90.4167,,,,,,,,18.9
6,,wednesday,,,25.66667,89.05,,,,,,,,0
6,,monday,,,23.9,89.1333,,,,,,,,0.7
6,,monday,,,23.9,89.1333,,,,,,,,0.7
6,,saturday,,,24.8417,89.375,,,,,,,,0
6,,wednesday,,,24.805,88.95,,,,,,,,8.5
6,,wednesday,,,24.1083,90.0917,,,,,,,,4.1
3,,thursday,,,23.6167,88.7833,,,,,,,,0
2,,monday,,,22.7167,89.075,,,,,,,,0.3
5,,sunday,,,25.9417,88.8444,,,,,,,,0.8
5,,friday,,,24.005,89.25,,,,,,,,4.9
6,,friday,,,25.9417,88.8444,,,,,,,,0.5
6,,wednesday,,,23.85,90.01,,,,,,,,0
6,,saturday,,,24.7333,88.975,,,,,,,,0.7
6,,thursday,,,24.005,89.25,,,,,,,,4.1
6,,saturday,,,24.7333,88.975,,,,,,,,0.7
6,,sunday,,,23.2167,89.35,,,,,,,,7.1
6,,tuesday,,,23.5417,89.1833,,,,,,,,4.8
6,,wednesday,,,24.888242,91.868519,,,,,,,,2
6,,wednesday,,,23.180315,89.1608575,,,,,,,,0.5
6,,sunday,,,23.9167,90.725,,,,,,,,37
4,,monday,,,23.180315,89.1608575,,,,,,,,2.5
3,,saturday,,,24.4778,91.7667,,,,,,,,11.2
9,,wednesday,,,25.1,89.03333,,,,,,,,2.3
5,,sunday,,,22.2333,92.1917,,,,,,,,0.7
9,,thursday,,,23.996158,90.419726,,,,,,,,3.2
9,,saturday,,,23.996158,90.419726,,,,,,,,4.9
2,,tuesday,,,22.7167,89.075,,,,,,,,0
2,,tuesday,,,24.005,89.25,,,,,,,,0
2,,tuesday,,,24.005,89.25,,,,,,,,0
1,,tuesday,,,23.755,89.65,,,,,,,,0
9,,thursday,,,23.775,88.6417,,,,,,,,7.5
9,,monday,,,23.5417,89.1833,,,,,,,,14.9
5,,saturday,,,21.454718,92.010452,,,,,,,,0.1
5,,sunday,,,22.66667,89.8,,,,,,,,2
5,,thursday,,,22.65,92.1833,,,,,,,,0
4,,saturday,,,24.6333,90.2667,,,,,,,,0
4,,wednesday,,,24.75,90.4167,,,,,,,,2.5
4,,monday,,,22.95,90.825,,,,,,,,2.5
5,,thursday,,,22.2333,92.1917,,,,,,,,0.2
5,,wednesday,,,22.2333,92.1917,,,,,,,,0
2,,sunday,,,23.5417,89.1833,,,,,,,,0
2,,wednesday,,,23.9,89.1333,,,,,,,,0
9,,saturday,,,22.7167,89.075,,,,,,,,18.8
9,,saturday,,,23.2167,89.35,,,,,,,,0.6
9,,saturday,,,24.005,89.25,,,,,,,,1.4
9,,friday,,,22.8111,90.2444,,,,,,,,29
9,,monday,,,24.4333,90.7833,,,,,,,,14.2
9,,saturday,,,23.180315,89.1608575,,,,,,,,0.2
5,,friday,,,24.005,89.25,,,,,,,,8.2
5,,wednesday,,,25.1,89.03333,,,,,,,,7.7
7,,saturday,,,24.9167,89.9583,,,,,,,,7.2
5,,tuesday,,,23.0744,88.8667,,,,,,,,0.3
5,,wednesday,,,23.9,89.1333,,,,,,,,8.7
1,,saturday,,,24.9167,89.9583,,,,,,,,0
1,,tuesday,,,24.7417,89.8333,,,,,,,,0
7,,saturday,,,25.4153,89.3167,,,,,,,,21
1,,thursday,,,26.0208,88.4667,,,,,,,,0
7,,tuesday,,,24.25,89.9167,,,,,,,,1.9
7,,tuesday,,,23.996158,90.419726,,,,,,,,18.5
3,,thursday,,,24.75,90.4167,,,,,,,,0
3,,wednesday,,,24.4583,89.7,,,,,,,,0
3,,monday,,,22.8111,90.2444,,,,,,,,0
3,,friday,,,24.4583,89.7,,,,,,,,0
2,,wednesday,,,24.8417,89.375,,,,,,,,0
3,,monday,,,25.4153,89.3167,,,,,,,,0
7,,tuesday,,,23.0744,88.8667,,,,,,,,14
7,,monday,,,24.0211,91.2797,,,,,,,,1.6
7,,monday,,,23.0744,88.8667,,,,,,,,7.4
3,,monday,,,24.888242,91.868519,,,,,,,,0.5
3,,monday,,,23.6,90.5,,,,,,,,0
3,,wednesday,,,25.1417,89.7833,,,,,,,,0
1,,tuesday,,,23.996158,90.419726,,,,,,,,0
8,,friday,,,24.888242,91.868519,,,,,,,,1.7
2,,wednesday,,,23.5417,89.1833,,,,,,,,0
2,,thursday,,,24.005,89.25,,,,,,,,0
1,,sunday,,,24.6333,90.2667,,,,,,,,0
1,,sunday,,,25.7583,89.2333,,,,,,,,0
6,,monday,,,23.6,90.5,,,,,,,,0
6,,friday,,,24.375,91.4167,,,,,,,,22.1
7,,monday,,,23.996158,90.419726,,,,,,,,11.1
6,,wednesday,,,24.888242,91.868519,,,,,,,,69.4
1,,wednesday,,,22.5778,89.99,,,,,,,,0
6,,friday,,,22.6903,90.6525,,,,,,,,7.8
1,,saturday,,,24.4778,91.7667,,,,,,,,0
1,,tuesday,,,23.9167,90.725,,,,,,,,0
5,,tuesday,,,24.4583,89.7,,,,,,,,1.3
6,,thursday,,,25.7583,89.2333,,,,,,,,21.1
12,,saturday,,,24.7833,91.35,,,,,,,,0
9,,monday,,,25.1,89.03333,,,,,,,,10.2
6,,friday,,,24.75,90.4167,,,,,,,,18.7
7,,saturday,,,22.7,90.3667,,,,,,,,4.4
6,,wednesday,,,22.1508,90.1264,,,,,,,,0.1
1,,wednesday,,,23.6,90.5,,,,,,,,0
6,,wednesday,,,23.9528,91.1167,,,,,,,,22.8
6,,saturday,,,22.50439,89.97897,,,,,,,,2.6
1,,wednesday,,,23.6,90.5,,,,,,,,0
6,,monday,,,23.180315,89.1608575,,,,,,,,0
7,,thursday,,,22.50439,89.97897,,,,,,,,33.5
7,,wednesday,,,23.180315,89.1608575,,,,,,,,13.7
6,,friday,,,23.8833,91.2166,,,,,,,,8
7,,thursday,,,23.4,89.0167,,,,,,,,25.9
12,,thursday,,,24.75,90.4167,,,,,,,,0
1,,sunday,,,24.4778,91.7667,,,,,,,,0.1
1,,monday,,,24.98333,90.18333,,,,,,,,0
2,,saturday,,,24.888242,91.868519,,,,,,,,0
7,,tuesday,,,24.6333,90.2667,,,,,,,,20.3
1,,wednesday,,,24.75,90.4167,,,,,,,,0
7,,saturday,,,24.6611,89.2333,,,,,,,,1.2
6,,friday,,,24.8417,89.375,,,,,,,,23.9
6,,thursday,,,24.8417,89.375,,,,,,,,2.6
11,,wednesday,,,23.5417,89.1833,,,,,,,,0
1,,wednesday,,,23.6,90.5,,,,,,,,0
11,,thursday,,,23.459349,91.18264,,,,,,,,0
3,,thursday,,,22.63996,92.191949,,,,,,,,3.6
1,,wednesday,,,23.6,90.5,,,,,,,,0
11,,sunday,,,24.4583,89.7,,,,,,,,0
11,,saturday,,,24.25,89.9167,,,,,,,,0
6,,monday,,,23.4875,89.4208,,,,,,,,33.5
5,,monday,,,22.50439,89.97897,,,,,,,,0.8
11,,wednesday,,,25.025,89.13333,,,,,,,,0
4,,monday,,,24.005,89.25,,,,,,,,0
10,,friday,,,24.56667,91.515,,,,,,,,0
2,,monday,,,24.56667,91.515,,,,,,,,0
5,,tuesday,,,24.56667,91.515,,,,,,,,0
4,,wednesday,,,24.56667,91.515,,,,,,,,48.7
4,,wednesday,,,23.8833,90.9833,,,,,,,,0
4,,wednesday,,,23.8833,90.9833,,,,,,,,0
5,,tuesday,,,23.8833,90.9833,,,,,,,,0.7
5,,tuesday,,,23.8833,90.9833,,,,,,,,0.7
3,,saturday,,,23.8833,90.9833,,,,,,,,0
3,,saturday,,,23.8833,90.9833,,,,,,,,0
7,,sunday,,,23.8833,90.9833,,,,,,,,25.7
7,,sunday,,,23.8833,90.9833,,,,,,,,25.7
9,,sunday,,,23.4153,89.8917,,,,,,,,13.7
10,,sunday,,,23.4153,89.8917,,,,,,,,0
6,,sunday,,,24.05,89.86806,,,,,,,,21.2
4,,friday,,,24.05,89.86806,,,,,,,,1.4
4,,sunday,,,24.05,89.86806,,,,,,,,0
4,,tuesday,,,24.05,89.86806,,,,,,,,0.2
5,,friday,,,21.4167,92.1833,,,,,,,,0.1
11,,wednesday,,,22.6222,90.2708,,,,,,,,0
2,,friday,,,24.5667,90.6833,,,,,,,,0
3,,saturday,,,24.5667,90.6833,,,,,,,,14.9
4,,friday,,,24.5667,90.6833,,,,,,,,19.7
3,,saturday,,,24.5667,90.6833,,,,,,,,0
2,,friday,,,24.5667,90.6833,,,,,,,,0
5,,thursday,,,22.8583,92.1167,,,,,,,,1.6
9,,friday,,,22.8583,92.1167,,,,,,,,10.7
7,,saturday,,,23.6,90.5,,,,,,,,7.1
4,,tuesday,,,23.6,90.5,,,,,,,,1.6
7,,tuesday,,,23.6,90.5,,,,,,,,15.9
3,,friday,,,23.6,90.5,,,,,,,,0
5,,monday,,,23.6,90.5,,,,,,,,0.3
2,,sunday,,,23.3,90.4,,,,,,,,0
6,,saturday,,,23.3,90.4,,,,,,,,4.3
9,,sunday,,,23.9167,90.725,,,,,,,,0.4
2,,tuesday,,,23.9167,90.725,,,,,,,,3.1
5,,tuesday,,,23.9167,90.725,,,,,,,,0
4,,tuesday,,,24.207,91.2097,,,,,,,,0.1
4,,tuesday,,,24.207,91.2097,,,,,,,,0.1
5,,tuesday,,,24.207,91.2097,,,,,,,,4.8
5,,tuesday,,,24.207,91.2097,,,,,,,,4.8
9,,monday,,,24.207,91.2097,,,,,,,,3.7
9,,monday,,,24.207,91.2097,,,,,,,,3.7
5,,tuesday,,,24.4139,88.93,,,,,,,,1.3
3,,wednesday,,,24.4139,88.93,,,,,,,,0
3,,saturday,,,24.4139,88.93,,,,,,,,0
2,,monday,,,25.4167,89.0833,,,,,,,,0
12,,wednesday,,,25.4167,89.0833,,,,,,,,0
8,,saturday,,,25.4167,89.0833,,,,,,,,2.3
5,,wednesday,,,25.4167,89.0833,,,,,,,,7.4
5,,monday,,,25.4167,89.0833,,,,,,,,16.9
3,,thursday,,,22.7461,89.9678,,,,,,,,0
6,,friday,,,22.7461,89.9678,,,,,,,,20.1
6,,tuesday,,,22.7472,90.1036,,,,,,,,3.4
2,,thursday,,,22.7472,90.1036,,,,,,,,0
1,,saturday,,,24.875,90.7333,,,,,,,,0
6,,tuesday,,,24.875,90.7333,,,,,,,,15.6
11,,thursday,,,24.875,90.7333,,,,,,,,0
6,,monday,,,24.875,90.7333,,,,,,,,2.2
1,,monday,,,24.875,90.7333,,,,,,,,0
1,,friday,,,24.875,90.7333,,,,,,,,0
1,,monday,,,24.3167,90.9333,,,,,,,,0
5,,thursday,,,25.9417,88.8444,,,,,,,,7
6,,friday,,,25.9417,88.8444,,,,,,,,0.5
9,,wednesday,,,25.9417,88.8444,,,,,,,,0
3,,friday,,,22.8256,91.1014,,,,,,,,0.9
9,,saturday,,,22.8256,91.1014,,,,,,,,3.2
9,,saturday,,,22.8256,91.1014,,,,,,,,6.9
1,,wednesday,,,22.8256,91.1014,,,,,,,,0
7,,sunday,,,24.6611,89.2333,,,,,,,,19.7
2,,tuesday,,,24.4417,88.6278,,,,,,,,0
12,,friday,,,24.005,89.25,,,,,,,,0
8,,wednesday,,,24.005,89.25,,,,,,,,9.1
5,,friday,,,24.005,89.25,,,,,,,,4.9
5,,wednesday,,,24.005,89.25,,,,,,,,21.5
7,,monday,,,24.005,89.25,,,,,,,,6.6
4,,sunday,,,24.005,89.25,,,,,,,,1.6
2,,monday,,,24.005,89.25,,,,,,,,0
12,,monday,,,24.005,89.25,,,,,,,,0
4,,monday,,,24.005,89.25,,,,,,,,1.1
5,,saturday,,,24.005,89.25,,,,,,,,3.2
4,,friday,,,24.005,89.25,,,,,,,,12.8
4,,tuesday,,,24.005,89.25,,,,,,,,0
8,,thursday,,,24.3333,90.6833,,,,,,,,10.2
1,,tuesday,,,24.3333,90.6833,,,,,,,,0
7,,friday,,,24.3333,90.6833,,,,,,,,43.6
12,,saturday,,,24.3333,90.6833,,,,,,,,0
4,,sunday,,,25.2833,89.35,,,,,,,,10.3
3,,thursday,,,25.2833,89.35,,,,,,,,17.3
4,,monday,,,26.3347,88.5583,,,,,,,,12
3,,saturday,,,26.3347,88.5583,,,,,,,,3.5
4,,friday,,,26.3347,88.5583,,,,,,,,3.4
4,,thursday,,,26.3347,88.5583,,,,,,,,8.9
4,,sunday,,,23.29,91.9,,,,,,,,17.4
3,,friday,,,23.29,91.9,,,,,,,,0
7,,friday,,,25.195,89.02,,,,,,,,2.5
3,,friday,,,25.195,89.02,,,,,,,,0
7,,thursday,,,25.195,89.02,,,,,,,,0
5,,wednesday,,,25.195,89.02,,,,,,,,23.3
3,,monday,,,25.195,89.02,,,,,,,,0
6,,wednesday,,,25.195,89.02,,,,,,,,0.2
4,,tuesday,,,23.7917,89.4167,,,,,,,,37.1
3,,saturday,,,23.7917,89.4167,,,,,,,,0
6,,wednesday,,,25.6533,88.9155,,,,,,,,2.9
5,,thursday,,,25.6533,88.9155,,,,,,,,27.4
1,,thursday,,,25.6533,88.9155,,,,,,,,0
12,,monday,,,25.6533,88.9155,,,,,,,,0
12,,thursday,,,25.6533,88.9155,,,,,,,,0
6,,monday,,,25.6533,88.9155,,,,,,,,5.9
3,,tuesday,,,22.0458,89.9689,,,,,,,,0
1,,tuesday,,,22.0458,89.9689,,,,,,,,0
1,,monday,,,22.0458,89.9689,,,,,,,,0
6,,thursday,,,22.0458,89.9689,,,,,,,,2
1,,tuesday,,,22.0458,89.9689,,,,,,,,0
2,,thursday,,,22.0458,89.9689,,,,,,,,0
3,,wednesday,,,25.05,88.7333,,,,,,,,0
3,,friday,,,25.05,88.7333,,,,,,,,0
12,,tuesday,,,25.05,88.7333,,,,,,,,0
5,,saturday,,,22.3542,90.3181,,,,,,,,0
6,,sunday,,,22.3542,90.3181,,,,,,,,0.5
6,,sunday,,,22.3542,90.3181,,,,,,,,0.5
5,,thursday,,,22.3542,90.3181,,,,,,,,1
8,,wednesday,,,25.1917,89.6167,,,,,,,,10.5
5,,tuesday,,,24.95,90.35,,,,,,,,5.5
1,,saturday,,,24.95,90.35,,,,,,,,0
1,,friday,,,24.95,90.35,,,,,,,,0
5,,wednesday,,,24.95,90.35,,,,,,,,17.7
5,,thursday,,,24.95,90.35,,,,,,,,1.4
9,,monday,,,24.95,90.35,,,,,,,,7.9
5,,friday,,,25.58,89.4,,,,,,,,12.6
6,,friday,,,25.58,89.4,,,,,,,,7.5
5,,tuesday,,,25.8542,88.3667,,,,,,,,11.2
9,,saturday,,,25.4153,89.3167,,,,,,,,37.4
6,,saturday,,,25.4153,89.3167,,,,,,,,0.1
7,,thursday,,,22.5778,89.99,,,,,,,,33.5
4,,monday,,,22.5778,89.99,,,,,,,,2.1
8,,thursday,,,22.5778,89.99,,,,,,,,28
4,,tuesday,,,22.5778,89.99,,,,,,,,1.2
6,,tuesday,,,24.9333,90.6028,,,,,,,,15.6
6,,sunday,,,24.9333,90.6028,,,,,,,,15.8
6,,sunday,,,24.9333,90.6028,,,,,,,,15.8
9,,tuesday,,,24.9333,90.6028,,,,,,,,1
7,,monday,,,22.5667,90.1417,,,,,,,,12.9
3,,tuesday,,,22.5667,90.1417,,,,,,,,0
4,,friday,,,22.3833,92.2417,,,,,,,,0.8
5,,wednesday,,,24.5194,91.8667,,,,,,,,0.3
9,,tuesday,,,24.5194,91.8667,,,,,,,,4.2
1,,tuesday,,,24.5194,91.8667,,,,,,,,0
1,,wednesday,,,24.5194,91.8667,,,,,,,,0.3
5,,tuesday,,,23.2083,90.0333,,,,,,,,1.1
5,,wednesday,,,23.2083,90.0333,,,,,,,,0
1,,saturday,,,22.944112,91.793518,,,,,,,,0
6,,sunday,,,22.5667,89.6639,,,,,,,,6.4
6,,thursday,,,21.429087,92.089241,,,,,,,,5.9
12,,tuesday,,,21.429087,92.089241,,,,,,,,0
4,,saturday,,,25.7583,89.2333,,,,,,,,0.6
3,,wednesday,,,25.7583,89.2333,,,,,,,,0
6,,saturday,,,24.7333,88.975,,,,,,,,0.7
6,,saturday,,,24.7333,88.975,,,,,,,,0.7
4,,wednesday,,,25.88833,88.25167,,,,,,,,0
3,,friday,,,25.88833,88.25167,,,,,,,,0
5,,wednesday,,,25.88833,88.25167,,,,,,,,12.3
5,,friday,,,23.7931,90.5167,,,,,,,,3.4
1,,saturday,,,23.7931,90.5167,,,,,,,,0
5,,monday,,,23.7931,90.5167,,,,,,,,2.7
2,,thursday,,,23.7931,90.5167,,,,,,,,0
8,,friday,,,23.7931,90.5167,,,,,,,,10.4
2,,saturday,,,23.7931,90.5167,,,,,,,,0.2
5,,saturday,,,23.7931,90.5167,,,,,,,,1.3
6,,wednesday,,,23.7931,90.5167,,,,,,,,0.8
10,,friday,,,23.7931,90.5167,,,,,,,,0
3,,saturday,,,23.7931,90.5167,,,,,,,,0
9,,friday,,,23.7931,90.5167,,,,,,,,37.5
2,,wednesday,,,23.7931,90.5167,,,,,,,,0
1,,tuesday,,,22.8333,89.5833,,,,,,,,0
7,,sunday,,,22.8333,89.5833,,,,,,,,8.3
9,,thursday,,,22.8333,89.5833,,,,,,,,1.2
3,,thursday,,,23.4764,90.0333,,,,,,,,2.1
1,,saturday,,,25.3833,89.4667,,,,,,,,0.8
2,,wednesday,,,25.1056,89.5861,,,,,,,,0
7,,tuesday,,,24.31667,90.16806,,,,,,,,71.9
1,,saturday,,,24.31667,90.16806,,,,,,,,0
1,,tuesday,,,24.31667,90.16806,,,,,,,,0
3,,saturday,,,23.410295,89.80207,,,,,,,,1.7
7,,saturday,,,23.410295,89.80207,,,,,,,,14.3
9,,monday,,,23.410295,89.80207,,,,,,,,8.3
3,,tuesday,,,24.0583,89.5333,,,,,,,,0.4
6,,tuesday,,,24.0583,89.5333,,,,,,,,9.9
3,,wednesday,,,24.0583,89.5333,,,,,,,,0
6,,wednesday,,,24.0583,89.5333,,,,,,,,1.1
8,,friday,,,24.0583,89.5333,,,,,,,,0.3
4,,sunday,,,24.0583,89.5333,,,,,,,,0.8
6,,tuesday,,,24.0583,89.5333,,,,,,,,9.9
6,,tuesday,,,24.0583,89.5333,,,,,,,,9.9
6,,sunday,,,24.0583,89.5333,,,,,,,,28.4
1,,saturday,,,24.09247,91.11978,,,,,,,,0
8,,thursday,,,24.09247,91.11978,,,,,,,,24.4
7,,wednesday,,,24.09247,91.11978,,,,,,,,29
10,,thursday,,,24.09247,91.11978,,,,,,,,4.9
5,,wednesday,,,24.09247,91.11978,,,,,,,,22.1
8,,tuesday,,,22.2917,89.7917,,,,,,,,15
5,,friday,,,22.2917,89.7917,,,,,,,,0.1
2,,friday,,,22.2917,89.7917,,,,,,,,0
1,,tuesday,,,24.7417,89.8333,,,,,,,,0
5,,sunday,,,24.7417,89.8333,,,,,,,,40.3
1,,tuesday,,,24.7417,89.8333,,,,,,,,0
7,,sunday,,,24.7417,89.8333,,,,,,,,13.5
12,,thursday,,,24.7417,89.8333,,,,,,,,0
1,,monday,,,24.7417,89.8333,,,,,,,,0
1,,sunday,,,24.7417,89.8333,,,,,,,,0
1,,wednesday,,,24.7417,89.8333,,,,,,,,0
4,,wednesday,,,24.7417,89.8333,,,,,,,,0
5,,thursday,,,24.7417,89.8333,,,,,,,,22.7
4,,monday,,,22.7167,89.075,,,,,,,,1.6
1,,friday,,,23.961012,89.998051,,,,,,,,0
2,,thursday,,,22.8256,91.1014,,,,,,,,0
3,,wednesday,,,24.17,89.58833,,,,,,,,4.7
8,,sunday,,,24.17,89.58833,,,,,,,,10
3,,monday,,,24.17,89.58833,,,,,,,,0
3,,wednesday,,,24.17,89.58833,,,,,,,,4.7
1,,tuesday,,,23.6917,89.25,,,,,,,,0
7,,wednesday,,,23.6917,89.25,,,,,,,,10.3
4,,thursday,,,23.6917,89.25,,,,,,,,0
4,,saturday,,,24.762147,89.382832,,,,,,,,0
9,,tuesday,,,24.762147,89.382832,,,,,,,,6.5
7,,friday,,,24.762147,89.382832,,,,,,,,20.6
4,,thursday,,,24.762147,89.382832,,,,,,,,4.1
8,,monday,,,23.305,89.38,,,,,,,,9.7
7,,friday,,,24.8833,89.5667,,,,,,,,1.8
10,,monday,,,23.0744,88.8667,,,,,,,,0.4
10,,monday,,,23.0744,88.8667,,,,,,,,0.4
12,,wednesday,,,23.0744,88.8667,,,,,,,,0
4,,friday,,,23.0744,88.8667,,,,,,,,0.1
6,,monday,,,23.0744,88.8667,,,,,,,,6.5
6,,tuesday,,,23.0744,88.8667,,,,,,,,1.4
5,,wednesday,,,23.0744,88.8667,,,,,,,,8.9
6,,sunday,,,23.0744,88.8667,,,,,,,,3.3
1,,sunday,,,23.0744,88.8667,,,,,,,,0
6,,saturday,,,23.0744,88.8667,,,,,,,,0.4
4,,friday,,,23.0744,88.8667,,,,,,,,0.3
9,,friday,,,23.0744,88.8667,,,,,,,,0
2,,saturday,,,23.0744,88.8667,,,,,,,,0
5,,friday,,,24.66667,89.41667,,,,,,,,23.2
5,,tuesday,,,24.66667,89.41667,,,,,,,,6
2,,thursday,,,25,90.0167,,,,,,,,0
5,,sunday,,,23.85,90.01,,,,,,,,0
5,,friday,,,23.85,90.01,,,,,,,,2.2
4,,wednesday,,,23.35,90.1667,,,,,,,,5.9
6,,tuesday,,,23.35,90.1667,,,,,,,,0.8
6,,saturday,,,23.35,90.1667,,,,,,,,14
3,,monday,,,23.35,90.1667,,,,,,,,0.7
10,,friday,,,25.0167,89.3167,,,,,,,,6.1
10,,monday,,,25.0167,89.3167,,,,,,,,0
5,,monday,,,25.0167,89.3167,,,,,,,,29.9
10,,thursday,,,25.0167,89.3167,,,,,,,,8.8
3,,saturday,,,25.0167,89.3167,,,,,,,,0
6,,thursday,,,24.020189,90.74723,,,,,,,,11.8
6,,thursday,,,24.020189,90.74723,,,,,,,,11.8
3,,monday,,,24.020189,90.74723,,,,,,,,2
3,,thursday,,,22.3306,89.1028,,,,,,,,12
10,,saturday,,,23.8167,90.15,,,,,,,,47.4
2,,sunday,,,23.8167,90.15,,,,,,,,0
6,,monday,,,24.5,89.13333,,,,,,,,42.1
2,,tuesday,,,23.5667,90.3833,,,,,,,,0
2,,monday,,,24.4583,89.7,,,,,,,,0
9,,tuesday,,,24.4583,89.7,,,,,,,,0.7
8,,sunday,,,24.4583,89.7,,,,,,,,7.3
12,,saturday,,,24.4583,89.7,,,,,,,,0
4,,sunday,,,22.85,91.3917,,,,,,,,2.4
4,,sunday,,,22.85,91.3917,,,,,,,,1.5
8,,wednesday,,,23.03833,91.10833,,,,,,,,34.8
6,,friday,,,23.03833,91.10833,,,,,,,,7.8
3,,wednesday,,,23.03833,91.10833,,,,,,,,0
7,,wednesday,,,23.6583,90.6083,,,,,,,,3.9
5,,sunday,,,23.6583,90.6083,,,,,,,,0
5,,sunday,,,23.6583,90.6083,,,,,,,,0
6,,sunday,,,25.0333,89.4917,,,,,,,,34.6
1,,sunday,,,25.0333,89.4917,,,,,,,,0
4,,saturday,,,24.3083,91.7333,,,,,,,,15.9
5,,wednesday,,,24.3083,91.7333,,,,,,,,19
1,,tuesday,,,24.2,90.4667,,,,,,,,0
2,,thursday,,,24.2,90.4667,,,,,,,,0
4,,saturday,,,23.6,89.3875,,,,,,,,0.3
2,,saturday,,,22.6833,91.11,,,,,,,,0
6,,tuesday,,,23.9167,89.4333,,,,,,,,9.9
5,,thursday,,,23.9167,89.4333,,,,,,,,5.5
6,,wednesday,,,23.9167,89.4333,,,,,,,,1.1
12,,monday,,,23.9167,89.4333,,,,,,,,0
10,,sunday,,,23.9167,89.4333,,,,,,,,0
6,,tuesday,,,23.9167,89.4333,,,,,,,,9.9
2,,friday,,,25.06667,91.4,,,,,,,,0
3,,tuesday,,,25.06667,91.4,,,,,,,,1.5
3,,thursday,,,25.06667,91.4,,,,,,,,0
12,,monday,,,25.56436,89.51909,,,,,,,,0
4,,monday,,,24.888242,91.868519,,,,,,,,2.4
2,,sunday,,,24.888242,91.868519,,,,,,,,0
3,,tuesday,,,24.888242,91.868519,,,,,,,,0
6,,sunday,,,22.75,89.25,,,,,,,,9.6
10,,sunday,,,24.25,89.9167,,,,,,,,0
7,,monday,,,24.25,89.9167,,,,,,,,2.6
2,,wednesday,,,24.25,89.9167,,,,,,,,0
3,,thursday,,,24.25,89.9167,,,,,,,,0
6,,wednesday,,,24.4333,89.375,,,,,,,,36.8
7,,monday,,,24.4333,89.375,,,,,,,,67.2
4,,thursday,,,20.8667,92.3,,,,,,,,0
8,,friday,,,20.8667,92.3,,,,,,,,5
11,,friday,,,20.8667,92.3,,,,,,,,0
4,,friday,,,20.8667,92.3,,,,,,,,0
8,,tuesday,,,22.9417,89.6694,,,,,,,,68.8
10,,monday,,,26.48274,88.35069,,,,,,,,0
4,,friday,,,26.0208,88.4667,,,,,,,,1.3
9,,monday,,,26.0208,88.4667,,,,,,,,3.7
9,,thursday,,,26.0208,88.4667,,,,,,,,3.4
4,,saturday,,,21.82174,92.43776,,,,,,,,1.6
2,,sunday,,,23.5,90.4583,,,,,,,,0
9,,saturday,,,23.5,90.4583,,,,,,,,2.8
8,,wednesday,,,24.575,90.39167,,,,,,,,7.1
9,,monday,,,24.575,90.39167,,,,,,,,5.6
10,,saturday,,,24.575,90.39167,,,,,,,,48.2
2,,tuesday,,,24.575,90.39167,,,,,,,,0
5,,thursday,,,24.575,90.39167,,,,,,,,11.6
8,,thursday,,,24.575,90.39167,,,,,,,,20.2
5,,tuesday,,,24.575,90.39167,,,,,,,,0.1
12,,tuesday,,,24.575,90.39167,,,,,,,,0
6,,saturday,,,24.575,90.39167,,,,,,,,18.7
3,,saturday,,,24.575,90.39167,,,,,,,,0
9,,wednesday,,,24.575,90.39167,,,,,,,,14.4
4,,friday,,,22.9,89.8833,,,,,,,,0.6
1,,wednesday,,,22.9,89.8833,,,,,,,,0
4,,sunday,,,22.9,89.8833,,,,,,,,0
11,,sunday,,,22.9,89.8833,,,,,,,,0
3,,friday,,,21.242504,92.14122,,,,,,,,0.3
6,,monday,,,21.242504,92.14122,,,,,,,,0
3,,thursday,,,24.3194,89.5667,,,,,,,,0.2
6,,thursday,,,24.3194,89.5667,,,,,,,,44.9
4,,thursday,,,22.50439,89.97897,,,,,,,,1.7
3,,wednesday,,,23.01667,89.43333,,,,,,,,0
7,,friday,,,23.01667,89.43333,,,,,,,,5.3
10,,tuesday,,,23.01667,89.43333,,,,,,,,0
10,,wednesday,,,23.01667,89.43333,,,,,,,,0
3,,wednesday,,,23.01667,89.43333,,,,,,,,0
2,,friday,,,23.01667,89.43333,,,,,,,,0
9,,monday,,,24.81667,89,,,,,,,,3
1,,saturday,,,24.81667,89,,,,,,,,0
9,,sunday,,,24.81667,89,,,,,,,,8.3
4,,friday,,,24.81667,89,,,,,,,,0.8
2,,monday,,,25.925,89.35,,,,,,,,0
5,,thursday,,,25.925,89.35,,,,,,,,20.9
9,,wednesday,,,25.925,89.35,,,,,,,,9.7
9,,sunday,,,25.925,89.35,,,,,,,,35.9
2,,tuesday,,,25.925,89.35,,,,,,,,0
10,,friday,,,25.925,89.35,,,,,,,,7.1
4,,monday,,,24.5472,91.25,,,,,,,,9.7
4,,monday,,,24.5472,91.25,,,,,,,,9.7
6,,monday,,,23.8833,91.2166,,,,,,,,11
3,,sunday,,,23.8833,91.2166,,,,,,,,0.4
6,,thursday,,,24.975,89.02,,,,,,,,11.2
12,,sunday,,,23.7583,88.95,,,,,,,,0
2,,saturday,,,23.7583,88.95,,,,,,,,0.1
8,,saturday,,,23.7583,88.95,,,,,,,,24
7,,monday,,,23.2833,89.7167,,,,,,,,7.7
10,,wednesday,,,23.2833,89.7167,,,,,,,,0
11,,sunday,,,21.6667,92.3056,,,,,,,,0
1,,friday,,,21.6667,92.3056,,,,,,,,0
1,,friday,,,22.1294,90.2289,,,,,,,,0
8,,tuesday,,,22.1294,90.2289,,,,,,,,0.2
6,,sunday,,,22.1294,90.2289,,,,,,,,3.3
8,,thursday,,,22.1294,90.2289,,,,,,,,4.2
7,,tuesday,,,23.7917,90.65,,,,,,,,5.3
2,,monday,,,23.7917,90.65,,,,,,,,0
7,,friday,,,23.7917,90.65,,,,,,,,2.9
7,,friday,,,23.7917,90.65,,,,,,,,2.9
7,,friday,,,23.7917,90.65,,,,,,,,2.9
7,,thursday,,,23.7917,90.65,,,,,,,,48.9
2,,monday,,,23.7917,90.65,,,,,,,,0
6,,friday,,,23.7917,90.65,,,,,,,,11.5
9,,friday,,,23.7917,90.65,,,,,,,,1.9
6,,sunday,,,23.7917,90.65,,,,,,,,5.4
5,,friday,,,23.7917,90.65,,,,,,,,63.5
5,,thursday,,,23.7917,90.65,,,,,,,,15.4
7,,wednesday,,,23.7917,90.65,,,,,,,,11.4
9,,wednesday,,,24.0366,91.005,,,,,,,,27.4
7,,friday,,,22.55,89.1681,,,,,,,,6.9
7,,friday,,,22.55,89.1681,,,,,,,,6.9
7,,thursday,,,22.55,89.1681,,,,,,,,2.8
7,,friday,,,22.55,89.1681,,,,,,,,6.9
7,,wednesday,,,22.55,89.1681,,,,,,,,2.9
5,,saturday,,,24.1333,89.25,,,,,,,,0.3
3,,friday,,,25.66667,89.05,,,,,,,,0
1,,wednesday,,,25.66667,89.05,,,,,,,,0.3
7,,thursday,,,25.66667,89.05,,,,,,,,34
4,,thursday,,,24.5639,88.8083,,,,,,,,0
1,,sunday,,,24.5639,88.8083,,,,,,,,0
4,,monday,,,24.5639,88.8083,,,,,,,,0.8
4,,monday,,,24.5639,88.8083,,,,,,,,0.8
4,,monday,,,24.5639,88.8083,,,,,,,,0.8
4,,monday,,,24.5639,88.8083,,,,,,,,0.8
11,,monday,,,24.3556,91.5417,,,,,,,,0
2,,thursday,,,24.3556,91.5417,,,,,,,,0
12,,thursday,,,22.55,90.3389,,,,,,,,0
11,,saturday,,,26.1,88.275,,,,,,,,0
10,,friday,,,26.1,88.275,,,,,,,,3.4
2,,thursday,,,26.1,88.275,,,,,,,,0
10,,wednesday,,,23.635,89.55,,,,,,,,0
5,,tuesday,,,23.635,89.55,,,,,,,,5.9
3,,saturday,,,22.7819,90.1667,,,,,,,,13
7,,saturday,,,22.7819,90.1667,,,,,,,,3.3
1,,tuesday,,,23.7778,90.8083,,,,,,,,0.2
6,,saturday,,,23.6167,90.525,,,,,,,,6.9
2,,friday,,,23.6167,90.525,,,,,,,,0
10,,saturday,,,22.2333,92.1917,,,,,,,,9
1,,monday,,,24.5417,91.3333,,,,,,,,0
5,,thursday,,,24.5417,91.3333,,,,,,,,0.6
1,,thursday,,,24.5417,91.3333,,,,,,,,0
9,,saturday,,,24.5417,91.3333,,,,,,,,12.7
1,,thursday,,,24.3083,89.1708,,,,,,,,0
11,,monday,,,24.3083,89.1708,,,,,,,,0
11,,thursday,,,24.3083,89.1708,,,,,,,,0
6,,tuesday,,,24.3083,89.1708,,,,,,,,8.8
10,,sunday,,,24.9,90.875,,,,,,,,0
10,,sunday,,,24.9,90.875,,,,,,,,0
3,,sunday,,,22.7,90.3667,,,,,,,,0
8,,tuesday,,,24.7083,92.2,,,,,,,,4
8,,wednesday,,,24.7083,92.2,,,,,,,,32.7
10,,thursday,,,24.7083,92.2,,,,,,,,0.7
6,,saturday,,,22.4292,90.5139,,,,,,,,18.4
6,,saturday,,,22.4292,90.5139,,,,,,,,18.4
9,,saturday,,,22.4292,90.5139,,,,,,,,12.5
10,,tuesday,,,22.4292,90.5139,,,,,,,,3.5
10,,tuesday,,,22.4292,90.5139,,,,,,,,3.5
11,,thursday,,,22.95,91.1,,,,,,,,0
11,,tuesday,,,24.0917,90.85,,,,,,,,0
5,,tuesday,,,24.0667,89.625,,,,,,,,0
1,,monday,,,24.0667,89.625,,,,,,,,0
5,,monday,,,24.0667,89.625,,,,,,,,3.5
8,,thursday,,,22.4167,90.1681,,,,,,,,3.1
8,,tuesday,,,22.4167,90.1681,,,,,,,,12.8
5,,monday,,,24.05,90.98333,,,,,,,,10.8
5,,wednesday,,,24.375,90.37833,,,,,,,,9.2
8,,sunday,,,24.375,90.37833,,,,,,,,17.9
2,,friday,,,24.375,90.37833,,,,,,,,0
8,,friday,,,22.4889,90.0733,,,,,,,,31.9
2,,wednesday,,,23.3833,89.9833,,,,,,,,0
11,,friday,,,23.3833,89.9833,,,,,,,,0
7,,sunday,,,23.3833,89.9833,,,,,,,,21.9
5,,thursday,,,24.225,89.4,,,,,,,,16.5
9,,thursday,,,24.0167,88.9917,,,,,,,,2.7
4,,sunday,,,24.0167,88.9917,,,,,,,,1.9
4,,thursday,,,24.0167,88.9917,,,,,,,,1.3
8,,thursday,,,24.4583,89.8667,,,,,,,,8.5
8,,friday,,,24.4583,89.8667,,,,,,,,0
8,,thursday,,,24.4583,89.8667,,,,,,,,8.5
9,,tuesday,,,24.0211,91.2797,,,,,,,,18.5
6,,thursday,,,25.3783,88.9833,,,,,,,,25.5
6,,wednesday,,,25.3783,88.9833,,,,,,,,23.3
1,,monday,,,26,88.5833,,,,,,,,0
4,,saturday,,,26,88.5833,,,,,,,,0
11,,friday,,,26,88.5833,,,,,,,,0
5,,friday,,,26,88.5833,,,,,,,,15.9
8,,thursday,,,26,88.5833,,,,,,,,3.4
11,,friday,,,26,88.5833,,,,,,,,0
10,,tuesday,,,26,88.5833,,,,,,,,15.4
3,,tuesday,,,26,88.5833,,,,,,,,0
4,,tuesday,,,25.6333,88.5333,,,,,,,,1.2
8,,sunday,,,25.6333,88.5333,,,,,,,,0.6
8,,friday,,,25.6333,88.5333,,,,,,,,9.6
11,,tuesday,,,25.6333,88.5333,,,,,,,,1.4
5,,tuesday,,,25.6333,88.5333,,,,,,,,0.1
10,,wednesday,,,24.8083,91.7639,,,,,,,,0.3
7,,sunday,,,23.3917,89.6833,,,,,,,,3.2
8,,friday,,,23.3917,89.6833,,,,,,,,2.5
7,,thursday,,,24.8417,89.375,,,,,,,,8.5
4,,monday,,,23.55,91.1264,,,,,,,,0
4,,monday,,,23.55,91.1264,,,,,,,,0
4,,monday,,,23.55,91.1264,,,,,,,,0
4,,monday,,,23.55,91.1264,,,,,,,,0
7,,wednesday,,,21.7861,92.0778,,,,,,,,3.3
8,,saturday,,,21.7861,92.0778,,,,,,,,8.2
9,,monday,,,21.7861,92.0778,,,,,,,,5.7
12,,monday,,,21.7861,92.0778,,,,,,,,0
11,,sunday,,,21.7861,92.0778,,,,,,,,1.5
6,,sunday,,,21.7861,92.0778,,,,,,,,12.9
7,,thursday,,,21.7861,92.0778,,,,,,,,47.2
7,,friday,,,21.7861,92.0778,,,,,,,,6.6
9,,monday,,,21.7861,92.0778,,,,,,,,5.7
3,,monday,,,21.7861,92.0778,,,,,,,,0.2
7,,friday,,,21.7861,92.0778,,,,,,,,6.6
7,,friday,,,21.7861,92.0778,,,,,,,,6.6
7,,friday,,,23.591766,89.976222,,,,,,,,6.3
8,,wednesday,,,24.225,89.2917,,,,,,,,9.1
12,,wednesday,,,24.225,89.2917,,,,,,,,0
12,,wednesday,,,24.225,89.2917,,,,,,,,0
2,,saturday,,,24.225,89.2917,,,,,,,,0
7,,tuesday,,,24.225,89.2917,,,,,,,,18.6
5,,wednesday,,,23.0361,91.5194,,,,,,,,9.1
4,,wednesday,,,25.0417,91.675,,,,,,,,5
9,,saturday,,,25.6625,88.7833,,,,,,,,2.2
7,,wednesday,,,25.6625,88.7833,,,,,,,,26.9
8,,sunday,,,23.180315,89.1608575,,,,,,,,28.7
8,,sunday,,,23.180315,89.1608575,,,,,,,,28.7
8,,saturday,,,23.180315,89.1608575,,,,,,,,25.9
2,,friday,,,23.180315,89.1608575,,,,,,,,0
12,,sunday,,,23.180315,89.1608575,,,,,,,,0
5,,monday,,,23.180315,89.1608575,,,,,,,,10.9
5,,saturday,,,23.180315,89.1608575,,,,,,,,2.5
5,,saturday,,,24.2083,91.5222,,,,,,,,30.5
10,,monday,,,24.2083,91.5222,,,,,,,,1.7
10,,monday,,,24.2083,91.5222,,,,,,,,1.7
1,,thursday,,,24.2083,91.5222,,,,,,,,0
4,,thursday,,,24.2083,91.5222,,,,,,,,14.1
1,,thursday,,,24.2083,91.5222,,,,,,,,0
9,,monday,,,24.2083,91.5222,,,,,,,,10.7
9,,monday,,,24.2083,91.5222,,,,,,,,10.7
5,,tuesday,,,24.2083,91.5222,,,,,,,,1
2,,saturday,,,24.2083,91.5222,,,,,,,,0
3,,monday,,,24.2083,91.5222,,,,,,,,0
6,,wednesday,,,23.459349,91.18264,,,,,,,,1.1
3,,sunday,,,22.875,91.2833,,,,,,,,0
4,,saturday,,,21.7861,92.0778,,,,,,,,0.1
4,,thursday,,,22.9375,91.3042,,,,,,,,0.4
11,,thursday,,,22.9375,91.3042,,,,,,,,0
7,,tuesday,,,22.9375,91.3042,,,,,,,,2
5,,sunday,,,22.9375,91.3042,,,,,,,,20.1
4,,monday,,,24.9,91.86667,,,,,,,,2.6
4,,tuesday,,,22.2833,90.5903,,,,,,,,0
4,,monday,,,22.2833,90.5903,,,,,,,,1.5
4,,monday,,,22.2833,90.5903,,,,,,,,1.5
4,,tuesday,,,22.2833,90.5903,,,,,,,,0
4,,tuesday,,,22.2833,90.5903,,,,,,,,0
4,,tuesday,,,22.2833,90.5903,,,,,,,,0
6,,tuesday,,,22.2833,90.5903,,,,,,,,24
9,,friday,,,23.5333,90.7167,,,,,,,,18.7
6,,tuesday,,,26.158752,88.718945,,,,,,,,4.5
6,,monday,,,26.158752,88.718945,,,,,,,,15.2
2,,monday,,,26.158752,88.718945,,,,,,,,0
4,,wednesday,,,26.158752,88.718945,,,,,,,,0
6,,monday,,,24.1417,89.9667,,,,,,,,0.2
1,,sunday,,,25.1417,89.7833,,,,,,,,0
10,,wednesday,,,24.75,90.4167,,,,,,,,0.2
7,,thursday,,,24.075,90.2167,,,,,,,,8.3
10,,saturday,,,24.689813,89.950603,,,,,,,,0
4,,friday,,,24.689813,89.950603,,,,,,,,16.2
8,,sunday,,,24.9,91.0167,,,,,,,,7.8
8,,sunday,,,24.9,91.0167,,,,,,,,7.8
12,,saturday,,,24.6833,89.5375,,,,,,,,0
4,,sunday,,,24.6833,89.5375,,,,,,,,5.9
3,,friday,,,24.6833,89.5375,,,,,,,,0
7,,saturday,,,23.2583,92.0583,,,,,,,,23
7,,saturday,,,23.2583,92.0583,,,,,,,,23
7,,wednesday,,,23.2583,92.0583,,,,,,,,27.9
7,,wednesday,,,23.2583,92.0583,,,,,,,,27.9
3,,monday,,,23.2583,92.0583,,,,,,,,0
1,,saturday,,,26.1278,88.925,,,,,,,,0
8,,saturday,,,26.1278,88.925,,,,,,,,0
11,,wednesday,,,26.1278,88.925,,,,,,,,0
12,,monday,,,26.1278,88.925,,,,,,,,0.5
10,,sunday,,,26.1,88.8361,,,,,,,,0
5,,thursday,,,25.05,91.5667,,,,,,,,6
1,,friday,,,22.442809,90.414608,,,,,,,,0
12,,friday,,,25.09,90.7,,,,,,,,0
4,,thursday,,,22.76889,89.70139,,,,,,,,0.8
7,,sunday,,,23.125,90.7486,,,,,,,,14.9
10,,wednesday,,,23.125,90.7486,,,,,,,,0
2,,friday,,,23.125,90.7486,,,,,,,,0
11,,wednesday,,,23.605717,89.841728,,,,,,,,0
4,,thursday,,,23.605717,89.841728,,,,,,,,10.2
3,,sunday,,,23.605717,89.841728,,,,,,,,0
5,,thursday,,,24.6333,90.2667,,,,,,,,12.3
9,,tuesday,,,24.6333,90.2667,,,,,,,,10.8
8,,monday,,,24.4167,90.55,,,,,,,,4
8,,tuesday,,,24.4167,90.55,,,,,,,,3.7
4,,thursday,,,24.4167,90.55,,,,,,,,0.6
4,,thursday,,,24.4167,90.55,,,,,,,,1
10,,sunday,,,24.4167,90.55,,,,,,,,0
4,,thursday,,,24.4167,90.55,,,,,,,,0.6
4,,sunday,,,24.4167,90.55,,,,,,,,2.7
8,,tuesday,,,25.333317,89.520761,,,,,,,,37.1
8,,friday,,,25.333317,89.520761,,,,,,,,13.5
8,,thursday,,,25.333317,89.520761,,,,,,,,32.2
10,,wednesday,,,22.1639,90.4306,,,,,,,,2.8
5,,wednesday,,,22.1639,90.4306,,,,,,,,3.8
5,,thursday,,,25.85,89.2167,,,,,,,,7.7
11,,monday,,,25.85,89.2167,,,,,,,,0
5,,thursday,,,25.85,89.2167,,,,,,,,1.6
10,,wednesday,,,23.81667,88.755,,,,,,,,13.3
7,,tuesday,,,24.46667,89.96667,,,,,,,,16.4
9,,sunday,,,24.46667,89.96667,,,,,,,,0.3
9,,thursday,,,25.2458,89.2167,,,,,,,,0.9
9,,sunday,,,22.638229,88.415531,,,,,,,,0
7,,tuesday,,,25.1333,89.3917,,,,,,,,30.3
8,,monday,,,25.1333,89.3917,,,,,,,,3.4
11,,wednesday,,,24.4667,88.3306,,,,,,,,0
6,,wednesday,,,24.4667,88.3306,,,,,,,,27.6
11,,wednesday,,,24.4667,88.3306,,,,,,,,0
11,,saturday,,,24.8583,92.0208,,,,,,,,0
11,,friday,,,23.07667,90.43167,,,,,,,,0
1,,tuesday,,,24.75833,90.575,,,,,,,,0
1,,friday,,,24.75833,90.575,,,,,,,,0
9,,tuesday,,,24.75833,90.575,,,,,,,,29.6
9,,monday,,,24.75833,90.575,,,,,,,,27.7
6,,wednesday,,,24.75833,90.575,,,,,,,,9.4
2,,thursday,,,22.9736,90.2306,,,,,,,,0
3,,wednesday,,,22.9736,90.2306,,,,,,,,0.7
2,,wednesday,,,25.2833,89.0167,,,,,,,,0
6,,saturday,,,25.125,90.35,,,,,,,,7
2,,saturday,,,23.6417,89.05,,,,,,,,0
3,,friday,,,23.6417,89.05,,,,,,,,0
6,,friday,,,23.6417,89.05,,,,,,,,18.8
5,,thursday,,,25.8083,88.1417,,,,,,,,0.7
6,,friday,,,23.7333,89.9667,,,,,,,,0.7
5,,wednesday,,,26.1125,89.1333,,,,,,,,9.4
3,,friday,,,26.1125,89.1333,,,,,,,,1.9
2,,wednesday,,,26.1125,89.1333,,,,,,,,0
11,,sunday,,,24.15,89.0667,,,,,,,,17.8
11,,monday,,,24.15,89.0667,,,,,,,,0.2
11,,saturday,,,24.15,89.0667,,,,,,,,28.3
2,,monday,,,24.15,89.0667,,,,,,,,0
8,,friday,,,25.0833,89.7917,,,,,,,,6.3
8,,thursday,,,25.0833,89.7917,,,,,,,,7.1
3,,friday,,,25.0833,89.7917,,,,,,,,0
4,,friday,,,24.6833,90.625,,,,,,,,0.4
12,,saturday,,,24.6833,90.625,,,,,,,,0
8,,friday,,,24.6833,90.625,,,,,,,,46.7
12,,friday,,,24.6833,90.625,,,,,,,,0
12,,tuesday,,,24.7667,91.5431,,,,,,,,0
9,,monday,,,26.0167,89.025,,,,,,,,4.7
8,,saturday,,,26.0167,89.025,,,,,,,,15.7
9,,monday,,,26.0167,89.025,,,,,,,,4.7
11,,tuesday,,,24.9167,89.9583,,,,,,,,0
8,,tuesday,,,23.180315,89.1608575,,,,,,,,68.8
2,,tuesday,,,23.180315,89.1608575,,,,,,,,15.3
4,,saturday,,,23.180315,89.1608575,,,,,,,,4.3
4,,wednesday,,,23.180315,89.1608575,,,,,,,,1.6
11,,thursday,,,23.180315,89.1608575,,,,,,,,0
4,,sunday,,,23.180315,89.1608575,,,,,,,,8.4
3,,saturday,,,23.180315,89.1608575,,,,,,,,10.1
2,,wednesday,,,23.1,89.1333,,,,,,,,0
1,,tuesday,,,23.1,89.1333,,,,,,,,0.6
9,,thursday,,,23.1,89.1333,,,,,,,,7.1
1,,monday,,,23.1,89.1333,,,,,,,,0
1,,wednesday,,,23.1,89.1333,,,,,,,,0
2,,sunday,,,23.1,89.1333,,,,,,,,0
8,,thursday,,,25.1,89.03333,,,,,,,,3.5
1,,tuesday,,,24.58006,92.16467,,,,,,,,0
1,,saturday,,,22.8333,91.2,,,,,,,,0
2,,thursday,,,23.35,90.8917,,,,,,,,0
2,,tuesday,,,25.7917,88.6,,,,,,,,0.7
5,,tuesday,,,25.7917,88.6,,,,,,,,5.5
6,,thursday,,,25.7917,88.6,,,,,,,,15.7
12,,saturday,,,25.0583,89.1833,,,,,,,,0
12,,saturday,,,25.0583,89.1833,,,,,,,,0
10,,friday,,,25.0583,89.1833,,,,,,,,7.8
4,,saturday,,,25.0583,89.1833,,,,,,,,2.5
12,,friday,,,25.0583,89.1833,,,,,,,,0
4,,tuesday,,,21.9861,90.2422,,,,,,,,0
4,,monday,,,21.9861,90.2422,,,,,,,,0.1
11,,tuesday,,,21.9861,90.2422,,,,,,,,0
4,,tuesday,,,21.9861,90.2422,,,,,,,,0
4,,monday,,,21.9861,90.2422,,,,,,,,1.5
4,,wednesday,,,21.9861,90.2422,,,,,,,,0
8,,friday,,,21.9861,90.2422,,,,,,,,6.9
8,,thursday,,,21.9861,90.2422,,,,,,,,4.6
6,,monday,,,23.925,90.5667,,,,,,,,14.5
4,,monday,,,23.925,90.5667,,,,,,,,20.9
4,,monday,,,23.925,90.5667,,,,,,,,20.9
2,,wednesday,,,23.4139,89.1333,,,,,,,,0
4,,friday,,,23.4139,89.1333,,,,,,,,4.2
3,,tuesday,,,24.3833,90.0083,,,,,,,,0.5
5,,monday,,,24.3833,90.0083,,,,,,,,1.6
3,,wednesday,,,24.3833,90.0083,,,,,,,,0
4,,sunday,,,24.3833,90.0083,,,,,,,,0
9,,thursday,,,24.3833,90.0083,,,,,,,,2.6
3,,thursday,,,23.0667,90.2417,,,,,,,,0.2
5,,friday,,,23.0667,90.2417,,,,,,,,2.8
5,,friday,,,25.0833,90.8917,,,,,,,,0.1
2,,saturday,,,25.0833,90.8917,,,,,,,,0
11,,friday,,,22.73,90.88,,,,,,,,4.2
12,,wednesday,,,24.3667,91.8667,,,,,,,,0
2,,sunday,,,24.3667,91.8667,,,,,,,,0
12,,friday,,,24.3667,91.8667,,,,,,,,0
11,,monday,,,24.3667,91.8667,,,,,,,,2.7
6,,wednesday,,,24.3667,91.8667,,,,,,,,52.9
12,,sunday,,,24.3667,91.8667,,,,,,,,0
1,,thursday,,,24.3667,91.8667,,,,,,,,0
2,,friday,,,24.3667,91.8667,,,,,,,,0
10,,friday,,,24.1,90.57,,,,,,,,0
6,,friday,,,24.1,90.57,,,,,,,,11.5
10,,thursday,,,24.1,90.57,,,,,,,,0.1
6,,sunday,,,24.1,90.57,,,,,,,,5.4
2,,saturday,,,22.5,92.2167,,,,,,,,0
6,,tuesday,,,23.759377,91.143823,,,,,,,,1.8
6,,monday,,,23.759377,91.143823,,,,,,,,0.3
12,,wednesday,,,25.7708,89.4167,,,,,,,,0
3,,sunday,,,22.62,90.07,,,,,,,,0.6
5,,saturday,,,22.5333,92.0167,,,,,,,,7.5
8,,sunday,,,22.62,90.07,,,,,,,,2.8
3,,thursday,,,22.62,90.07,,,,,,,,0
12,,friday,,,22.870267,89.237263,,,,,,,,0
7,,tuesday,,,22.870267,89.237263,,,,,,,,0.2
6,,friday,,,22.870267,89.237263,,,,,,,,16.4
12,,wednesday,,,22.870267,89.237263,,,,,,,,0
6,,thursday,,,23.0417,91.9944,,,,,,,,11.8
11,,monday,,,24.7,91.125,,,,,,,,0
11,,friday,,,24.7,91.125,,,,,,,,0
11,,friday,,,24.7,91.125,,,,,,,,0
12,,sunday,,,25.9278,88.7333,,,,,,,,0
7,,thursday,,,23.8,89.2833,,,,,,,,36.1
7,,thursday,,,23.8,89.2833,,,,,,,,36.1
6,,wednesday,,,23.8,89.2833,,,,,,,,1.1
7,,tuesday,,,23.8,89.2833,,,,,,,,8.7
9,,monday,,,23.8,89.2833,,,,,,,,48.2
8,,saturday,,,25.9111,89.025,,,,,,,,52.8
2,,sunday,,,25.9111,89.025,,,,,,,,0.1
1,,thursday,,,22.9833,89.9917,,,,,,,,0
8,,tuesday,,,22.9833,89.9917,,,,,,,,9.6
8,,tuesday,,,22.9833,89.9917,,,,,,,,9.6
5,,saturday,,,23.4,89.0167,,,,,,,,0.2
6,,thursday,,,24.489182,92.024555,,,,,,,,2.3
7,,wednesday,,,24.489182,92.024555,,,,,,,,19.9
4,,monday,,,24.489182,92.024555,,,,,,,,0.5
10,,saturday,,,24.489182,92.024555,,,,,,,,15.2
4,,monday,,,24.489182,92.024555,,,,,,,,0.5
2,,saturday,,,24.489182,92.024555,,,,,,,,0
5,,tuesday,,,24.489182,92.024555,,,,,,,,17.4
4,,monday,,,24.489182,92.024555,,,,,,,,0.5
10,,thursday,,,24.489182,92.024555,,,,,,,,7.7
4,,monday,,,24.489182,92.024555,,,,,,,,0.5
8,,tuesday,,,24.489182,92.024555,,,,,,,,0
4,,thursday,,,24.489182,92.024555,,,,,,,,0.8
2,,sunday,,,24.489182,92.024555,,,,,,,,0
7,,wednesday,,,24.489182,92.024555,,,,,,,,8.3
12,,saturday,,,23.8542,89.2417,,,,,,,,0
7,,wednesday,,,25.915,89.45,,,,,,,,8.4
9,,sunday,,,25.915,89.45,,,,,,,,22.5
4,,wednesday,,,21.775,92.2,,,,,,,,0
5,,monday,,,21.775,92.2,,,,,,,,0.2
8,,friday,,,21.775,92.2,,,,,,,,1.9
8,,tuesday,,,21.775,92.2,,,,,,,,19.1
8,,saturday,,,22.95,92.15,,,,,,,,6.7
7,,sunday,,,24.1028,91.2917,,,,,,,,6.4
1,,friday,,,24.1028,91.2917,,,,,,,,0
2,,tuesday,,,24.1028,91.2917,,,,,,,,0
1,,tuesday,,,24.1028,91.2917,,,,,,,,0
5,,sunday,,,24.1028,91.2917,,,,,,,,34.3
12,,tuesday,,,24.1028,91.2917,,,,,,,,0
1,,tuesday,,,24.1028,91.2917,,,,,,,,0
8,,thursday,,,23.5417,89.6306,,,,,,,,20.4
6,,saturday,,,23.5417,89.6306,,,,,,,,12.2
11,,monday,,,24.61667,90.01806,,,,,,,,0
5,,friday,,,24.61667,90.01806,,,,,,,,0
8,,thursday,,,24.61667,90.01806,,,,,,,,0.3
8,,wednesday,,,24.61667,90.01806,,,,,,,,11.2
5,,friday,,,24.61667,90.01806,,,,,,,,27.7
10,,tuesday,,,24.61667,90.01806,,,,,,,,15.2
8,,friday,,,24.61667,90.01806,,,,,,,,1.7
8,,thursday,,,24.61667,90.01806,,,,,,,,0.3
5,,monday,,,24.61667,90.01806,,,,,,,,1.1
2,,sunday,,,23.0167,89.2333,,,,,,,,0
11,,monday,,,23.0167,89.2333,,,,,,,,0.8
12,,friday,,,23.0167,89.2333,,,,,,,,0
7,,monday,,,23.0167,89.2333,,,,,,,,3.6
10,,tuesday,,,23.0167,89.2333,,,,,,,,2.8
1,,sunday,,,23.0167,89.2333,,,,,,,,0
3,,monday,,,23.0167,89.2333,,,,,,,,0
10,,friday,,,23.0167,89.2333,,,,,,,,104.8
7,,sunday,,,23.0167,89.2333,,,,,,,,11.6
10,,thursday,,,23.0167,89.2333,,,,,,,,0.2
4,,sunday,,,23.0167,89.2333,,,,,,,,0.2
11,,monday,,,23.0167,89.2333,,,,,,,,0.1
9,,wednesday,,,23.0167,89.2333,,,,,,,,17.1
11,,wednesday,,,23.0167,89.2333,,,,,,,,0
9,,thursday,,,23.0167,89.2333,,,,,,,,10.2
2,,tuesday,,,22.2869,89.9667,,,,,,,,0.4
10,,thursday,,,22.2869,89.9667,,,,,,,,0.6
9,,sunday,,,22.2869,89.9667,,,,,,,,0.8
12,,sunday,,,22.2869,89.9667,,,,,,,,0
8,,thursday,,,22.2869,89.9667,,,,,,,,4.7
5,,thursday,,,22.2869,89.9667,,,,,,,,0.7
2,,tuesday,,,22.2869,89.9667,,,,,,,,0.4
5,,thursday,,,22.2869,89.9667,,,,,,,,3.3
6,,monday,,,22.8319,90.5333,,,,,,,,4.2
4,,wednesday,,,24.9667,89.8333,,,,,,,,6
11,,tuesday,,,24.9667,89.8333,,,,,,,,0.9
4,,thursday,,,24.9667,89.8333,,,,,,,,5.1
8,,friday,,,23.9333,89,,,,,,,,2.1
5,,monday,,,22.3625,90.2417,,,,,,,,0.3
4,,friday,,,24.1083,90.0917,,,,,,,,8
6,,monday,,,25.5417,89.2833,,,,,,,,1.6
8,,friday,,,25.5417,89.2833,,,,,,,,4.9
12,,tuesday,,,25.5417,89.2833,,,,,,,,0
7,,thursday,,,21.55,91.95,,,,,,,,47.2
7,,thursday,,,21.55,91.95,,,,,,,,47.2
7,,tuesday,,,21.55,91.95,,,,,,,,39.7
8,,wednesday,,,23.35,88.9125,,,,,,,,16.9
12,,thursday,,,23.35,88.9125,,,,,,,,0
10,,sunday,,,22.8887,89.771842,,,,,,,,1.4
10,,tuesday,,,22.8887,89.771842,,,,,,,,3
7,,saturday,,,22.4833,89.6083,,,,,,,,18.4
10,,wednesday,,,22.2986,90.9792,,,,,,,,4
10,,saturday,,,22.2986,90.9792,,,,,,,,37.7
7,,tuesday,,,22.45,89.8583,,,,,,,,20.4
11,,friday,,,22.45,89.8583,,,,,,,,1.2
1,,wednesday,,,22.45,89.8583,,,,,,,,0
7,,friday,,,24.7583,90.2667,,,,,,,,2.3
4,,monday,,,24.7583,90.2667,,,,,,,,18.9
11,,thursday,,,24.7583,90.2667,,,,,,,,0
8,,sunday,,,24.75,90.4167,,,,,,,,3.2
3,,friday,,,25.7583,89.2333,,,,,,,,0
4,,thursday,,,25.8542,88.3667,,,,,,,,0
12,,monday,,,25.6333,88.65,,,,,,,,0
12,,monday,,,25.6333,88.65,,,,,,,,0
12,,monday,,,23.6,90.5,,,,,,,,0
12,,sunday,,,23.605717,89.841728,,,,,,,,0
5,,wednesday,,,24.3167,90.9333,,,,,,,,21
3,,monday,,,24.375,91.4167,,,,,,,,0
3,,sunday,,,22.7,90.3667,,,,,,,,0.8
3,,wednesday,,,25.8167,89.65,,,,,,,,0
3,,saturday,,,25.9417,88.8444,,,,,,,,0
6,,thursday,,,26.0208,88.4667,,,,,,,,4.7
11,,saturday,,,22.7167,89.075,,,,,,,,0
11,,friday,,,24.9167,89.9583,,,,,,,,0
9,,friday,,,24.25,89.9167,,,,,,,,1.2
11,,saturday,,,23.996158,90.419726,,,,,,,,0
8,,tuesday,,,24.75,90.4167,,,,,,,,9
8,,tuesday,,,24.75,90.4167,,,,,,,,9
8,,wednesday,,,26.3347,88.5583,,,,,,,,38.4
5,,saturday,,,24.9167,89.9583,,,,,,,,50.5
5,,wednesday,,,23.605717,89.841728,,,,,,,,8.1
7,,saturday,,,23.6,90.5,,,,,,,,5.4
7,,tuesday,,,25.915,89.45,,,,,,,,0.5
7,,monday,,,24.888242,91.868519,,,,,,,,8.8
7,,thursday,,,25.7583,89.2333,,,,,,,,8.3
6,,tuesday,,,22.5778,89.99,,,,,,,,38.3
2,,saturday,,,23.180315,89.1608575,,,,,,,,0
10,,sunday,,,22.5778,89.99,,,,,,,,1.2
10,,thursday,,,25.1,89.03333,,,,,,,,0
10,,sunday,,,25.9417,88.8444,,,,,,,,0.3
10,,monday,,,23.180315,89.1608575,,,,,,,,0.3
11,,saturday,,,23.996158,90.419726,,,,,,,,0.1
1,,friday,,,24.75,90.4167,,,,,,,,0
7,,friday,,,24.8417,89.375,,,,,,,,1.8
11,,wednesday,,,23.605717,89.841728,,,,,,,,0
11,,wednesday,,,26.0208,88.4667,,,,,,,,0
7,,sunday,,,24.888242,91.868519,,,,,,,,5.5
7,,tuesday,,,23.9,89.1333,,,,,,,,4.7
8,,friday,,,25.915,89.45,,,,,,,,4.9
8,,monday,,,24.6333,90.2667,,,,,,,,0
9,,thursday,,,23.85,90.0111,,,,,,,,26.6
8,,friday,,,24.61667,90.01806,,,,,,,,1.7
2,,monday,,,24.020189,90.74723,,,,,,,,0
3,,monday,,,24.9167,89.9583,,,,,,,,5
8,,tuesday,,,23.6,90.5,,,,,,,,3.7
8,,tuesday,,,24.7667,91.5431,,,,,,,,9
8,,saturday,,,23.0667,90.2417,,,,,,,,1.2
7,,monday,,,24.8417,89.375,,,,,,,,0.2
7,,tuesday,,,24.8417,89.375,,,,,,,,0.1
8,,sunday,,,22.5778,89.99,,,,,,,,18
9,,monday,,,23.85,90.01,,,,,,,,21
8,,wednesday,,,26.0208,88.4667,,,,,,,,18.2
8,,tuesday,,,22.3542,90.3181,,,,,,,,12.8
3,,monday,,,23.180315,89.1608575,,,,,,,,0
1,,sunday,,,22.7,90.3667,,,,,,,,0
3,,tuesday,,,24.875,89.17,,,,,,,,0
3,,wednesday,,,23.996158,90.419726,,,,,,,,0.8
3,,thursday,,,22.66667,89.8,,,,,,,,0.5
8,,wednesday,,,25.915,89.45,,,,,,,,9
6,,saturday,,,22.3542,90.3181,,,,,,,,7.9
1,,sunday,,,24.005,89.25,,,,,,,,0
8,,wednesday,,,22.3542,90.3181,,,,,,,,0.3
8,,wednesday,,,24.375,91.4167,,,,,,,,21.4
8,,friday,,,24.2167,90.05,,,,,,,,0.8
2,,saturday,,,23.180315,89.1608575,,,,,,,,0
6,,thursday,,,23.6417,88.8583,,,,,,,,5.8
6,,monday,,,22.8256,91.1014,,,,,,,,1.3
6,,thursday,,,25.333317,89.520761,,,,,,,,17.6
5,,thursday,,,24.9167,89.9583,,,,,,,,12.3
5,,sunday,,,23.996158,90.419726,,,,,,,,4.7
5,,sunday,,,23.9,89.1333,,,,,,,,22.2
4,,thursday,,,24.075,90.2167,,,,,,,,0.6
8,,sunday,,,23.996158,90.419726,,,,,,,,4.8
9,,sunday,,,25.9417,88.8444,,,,,,,,24.6
8,,thursday,,,23.1667,90.2083,,,,,,,,11.6
8,,tuesday,,,24.2,90.4667,,,,,,,,3.5
4,,thursday,,,24.9167,89.9583,,,,,,,,5.3
4,,thursday,,,24.46667,89.96667,,,,,,,,0.8
4,,tuesday,,,24.8917,89.75,,,,,,,,1
5,,thursday,,,23.85,90.0111,,,,,,,,0
5,,sunday,,,24.4139,88.93,,,,,,,,4.1
5,,wednesday,,,24.75,90.4167,,,,,,,,4.5
5,,thursday,,,25.9417,88.8444,,,,,,,,4.6
5,,tuesday,,,22.6431,90.2,,,,,,,,1.1
5,,friday,,,26.0208,88.4667,,,,,,,,19.5
6,,thursday,,,25.06667,91.4,,,,,,,,0.6
6,,friday,,,23.755,89.65,,,,,,,,2.1
6,,saturday,,,22.2333,92.1917,,,,,,,,11.5
4,,tuesday,,,25.333317,89.520761,,,,,,,,0.4
7,,friday,,,23.180315,89.1608575,,,,,,,,32.8
8,,friday,,,26.0208,88.4667,,,,,,,,8.3
5,,saturday,,,24.9389,88.2028,,,,,,,,16.6
8,,wednesday,,,22.66667,89.8,,,,,,,,13.5
6,,friday,,,23.9,89.1333,,,,,,,,33.6
3,,saturday,,,23.180315,89.1608575,,,,,,,,0.6
5,,saturday,,,25.4153,89.3167,,,,,,,,19.9
5,,thursday,,,23.996158,90.419726,,,,,,,,2.7
5,,thursday,,,22.5778,89.99,,,,,,,,1.5
11,,friday,,,23.996158,90.419726,,,,,,,,0
4,,thursday,,,23.180315,89.1608575,,,,,,,,0.2
2,,friday,,,23.20833,90.35,,,,,,,,0
2,,saturday,,,23.5417,89.1833,,,,,,,,0
11,,monday,,,22.3542,90.3181,,,,,,,,0
9,,monday,,,24.586659,88.275275,,,,,,,,12.5
11,,friday,,,25.51667,88.88333,,,,,,,,0
4,,tuesday,,,23.180315,89.1608575,,,,,,,,3
4,,wednesday,,,24.4583,89.7,,,,,,,,3.2
4,,sunday,,,26.3347,88.5583,,,,,,,,2.8
4,,saturday,,,22.95,90.825,,,,,,,,1.2
4,,wednesday,,,24.375,91.4167,,,,,,,,25.1
4,,saturday,,,23.0744,88.8667,,,,,,,,0
12,,thursday,,,22.8256,91.1014,,,,,,,,0
7,,friday,,,25.333317,89.520761,,,,,,,,3.6
7,,saturday,,,23.6,90.5,,,,,,,,0.1
7,,sunday,,,24.4333,90.7833,,,,,,,,39.7
6,,sunday,,,23.605717,89.841728,,,,,,,,21.9
10,,friday,,,26.0208,88.4667,,,,,,,,4.1
10,,tuesday,,,26.3347,88.5583,,,,,,,,23.8
7,,monday,,,23.6,90.5,,,,,,,,2.6
7,,wednesday,,,25.51667,88.88333,,,,,,,,0.3
7,,tuesday,,,24.4139,88.93,,,,,,,,53.7
7,,tuesday,,,25.8167,89.65,,,,,,,,65.3
7,,saturday,,,24.4139,88.93,,,,,,,,29.1
7,,saturday,,,25.8167,89.65,,,,,,,,30
6,,thursday,,,23.9167,90.725,,,,,,,,17.4
5,,saturday,,,23.9528,91.1167,,,,,,,,9.3
4,,friday,,,24.25,89.9167,,,,,,,,8
3,,monday,,,26.35,89.01667,,,,,,,,0.1
8,,saturday,,,25.06667,91.4,,,,,,,,6.8
4,,tuesday,,,23.605717,89.841728,,,,,,,,14.4
2,,friday,,,23.180315,89.1608575,,,,,,,,0
4,,tuesday,,,24.020189,90.74723,,,,,,,,29.8
3,,sunday,,,23.0744,88.8667,,,,,,,,3
7,,friday,,,23.6,90.5,,,,,,,,1.5
3,,tuesday,,,22.95,90.825,,,,,,,,26.6
7,,saturday,,,22.6903,90.6525,,,,,,,,29
7,,monday,,,22.6903,90.6525,,,,,,,,20.5
10,,saturday,,,23.996158,90.419726,,,,,,,,8.7
9,,monday,,,23.0417,91.9944,,,,,,,,8.8
1,,tuesday,,,25.915,89.45,,,,,,,,0
8,,thursday,,,24.005,89.25,,,,,,,,0
8,,saturday,,,23.6,90.5,,,,,,,,2.4
7,,monday,,,22.66667,89.8,,,,,,,,18.4
7,,saturday,,,22.66667,89.8,,,,,,,,30.5
12,,saturday,,,23.605717,89.841728,,,,,,,,0
3,,sunday,,,23.180315,89.1608575,,,,,,,,0
2,,monday,,,23.6,90.5,,,,,,,,0.1
1,,saturday,,,23.6,90.5,,,,,,,,0
10,,tuesday,,,26.0208,88.4667,,,,,,,,15.4
12,,thursday,,,25.7583,89.2333,,,,,,,,0
11,,wednesday,,,24.4139,88.93,,,,,,,,0
9,,thursday,,,22.3542,90.3181,,,,,,,,2.1
10,,sunday,,,24.4778,91.7667,,,,,,,,0.8
10,,monday,,,23.228401,90.645015,,,,,,,,0.4
12,,friday,,,22.95,90.825,,,,,,,,3.1
12,,thursday,,,24.4778,91.7667,,,,,,,,0
12,,tuesday,,,24.888242,91.868519,,,,,,,,0
12,,thursday,,,24.888242,91.868519,,,,,,,,0
1,,saturday,,,25.915,89.45,,,,,,,,0
1,,tuesday,,,25.915,89.45,,,,,,,,0
4,,thursday,,,22.5778,89.99,,,,,,,,0
4,,thursday,,,25.7583,89.2333,,,,,,,,0
9,,monday,,,22.2333,92.1917,,,,,,,,7.9
4,,wednesday,,,23.9528,91.1167,,,,,,,,9.4
9,,monday,,,24.4583,89.7,,,,,,,,5.2
12,,wednesday,,,23.9528,91.1167,,,,,,,,0
10,,sunday,,,26.0208,88.4667,,,,,,,,0
10,,monday,,,23.180315,89.1608575,,,,,,,,0
10,,sunday,,,25.6333,88.65,,,,,,,,0
10,,thursday,,,25.7583,89.2333,,,,,,,,0.1
9,,wednesday,,,24.9167,89.9583,,,,,,,,2.7
11,,sunday,,,23.180315,89.1608575,,,,,,,,1.3
11,,saturday,,,24.005,89.25,,,,,,,,9.2
11,,wednesday,,,22.5778,89.99,,,,,,,,0
12,,saturday,,,25.6333,88.65,,,,,,,,0
12,,monday,,,24.805,88.95,,,,,,,,0
9,,thursday,,,22.6431,90.2,,,,,,,,8
11,,sunday,,,23.6,90.5,,,,,,,,0
5,,saturday,,,24.075,90.2167,,,,,,,,1.7
5,,tuesday,,,24.075,90.2167,,,,,,,,11.5
9,,wednesday,,,25.333317,89.520761,,,,,,,,33.4
1,,wednesday,,,23.605717,89.841728,,,,,,,,0
2,,wednesday,,,23.0417,91.9944,,,,,,,,0
2,,tuesday,,,25.915,89.45,,,,,,,,0
3,,monday,,,25.915,89.45,,,,,,,,0
3,,thursday,,,24.8417,89.375,,,,,,,,0
6,,monday,,,25.7583,89.2333,,,,,,,,11.9
8,,wednesday,,,22.3542,90.3181,,,,,,,,4.5
9,,thursday,,,25.915,89.45,,,,,,,,37.9
10,,tuesday,,,23.1667,90.2083,,,,,,,,6.2
5,,monday,,,26.3083,88.4583,,,,,,,,20.3
12,,friday,,,22.3542,90.3181,,,,,,,,0
6,,friday,,,25.915,89.45,,,,,,,,29.9
7,,monday,,,23.175,89.505,,,,,,,,6.7
8,,saturday,,,25.915,89.45,,,,,,,,11.5
9,,thursday,,,23.9,89.1333,,,,,,,,2.7
9,,sunday,,,24.888242,91.868519,,,,,,,,1.9
10,,friday,,,23.175,89.505,,,,,,,,2.9
10,,sunday,,,26.0208,88.4667,,,,,,,,0
2,,monday,,,24.75,90.4167,,,,,,,,0
11,,sunday,,,24.4778,91.7667,,,,,,,,0
11,,wednesday,,,24.4333,89.375,,,,,,,,0
10,,thursday,,,23.6,90.5,,,,,,,,7.8
10,,wednesday,,,24.586659,88.275275,,,,,,,,0.2
12,,tuesday,,,24.586659,88.275275,,,,,,,,0
12,,tuesday,,,24.586659,88.275275,,,,,,,,0
1,,wednesday,,,22.7,90.3667,,,,,,,,0
8,,tuesday,,,24.56667,91.515,,,,,,,,3.3
8,,friday,,,23.8833,90.9833,,,,,,,,42.4
8,,friday,,,23.8833,90.9833,,,,,,,,42.4
3,,sunday,,,23.4153,89.8917,,,,,,,,1.1
1,,wednesday,,,23.4153,89.8917,,,,,,,,0
11,,monday,,,21.4167,92.1833,,,,,,,,2.2
11,,wednesday,,,21.4167,92.1833,,,,,,,,0
8,,tuesday,,,22.6222,90.2708,,,,,,,,31.5
8,,thursday,,,22.6222,90.2708,,,,,,,,23.1
8,,friday,,,22.6222,90.2708,,,,,,,,17
2,,sunday,,,25.08333,90.18528,,,,,,,,0
6,,tuesday,,,24.5667,90.6833,,,,,,,,3.1
2,,thursday,,,24.5667,90.6833,,,,,,,,0
6,,friday,,,24.5667,90.6833,,,,,,,,27.1
1,,saturday,,,24.5667,90.6833,,,,,,,,0
6,,monday,,,24.5667,90.6833,,,,,,,,2.2
1,,tuesday,,,23.6,90.5,,,,,,,,0
7,,sunday,,,23.6,90.5,,,,,,,,20.1
12,,thursday,,,23.6,90.5,,,,,,,,0
12,,wednesday,,,24.207,91.2097,,,,,,,,0.1
12,,wednesday,,,24.207,91.2097,,,,,,,,0.1
2,,sunday,,,22.7461,89.9678,,,,,,,,5
11,,saturday,,,22.7461,89.9678,,,,,,,,0
4,,thursday,,,22.7461,89.9678,,,,,,,,0
3,,wednesday,,,22.7461,89.9678,,,,,,,,0
1,,tuesday,,,22.7461,89.9678,,,,,,,,0
5,,friday,,,22.7472,90.1036,,,,,,,,0.1
8,,friday,,,22.7472,90.1036,,,,,,,,13.8
8,,sunday,,,22.7472,90.1036,,,,,,,,18.7
11,,wednesday,,,24.875,90.7333,,,,,,,,0
6,,monday,,,24.8583,88.5667,,,,,,,,25.1
11,,thursday,,,25.9417,88.8444,,,,,,,,0
9,,wednesday,,,24.6611,89.2333,,,,,,,,4.6
5,,thursday,,,24.6611,89.2333,,,,,,,,0.8
9,,wednesday,,,24.6611,89.2333,,,,,,,,4.6
4,,friday,,,24.6611,89.2333,,,,,,,,0
9,,thursday,,,24.4417,88.6278,,,,,,,,28.3
5,,monday,,,24.4417,88.6278,,,,,,,,6.4
6,,sunday,,,24.4417,88.6278,,,,,,,,0.2
7,,wednesday,,,24.005,89.25,,,,,,,,20.9
5,,wednesday,,,23.95,90.625,,,,,,,,9.2
5,,thursday,,,23.95,90.625,,,,,,,,34.5
8,,thursday,,,23.95,90.625,,,,,,,,50.1
11,,monday,,,26.3347,88.5583,,,,,,,,0
11,,saturday,,,25.195,89.02,,,,,,,,0
7,,friday,,,25.195,89.02,,,,,,,,7.4
10,,tuesday,,,25.195,89.02,,,,,,,,14.7
1,,saturday,,,25.195,89.02,,,,,,,,0
4,,sunday,,,25.195,89.02,,,,,,,,5.4
4,,sunday,,,25.195,89.02,,,,,,,,5.4
10,,wednesday,,,25.6533,88.9155,,,,,,,,0
12,,sunday,,,25.6533,88.9155,,,,,,,,0
10,,tuesday,,,25.6533,88.9155,,,,,,,,0
10,,tuesday,,,25.6533,88.9155,,,,,,,,0
10,,tuesday,,,25.6533,88.9155,,,,,,,,0
8,,tuesday,,,25.6533,88.9155,,,,,,,,6.1
10,,wednesday,,,25.6533,88.9155,,,,,,,,0
10,,tuesday,,,25.6533,88.9155,,,,,,,,0
4,,sunday,,,25.6533,88.9155,,,,,,,,24
7,,friday,,,25.6533,88.9155,,,,,,,,13.5
8,,friday,,,25.6533,88.9155,,,,,,,,17.1
8,,friday,,,25.6533,88.9155,,,,,,,,5.3
10,,tuesday,,,25.6533,88.9155,,,,,,,,0
10,,sunday,,,25.6533,88.9155,,,,,,,,0
1,,saturday,,,26.35,89.01667,,,,,,,,8.3
3,,thursday,,,26.35,89.01667,,,,,,,,0
3,,tuesday,,,26.35,89.01667,,,,,,,,0
4,,thursday,,,22.0458,89.9689,,,,,,,,0.6
8,,thursday,,,22.0458,89.9689,,,,,,,,16.3
1,,wednesday,,,22.3542,90.3181,,,,,,,,0
10,,tuesday,,,21.813624,91.964845,,,,,,,,0
7,,friday,,,24.95,90.35,,,,,,,,3.6
9,,wednesday,,,24.95,90.35,,,,,,,,0.5
8,,sunday,,,25.58,89.4,,,,,,,,37.3
3,,tuesday,,,25.58,89.4,,,,,,,,0
1,,thursday,,,25.58,89.4,,,,,,,,0
11,,saturday,,,25.8542,88.3667,,,,,,,,0
10,,wednesday,,,25.8542,88.3667,,,,,,,,6.7
8,,sunday,,,22.5778,89.99,,,,,,,,10.4
7,,tuesday,,,24.9333,90.6028,,,,,,,,2
2,,monday,,,24.375,88.85,,,,,,,,0
3,,saturday,,,24.375,88.85,,,,,,,,0
7,,wednesday,,,22.5667,90.1417,,,,,,,,29.1
7,,friday,,,22.5667,90.1417,,,,,,,,1.4
7,,wednesday,,,22.5667,90.1417,,,,,,,,29.1
11,,thursday,,,22.5667,90.1417,,,,,,,,0
12,,tuesday,,,22.5667,90.1417,,,,,,,,0
1,,saturday,,,22.5667,90.1417,,,,,,,,0
4,,wednesday,,,22.5667,90.1417,,,,,,,,1.1
9,,friday,,,22.5667,90.1417,,,,,,,,4.1
8,,friday,,,23.755,89.65,,,,,,,,59.5
5,,wednesday,,,24.5194,91.8667,,,,,,,,0.3
1,,tuesday,,,23.2083,90.0333,,,,,,,,0
10,,monday,,,23.105,90.875,,,,,,,,0
7,,thursday,,,23.105,90.875,,,,,,,,14.4
3,,tuesday,,,22.944112,91.793518,,,,,,,,0
8,,thursday,,,22.6056,90.9972,,,,,,,,14.4
2,,friday,,,22.5667,89.6639,,,,,,,,0
4,,thursday,,,22.5667,89.6639,,,,,,,,0.8
4,,thursday,,,22.5667,89.6639,,,,,,,,0.8
8,,thursday,,,22.5667,89.6639,,,,,,,,10.4
4,,thursday,,,22.5667,89.6639,,,,,,,,2.4
4,,sunday,,,22.5667,89.6639,,,,,,,,0.1
12,,monday,,,21.429087,92.089241,,,,,,,,0
3,,wednesday,,,25.88833,88.25167,,,,,,,,0
6,,wednesday,,,25.88833,88.25167,,,,,,,,1
3,,wednesday,,,25.88833,88.25167,,,,,,,,0
6,,friday,,,22.1667,92.3333,,,,,,,,3.9
12,,sunday,,,22.1667,92.3333,,,,,,,,0
5,,thursday,,,22.1667,92.3333,,,,,,,,10.4
5,,friday,,,22.1667,92.3333,,,,,,,,24.4
6,,friday,,,22.1667,92.3333,,,,,,,,3.9
9,,tuesday,,,23.7931,90.5167,,,,,,,,0.3
9,,tuesday,,,23.7931,90.5167,,,,,,,,0.9
5,,wednesday,,,23.7931,90.5167,,,,,,,,14.7
3,,friday,,,23.7931,90.5167,,,,,,,,0
9,,saturday,,,23.7931,90.5167,,,,,,,,5.2
1,,friday,,,23.7931,90.5167,,,,,,,,0
6,,wednesday,,,23.7931,90.5167,,,,,,,,7.6
1,,friday,,,23.7931,90.5167,,,,,,,,0
12,,friday,,,25.3833,89.4667,,,,,,,,0
6,,wednesday,,,25.3833,89.4667,,,,,,,,0
11,,saturday,,,25.3833,89.4667,,,,,,,,0
9,,friday,,,25.1056,89.5861,,,,,,,,0.7
8,,saturday,,,24.31667,90.16806,,,,,,,,0.4
7,,thursday,,,23.410295,89.80207,,,,,,,,24.6
7,,friday,,,23.410295,89.80207,,,,,,,,15.3
7,,wednesday,,,23.410295,89.80207,,,,,,,,10.2
9,,friday,,,23.410295,89.80207,,,,,,,,1.5
7,,friday,,,23.410295,89.80207,,,,,,,,15.3
7,,friday,,,23.410295,89.80207,,,,,,,,15.3
11,,wednesday,,,24.0583,89.5333,,,,,,,,0
3,,saturday,,,24.0583,89.5333,,,,,,,,0
11,,tuesday,,,25.125,88.58167,,,,,,,,0
9,,monday,,,24.7417,89.8333,,,,,,,,16.9
8,,saturday,,,22.7167,89.075,,,,,,,,26.7
10,,tuesday,,,23.961012,89.998051,,,,,,,,0
2,,tuesday,,,22.8256,91.1014,,,,,,,,0
7,,tuesday,,,22.8256,91.1014,,,,,,,,13.1
9,,tuesday,,,22.8256,91.1014,,,,,,,,58.5
2,,friday,,,24.17,89.58833,,,,,,,,0
3,,wednesday,,,24.17,89.58833,,,,,,,,4.7
8,,wednesday,,,24.17,89.58833,,,,,,,,17.7
11,,tuesday,,,23.6917,89.25,,,,,,,,0
2,,saturday,,,24.762147,89.382832,,,,,,,,2
11,,tuesday,,,24.8833,89.5667,,,,,,,,0
6,,saturday,,,23.20833,90.35,,,,,,,,10.6
10,,tuesday,,,23.0744,88.8667,,,,,,,,13.9
6,,sunday,,,23.0744,88.8667,,,,,,,,14.6
9,,tuesday,,,23.0744,88.8667,,,,,,,,13.9
10,,saturday,,,23.0744,88.8667,,,,,,,,0
9,,monday,,,23.0744,88.8667,,,,,,,,17.8
3,,thursday,,,23.0744,88.8667,,,,,,,,0
10,,wednesday,,,23.0744,88.8667,,,,,,,,0
12,,monday,,,23.0744,88.8667,,,,,,,,0
4,,monday,,,23.0744,88.8667,,,,,,,,0
7,,wednesday,,,23.0744,88.8667,,,,,,,,4.9
9,,sunday,,,24.66667,89.41667,,,,,,,,15.7
11,,monday,,,24.66667,89.41667,,,,,,,,1.7
5,,thursday,,,24.66667,89.41667,,,,,,,,8.7
7,,friday,,,24.66667,89.41667,,,,,,,,15.5
6,,sunday,,,24.66667,89.41667,,,,,,,,20.6
1,,sunday,,,24.66667,89.41667,,,,,,,,0
9,,sunday,,,24.66667,89.41667,,,,,,,,17.7
4,,wednesday,,,25.0167,89.3167,,,,,,,,31.6
7,,friday,,,25.0167,89.3167,,,,,,,,21.5
6,,saturday,,,24.020189,90.74723,,,,,,,,11.6
4,,sunday,,,23.8167,90.15,,,,,,,,0
4,,tuesday,,,24.5,89.13333,,,,,,,,1.5
6,,sunday,,,23.5667,90.3833,,,,,,,,13.5
6,,sunday,,,23.5667,90.3833,,,,,,,,13.5
3,,monday,,,23.5667,90.3833,,,,,,,,0
10,,saturday,,,24.4583,89.7,,,,,,,,12.5
11,,thursday,,,23.03833,91.10833,,,,,,,,0
6,,thursday,,,23.03833,91.10833,,,,,,,,1.1
10,,monday,,,23.6583,90.6083,,,,,,,,0.6
5,,friday,,,23.6583,90.6083,,,,,,,,13.6
5,,monday,,,23.6583,90.6083,,,,,,,,0.7
5,,sunday,,,23.6583,90.6083,,,,,,,,0
2,,wednesday,,,25.0333,89.4917,,,,,,,,0
4,,wednesday,,,25.15,89.90056,,,,,,,,0.1
6,,wednesday,,,25.15,89.90056,,,,,,,,5.2
2,,friday,,,25.15,89.90056,,,,,,,,0
1,,thursday,,,25.15,89.90056,,,,,,,,0
11,,saturday,,,25.15,89.90056,,,,,,,,0
7,,wednesday,,,24.3083,91.7333,,,,,,,,12.2
1,,monday,,,24.3083,91.7333,,,,,,,,0
6,,wednesday,,,24.3083,91.7333,,,,,,,,7.6
10,,friday,,,24.3083,91.7333,,,,,,,,1.2
10,,wednesday,,,24.2,90.4667,,,,,,,,0
6,,saturday,,,24.2,90.4667,,,,,,,,1.3
6,,tuesday,,,24.2,90.4667,,,,,,,,9.9
9,,friday,,,23.6,89.3875,,,,,,,,0.2
10,,saturday,,,24.2,90.4667,,,,,,,,1.6
10,,wednesday,,,24.2,90.4667,,,,,,,,0
9,,monday,,,24.2,90.4667,,,,,,,,11.2
4,,monday,,,24.2,90.4667,,,,,,,,0.2
9,,tuesday,,,23.6,89.3875,,,,,,,,14.5
10,,tuesday,,,24.2,90.4667,,,,,,,,0
1,,monday,,,22.6833,91.11,,,,,,,,0
1,,thursday,,,22.6833,91.11,,,,,,,,0
12,,sunday,,,22.6833,91.11,,,,,,,,0
12,,sunday,,,22.6833,91.11,,,,,,,,0
8,,saturday,,,22.6833,91.11,,,,,,,,3.8
1,,tuesday,,,22.6833,91.11,,,,,,,,0
10,,wednesday,,,22.6833,91.11,,,,,,,,1
8,,sunday,,,23.9167,89.4333,,,,,,,,2.1
9,,thursday,,,23.9167,89.4333,,,,,,,,35.8
9,,thursday,,,23.9167,89.4333,,,,,,,,1.7
4,,sunday,,,23.9167,89.4333,,,,,,,,2.6
5,,sunday,,,23.9167,89.4333,,,,,,,,6.3
1,,monday,,,25.06667,91.4,,,,,,,,0
1,,tuesday,,,25.0917,91.175,,,,,,,,0
11,,saturday,,,22.75,89.25,,,,,,,,0
11,,friday,,,22.75,89.25,,,,,,,,0
7,,saturday,,,22.75,89.25,,,,,,,,0.3
9,,sunday,,,24.25,89.9167,,,,,,,,0.3
10,,thursday,,,24.6028,88.5806,,,,,,,,0.3
4,,friday,,,25.8111,89.0167,,,,,,,,9.2
7,,sunday,,,26.48274,88.35069,,,,,,,,17
1,,saturday,,,26.48274,88.35069,,,,,,,,0
8,,tuesday,,,26.0208,88.4667,,,,,,,,0
9,,friday,,,26.0208,88.4667,,,,,,,,24
10,,thursday,,,26.0208,88.4667,,,,,,,,0
10,,saturday,,,26.0208,88.4667,,,,,,,,0
10,,wednesday,,,26.0208,88.4667,,,,,,,,0
9,,friday,,,26.0208,88.4667,,,,,,,,24
12,,tuesday,,,24.575,90.39167,,,,,,,,0
5,,wednesday,,,24.575,90.39167,,,,,,,,4.5
7,,thursday,,,21.242504,92.14122,,,,,,,,47.2
12,,monday,,,21.242504,92.14122,,,,,,,,0
7,,tuesday,,,21.242504,92.14122,,,,,,,,39.7
7,,thursday,,,21.242504,92.14122,,,,,,,,47.2
6,,tuesday,,,24.8778,92.3722,,,,,,,,28.8
8,,friday,,,22.50439,89.97897,,,,,,,,9.2
10,,thursday,,,23.01667,89.43333,,,,,,,,0.2
11,,friday,,,25.925,89.35,,,,,,,,0
9,,thursday,,,25.925,89.35,,,,,,,,17.1
3,,friday,,,25.925,89.35,,,,,,,,0.7
11,,saturday,,,25.925,89.35,,,,,,,,0
8,,monday,,,25.925,89.35,,,,,,,,8.1
4,,friday,,,22.9667,90.15,,,,,,,,0.6
5,,sunday,,,23.8833,91.2166,,,,,,,,33
2,,saturday,,,23.8833,91.2166,,,,,,,,0
2,,saturday,,,23.8833,91.2166,,,,,,,,0
8,,tuesday,,,24.975,89.02,,,,,,,,0.4
8,,saturday,,,24.975,89.02,,,,,,,,6
8,,saturday,,,24.975,89.02,,,,,,,,6
6,,saturday,,,23.7583,88.95,,,,,,,,9.3
2,,monday,,,23.7583,88.95,,,,,,,,0
10,,wednesday,,,23.7583,88.95,,,,,,,,8.4
6,,friday,,,22.1294,90.2289,,,,,,,,33.9
11,,monday,,,22.1294,90.2289,,,,,,,,0
2,,saturday,,,22.1294,90.2289,,,,,,,,0
9,,saturday,,,22.1294,90.2289,,,,,,,,0
4,,tuesday,,,22.1294,90.2289,,,,,,,,0
9,,saturday,,,22.1294,90.2289,,,,,,,,0
3,,friday,,,22.1294,90.2289,,,,,,,,0
9,,thursday,,,22.1294,90.2289,,,,,,,,0.2
5,,monday,,,23.7917,90.65,,,,,,,,36.5
6,,monday,,,24.1333,89.25,,,,,,,,46.4
10,,friday,,,26.3083,88.4583,,,,,,,,1.4
5,,saturday,,,24.96667,88.9,,,,,,,,1
9,,monday,,,25.66667,89.05,,,,,,,,18.8
1,,sunday,,,24.33,88.945,,,,,,,,0
11,,tuesday,,,22.66667,89.8,,,,,,,,0
1,,monday,,,24.1917,88.8333,,,,,,,,0
10,,monday,,,24.1917,88.8333,,,,,,,,0
2,,saturday,,,26.1,88.275,,,,,,,,0
1,,tuesday,,,23.635,89.55,,,,,,,,0
9,,wednesday,,,23.635,89.55,,,,,,,,2
2,,tuesday,,,23.635,89.55,,,,,,,,0
8,,wednesday,,,23.7778,90.8083,,,,,,,,6.4
6,,wednesday,,,23.6167,90.525,,,,,,,,0
11,,monday,,,23.6167,90.525,,,,,,,,1
11,,thursday,,,22.2333,92.1917,,,,,,,,0
7,,wednesday,,,24.5417,91.3333,,,,,,,,6.2
5,,saturday,,,24.5417,91.3333,,,,,,,,22.4
3,,sunday,,,24.5417,91.3333,,,,,,,,0
11,,tuesday,,,24.3083,89.1708,,,,,,,,0
3,,saturday,,,22.1508,90.1264,,,,,,,,1.3
1,,monday,,,22.7,90.3667,,,,,,,,0
2,,friday,,,22.7,90.3667,,,,,,,,0.2
3,,tuesday,,,22.7,90.3667,,,,,,,,0
1,,monday,,,22.7,90.3667,,,,,,,,0
8,,wednesday,,,24.7083,92.2,,,,,,,,4.5
10,,saturday,,,24.7083,92.2,,,,,,,,12.7
2,,thursday,,,24.2167,90.05,,,,,,,,0
10,,friday,,,22.4292,90.5139,,,,,,,,0.2
2,,saturday,,,22.4292,90.5139,,,,,,,,0
6,,saturday,,,22.4292,90.5139,,,,,,,,5.3
3,,tuesday,,,22.4292,90.5139,,,,,,,,0
9,,sunday,,,22.4292,90.5139,,,,,,,,1.1
12,,tuesday,,,22.4292,90.5139,,,,,,,,0
3,,thursday,,,22.4292,90.5139,,,,,,,,0
8,,friday,,,22.4292,90.5139,,,,,,,,13.1
9,,monday,,,24.825,92.1625,,,,,,,,5.5
10,,wednesday,,,22.95,91.1,,,,,,,,3.5
5,,friday,,,24.2917,89.7,,,,,,,,32.2
4,,friday,,,24.2917,89.7,,,,,,,,37.6
11,,thursday,,,24.2917,89.7,,,,,,,,0
6,,wednesday,,,24.0667,89.625,,,,,,,,3.2
11,,thursday,,,24.0667,89.625,,,,,,,,0
4,,thursday,,,24.0667,89.625,,,,,,,,0
4,,thursday,,,24.0667,89.625,,,,,,,,2.1
3,,wednesday,,,24.375,90.37833,,,,,,,,0
5,,saturday,,,24.375,90.37833,,,,,,,,21.7
9,,wednesday,,,22.4889,90.0733,,,,,,,,23.2
12,,saturday,,,22.4889,90.0733,,,,,,,,0
6,,sunday,,,22.4889,90.0733,,,,,,,,29.5
9,,thursday,,,22.4889,90.0733,,,,,,,,19.4
3,,wednesday,,,23.3833,89.9833,,,,,,,,0
4,,monday,,,24.0167,88.9917,,,,,,,,15.8
11,,saturday,,,24.0167,88.9917,,,,,,,,0
9,,monday,,,24.0211,91.2797,,,,,,,,8.7
7,,thursday,,,24.0211,91.2797,,,,,,,,4.7
7,,thursday,,,25.3783,88.9833,,,,,,,,46.5
3,,monday,,,26,88.5833,,,,,,,,0
9,,tuesday,,,26,88.5833,,,,,,,,0
6,,thursday,,,26,88.5833,,,,,,,,2.5
4,,friday,,,25.6333,88.5333,,,,,,,,5.5
9,,wednesday,,,25.8,88.4611,,,,,,,,1.3
9,,wednesday,,,25.8,88.4611,,,,,,,,1.3
6,,saturday,,,24.8417,89.375,,,,,,,,2.6
9,,sunday,,,24.8417,89.375,,,,,,,,0.2
6,,thursday,,,24.8417,89.375,,,,,,,,7.9
3,,thursday,,,24.8417,89.375,,,,,,,,0
7,,wednesday,,,24.8417,89.375,,,,,,,,31.6
8,,wednesday,,,25.185884,89.869977,,,,,,,,2.2
4,,friday,,,25.185884,89.869977,,,,,,,,3.1
9,,saturday,,,23.9528,91.1167,,,,,,,,1.6
7,,wednesday,,,23.9528,91.1167,,,,,,,,17.5
11,,tuesday,,,23.9528,91.1167,,,,,,,,0
10,,saturday,,,23.9528,91.1167,,,,,,,,6.8
5,,wednesday,,,23.9528,91.1167,,,,,,,,39.3
5,,sunday,,,23.9528,91.1167,,,,,,,,0.5
10,,wednesday,,,21.7861,92.0778,,,,,,,,22.8
8,,saturday,,,21.7861,92.0778,,,,,,,,18
1,,sunday,,,24.586659,88.275275,,,,,,,,0
3,,friday,,,24.225,89.2917,,,,,,,,8.6
9,,monday,,,24.225,89.2917,,,,,,,,0.1
3,,tuesday,,,24.225,89.2917,,,,,,,,0
3,,wednesday,,,24.2111,89.7208,,,,,,,,3.1
9,,sunday,,,25.6625,88.7833,,,,,,,,0
12,,monday,,,23.180315,89.1608575,,,,,,,,0
11,,wednesday,,,23.180315,89.1608575,,,,,,,,0
10,,thursday,,,23.180315,89.1608575,,,,,,,,1.5
2,,thursday,,,23.180315,89.1608575,,,,,,,,0
9,,thursday,,,23.180315,89.1608575,,,,,,,,0.8
8,,saturday,,,23.6417,88.8583,,,,,,,,3.3
4,,friday,,,24.2083,91.5222,,,,,,,,4.8
8,,monday,,,24.2083,91.5222,,,,,,,,11
1,,thursday,,,23.459349,91.18264,,,,,,,,0
10,,tuesday,,,23.459349,91.18264,,,,,,,,0
10,,saturday,,,23.459349,91.18264,,,,,,,,3.9
1,,wednesday,,,21.454718,92.010452,,,,,,,,0
2,,saturday,,,24.9,91.86667,,,,,,,,0
11,,sunday,,,23.6167,88.7833,,,,,,,,0
7,,saturday,,,23.6167,88.7833,,,,,,,,2.5
8,,monday,,,22.2833,90.5903,,,,,,,,8.6
8,,monday,,,22.2833,90.5903,,,,,,,,8.6
3,,saturday,,,22.2833,90.5903,,,,,,,,0
7,,wednesday,,,24.0014,88.875,,,,,,,,55.5
3,,sunday,,,25.1417,89.7833,,,,,,,,0
10,,tuesday,,,24.9,91.0167,,,,,,,,0.4
3,,friday,,,24.9,91.0167,,,,,,,,0
10,,thursday,,,24.9,91.0167,,,,,,,,27.6
9,,friday,,,24.6833,89.5375,,,,,,,,21.1
5,,monday,,,24.6833,89.5375,,,,,,,,11.7
10,,sunday,,,24.6833,89.5375,,,,,,,,34.9
10,,monday,,,24.6833,89.5375,,,,,,,,0.3
8,,thursday,,,23.2583,92.0583,,,,,,,,40.5
8,,monday,,,26.1278,88.925,,,,,,,,15.5
2,,tuesday,,,26.1278,88.925,,,,,,,,0
11,,tuesday,,,26.1278,88.925,,,,,,,,0.1
3,,sunday,,,26.1278,88.925,,,,,,,,1.4
1,,wednesday,,,26.1278,88.925,,,,,,,,0
8,,friday,,,26.1278,88.925,,,,,,,,5.3
5,,monday,,,25.6333,88.65,,,,,,,,0
8,,wednesday,,,25.6333,88.65,,,,,,,,13.7
9,,monday,,,26.1,88.8361,,,,,,,,14.2
3,,saturday,,,22.442809,90.414608,,,,,,,,0
3,,thursday,,,24.4556,88.7667,,,,,,,,0.8
5,,friday,,,24.4556,88.7667,,,,,,,,9.3
11,,tuesday,,,23.125,90.7486,,,,,,,,0
12,,tuesday,,,23.125,90.7486,,,,,,,,0
4,,friday,,,23.0167,91.3917,,,,,,,,0.3
11,,wednesday,,,24.875,89.45,,,,,,,,0
10,,thursday,,,24.875,89.45,,,,,,,,20.9
10,,tuesday,,,24.875,89.45,,,,,,,,4.2
1,,sunday,,,24.875,89.45,,,,,,,,0
5,,thursday,,,24.4167,90.55,,,,,,,,11.1
5,,thursday,,,24.4167,90.55,,,,,,,,0.1
4,,monday,,,24.4167,90.55,,,,,,,,5.1
1,,monday,,,25.333317,89.520761,,,,,,,,0
8,,sunday,,,22.1639,90.4306,,,,,,,,2.1
3,,saturday,,,22.1639,90.4306,,,,,,,,0
9,,friday,,,22.1639,90.4306,,,,,,,,0.2
3,,monday,,,22.1639,90.4306,,,,,,,,0
11,,monday,,,23.81667,88.755,,,,,,,,0
1,,monday,,,23.81667,88.755,,,,,,,,0
11,,sunday,,,23.81667,88.755,,,,,,,,0
5,,wednesday,,,23.996158,90.419726,,,,,,,,2
6,,monday,,,24.46667,89.96667,,,,,,,,40.2
1,,monday,,,24.46667,89.96667,,,,,,,,0
11,,thursday,,,24.46667,89.96667,,,,,,,,0
9,,monday,,,24.46667,89.96667,,,,,,,,0
2,,friday,,,25.1333,89.3917,,,,,,,,0.2
10,,sunday,,,25.1333,89.3917,,,,,,,,0.5
10,,saturday,,,25.1333,89.3917,,,,,,,,0
3,,saturday,,,24.8583,92.0208,,,,,,,,0
3,,saturday,,,24.8583,92.0208,,,,,,,,0
9,,sunday,,,23.0167,89.8333,,,,,,,,16
3,,saturday,,,24.5583,89.9167,,,,,,,,0
4,,wednesday,,,24.75833,90.575,,,,,,,,2.3
7,,thursday,,,24.75833,90.575,,,,,,,,33.9
7,,thursday,,,24.75833,90.575,,,,,,,,2.5
2,,saturday,,,24.75833,90.575,,,,,,,,0
5,,wednesday,,,24.75833,90.575,,,,,,,,18.8
8,,thursday,,,24.75833,90.575,,,,,,,,14.5
3,,wednesday,,,24.75833,90.575,,,,,,,,0
10,,monday,,,24.75833,90.575,,,,,,,,0.7
2,,monday,,,24.75833,90.575,,,,,,,,0
4,,sunday,,,22.9736,90.2306,,,,,,,,0.1
11,,saturday,,,22.9736,90.2306,,,,,,,,0
2,,tuesday,,,22.9736,90.2306,,,,,,,,0
10,,monday,,,22.9736,90.2306,,,,,,,,0
3,,wednesday,,,25.1028,91.8917,,,,,,,,0.8
11,,saturday,,,24.375,91.4167,,,,,,,,0
7,,thursday,,,24.375,91.4167,,,,,,,,21
3,,tuesday,,,24.375,91.4167,,,,,,,,0
8,,saturday,,,24.375,91.4167,,,,,,,,6.2
3,,tuesday,,,24.375,91.4167,,,,,,,,0
3,,tuesday,,,24.375,91.4167,,,,,,,,0
1,,thursday,,,23.0667,90.6375,,,,,,,,0
1,,thursday,,,23.25,90.85,,,,,,,,0
10,,tuesday,,,25.2833,89.0167,,,,,,,,0.6
10,,monday,,,25.2833,89.0167,,,,,,,,0.1
9,,sunday,,,25.2833,89.0167,,,,,,,,1.8
9,,tuesday,,,25.125,90.35,,,,,,,,9.7
2,,tuesday,,,25.125,90.35,,,,,,,,0
11,,thursday,,,25.125,90.35,,,,,,,,1.1
4,,tuesday,,,25.125,90.35,,,,,,,,0
8,,wednesday,,,25.8083,88.1417,,,,,,,,12.4
4,,friday,,,23.7333,89.9667,,,,,,,,0
6,,tuesday,,,23.7333,89.9667,,,,,,,,20.4
2,,friday,,,22.3667,91.125,,,,,,,,0
3,,wednesday,,,26.1125,89.1333,,,,,,,,0
2,,tuesday,,,26.1125,89.1333,,,,,,,,7.5
3,,tuesday,,,26.1125,89.1333,,,,,,,,2.1
4,,monday,,,24.4167,90.65,,,,,,,,1.8
4,,monday,,,24.15,89.0667,,,,,,,,0
1,,sunday,,,24.15,89.0667,,,,,,,,0
9,,sunday,,,24.15,89.0667,,,,,,,,23.7
11,,sunday,,,24.15,89.0667,,,,,,,,2
10,,monday,,,24.15,89.0667,,,,,,,,0
9,,tuesday,,,24.15,89.0667,,,,,,,,0.2
12,,monday,,,24.15,89.0667,,,,,,,,0
11,,tuesday,,,24.15,89.0667,,,,,,,,0
11,,wednesday,,,24.15,89.0667,,,,,,,,0
2,,tuesday,,,24.6833,90.625,,,,,,,,0
1,,thursday,,,24.6833,90.625,,,,,,,,0
10,,tuesday,,,24.6833,90.625,,,,,,,,1.2
5,,thursday,,,25.125,92.1167,,,,,,,,19.7
10,,tuesday,,,26.0167,89.025,,,,,,,,0
8,,sunday,,,26.0167,89.025,,,,,,,,16.3
8,,wednesday,,,26.0167,89.025,,,,,,,,3
10,,friday,,,26.0167,89.025,,,,,,,,38.7
1,,monday,,,26.0167,89.025,,,,,,,,0
10,,thursday,,,24.9833,91.2333,,,,,,,,15.5
2,,saturday,,,23.180315,89.1608575,,,,,,,,0
4,,friday,,,23.180315,89.1608575,,,,,,,,0
1,,monday,,,23.180315,89.1608575,,,,,,,,0
1,,monday,,,23.180315,89.1608575,,,,,,,,0
5,,monday,,,22.6431,90.2,,,,,,,,0.3
6,,wednesday,,,22.6431,90.2,,,,,,,,22.8
3,,friday,,,23.1,89.1333,,,,,,,,0
3,,saturday,,,23.1,89.1333,,,,,,,,0
5,,monday,,,23.1,89.1333,,,,,,,,5
7,,sunday,,,23.4167,88.8208,,,,,,,,2.3
9,,friday,,,25.1,89.03333,,,,,,,,0.3
10,,tuesday,,,25.1,89.03333,,,,,,,,5.8
3,,sunday,,,25.1,89.03333,,,,,,,,4.8
1,,thursday,,,25.1,89.03333,,,,,,,,0
6,,saturday,,,25.1,89.03333,,,,,,,,0.2
2,,tuesday,,,25.1,89.03333,,,,,,,,0
3,,thursday,,,24.58006,92.16467,,,,,,,,0
6,,friday,,,22.8333,91.2,,,,,,,,1
8,,sunday,,,23.35,90.8917,,,,,,,,26.5
5,,thursday,,,23.35,90.8917,,,,,,,,4.7
1,,thursday,,,25.0583,89.1833,,,,,,,,0
9,,saturday,,,21.9861,90.2422,,,,,,,,0
9,,saturday,,,21.9861,90.2422,,,,,,,,0
8,,tuesday,,,21.9861,90.2422,,,,,,,,0.2
9,,saturday,,,21.9861,90.2422,,,,,,,,0
9,,tuesday,,,21.9861,90.2422,,,,,,,,0
9,,tuesday,,,21.9861,90.2422,,,,,,,,4.2
8,,saturday,,,21.9861,90.2422,,,,,,,,8.8
8,,sunday,,,21.9861,90.2422,,,,,,,,7.5
8,,sunday,,,21.9861,90.2422,,,,,,,,5.1
1,,tuesday,,,21.9861,90.2422,,,,,,,,0
2,,wednesday,,,21.9861,90.2422,,,,,,,,0
10,,monday,,,24.075,90.2167,,,,,,,,0
10,,monday,,,24.075,90.2167,,,,,,,,0
7,,monday,,,23.4139,89.1333,,,,,,,,0
7,,monday,,,23.925,90.5667,,,,,,,,16.9
1,,friday,,,25.974953,89.228404,,,,,,,,0
12,,monday,,,25.974953,89.228404,,,,,,,,0
11,,tuesday,,,22.45,89.0417,,,,,,,,0
2,,tuesday,,,23.4139,89.1333,,,,,,,,0
10,,tuesday,,,23.925,90.5667,,,,,,,,0
2,,saturday,,,25.974953,89.228404,,,,,,,,0
2,,wednesday,,,23.4139,89.1333,,,,,,,,0
1,,sunday,,,25.974953,89.228404,,,,,,,,0
2,,monday,,,25.974953,89.228404,,,,,,,,1.9
12,,sunday,,,24.3833,90.0083,,,,,,,,0
10,,sunday,,,24.3833,90.0083,,,,,,,,1.1
10,,sunday,,,24.3833,90.0083,,,,,,,,0
8,,tuesday,,,24.3833,90.0083,,,,,,,,3.1
1,,tuesday,,,23.0667,90.2417,,,,,,,,0
1,,wednesday,,,25.0833,90.8917,,,,,,,,0
6,,friday,,,25.0833,90.8917,,,,,,,,4.2
5,,friday,,,25.0833,90.8917,,,,,,,,5.4
8,,tuesday,,,25.0833,90.8917,,,,,,,,5
10,,friday,,,24.3667,91.8667,,,,,,,,4.5
11,,friday,,,24.3667,91.8667,,,,,,,,15.3
8,,monday,,,24.1,90.57,,,,,,,,22.9
12,,tuesday,,,24.1,90.57,,,,,,,,0
4,,saturday,,,24.1,90.57,,,,,,,,3.2
5,,saturday,,,24.4583,90.8833,,,,,,,,10.7
7,,sunday,,,24.25,90.7917,,,,,,,,2.8
10,,tuesday,,,24.65,90.8417,,,,,,,,0
6,,wednesday,,,25.9278,88.7333,,,,,,,,36.7
8,,monday,,,25.9278,88.7333,,,,,,,,24.8
2,,monday,,,23.8,89.2833,,,,,,,,0
1,,thursday,,,25.9111,89.025,,,,,,,,0
9,,tuesday,,,25.9111,89.025,,,,,,,,4.4
2,,saturday,,,25.9111,89.025,,,,,,,,0
8,,saturday,,,25.9111,89.025,,,,,,,,52.8
9,,thursday,,,22.3417,89.3,,,,,,,,1.2
7,,thursday,,,24.489182,92.024555,,,,,,,,1
4,,saturday,,,24.489182,92.024555,,,,,,,,1
7,,tuesday,,,24.489182,92.024555,,,,,,,,19.6
4,,saturday,,,24.489182,92.024555,,,,,,,,1
4,,thursday,,,24.489182,92.024555,,,,,,,,0.6
10,,thursday,,,24.489182,92.024555,,,,,,,,17.6
5,,friday,,,24.489182,92.024555,,,,,,,,14.6
9,,tuesday,,,24.489182,92.024555,,,,,,,,2.7
3,,sunday,,,24.489182,92.024555,,,,,,,,0
9,,wednesday,,,24.489182,92.024555,,,,,,,,18.3
8,,wednesday,,,23.8542,89.2417,,,,,,,,12.3
10,,thursday,,,23.8542,89.2417,,,,,,,,0
3,,tuesday,,,24.2889,91.2167,,,,,,,,4.7
11,,friday,,,25.915,89.45,,,,,,,,0
4,,friday,,,25.915,89.45,,,,,,,,1
6,,wednesday,,,25.915,89.45,,,,,,,,22.1
10,,friday,,,25.915,89.45,,,,,,,,0.9
6,,monday,,,25.915,89.45,,,,,,,,16.6
2,,monday,,,25.915,89.45,,,,,,,,0
3,,monday,,,25.915,89.45,,,,,,,,0
1,,friday,,,24.1028,91.2917,,,,,,,,0
10,,thursday,,,24.1028,91.2917,,,,,,,,0.5
10,,saturday,,,24.1028,91.2917,,,,,,,,6.8
4,,tuesday,,,24.1028,91.2917,,,,,,,,25.1
2,,wednesday,,,24.1028,91.2917,,,,,,,,0
11,,saturday,,,23.5417,89.6306,,,,,,,,0
11,,saturday,,,23.5417,89.6306,,,,,,,,0
9,,sunday,,,23.0167,89.2333,,,,,,,,10.1
10,,saturday,,,22.2869,89.9667,,,,,,,,6
6,,sunday,,,22.2869,89.9667,,,,,,,,4.9
7,,saturday,,,22.8319,90.5333,,,,,,,,19.6
3,,friday,,,24.9667,89.8333,,,,,,,,0
5,,tuesday,,,23.9333,89,,,,,,,,0.2
7,,wednesday,,,23.9333,89,,,,,,,,75.4
5,,wednesday,,,25.5417,89.2833,,,,,,,,8.7
5,,thursday,,,25.5417,89.2833,,,,,,,,32
3,,friday,,,23.0417,91.9944,,,,,,,,0.1
1,,saturday,,,21.55,91.95,,,,,,,,0
6,,monday,,,21.55,91.95,,,,,,,,7.3
9,,friday,,,22.4833,89.6083,,,,,,,,0.7
10,,sunday,,,24.4778,91.7667,,,,,,,,14
5,,monday,,,23.65,88.6,,,,,,,,0
1,,tuesday,,,24.7583,90.2667,,,,,,,,0
4,,saturday,,,24.7583,90.2667,,,,,,,,10.7
5,,sunday,,,24.7583,90.2667,,,,,,,,14.2
10,,saturday,,,22.915,90.415,,,,,,,,13.8
2,,wednesday,,,24.75,90.4167,,,,,,,,0
2,,monday,,,24.75,90.4167,,,,,,,,2.1
5,,friday,,,24.75,90.4167,,,,,,,,16.7
1,,friday,,,24.75,90.4167,,,,,,,,0
9,,sunday,,,24.75,90.4167,,,,,,,,6.8
12,,saturday,,,24.75,90.4167,,,,,,,,0
11,,monday,,,25.6333,88.65,,,,,,,,0
1,,sunday,,,23.2167,89.35,,,,,,,,0
1,,friday,,,25.7583,89.2333,,,,,,,,0
1,,sunday,,,23.85,90.0111,,,,,,,,0
1,,sunday,,,24.4139,88.93,,,,,,,,0
1,,sunday,,,24.75,90.4167,,,,,,,,0
7,,tuesday,,,23.180315,89.1608575,,,,,,,,2.3
7,,monday,,,25.7583,89.2333,,,,,,,,10.9
7,,wednesday,,,25.333317,89.520761,,,,,,,,3.2
7,,wednesday,,,21.454718,92.010452,,,,,,,,8.7
7,,tuesday,,,24.25,89.9167,,,,,,,,2.1
7,,wednesday,,,21.454718,92.010452,,,,,,,,8.7
11,,wednesday,,,24.888242,91.868519,,,,,,,,0
11,,thursday,,,23.0744,88.8667,,,,,,,,0
4,,saturday,,,23.9,89.1333,,,,,,,,1
9,,tuesday,,,25.6333,88.65,,,,,,,,0.6
6,,wednesday,,,23.1667,90.2083,,,,,,,,3.6
6,,thursday,,,25.4153,89.3167,,,,,,,,6.4
6,,wednesday,,,24.075,90.2167,,,,,,,,0
10,,wednesday,,,25.7583,89.2333,,,,,,,,0
11,,sunday,,,23.605717,89.841728,,,,,,,,0
7,,tuesday,,,23.6417,88.8583,,,,,,,,3.5
7,,monday,,,23.9,89.1333,,,,,,,,6.4
7,,sunday,,,25.7583,89.2333,,,,,,,,11.7
9,,friday,,,23.996158,90.419726,,,,,,,,11.4
9,,wednesday,,,23.996158,90.419726,,,,,,,,0.8
9,,tuesday,,,26.0208,88.4667,,,,,,,,34.1
9,,monday,,,26.0208,88.4667,,,,,,,,0.8
10,,sunday,,,23.9,89.1333,,,,,,,,0.1
10,,tuesday,,,26.0208,88.4667,,,,,,,,2.9
10,,thursday,,,26.0208,88.4667,,,,,,,,3.4
10,,thursday,,,26.0208,88.4667,,,,,,,,3.4
10,,friday,,,26.0208,88.4667,,,,,,,,0.8
10,,monday,,,23.5417,89.1833,,,,,,,,0
9,,friday,,,23.996158,90.419726,,,,,,,,11.4
4,,tuesday,,,24.4139,88.93,,,,,,,,0
9,,friday,,,22.2333,92.1917,,,,,,,,4.1
9,,saturday,,,24.005,89.25,,,,,,,,9.9
8,,wednesday,,,24.888242,91.868519,,,,,,,,1.2
8,,monday,,,23.9,89.1333,,,,,,,,5.9
8,,friday,,,23.4875,89.4208,,,,,,,,2.9
8,,monday,,,22.7,90.3667,,,,,,,,0.5
8,,monday,,,26.0208,88.4667,,,,,,,,0
8,,saturday,,,22.5778,89.99,,,,,,,,6
8,,wednesday,,,26.0208,88.4667,,,,,,,,0.7
8,,monday,,,24.888242,91.868519,,,,,,,,8.4
8,,monday,,,22.5778,89.99,,,,,,,,12.4
8,,friday,,,25.6333,88.65,,,,,,,,0
8,,monday,,,23.996158,90.419726,,,,,,,,0.1
4,,sunday,,,24.4139,88.93,,,,,,,,0
8,,monday,,,23.81667,88.755,,,,,,,,15.1
8,,monday,,,23.85,90.01,,,,,,,,14.2
12,,wednesday,,,24.6333,90.2667,,,,,,,,0
7,,sunday,,,25.0833,90.8917,,,,,,,,43.6
7,,saturday,,,22.7,90.3667,,,,,,,,7.5
7,,sunday,,,23.9,89.1333,,,,,,,,30.8
7,,monday,,,24.888242,91.868519,,,,,,,,3.1
8,,saturday,,,25.0833,90.8917,,,,,,,,8.1
8,,wednesday,,,23.85,90.0111,,,,,,,,3.9
4,,monday,,,24.8417,89.375,,,,,,,,14
3,,tuesday,,,24.888242,91.868519,,,,,,,,0
3,,wednesday,,,24.586659,88.275275,,,,,,,,0
1,,thursday,,,24.888242,91.868519,,,,,,,,0
2,,saturday,,,24.888242,91.868519,,,,,,,,0
2,,wednesday,,,22.65,92.1833,,,,,,,,0
11,,sunday,,,24.888242,91.868519,,,,,,,,3.3
2,,wednesday,,,25.1,91.3,,,,,,,,0
3,,tuesday,,,24.888242,91.868519,,,,,,,,0.7
3,,tuesday,,,25.51667,88.88333,,,,,,,,0
10,,wednesday,,,26.0208,88.4667,,,,,,,,0
4,,wednesday,,,24.6333,90.2667,,,,,,,,0
8,,thursday,,,22.7,90.3667,,,,,,,,6.7
8,,thursday,,,22.7,90.3667,,,,,,,,6.7
7,,monday,,,24.8417,89.375,,,,,,,,0.2
8,,monday,,,24.888242,91.868519,,,,,,,,15.1
8,,monday,,,24.888242,91.868519,,,,,,,,15.1
8,,tuesday,,,21.454718,92.010452,,,,,,,,3.6
8,,tuesday,,,22.7,90.3667,,,,,,,,21.8
8,,saturday,,,24.888242,91.868519,,,,,,,,1.1
8,,tuesday,,,23.9,89.1333,,,,,,,,1.7
10,,saturday,,,24.005,89.25,,,,,,,,19.8
10,,friday,,,23.180315,89.1608575,,,,,,,,0
11,,thursday,,,25.0833,90.8917,,,,,,,,0
11,,sunday,,,25.7583,89.2333,,,,,,,,0
5,,wednesday,,,24.888242,91.868519,,,,,,,,45.1
6,,sunday,,,25.7583,89.2333,,,,,,,,31.1
12,,friday,,,24.75833,90.575,,,,,,,,0
12,,monday,,,23.85,90.01,,,,,,,,0
12,,tuesday,,,23.0744,88.8667,,,,,,,,0
1,,saturday,,,22.95,90.825,,,,,,,,0
2,,tuesday,,,22.7,90.3667,,,,,,,,0
2,,thursday,,,24.8417,89.375,,,,,,,,0
2,,friday,,,24.75,90.4167,,,,,,,,0
10,,thursday,,,26.0208,88.4667,,,,,,,,0
11,,wednesday,,,25.7583,89.2333,,,,,,,,0.8
9,,wednesday,,,25.7583,89.2333,,,,,,,,18.4
9,,saturday,,,24.4583,89.7,,,,,,,,0
10,,thursday,,,26.0208,88.4667,,,,,,,,0
10,,friday,,,24.888242,91.868519,,,,,,,,0.1
10,,monday,,,23.9,89.1333,,,,,,,,0
10,,thursday,,,22.5778,89.99,,,,,,,,15.3
10,,sunday,,,23.0417,91.9944,,,,,,,,27.5
10,,monday,,,22.5778,89.99,,,,,,,,9
10,,sunday,,,24.4333,90.7833,,,,,,,,0.2
10,,sunday,,,25.915,89.45,,,,,,,,1
10,,monday,,,23.4875,89.4208,,,,,,,,0.3
9,,thursday,,,24.888242,91.868519,,,,,,,,4.4
8,,sunday,,,23.4583,90.5417,,,,,,,,2.7
8,,friday,,,22.8256,91.1014,,,,,,,,0.8
8,,monday,,,24.8417,89.375,,,,,,,,22.9
8,,thursday,,,24.888242,91.868519,,,,,,,,62.1
8,,thursday,,,24.888242,91.868519,,,,,,,,62.1
8,,sunday,,,24.888242,91.868519,,,,,,,,31.8
8,,sunday,,,24.888242,91.868519,,,,,,,,31.8
8,,monday,,,23.5417,89.1833,,,,,,,,27.5
9,,wednesday,,,24.005,89.25,,,,,,,,2.9
9,,tuesday,,,24.4583,89.7,,,,,,,,6.7
8,,wednesday,,,24.375,91.4167,,,,,,,,21.4
9,,monday,,,23.180315,89.1608575,,,,,,,,0
8,,wednesday,,,23.996158,90.419726,,,,,,,,0.4
10,,sunday,,,24.888242,91.868519,,,,,,,,0.5
11,,tuesday,,,23.996158,90.419726,,,,,,,,2.7
2,,sunday,,,25.915,89.45,,,,,,,,0
2,,sunday,,,24.8417,89.375,,,,,,,,0
2,,saturday,,,24.805,88.95,,,,,,,,0
9,,saturday,,,25.7583,89.2333,,,,,,,,10.1
9,,saturday,,,23.6,90.5,,,,,,,,3.8
9,,wednesday,,,25.51667,88.88333,,,,,,,,6
9,,saturday,,,22.45,89.0417,,,,,,,,24.6
9,,tuesday,,,24.1,90.57,,,,,,,,0
2,,sunday,,,24.2917,89.7,,,,,,,,0
10,,tuesday,,,25.333317,89.520761,,,,,,,,2.6
8,,wednesday,,,23.9611,89.8417,,,,,,,,6.4
8,,saturday,,,24.75,90.4167,,,,,,,,0
6,,monday,,,24.888242,91.868519,,,,,,,,2
6,,tuesday,,,24.4333,89.375,,,,,,,,2.2
6,,thursday,,,25.7583,89.2333,,,,,,,,28.5
6,,sunday,,,25.915,89.45,,,,,,,,3.1
1,,thursday,,,25.7583,89.2333,,,,,,,,0
1,,tuesday,,,24.888242,91.868519,,,,,,,,0
1,,saturday,,,26.0208,88.4667,,,,,,,,0
1,,tuesday,,,26.1278,88.925,,,,,,,,0
2,,wednesday,,,24.888242,91.868519,,,,,,,,0
7,,thursday,,,23.4875,89.4208,,,,,,,,23.9
1,,tuesday,,,22.5778,89.99,,,,,,,,0
1,,thursday,,,24.8417,89.375,,,,,,,,0
1,,saturday,,,23.4583,90.5417,,,,,,,,0
1,,friday,,,23.4583,90.5417,,,,,,,,0
1,,sunday,,,23.85,90.0111,,,,,,,,0
2,,wednesday,,,25.7583,89.2333,,,,,,,,0
2,,wednesday,,,24.375,91.4167,,,,,,,,0
3,,tuesday,,,25.8167,89.65,,,,,,,,0.8
3,,friday,,,23.0167,91.3917,,,,,,,,0
3,,thursday,,,22.7,90.3667,,,,,,,,0.2
3,,tuesday,,,22.7,90.3667,,,,,,,,0
3,,wednesday,,,24.375,91.4167,,,,,,,,1
3,,wednesday,,,24.375,91.4167,,,,,,,,1
1,,monday,,,24.375,91.4167,,,,,,,,0
3,,friday,,,23.0167,91.3917,,,,,,,,0.3
12,,thursday,,,24.888242,91.868519,,,,,,,,0
11,,wednesday,,,23.9,89.1333,,,,,,,,0
11,,wednesday,,,24.8417,89.375,,,,,,,,0.1
11,,sunday,,,24.375,91.4167,,,,,,,,0
11,,wednesday,,,23.0744,88.8667,,,,,,,,0
11,,sunday,,,22.7,90.3667,,,,,,,,0
11,,thursday,,,24.4139,88.93,,,,,,,,0
12,,thursday,,,24.25,89.9167,,,,,,,,0
12,,tuesday,,,24.25,89.9167,,,,,,,,0
3,,friday,,,24.375,91.4167,,,,,,,,0
5,,sunday,,,24.888242,91.868519,,,,,,,,24.2
5,,tuesday,,,23.996158,90.419726,,,,,,,,1.3
5,,tuesday,,,24.888242,91.868519,,,,,,,,11.4
5,,tuesday,,,24.375,91.4167,,,,,,,,10.7
5,,saturday,,,22.2869,89.9667,,,,,,,,0.2
6,,thursday,,,24.25,89.9167,,,,,,,,0.8
6,,sunday,,,23.6417,88.8583,,,,,,,,19.9
6,,saturday,,,22.8256,91.1014,,,,,,,,0.5
6,,friday,,,24.888242,91.868519,,,,,,,,30.4
5,,sunday,,,24.888242,91.868519,,,,,,,,24.2
3,,tuesday,,,25.7583,89.2333,,,,,,,,0.1
5,,thursday,,,24.888242,91.868519,,,,,,,,6.5
5,,friday,,,25.6333,88.65,,,,,,,,0.3
3,,friday,,,24.9167,89.9583,,,,,,,,0
3,,tuesday,,,23.6,90.5,,,,,,,,0
4,,thursday,,,25.06667,91.4,,,,,,,,2.8
4,,thursday,,,24.375,91.4167,,,,,,,,4.4
4,,thursday,,,25.9417,88.8444,,,,,,,,0.6
4,,thursday,,,22.5778,89.99,,,,,,,,0.7
4,,thursday,,,24.375,91.4167,,,,,,,,0.8
4,,sunday,,,23.180315,89.1608575,,,,,,,,2.5
4,,tuesday,,,24.888242,91.868519,,,,,,,,9.3
4,,monday,,,23.0744,88.8667,,,,,,,,2.6
5,,monday,,,22.7,90.3667,,,,,,,,1.4
5,,tuesday,,,25.7583,89.2333,,,,,,,,0
5,,thursday,,,23.6,90.5,,,,,,,,0
5,,tuesday,,,24.888242,91.868519,,,,,,,,1
5,,tuesday,,,26.3347,88.5583,,,,,,,,46.7
1,,thursday,,,24.888242,91.868519,,,,,,,,0
1,,wednesday,,,23.0744,88.8667,,,,,,,,0
1,,sunday,,,23.9,89.1333,,,,,,,,0
4,,thursday,,,25.51667,88.88333,,,,,,,,0.8
5,,wednesday,,,21.82174,92.43776,,,,,,,,0.3
5,,thursday,,,24.005,89.25,,,,,,,,48.6
8,,saturday,,,22.7,90.3667,,,,,,,,11.2
9,,saturday,,,22.50439,89.97897,,,,,,,,6.1
1,,tuesday,,,23.0744,88.8667,,,,,,,,0
1,,wednesday,,,23.6,90.5,,,,,,,,0
1,,friday,,,24.888242,91.868519,,,,,,,,0
2,,saturday,,,22.1508,90.1264,,,,,,,,0
2,,thursday,,,25.7583,89.2333,,,,,,,,0
1,,wednesday,,,24.75,90.4167,,,,,,,,0
2,,tuesday,,,25.51667,88.88333,,,,,,,,0
1,,monday,,,23.180315,89.1608575,,,,,,,,0
3,,sunday,,,24.888242,91.868519,,,,,,,,0
3,,friday,,,24.25,89.9167,,,,,,,,0
3,,saturday,,,24.75,90.4167,,,,,,,,8.6
3,,wednesday,,,23.0167,91.3917,,,,,,,,0
3,,thursday,,,26.0208,88.4667,,,,,,,,0
8,,wednesday,,,23.0744,88.8667,,,,,,,,3.2
7,,wednesday,,,22.7,90.3667,,,,,,,,2.3
7,,tuesday,,,23.6,90.5,,,,,,,,7.8
7,,sunday,,,23.9528,91.1167,,,,,,,,0.7
7,,wednesday,,,22.6431,90.2,,,,,,,,16.6
7,,sunday,,,25.6333,88.65,,,,,,,,6.1
3,,friday,,,24.9167,89.9583,,,,,,,,0.1
7,,tuesday,,,24.56667,91.515,,,,,,,,8.4
11,,wednesday,,,24.56667,91.515,,,,,,,,0.2
9,,monday,,,23.8833,90.9833,,,,,,,,3.7
9,,monday,,,23.8833,90.9833,,,,,,,,3.7
2,,monday,,,24.73092,88.41722,,,,,,,,0
8,,saturday,,,24.73092,88.41722,,,,,,,,0.6
7,,tuesday,,,24.05,89.86806,,,,,,,,2.1
6,,sunday,,,24.05,89.86806,,,,,,,,8.2
8,,thursday,,,21.4167,92.1833,,,,,,,,0.3
3,,sunday,,,24.5667,90.6833,,,,,,,,0
10,,thursday,,,24.5667,90.6833,,,,,,,,5
4,,saturday,,,24.5667,90.6833,,,,,,,,2.4
3,,monday,,,24.5667,90.6833,,,,,,,,0
3,,sunday,,,24.5667,90.6833,,,,,,,,0
5,,saturday,,,23.6,90.5,,,,,,,,0.7
2,,saturday,,,24.207,91.2097,,,,,,,,0
2,,saturday,,,24.207,91.2097,,,,,,,,0
9,,monday,,,24.207,91.2097,,,,,,,,7.5
9,,monday,,,24.207,91.2097,,,,,,,,7.5
3,,sunday,,,22.7461,89.9678,,,,,,,,0
5,,friday,,,22.7461,89.9678,,,,,,,,2.8
5,,monday,,,22.7461,89.9678,,,,,,,,1.5
11,,tuesday,,,22.7472,90.1036,,,,,,,,1.1
5,,wednesday,,,22.7472,90.1036,,,,,,,,2.8
4,,tuesday,,,22.7472,90.1036,,,,,,,,4.5
4,,tuesday,,,24.875,90.7333,,,,,,,,0.1
12,,sunday,,,24.6611,89.2333,,,,,,,,0
8,,thursday,,,24.4417,88.6278,,,,,,,,4
7,,wednesday,,,24.005,89.25,,,,,,,,42.8
8,,wednesday,,,24.005,89.25,,,,,,,,1.5
4,,thursday,,,25.2833,89.35,,,,,,,,36.6
4,,sunday,,,25.2833,89.35,,,,,,,,27.7
6,,thursday,,,25.195,89.02,,,,,,,,25.5
9,,thursday,,,25.195,89.02,,,,,,,,9.6
8,,saturday,,,23.7917,89.4167,,,,,,,,23.7
7,,thursday,,,25.6533,88.9155,,,,,,,,27.3
5,,saturday,,,25.6533,88.9155,,,,,,,,7.5
8,,monday,,,25.6533,88.9155,,,,,,,,73.7
7,,monday,,,25.6533,88.9155,,,,,,,,17.2
4,,tuesday,,,25.6533,88.9155,,,,,,,,0.6
7,,sunday,,,25.6533,88.9155,,,,,,,,4.7
10,,tuesday,,,26.35,89.01667,,,,,,,,0
8,,friday,,,26.35,89.01667,,,,,,,,2.6
2,,wednesday,,,22.0458,89.9689,,,,,,,,0
8,,tuesday,,,22.3542,90.3181,,,,,,,,4
9,,sunday,,,22.3542,90.3181,,,,,,,,6.9
6,,tuesday,,,25.1917,89.6167,,,,,,,,14
2,,thursday,,,25.1917,89.6167,,,,,,,,0
6,,tuesday,,,25.1917,89.6167,,,,,,,,14
4,,thursday,,,24.95,90.35,,,,,,,,14.1
2,,thursday,,,25.58,89.4,,,,,,,,0
10,,thursday,,,25.8542,88.3667,,,,,,,,10.9
5,,wednesday,,,22.5778,89.99,,,,,,,,0.1
1,,tuesday,,,24.375,88.85,,,,,,,,1
8,,tuesday,,,24.375,88.85,,,,,,,,1.1
2,,tuesday,,,24.375,88.85,,,,,,,,0
10,,wednesday,,,24.375,88.85,,,,,,,,10.3
4,,sunday,,,22.5667,90.1417,,,,,,,,0
9,,wednesday,,,22.5667,90.1417,,,,,,,,15
1,,sunday,,,22.5667,90.1417,,,,,,,,0
4,,saturday,,,22.5667,90.1417,,,,,,,,0
1,,wednesday,,,22.5667,90.1417,,,,,,,,0
4,,wednesday,,,22.5667,90.1417,,,,,,,,0.1
4,,saturday,,,22.5667,90.1417,,,,,,,,1.9
5,,saturday,,,22.5667,90.1417,,,,,,,,0.3
10,,friday,,,23.755,89.65,,,,,,,,0
6,,thursday,,,23.755,89.65,,,,,,,,17.9
6,,sunday,,,23.755,89.65,,,,,,,,0
5,,friday,,,25.7583,89.2333,,,,,,,,12.6
2,,friday,,,25.7583,89.2333,,,,,,,,0
7,,sunday,,,25.7583,89.2333,,,,,,,,0.2
4,,saturday,,,24.7333,88.975,,,,,,,,0
9,,wednesday,,,25.88833,88.25167,,,,,,,,18.3
10,,sunday,,,25.88833,88.25167,,,,,,,,0
8,,friday,,,25.88833,88.25167,,,,,,,,0
10,,wednesday,,,22.1667,92.3333,,,,,,,,0
7,,monday,,,23.7931,90.5167,,,,,,,,2.3
5,,friday,,,25.3833,89.4667,,,,,,,,29.4
9,,tuesday,,,25.3833,89.4667,,,,,,,,30.8
12,,wednesday,,,24.31667,90.16806,,,,,,,,0
12,,wednesday,,,24.31667,90.16806,,,,,,,,0
8,,tuesday,,,23.410295,89.80207,,,,,,,,12.6
11,,monday,,,24.0583,89.5333,,,,,,,,0
4,,friday,,,22.2917,89.7917,,,,,,,,1
12,,friday,,,22.2917,89.7917,,,,,,,,0
12,,monday,,,24.7417,89.8333,,,,,,,,0
5,,sunday,,,24.7417,89.8333,,,,,,,,47.8
4,,monday,,,24.7417,89.8333,,,,,,,,0.9
4,,friday,,,22.7167,89.075,,,,,,,,0
8,,tuesday,,,23.961012,89.998051,,,,,,,,2.4
4,,wednesday,,,24.17,89.58833,,,,,,,,1.3
8,,friday,,,23.6917,89.25,,,,,,,,0.7
3,,tuesday,,,24.762147,89.382832,,,,,,,,4.3
7,,thursday,,,24.762147,89.382832,,,,,,,,32.2
7,,tuesday,,,24.762147,89.382832,,,,,,,,33.6
8,,sunday,,,24.762147,89.382832,,,,,,,,30.9
7,,saturday,,,24.762147,89.382832,,,,,,,,25.5
5,,tuesday,,,25.03087,91.40376,,,,,,,,0.6
5,,saturday,,,24.8833,89.5667,,,,,,,,0.6
9,,sunday,,,23.0744,88.8667,,,,,,,,4.2
7,,wednesday,,,23.0744,88.8667,,,,,,,,4.1
6,,monday,,,23.0744,88.8667,,,,,,,,0.5
4,,wednesday,,,23.0744,88.8667,,,,,,,,4
3,,tuesday,,,23.0744,88.8667,,,,,,,,0.4
3,,tuesday,,,23.0744,88.8667,,,,,,,,0.4
3,,tuesday,,,23.0744,88.8667,,,,,,,,0.4
11,,friday,,,23.0744,88.8667,,,,,,,,0
11,,wednesday,,,23.0744,88.8667,,,,,,,,0
6,,tuesday,,,23.0744,88.8667,,,,,,,,4.8
6,,tuesday,,,23.0744,88.8667,,,,,,,,4.8
5,,thursday,,,23.0744,88.8667,,,,,,,,0
2,,wednesday,,,23.0744,88.8667,,,,,,,,0
9,,sunday,,,23.35,90.1667,,,,,,,,9.6
3,,tuesday,,,25.0167,89.3167,,,,,,,,0
9,,thursday,,,25.0167,89.3167,,,,,,,,0.1
11,,friday,,,25.0167,89.3167,,,,,,,,0
12,,thursday,,,25.0167,89.3167,,,,,,,,0
3,,tuesday,,,25.0167,89.3167,,,,,,,,0
3,,tuesday,,,25.0167,89.3167,,,,,,,,0
10,,thursday,,,24.020189,90.74723,,,,,,,,14.8
6,,saturday,,,23.8167,90.15,,,,,,,,2.4
7,,wednesday,,,23.8167,90.15,,,,,,,,5.8
10,,thursday,,,23.8167,90.15,,,,,,,,0.6
1,,sunday,,,24.5,89.13333,,,,,,,,0
10,,tuesday,,,23.5667,90.3833,,,,,,,,0
3,,monday,,,24.4583,89.7,,,,,,,,3.2
2,,sunday,,,22.85,91.3917,,,,,,,,0
12,,saturday,,,23.03833,91.10833,,,,,,,,0
5,,wednesday,,,23.6583,90.6083,,,,,,,,10.8
4,,saturday,,,23.6583,90.6083,,,,,,,,4.7
7,,sunday,,,23.6583,90.6083,,,,,,,,5.6
7,,tuesday,,,24.3083,91.7333,,,,,,,,4.2
1,,thursday,,,24.3083,91.7333,,,,,,,,0
6,,monday,,,24.3083,91.7333,,,,,,,,83.7
8,,friday,,,24.2,90.4667,,,,,,,,6.9
9,,friday,,,24.2,90.4667,,,,,,,,0.1
12,,friday,,,23.6,89.3875,,,,,,,,0
12,,friday,,,24.2,90.4667,,,,,,,,0
8,,saturday,,,24.2,90.4667,,,,,,,,5.2
6,,thursday,,,24.2,90.4667,,,,,,,,3.5
5,,monday,,,24.2,90.4667,,,,,,,,18.4
4,,friday,,,24.2,90.4667,,,,,,,,8.4
4,,sunday,,,24.2,90.4667,,,,,,,,0.9
10,,wednesday,,,24.2,90.4667,,,,,,,,5.2
8,,thursday,,,22.6833,91.11,,,,,,,,1.4
8,,monday,,,22.6833,91.11,,,,,,,,9.7
3,,tuesday,,,23.9167,89.4333,,,,,,,,0
2,,saturday,,,25.06667,91.4,,,,,,,,0
10,,friday,,,25.56436,89.51909,,,,,,,,0.1
10,,friday,,,25.56436,89.51909,,,,,,,,0.1
10,,friday,,,25.56436,89.51909,,,,,,,,0.1
5,,tuesday,,,24.888242,91.868519,,,,,,,,51.9
4,,friday,,,24.888242,91.868519,,,,,,,,11.6
3,,thursday,,,24.888242,91.868519,,,,,,,,0
3,,monday,,,25.0917,91.175,,,,,,,,0
10,,sunday,,,24.4333,89.375,,,,,,,,0.9
7,,thursday,,,26.0208,88.4667,,,,,,,,10.1
11,,monday,,,26.0208,88.4667,,,,,,,,0
2,,sunday,,,26.0208,88.4667,,,,,,,,0
11,,friday,,,26.0208,88.4667,,,,,,,,0
7,,monday,,,26.0208,88.4667,,,,,,,,28.5
5,,monday,,,26.0208,88.4667,,,,,,,,22
5,,thursday,,,26.0208,88.4667,,,,,,,,11.2
12,,tuesday,,,26.0208,88.4667,,,,,,,,0
1,,monday,,,26.0208,88.4667,,,,,,,,0
10,,sunday,,,23.5,90.4583,,,,,,,,0.1
3,,sunday,,,23.5,90.4583,,,,,,,,0
3,,sunday,,,23.5,90.4583,,,,,,,,0
5,,tuesday,,,24.575,90.39167,,,,,,,,0.1
8,,wednesday,,,24.575,90.39167,,,,,,,,0.6
12,,wednesday,,,24.575,90.39167,,,,,,,,0
5,,saturday,,,24.575,90.39167,,,,,,,,7.3
10,,saturday,,,22.8111,90.2444,,,,,,,,0
12,,thursday,,,23.01667,89.43333,,,,,,,,0
10,,saturday,,,23.01667,89.43333,,,,,,,,0.2
6,,sunday,,,23.01667,89.43333,,,,,,,,30.9
10,,saturday,,,23.01667,89.43333,,,,,,,,0.2
10,,saturday,,,23.01667,89.43333,,,,,,,,0.2
7,,friday,,,24.81667,89,,,,,,,,1.1
4,,thursday,,,24.81667,89,,,,,,,,17.4
1,,tuesday,,,25.925,89.35,,,,,,,,0
6,,thursday,,,25.925,89.35,,,,,,,,21.1
6,,thursday,,,25.925,89.35,,,,,,,,52
2,,tuesday,,,24.5472,91.25,,,,,,,,0
12,,monday,,,23.8833,91.2166,,,,,,,,0
7,,thursday,,,23.8833,91.2166,,,,,,,,34.9
10,,saturday,,,23.8833,91.2166,,,,,,,,19.4
7,,monday,,,23.8833,91.2166,,,,,,,,16.5
1,,saturday,,,24.975,89.02,,,,,,,,0
4,,thursday,,,24.975,89.02,,,,,,,,0.6
8,,monday,,,24.975,89.02,,,,,,,,9
12,,saturday,,,24.975,89.02,,,,,,,,0
5,,sunday,,,24.975,89.02,,,,,,,,1.8
10,,saturday,,,24.975,89.02,,,,,,,,0.8
8,,wednesday,,,24.975,89.02,,,,,,,,15.2
1,,thursday,,,24.975,89.02,,,,,,,,0
3,,saturday,,,24.975,89.02,,,,,,,,0
3,,tuesday,,,24.975,89.02,,,,,,,,0
4,,friday,,,23.7583,88.95,,,,,,,,0
10,,friday,,,23.7583,88.95,,,,,,,,0.8
1,,friday,,,21.6667,92.3056,,,,,,,,0
4,,monday,,,22.1294,90.2289,,,,,,,,0.6
12,,thursday,,,22.1294,90.2289,,,,,,,,0
12,,thursday,,,22.1294,90.2289,,,,,,,,0
10,,monday,,,22.1294,90.2289,,,,,,,,0
11,,monday,,,23.7917,90.65,,,,,,,,0
9,,saturday,,,23.7917,90.65,,,,,,,,6
10,,monday,,,23.7917,90.65,,,,,,,,0
3,,saturday,,,23.7917,90.65,,,,,,,,9.1
12,,tuesday,,,23.7917,90.65,,,,,,,,0.3
11,,thursday,,,23.7917,90.65,,,,,,,,0
9,,wednesday,,,23.7917,90.65,,,,,,,,7.9
3,,friday,,,24.0366,91.005,,,,,,,,0
11,,sunday,,,24.0366,91.005,,,,,,,,0
11,,sunday,,,24.0366,91.005,,,,,,,,0
1,,thursday,,,24.0366,91.005,,,,,,,,0
2,,monday,,,24.0366,91.005,,,,,,,,0
5,,friday,,,24.0366,91.005,,,,,,,,22.2
5,,wednesday,,,24.1333,89.25,,,,,,,,1.9
3,,thursday,,,24.1333,89.25,,,,,,,,0
9,,tuesday,,,24.61333,88.97,,,,,,,,19.7
4,,tuesday,,,24.61333,88.97,,,,,,,,3.9
4,,saturday,,,26.3083,88.4583,,,,,,,,0.2
5,,thursday,,,26.3083,88.4583,,,,,,,,2.2
8,,monday,,,26.3083,88.4583,,,,,,,,13.3
5,,wednesday,,,22.8319,90.3222,,,,,,,,3.1
8,,thursday,,,24.96667,88.9,,,,,,,,0.3
12,,tuesday,,,25.66667,89.05,,,,,,,,0
12,,saturday,,,24.33,88.945,,,,,,,,0
3,,thursday,,,22.66667,89.8,,,,,,,,0
4,,wednesday,,,22.66667,89.8,,,,,,,,1.4
12,,wednesday,,,24.1917,88.8333,,,,,,,,0
7,,thursday,,,23.2167,89.35,,,,,,,,23.9
4,,thursday,,,23.2167,89.35,,,,,,,,0
2,,monday,,,24.5639,88.8083,,,,,,,,0
2,,tuesday,,,24.3556,91.5417,,,,,,,,0
9,,thursday,,,22.55,90.3389,,,,,,,,0.3
1,,thursday,,,24.6667,91.8333,,,,,,,,0
5,,wednesday,,,24.6667,91.8333,,,,,,,,0.2
5,,wednesday,,,26.1,88.275,,,,,,,,4
12,,wednesday,,,26.1,88.275,,,,,,,,0
7,,monday,,,23.635,89.55,,,,,,,,17.6
10,,saturday,,,23.635,89.55,,,,,,,,0
9,,thursday,,,22.7819,90.1667,,,,,,,,2.8
8,,friday,,,23.6167,90.525,,,,,,,,1.2
8,,monday,,,23.6167,90.525,,,,,,,,1.3
2,,monday,,,23.6167,90.525,,,,,,,,0
2,,monday,,,23.6167,90.525,,,,,,,,0
5,,friday,,,22.2333,92.1917,,,,,,,,6.5
2,,wednesday,,,22.2333,92.1917,,,,,,,,0
8,,monday,,,24.5417,91.3333,,,,,,,,6.8
11,,sunday,,,24.3083,89.1708,,,,,,,,0
3,,sunday,,,24.3083,89.1708,,,,,,,,0
1,,friday,,,24.3083,89.1708,,,,,,,,0
10,,tuesday,,,22.1508,90.1264,,,,,,,,0.1
11,,thursday,,,22.1508,90.1264,,,,,,,,0
6,,tuesday,,,22.7,90.3667,,,,,,,,10.5
11,,monday,,,22.7,90.3667,,,,,,,,0
5,,wednesday,,,22.7,90.3667,,,,,,,,4.4
12,,tuesday,,,22.7,90.3667,,,,,,,,0
8,,friday,,,22.7,90.3667,,,,,,,,2.9
7,,friday,,,22.7,90.3667,,,,,,,,1.5
12,,tuesday,,,24.7083,92.2,,,,,,,,0
12,,saturday,,,24.7083,92.2,,,,,,,,0
3,,saturday,,,24.7083,92.2,,,,,,,,0
5,,tuesday,,,24.2167,90.05,,,,,,,,3
11,,saturday,,,24.2167,90.05,,,,,,,,0
12,,wednesday,,,24.2167,90.05,,,,,,,,0
2,,monday,,,24.2167,90.05,,,,,,,,0
2,,sunday,,,22.95,91.1,,,,,,,,0
10,,wednesday,,,22.4667,92.375,,,,,,,,0
9,,sunday,,,24.2917,89.7,,,,,,,,3.2
6,,tuesday,,,24.2917,89.7,,,,,,,,56.8
7,,wednesday,,,24.2917,89.7,,,,,,,,38.3
3,,wednesday,,,24.0667,89.625,,,,,,,,0
6,,wednesday,,,24.0667,89.625,,,,,,,,16.4
10,,friday,,,24.0667,89.625,,,,,,,,9.1
1,,monday,,,24.375,90.37833,,,,,,,,0
5,,monday,,,24.375,90.37833,,,,,,,,6.4
11,,friday,,,24.375,90.37833,,,,,,,,0
8,,sunday,,,24.375,90.37833,,,,,,,,25.8
11,,tuesday,,,24.375,90.37833,,,,,,,,0
5,,wednesday,,,24.375,90.37833,,,,,,,,4
6,,sunday,,,22.4889,90.0733,,,,,,,,72.5
10,,wednesday,,,23.3833,89.9833,,,,,,,,0.6
1,,thursday,,,24.0167,88.9917,,,,,,,,0
8,,sunday,,,22.6903,90.6525,,,,,,,,20.2
9,,wednesday,,,22.6903,90.6525,,,,,,,,0
2,,thursday,,,24.9389,88.2028,,,,,,,,0
8,,thursday,,,24.4583,89.8667,,,,,,,,26.8
10,,wednesday,,,24.0211,91.2797,,,,,,,,13.1
5,,friday,,,24.0211,91.2797,,,,,,,,40.7
7,,tuesday,,,24.0211,91.2797,,,,,,,,16.8
3,,monday,,,25.3783,88.9833,,,,,,,,0
1,,thursday,,,25.3783,88.9833,,,,,,,,0.1
4,,monday,,,25.3783,88.9833,,,,,,,,0
7,,thursday,,,25.3783,88.9833,,,,,,,,27.8
7,,saturday,,,25.3783,88.9833,,,,,,,,5.7
2,,wednesday,,,25.3783,88.9833,,,,,,,,0
6,,tuesday,,,26,88.5833,,,,,,,,19.8
5,,sunday,,,26,88.5833,,,,,,,,0.9
8,,tuesday,,,26,88.5833,,,,,,,,21.7
5,,saturday,,,26,88.5833,,,,,,,,1.3
3,,tuesday,,,26,88.5833,,,,,,,,0
11,,tuesday,,,26,88.5833,,,,,,,,0
6,,friday,,,25.6333,88.5333,,,,,,,,1.9
6,,friday,,,25.6333,88.5333,,,,,,,,1.9
9,,monday,,,24.8083,91.7639,,,,,,,,0
9,,wednesday,,,23.3917,89.6833,,,,,,,,13.5
9,,wednesday,,,23.3917,89.6833,,,,,,,,13.5
11,,friday,,,25.8,88.4611,,,,,,,,0
6,,thursday,,,25.8,88.4611,,,,,,,,12.7
8,,wednesday,,,26.2083,88.5597,,,,,,,,39.5
3,,tuesday,,,26.2083,88.5597,,,,,,,,0
9,,tuesday,,,24.8417,89.375,,,,,,,,17.5
12,,saturday,,,24.8417,89.375,,,,,,,,0
2,,sunday,,,24.8417,89.375,,,,,,,,1
10,,saturday,,,25.185884,89.869977,,,,,,,,17.3
11,,monday,,,25.185884,89.869977,,,,,,,,0.1
11,,sunday,,,23.9528,91.1167,,,,,,,,0.8
2,,monday,,,23.9528,91.1167,,,,,,,,0
11,,sunday,,,23.9528,91.1167,,,,,,,,0
9,,thursday,,,23.9528,91.1167,,,,,,,,40
12,,saturday,,,23.9528,91.1167,,,,,,,,0
11,,sunday,,,23.9528,91.1167,,,,,,,,0
12,,friday,,,23.9528,91.1167,,,,,,,,0
1,,wednesday,,,23.55,91.1264,,,,,,,,0
10,,sunday,,,23.4833,91.0083,,,,,,,,2.9
7,,thursday,,,23.228401,90.645015,,,,,,,,21
4,,tuesday,,,23.228401,90.645015,,,,,,,,0.7
1,,saturday,,,24.586659,88.275275,,,,,,,,0
10,,thursday,,,24.586659,88.275275,,,,,,,,5.6
10,,thursday,,,24.586659,88.275275,,,,,,,,5.6
1,,saturday,,,24.586659,88.275275,,,,,,,,0
1,,saturday,,,24.586659,88.275275,,,,,,,,0
1,,saturday,,,24.586659,88.275275,,,,,,,,0
4,,monday,,,24.586659,88.275275,,,,,,,,0
1,,sunday,,,24.586659,88.275275,,,,,,,,0
3,,thursday,,,22.1847,90.7625,,,,,,,,0.1
1,,saturday,,,24.2833,88.775,,,,,,,,0
9,,thursday,,,24.2833,88.775,,,,,,,,1.5
4,,saturday,,,23.05,90.9583,,,,,,,,0
4,,thursday,,,23.05,90.9583,,,,,,,,9.8
9,,thursday,,,23.05,90.9583,,,,,,,,1
1,,friday,,,24.225,89.2917,,,,,,,,0
8,,sunday,,,24.225,89.2917,,,,,,,,20.1
7,,saturday,,,23.2167,91.3167,,,,,,,,8.6
5,,thursday,,,23.0361,91.5194,,,,,,,,0.4
9,,wednesday,,,25.6625,88.7833,,,,,,,,1.8
9,,wednesday,,,25.6625,88.7833,,,,,,,,1.8
5,,monday,,,25.6625,88.7833,,,,,,,,0.5
3,,tuesday,,,23.6417,88.8583,,,,,,,,0.2
5,,tuesday,,,23.6417,88.8583,,,,,,,,0
11,,saturday,,,23.459349,91.18264,,,,,,,,0
11,,wednesday,,,23.459349,91.18264,,,,,,,,0
9,,thursday,,,23.459349,91.18264,,,,,,,,1.1
8,,wednesday,,,23.459349,91.18264,,,,,,,,35.6
7,,tuesday,,,23.459349,91.18264,,,,,,,,10.2
7,,thursday,,,21.454718,92.010452,,,,,,,,89.6
6,,thursday,,,21.454718,92.010452,,,,,,,,1.6
4,,sunday,,,21.454718,92.010452,,,,,,,,0
7,,sunday,,,24.9,91.86667,,,,,,,,7
5,,wednesday,,,23.1333,90.4333,,,,,,,,7.3
5,,monday,,,23.6167,88.7833,,,,,,,,0.1
8,,sunday,,,23.6167,88.7833,,,,,,,,9.8
3,,wednesday,,,23.6167,88.7833,,,,,,,,0
1,,tuesday,,,23.5333,90.7167,,,,,,,,0
2,,sunday,,,23.5333,90.7167,,,,,,,,0
8,,tuesday,,,24.0014,88.875,,,,,,,,9.1
11,,sunday,,,24.0014,88.875,,,,,,,,0
7,,sunday,,,22.5667,88.9667,,,,,,,,12.2
12,,monday,,,23.6,90.9917,,,,,,,,0
11,,monday,,,23.6,90.9917,,,,,,,,0
3,,saturday,,,23.6,90.9917,,,,,,,,3.2
7,,wednesday,,,26.158752,88.718945,,,,,,,,50.8
6,,monday,,,26.158752,88.718945,,,,,,,,2
7,,sunday,,,24.1417,89.9667,,,,,,,,0.5
12,,saturday,,,24.1417,89.9667,,,,,,,,0
2,,friday,,,24.1417,89.9667,,,,,,,,0
2,,friday,,,24.1417,89.9667,,,,,,,,0
5,,saturday,,,25.1417,89.7833,,,,,,,,8.3
12,,wednesday,,,25.1417,89.7833,,,,,,,,0
5,,wednesday,,,25.1417,89.7833,,,,,,,,0.5
7,,tuesday,,,25.1417,89.7833,,,,,,,,17.2
8,,friday,,,25.1417,89.7833,,,,,,,,0.9
7,,sunday,,,22.5667,88.9667,,,,,,,,12.2
6,,tuesday,,,24.6833,89.5375,,,,,,,,2.8
6,,monday,,,24.6833,89.5375,,,,,,,,17.6
4,,friday,,,24.6833,89.5375,,,,,,,,18.5
3,,friday,,,24.6833,89.5375,,,,,,,,7.4
1,,tuesday,,,24.6833,89.5375,,,,,,,,0
2,,wednesday,,,24.6833,89.5375,,,,,,,,0
8,,thursday,,,24.6833,89.5375,,,,,,,,11.7
7,,monday,,,24.6833,89.5375,,,,,,,,2.8
6,,sunday,,,22.9083,89.5333,,,,,,,,21.7
2,,monday,,,25.6333,88.65,,,,,,,,0.5
9,,thursday,,,25.6333,88.65,,,,,,,,0.4
8,,tuesday,,,25.6333,88.65,,,,,,,,9.5
5,,sunday,,,25.6333,88.65,,,,,,,,0.6
12,,thursday,,,25.6333,88.65,,,,,,,,0
7,,saturday,,,25.6333,88.65,,,,,,,,1.1
7,,sunday,,,25.6333,88.65,,,,,,,,8.9
10,,tuesday,,,25.6333,88.65,,,,,,,,5.4
3,,thursday,,,26.1,88.8361,,,,,,,,0
7,,tuesday,,,23.9611,89.8417,,,,,,,,12
8,,saturday,,,22.8083,89.425,,,,,,,,27.6
2,,sunday,,,22.8083,89.425,,,,,,,,0
4,,thursday,,,22.8083,89.425,,,,,,,,10.9
8,,saturday,,,22.8083,89.425,,,,,,,,27.6
6,,friday,,,22.8083,89.425,,,,,,,,5.4
7,,thursday,,,22.8083,89.425,,,,,,,,20
10,,thursday,,,24.875,89.17,,,,,,,,8.1
9,,wednesday,,,24.875,89.17,,,,,,,,48.6
2,,sunday,,,24.875,89.17,,,,,,,,0
10,,thursday,,,24.875,89.17,,,,,,,,8.1
6,,friday,,,24.875,89.17,,,,,,,,1.1
3,,thursday,,,25.09,90.7,,,,,,,,8.8
9,,saturday,,,25.09,90.7,,,,,,,,0.7
3,,friday,,,24.4556,88.7667,,,,,,,,0
10,,thursday,,,25.09,90.7,,,,,,,,0.5
12,,thursday,,,24.4556,88.7667,,,,,,,,0
7,,tuesday,,,23.125,90.7486,,,,,,,,28.4
10,,friday,,,23.125,90.7486,,,,,,,,13.9
12,,saturday,,,24.1583,89.4528,,,,,,,,0
8,,tuesday,,,24.1583,89.4528,,,,,,,,7.4
8,,thursday,,,23.605717,89.841728,,,,,,,,37.7
11,,wednesday,,,23.605717,89.841728,,,,,,,,0
6,,wednesday,,,23.605717,89.841728,,,,,,,,2
10,,monday,,,23.605717,89.841728,,,,,,,,0
10,,monday,,,23.605717,89.841728,,,,,,,,0
9,,monday,,,23.605717,89.841728,,,,,,,,0
2,,wednesday,,,23.605717,89.841728,,,,,,,,0
12,,wednesday,,,23.605717,89.841728,,,,,,,,0
3,,wednesday,,,23.605717,89.841728,,,,,,,,1.6
7,,friday,,,24.7083,91.9403,,,,,,,,2.2
1,,friday,,,23.0167,91.3917,,,,,,,,0
1,,monday,,,23.0167,91.3917,,,,,,,,0
12,,sunday,,,23.0167,91.3917,,,,,,,,0
12,,wednesday,,,25.51667,88.88333,,,,,,,,0
7,,wednesday,,,25.51667,88.88333,,,,,,,,0.7
7,,saturday,,,25.51667,88.88333,,,,,,,,5.6
6,,sunday,,,25.51667,88.88333,,,,,,,,12.4
4,,monday,,,25.51667,88.88333,,,,,,,,0
10,,monday,,,25.51667,88.88333,,,,,,,,0.1
9,,friday,,,24.6333,90.2667,,,,,,,,1
7,,sunday,,,24.6333,90.2667,,,,,,,,13.6
9,,monday,,,24.6333,90.2667,,,,,,,,30.9
7,,sunday,,,24.6333,90.2667,,,,,,,,13.6
5,,wednesday,,,24.6333,90.2667,,,,,,,,28.5
2,,tuesday,,,24.6333,90.2667,,,,,,,,0
7,,sunday,,,24.6333,90.2667,,,,,,,,13.6
3,,tuesday,,,24.875,89.45,,,,,,,,8
10,,tuesday,,,24.4167,90.55,,,,,,,,0.9
10,,thursday,,,25.333317,89.520761,,,,,,,,6
10,,tuesday,,,25.333317,89.520761,,,,,,,,0
7,,sunday,,,23.5417,90.6083,,,,,,,,17.2
9,,saturday,,,22.1639,90.4306,,,,,,,,21.4
3,,thursday,,,22.1639,90.4306,,,,,,,,0
3,,sunday,,,22.1639,90.4306,,,,,,,,0
10,,tuesday,,,22.1639,90.4306,,,,,,,,0.1
3,,wednesday,,,22.1639,90.4306,,,,,,,,2.3
6,,tuesday,,,25.85,89.2167,,,,,,,,34.9
1,,sunday,,,23.996158,90.419726,,,,,,,,0
2,,friday,,,23.996158,90.419726,,,,,,,,0.4
4,,saturday,,,23.996158,90.419726,,,,,,,,0.5
9,,tuesday,,,23.996158,90.419726,,,,,,,,12.7
2,,saturday,,,23.996158,90.419726,,,,,,,,0
7,,wednesday,,,23.996158,90.419726,,,,,,,,2.9
5,,monday,,,23.996158,90.419726,,,,,,,,18.4
2,,tuesday,,,23.996158,90.419726,,,,,,,,0
1,,friday,,,23.996158,90.419726,,,,,,,,0
1,,wednesday,,,23.996158,90.419726,,,,,,,,0
6,,wednesday,,,23.996158,90.419726,,,,,,,,5.5
9,,saturday,,,23.996158,90.419726,,,,,,,,5
8,,sunday,,,23.996158,90.419726,,,,,,,,7
4,,sunday,,,23.996158,90.419726,,,,,,,,0.9
8,,tuesday,,,23.996158,90.419726,,,,,,,,3.5
10,,thursday,,,23.996158,90.419726,,,,,,,,1.6
3,,tuesday,,,23.996158,90.419726,,,,,,,,0
5,,sunday,,,23.996158,90.419726,,,,,,,,0.3
5,,saturday,,,23.996158,90.419726,,,,,,,,1.6
10,,friday,,,23.996158,90.419726,,,,,,,,0
10,,saturday,,,23.996158,90.419726,,,,,,,,0.2
4,,tuesday,,,24.46667,89.96667,,,,,,,,5.9
2,,thursday,,,24.46667,89.96667,,,,,,,,0
1,,tuesday,,,25.2458,89.2167,,,,,,,,0
3,,friday,,,25.2458,89.2167,,,,,,,,0
11,,wednesday,,,25.2458,89.2167,,,,,,,,0
1,,wednesday,,,25.1333,89.3917,,,,,,,,2.8
6,,monday,,,25.1333,89.3917,,,,,,,,2.6
10,,saturday,,,25.1333,89.3917,,,,,,,,8.2
9,,sunday,,,25.1333,89.3917,,,,,,,,23.1
8,,monday,,,25.1333,89.3917,,,,,,,,3.4
9,,wednesday,,,24.775,88.2833,,,,,,,,13.9
9,,monday,,,24.775,88.2833,,,,,,,,85.7
4,,thursday,,,24.775,88.2833,,,,,,,,1.3
4,,friday,,,24.775,88.2833,,,,,,,,0
2,,friday,,,24.775,88.2833,,,,,,,,0
6,,monday,,,24.775,88.2833,,,,,,,,2.7
5,,friday,,,24.775,88.2833,,,,,,,,2.6
3,,monday,,,23.0167,89.8333,,,,,,,,0
9,,tuesday,,,24.5583,89.9167,,,,,,,,0
8,,tuesday,,,24.5583,89.9167,,,,,,,,0.2
12,,saturday,,,24.5583,89.9167,,,,,,,,0
8,,monday,,,22.9736,90.2306,,,,,,,,4.3
5,,monday,,,25.1028,91.8917,,,,,,,,0.1
8,,saturday,,,25.1028,91.8917,,,,,,,,6
8,,wednesday,,,25.1028,91.8917,,,,,,,,5.8
12,,tuesday,,,24.3667,89.25,,,,,,,,0
9,,saturday,,,24.375,91.4167,,,,,,,,2.3
9,,monday,,,24.375,91.4167,,,,,,,,13
3,,wednesday,,,24.375,91.4167,,,,,,,,0
11,,saturday,,,25.2833,89.0167,,,,,,,,0
9,,saturday,,,25.2833,89.0167,,,,,,,,7.5
6,,saturday,,,25.2833,89.0167,,,,,,,,7.3
4,,tuesday,,,25.2833,89.0167,,,,,,,,0
1,,sunday,,,25.2833,89.0167,,,,,,,,0.7
1,,friday,,,25.125,90.35,,,,,,,,0
7,,wednesday,,,25.125,90.35,,,,,,,,0
3,,thursday,,,23.6417,89.05,,,,,,,,0
11,,sunday,,,23.6417,89.05,,,,,,,,0
11,,sunday,,,23.6417,89.05,,,,,,,,0
10,,thursday,,,25.8083,88.1417,,,,,,,,0
10,,friday,,,25.8083,88.1417,,,,,,,,10.2
7,,friday,,,23.7333,89.9667,,,,,,,,31.8
6,,monday,,,22.3667,91.125,,,,,,,,50.9
4,,saturday,,,22.3667,91.125,,,,,,,,0
9,,sunday,,,26.1125,89.1333,,,,,,,,5.4
7,,wednesday,,,26.1125,89.1333,,,,,,,,36
8,,friday,,,26.1125,89.1333,,,,,,,,23.1
1,,saturday,,,22.9,90.5083,,,,,,,,0
11,,wednesday,,,23.6833,90.7917,,,,,,,,0
4,,monday,,,23.6833,90.7917,,,,,,,,7.6
11,,monday,,,24.4167,90.65,,,,,,,,3.5
6,,monday,,,24.15,89.0667,,,,,,,,0.2
12,,saturday,,,24.15,89.0667,,,,,,,,0
12,,tuesday,,,24.15,89.0667,,,,,,,,0
2,,sunday,,,24.15,89.0667,,,,,,,,0
9,,thursday,,,24.15,89.0667,,,,,,,,0.1
5,,monday,,,25.0833,89.7917,,,,,,,,89.9
11,,wednesday,,,25.0833,89.7917,,,,,,,,1.2
10,,thursday,,,25.0833,89.7917,,,,,,,,1.4
2,,tuesday,,,24.6833,90.625,,,,,,,,0
4,,tuesday,,,24.6833,90.625,,,,,,,,0
10,,thursday,,,24.6833,90.625,,,,,,,,1.9
9,,tuesday,,,24.5333,91.0833,,,,,,,,13.2
10,,monday,,,24.7667,91.5431,,,,,,,,4.9
1,,tuesday,,,25.125,92.1167,,,,,,,,0
12,,tuesday,,,25.125,92.1167,,,,,,,,0
12,,saturday,,,26.0167,89.025,,,,,,,,0
1,,wednesday,,,24.9167,89.9583,,,,,,,,0
5,,wednesday,,,24.9167,89.9583,,,,,,,,0
3,,monday,,,24.9167,89.9583,,,,,,,,0
2,,tuesday,,,24.9167,89.9583,,,,,,,,0
12,,tuesday,,,24.9167,89.9583,,,,,,,,0
8,,saturday,,,24.9167,89.9583,,,,,,,,13.2
2,,saturday,,,24.9167,89.9583,,,,,,,,0
2,,saturday,,,23.180315,89.1608575,,,,,,,,0
8,,wednesday,,,23.180315,89.1608575,,,,,,,,10.3
1,,tuesday,,,23.180315,89.1608575,,,,,,,,0
8,,thursday,,,23.180315,89.1608575,,,,,,,,25.3
7,,sunday,,,23.180315,89.1608575,,,,,,,,27.2
7,,thursday,,,23.180315,89.1608575,,,,,,,,33.1
7,,sunday,,,23.180315,89.1608575,,,,,,,,27.2
5,,monday,,,23.180315,89.1608575,,,,,,,,7.8
4,,friday,,,23.180315,89.1608575,,,,,,,,8.8
3,,tuesday,,,23.180315,89.1608575,,,,,,,,0
2,,friday,,,23.180315,89.1608575,,,,,,,,0
12,,wednesday,,,22.6431,90.2,,,,,,,,0
6,,sunday,,,22.6431,90.2,,,,,,,,0.3
6,,thursday,,,22.6431,90.2,,,,,,,,4
3,,thursday,,,23.5417,89.1833,,,,,,,,0.1
1,,monday,,,23.5417,89.1833,,,,,,,,0
10,,wednesday,,,23.5417,89.1833,,,,,,,,0
9,,friday,,,23.5417,89.1833,,,,,,,,0
12,,monday,,,25.1833,90.0667,,,,,,,,0
4,,thursday,,,25.1833,90.0667,,,,,,,,1.8
2,,friday,,,23.1,89.1333,,,,,,,,0
6,,thursday,,,23.1,89.1333,,,,,,,,6.3
3,,sunday,,,23.1,89.1333,,,,,,,,0
8,,friday,,,23.4167,88.8208,,,,,,,,2.6
10,,tuesday,,,23.4167,88.8208,,,,,,,,0
8,,tuesday,,,25.1,89.03333,,,,,,,,6.5
9,,wednesday,,,25.1,89.03333,,,,,,,,2.3
9,,wednesday,,,25.1,89.03333,,,,,,,,2.3
5,,thursday,,,25.1,89.03333,,,,,,,,0.7
12,,wednesday,,,25.1,89.03333,,,,,,,,0
10,,sunday,,,24.8167,89.2667,,,,,,,,0.2
6,,saturday,,,24.8167,89.2667,,,,,,,,0.1
6,,friday,,,25.7917,88.6,,,,,,,,11.5
2,,tuesday,,,21.9861,90.2422,,,,,,,,1.7
4,,thursday,,,21.9861,90.2422,,,,,,,,0
3,,tuesday,,,21.9861,90.2422,,,,,,,,0
8,,monday,,,21.9861,90.2422,,,,,,,,1.9
7,,wednesday,,,21.9861,90.2422,,,,,,,,11.3
10,,wednesday,,,22.875,89.0417,,,,,,,,7.8
11,,wednesday,,,24.075,90.2167,,,,,,,,0
6,,tuesday,,,24.075,90.2167,,,,,,,,11.5
3,,sunday,,,23.4139,89.1333,,,,,,,,0
11,,tuesday,,,23.4139,89.1333,,,,,,,,0
8,,wednesday,,,23.4139,89.1333,,,,,,,,0.7
7,,saturday,,,23.4139,89.1333,,,,,,,,20.9
3,,friday,,,23.925,90.5667,,,,,,,,0
5,,monday,,,23.4139,89.1333,,,,,,,,10.9
12,,sunday,,,23.4139,89.1333,,,,,,,,0
8,,saturday,,,23.925,90.5667,,,,,,,,2.7
10,,tuesday,,,24.3833,90.0083,,,,,,,,0
6,,thursday,,,24.3833,90.0083,,,,,,,,10.2
9,,thursday,,,24.3833,90.0083,,,,,,,,0.9
1,,wednesday,,,23.0667,90.2417,,,,,,,,0
12,,wednesday,,,23.0667,90.2417,,,,,,,,0
5,,wednesday,,,23.0667,90.2417,,,,,,,,0
4,,wednesday,,,22.73,90.88,,,,,,,,0.6
12,,sunday,,,24.3667,91.8667,,,,,,,,0
4,,thursday,,,24.3667,91.8667,,,,,,,,7.2
7,,wednesday,,,25.0166,92.2472,,,,,,,,9.8
10,,monday,,,24.1,90.57,,,,,,,,7.8
12,,tuesday,,,24.1,90.57,,,,,,,,0
6,,friday,,,24.4583,90.8833,,,,,,,,16.5
6,,tuesday,,,24.4583,90.8833,,,,,,,,6
2,,thursday,,,23.759377,91.143823,,,,,,,,0
4,,wednesday,,,23.2167,89.7,,,,,,,,3.6
6,,friday,,,22.4,90.125,,,,,,,,0.4
9,,monday,,,22.4,90.125,,,,,,,,1.3
12,,thursday,,,25.7708,89.4167,,,,,,,,0
10,,monday,,,25.7708,89.4167,,,,,,,,1.2
5,,saturday,,,25.7708,89.4167,,,,,,,,1.3
7,,wednesday,,,22.62,90.07,,,,,,,,4.2
9,,saturday,,,24.65,90.8417,,,,,,,,3.5
8,,saturday,,,24.65,90.8417,,,,,,,,20.5
3,,monday,,,22.870267,89.237263,,,,,,,,4.5
7,,sunday,,,22.870267,89.237263,,,,,,,,11.1
2,,monday,,,23.0417,91.9944,,,,,,,,0
10,,tuesday,,,24.7,91.125,,,,,,,,0
8,,thursday,,,25.9278,88.7333,,,,,,,,20.7
3,,tuesday,,,25.9278,88.7333,,,,,,,,2.9
8,,thursday,,,25.9278,88.7333,,,,,,,,3.2
4,,thursday,,,25.025,89.13333,,,,,,,,0
7,,friday,,,24.4333,90.7833,,,,,,,,1.4
9,,thursday,,,24.4333,90.7833,,,,,,,,3.7
9,,tuesday,,,25.9111,89.025,,,,,,,,4.4
11,,monday,,,25.9111,89.025,,,,,,,,0
4,,thursday,,,24.489182,92.024555,,,,,,,,4.3
10,,thursday,,,23.8542,89.2417,,,,,,,,0
2,,tuesday,,,23.8542,89.2417,,,,,,,,0
1,,tuesday,,,23.9,89.1333,,,,,,,,0
10,,tuesday,,,23.9,89.1333,,,,,,,,0
2,,monday,,,23.9,89.1333,,,,,,,,15
10,,thursday,,,23.9,89.1333,,,,,,,,14.3
8,,tuesday,,,23.9,89.1333,,,,,,,,16
10,,wednesday,,,23.9,89.1333,,,,,,,,1
9,,wednesday,,,23.24667,91.12833,,,,,,,,28.5
2,,saturday,,,23.24667,91.12833,,,,,,,,0
12,,tuesday,,,23.24667,91.12833,,,,,,,,0
4,,monday,,,22.95,90.825,,,,,,,,0
7,,friday,,,22.3211,90.7472,,,,,,,,4.3
1,,tuesday,,,22.3211,90.7472,,,,,,,,0
3,,sunday,,,25.915,89.45,,,,,,,,0.2
8,,wednesday,,,25.915,89.45,,,,,,,,42.5
1,,saturday,,,21.775,92.2,,,,,,,,0
6,,sunday,,,21.775,92.2,,,,,,,,12.9
10,,saturday,,,21.775,92.2,,,,,,,,3.3
10,,saturday,,,21.775,92.2,,,,,,,,3.3
5,,saturday,,,21.775,92.2,,,,,,,,3.7
10,,saturday,,,21.775,92.2,,,,,,,,3.3
5,,wednesday,,,21.775,92.2,,,,,,,,0.4
5,,wednesday,,,22.95,92.15,,,,,,,,0
1,,wednesday,,,23.1833,89.6625,,,,,,,,0
3,,wednesday,,,23.46,90.54,,,,,,,,0.4
3,,thursday,,,23.46,90.54,,,,,,,,0
7,,friday,,,24.8917,89.75,,,,,,,,8.7
3,,monday,,,23.1667,90.2083,,,,,,,,0
3,,friday,,,23.1667,90.2083,,,,,,,,0.2
9,,wednesday,,,23.1667,90.2083,,,,,,,,5.4
8,,thursday,,,23.1667,90.2083,,,,,,,,2.6
9,,wednesday,,,23.1667,90.2083,,,,,,,,5.4
12,,tuesday,,,23.5417,89.6306,,,,,,,,0
1,,wednesday,,,23.5417,89.6306,,,,,,,,0
1,,saturday,,,24.61667,90.01806,,,,,,,,0
1,,saturday,,,24.61667,90.01806,,,,,,,,0
1,,saturday,,,24.61667,90.01806,,,,,,,,0
1,,saturday,,,24.61667,90.01806,,,,,,,,0
2,,saturday,,,24.61667,90.01806,,,,,,,,0
6,,wednesday,,,23.4875,89.4208,,,,,,,,9.2
2,,tuesday,,,24.775,88.67,,,,,,,,1
10,,friday,,,23.85,90.0111,,,,,,,,3.1
4,,monday,,,23.85,90.0111,,,,,,,,4.6
6,,monday,,,23.85,90.0111,,,,,,,,50.1
5,,sunday,,,23.85,90.0111,,,,,,,,8.9
3,,thursday,,,23.85,90.0111,,,,,,,,1.3
8,,wednesday,,,23.85,90.0111,,,,,,,,23.3
3,,thursday,,,23.85,90.0111,,,,,,,,1.3
12,,thursday,,,23.0167,89.2333,,,,,,,,0
9,,wednesday,,,23.0167,89.2333,,,,,,,,23.3
7,,friday,,,23.0167,89.2333,,,,,,,,13
7,,thursday,,,23.0167,89.2333,,,,,,,,31
1,,monday,,,23.0167,89.2333,,,,,,,,0
9,,monday,,,22.2869,89.9667,,,,,,,,8.3
6,,tuesday,,,23.0417,91.875,,,,,,,,0.2
11,,wednesday,,,23.0417,91.875,,,,,,,,0
2,,saturday,,,23.0417,91.875,,,,,,,,0
12,,thursday,,,23.775,88.6417,,,,,,,,0
12,,monday,,,24.9667,89.8333,,,,,,,,0
8,,saturday,,,24.9667,89.8333,,,,,,,,2.4
12,,friday,,,24.9667,89.8333,,,,,,,,0
11,,friday,,,24.9667,89.8333,,,,,,,,0
8,,saturday,,,24.9667,89.8333,,,,,,,,2.4
5,,tuesday,,,24.9667,89.8333,,,,,,,,8.6
11,,friday,,,24.9667,89.8333,,,,,,,,0
2,,tuesday,,,23.9333,89,,,,,,,,0
7,,friday,,,24.1083,90.0917,,,,,,,,6.5
11,,tuesday,,,24.1083,90.0917,,,,,,,,0
2,,thursday,,,24.1083,90.0917,,,,,,,,2.8
7,,tuesday,,,24.1083,90.0917,,,,,,,,16.4
3,,sunday,,,25.5417,89.2833,,,,,,,,0
8,,monday,,,25.5417,89.2833,,,,,,,,5.9
2,,sunday,,,25.5417,89.2833,,,,,,,,0
10,,monday,,,25.5417,89.2833,,,,,,,,10.1
2,,wednesday,,,23.35,88.9125,,,,,,,,0
4,,wednesday,,,23.35,88.9125,,,,,,,,4
9,,tuesday,,,22.8887,89.771842,,,,,,,,10.9
2,,monday,,,23.1667,91.0667,,,,,,,,0.6
3,,friday,,,22.2986,90.9792,,,,,,,,0
12,,thursday,,,22.45,89.8583,,,,,,,,0
3,,saturday,,,22.45,89.8583,,,,,,,,0
11,,friday,,,22.45,89.8583,,,,,,,,0
3,,friday,,,24.4778,91.7667,,,,,,,,39.2
9,,saturday,,,23.3167,89.8667,,,,,,,,0.3
5,,wednesday,,,23.3167,89.8667,,,,,,,,5.2
3,,friday,,,24.7583,90.2667,,,,,,,,0
7,,wednesday,,,24.7583,90.2667,,,,,,,,14.2
12,,tuesday,,,24.7583,90.2667,,,,,,,,0
12,,sunday,,,24.7583,90.2667,,,,,,,,0
9,,thursday,,,24.7583,90.2667,,,,,,,,2
11,,thursday,,,24.7583,90.2667,,,,,,,,0
6,,sunday,,,22.915,90.415,,,,,,,,1.6
7,,monday,,,22.915,90.415,,,,,,,,3
12,,tuesday,,,23.4583,90.5417,,,,,,,,0
2,,friday,,,23.4583,90.5417,,,,,,,,0
4,,monday,,,24.75,90.4167,,,,,,,,9.9
4,,wednesday,,,24.75,90.4167,,,,,,,,3.3
8,,tuesday,,,24.75,90.4167,,,,,,,,23.5
10,,tuesday,,,24.75,90.4167,,,,,,,,0
10,,sunday,,,24.75,90.4167,,,,,,,,0
9,,sunday,,,24.75,90.4167,,,,,,,,0
5,,thursday,,,24.75,90.4167,,,,,,,,21.6
8,,monday,,,24.75,90.4167,,,,,,,,19
11,,wednesday,,,24.75,90.4167,,,,,,,,0.1
5,,sunday,,,24.75,90.4167,,,,,,,,0.3
9,,thursday,,,24.75,90.4167,,,,,,,,16.4
5,,tuesday,,,24.75,90.4167,,,,,,,,5.3
8,,saturday,,,23.6,90.5,,,,,,,,8.3
6,,tuesday,,,23.996158,90.419726,,,,,,,,0.6
6,,friday,,,23.6,90.5,,,,,,,,21.3
8,,thursday,,,23.605717,89.841728,,,,,,,,6.1
9,,friday,,,24.9167,89.9583,,,,,,,,12
8,,thursday,,,21.454718,92.010452,,,,,,,,8.5
2,,tuesday,,,23.996158,90.419726,,,,,,,,0.5
2,,thursday,,,22.3542,90.3181,,,,,,,,0
6,,saturday,,,25.0417,91.675,,,,,,,,13.5
11,,monday,,,24.4139,88.93,,,,,,,,0
12,,wednesday,,,23.180315,89.1608575,,,,,,,,0
5,,sunday,,,23.605717,89.841728,,,,,,,,12.6
5,,sunday,,,24.888242,91.868519,,,,,,,,11.8
11,,tuesday,,,25.915,89.45,,,,,,,,0
8,,tuesday,,,23.755,89.65,,,,,,,,32.3
2,,monday,,,24.805,88.95,,,,,,,,0
4,,monday,,,25.915,89.45,,,,,,,,2.4
4,,wednesday,,,23.6,90.5,,,,,,,,20.7
5,,saturday,,,24.875,90.7333,,,,,,,,1.8
4,,wednesday,,,24.7333,88.975,,,,,,,,0
2,,tuesday,,,22.638229,88.415531,,,,,,,,0
2,,tuesday,,,25.4153,89.3167,,,,,,,,0
2,,wednesday,,,23.0744,88.8667,,,,,,,,5.1
2,,thursday,,,24.8417,89.375,,,,,,,,0.1
3,,thursday,,,24.888242,91.868519,,,,,,,,0.2
3,,thursday,,,23.0744,88.8667,,,,,,,,0.1
4,,saturday,,,24.888242,91.868519,,,,,,,,21.6
4,,thursday,,,24.005,89.25,,,,,,,,0.6
9,,sunday,,,22.7,90.3667,,,,,,,,16.6
10,,thursday,,,23.0744,88.8667,,,,,,,,0.5
4,,wednesday,,,23.180315,89.1608575,,,,,,,,0.7
10,,monday,,,23.0744,88.8667,,,,,,,,0
10,,tuesday,,,24.075,90.2167,,,,,,,,0
9,,friday,,,24.8417,89.375,,,,,,,,40.4
5,,monday,,,23.0744,88.8667,,,,,,,,5.2
12,,thursday,,,23.4583,90.5417,,,,,,,,2
12,,saturday,,,23.4875,89.4208,,,,,,,,0
1,,friday,,,24.005,89.25,,,,,,,,0
4,,monday,,,23.0167,91.3917,,,,,,,,0
5,,thursday,,,23.9528,91.1167,,,,,,,,20.7
5,,saturday,,,21.454718,92.010452,,,,,,,,0
5,,sunday,,,24.8417,89.375,,,,,,,,0
6,,monday,,,24.75,90.4167,,,,,,,,12.7
8,,monday,,,23.6,90.5,,,,,,,,2.9
11,,friday,,,23.0744,88.8667,,,,,,,,0
10,,tuesday,,,23.0744,88.8667,,,,,,,,0.5
10,,saturday,,,23.0744,88.8667,,,,,,,,1.4
6,,tuesday,,,22.5778,89.99,,,,,,,,5.4
7,,sunday,,,24.4139,88.93,,,,,,,,12.9
7,,sunday,,,23.20833,90.35,,,,,,,,15.3
8,,tuesday,,,24.586659,88.275275,,,,,,,,20.6
8,,tuesday,,,24.25,89.9167,,,,,,,,11.2
9,,wednesday,,,24.25,89.9167,,,,,,,,0.5
10,,thursday,,,23.0744,88.8667,,,,,,,,0
8,,wednesday,,,25.1,89.03333,,,,,,,,7.1
1,,friday,,,23.6,90.5,,,,,,,,0
2,,thursday,,,23.6,90.5,,,,,,,,0
2,,thursday,,,25.9417,88.8444,,,,,,,,0
8,,monday,,,23.9528,91.1167,,,,,,,,0.3
3,,monday,,,22.95,92.15,,,,,,,,0
4,,tuesday,,,23.6417,88.8583,,,,,,,,1.6
12,,friday,,,23.6,90.5,,,,,,,,0
4,,tuesday,,,24.8417,89.375,,,,,,,,0
10,,sunday,,,24.586659,88.275275,,,,,,,,0.1
4,,saturday,,,21.454718,92.010452,,,,,,,,0.1
4,,thursday,,,24.888242,91.868519,,,,,,,,22.3
5,,friday,,,23.6,90.5,,,,,,,,6.4
11,,wednesday,,,22.8256,91.1014,,,,,,,,0
6,,thursday,,,23.180315,89.1608575,,,,,,,,17.2
5,,monday,,,24.8417,89.375,,,,,,,,2.7
8,,wednesday,,,23.996158,90.419726,,,,,,,,2
9,,sunday,,,23.996158,90.419726,,,,,,,,7.2
10,,thursday,,,24.875,90.7333,,,,,,,,0.9
10,,thursday,,,23.180315,89.1608575,,,,,,,,4
11,,saturday,,,23.6,90.5,,,,,,,,0
11,,sunday,,,23.459349,91.18264,,,,,,,,2.3
10,,monday,,,23.0744,88.8667,,,,,,,,36.3
12,,tuesday,,,24.805,88.95,,,,,,,,0
6,,wednesday,,,23.0744,88.8667,,,,,,,,2.6
8,,monday,,,24.2,90.4667,,,,,,,,3.4
8,,friday,,,24.888242,91.868519,,,,,,,,11.8
12,,monday,,,23.6,90.5,,,,,,,,0
8,,monday,,,23.180315,89.1608575,,,,,,,,5.7
10,,wednesday,,,22.50439,89.97897,,,,,,,,0
5,,saturday,,,24.888242,91.868519,,,,,,,,1.6
5,,thursday,,,22.442809,90.414608,,,,,,,,2.4
6,,thursday,,,22.62,90.07,,,,,,,,4
6,,sunday,,,23.0744,88.8667,,,,,,,,10.1
5,,monday,,,24.888242,91.868519,,,,,,,,5.5
10,,wednesday,,,22.95,90.825,,,,,,,,2.6
10,,friday,,,23.996158,90.419726,,,,,,,,0
4,,monday,,,23.0744,88.8667,,,,,,,,0
1,,wednesday,,,21.9861,90.2422,,,,,,,,0
1,,saturday,,,24.586659,88.275275,,,,,,,,0
12,,wednesday,,,23.996158,90.419726,,,,,,,,0
12,,tuesday,,,24.2917,89.7,,,,,,,,0
1,,monday,,,26.3347,88.5583,,,,,,,,0
5,,sunday,,,24.586659,88.275275,,,,,,,,6.4
7,,thursday,,,26.0208,88.4667,,,,,,,,30.8
7,,thursday,,,23.6583,90.6083,,,,,,,,9.6
1,,sunday,,,25.9417,88.8444,,,,,,,,0
11,,saturday,,,24.56667,91.515,,,,,,,,0
3,,saturday,,,24.56667,91.515,,,,,,,,0
12,,saturday,,,24.56667,91.515,,,,,,,,0
5,,saturday,,,23.8833,90.9833,,,,,,,,3.4
5,,saturday,,,23.8833,90.9833,,,,,,,,3.4
5,,tuesday,,,23.8833,90.9833,,,,,,,,0.7
5,,tuesday,,,23.8833,90.9833,,,,,,,,0.7
8,,tuesday,,,24.73092,88.41722,,,,,,,,0.8
1,,tuesday,,,24.73092,88.41722,,,,,,,,0
1,,wednesday,,,24.73092,88.41722,,,,,,,,0
8,,wednesday,,,23.4153,89.8917,,,,,,,,3.6
7,,wednesday,,,23.4153,89.8917,,,,,,,,14.1
4,,wednesday,,,23.4153,89.8917,,,,,,,,2.8
3,,sunday,,,24.05,89.86806,,,,,,,,0
8,,sunday,,,24.05,89.86806,,,,,,,,7
9,,thursday,,,25.9792,89.7083,,,,,,,,11.3
2,,saturday,,,21.4167,92.1833,,,,,,,,0
8,,wednesday,,,22.6222,90.2708,,,,,,,,8.2
5,,thursday,,,25.08333,90.18528,,,,,,,,15.5
8,,friday,,,25.08333,90.18528,,,,,,,,15.5
8,,wednesday,,,24.5667,90.6833,,,,,,,,4.3
7,,friday,,,24.5667,90.6833,,,,,,,,41.8
8,,tuesday,,,23.16667,91.2,,,,,,,,12.5
12,,sunday,,,23.175,89.505,,,,,,,,0
10,,saturday,,,23.6,90.5,,,,,,,,0
4,,saturday,,,23.6,90.5,,,,,,,,4.2
1,,sunday,,,23.6,90.5,,,,,,,,0
1,,friday,,,23.6,90.5,,,,,,,,0
12,,friday,,,23.6,90.5,,,,,,,,0
5,,friday,,,23.6,90.5,,,,,,,,9.7
12,,monday,,,23.6,90.5,,,,,,,,0
5,,thursday,,,23.6,90.5,,,,,,,,4.5
7,,sunday,,,23.6,90.5,,,,,,,,2.3
3,,friday,,,23.6,90.5,,,,,,,,0
12,,sunday,,,23.6,90.5,,,,,,,,0
12,,friday,,,23.6,90.5,,,,,,,,0
5,,thursday,,,23.9167,90.725,,,,,,,,19.8
1,,tuesday,,,24.207,91.2097,,,,,,,,0
1,,tuesday,,,24.207,91.2097,,,,,,,,0
12,,tuesday,,,24.4139,88.93,,,,,,,,0
1,,friday,,,24.4139,88.93,,,,,,,,0
7,,saturday,,,25.4167,89.0833,,,,,,,,10.6
5,,saturday,,,25.4167,89.0833,,,,,,,,1.3
1,,thursday,,,22.7461,89.9678,,,,,,,,0
2,,tuesday,,,22.7472,90.1036,,,,,,,,0
11,,tuesday,,,22.7472,90.1036,,,,,,,,0
2,,thursday,,,24.875,90.7333,,,,,,,,0
10,,monday,,,24.875,90.7333,,,,,,,,0
2,,monday,,,24.875,90.7333,,,,,,,,0.8
3,,tuesday,,,25.9417,88.8444,,,,,,,,0
10,,monday,,,25.9417,88.8444,,,,,,,,17.9
2,,wednesday,,,22.8256,91.1014,,,,,,,,0
7,,thursday,,,22.8256,91.1014,,,,,,,,1.5
10,,thursday,,,24.98333,90.18333,,,,,,,,3.1
11,,thursday,,,24.4417,88.6278,,,,,,,,0
12,,saturday,,,24.4417,88.6278,,,,,,,,0
4,,friday,,,24.005,89.25,,,,,,,,6.5
5,,tuesday,,,24.005,89.25,,,,,,,,3.1
12,,wednesday,,,24.005,89.25,,,,,,,,0
7,,saturday,,,24.005,89.25,,,,,,,,8.5
11,,thursday,,,24.005,89.25,,,,,,,,0
10,,tuesday,,,24.005,89.25,,,,,,,,21.1
12,,wednesday,,,24.005,89.25,,,,,,,,0
1,,thursday,,,24.005,89.25,,,,,,,,0
7,,wednesday,,,24.3333,90.6833,,,,,,,,14
3,,friday,,,24.3333,90.6833,,,,,,,,0
3,,monday,,,26.3347,88.5583,,,,,,,,0
9,,tuesday,,,26.3347,88.5583,,,,,,,,13.8
11,,tuesday,,,26.3347,88.5583,,,,,,,,0.8
2,,thursday,,,26.3347,88.5583,,,,,,,,0
7,,friday,,,26.3347,88.5583,,,,,,,,35.7
10,,tuesday,,,23.29,91.9,,,,,,,,0
4,,thursday,,,25.195,89.02,,,,,,,,9.7
7,,thursday,,,25.195,89.02,,,,,,,,0.8
7,,monday,,,25.195,89.02,,,,,,,,3.4
7,,sunday,,,25.195,89.02,,,,,,,,6.6
8,,wednesday,,,25.195,89.02,,,,,,,,3.1
9,,thursday,,,25.6533,88.9155,,,,,,,,5.2
4,,friday,,,25.6533,88.9155,,,,,,,,2.8
4,,thursday,,,25.6533,88.9155,,,,,,,,96
8,,friday,,,25.6533,88.9155,,,,,,,,17.1
4,,sunday,,,25.6533,88.9155,,,,,,,,0
11,,friday,,,25.6533,88.9155,,,,,,,,0
1,,saturday,,,25.6533,88.9155,,,,,,,,0
11,,tuesday,,,25.6533,88.9155,,,,,,,,0
2,,thursday,,,25.6533,88.9155,,,,,,,,0
3,,tuesday,,,25.6533,88.9155,,,,,,,,0
8,,friday,,,25.05,88.7333,,,,,,,,0.1
12,,saturday,,,22.3542,90.3181,,,,,,,,0
1,,tuesday,,,22.3542,90.3181,,,,,,,,0
2,,friday,,,24.95,90.35,,,,,,,,0
5,,wednesday,,,24.95,90.35,,,,,,,,13.8
6,,thursday,,,25.58,89.4,,,,,,,,6.4
6,,wednesday,,,25.8542,88.3667,,,,,,,,4.5
10,,sunday,,,25.8542,88.3667,,,,,,,,0
3,,saturday,,,25.8542,88.3667,,,,,,,,0
2,,tuesday,,,25.4153,89.3167,,,,,,,,0
2,,monday,,,25.4153,89.3167,,,,,,,,0
10,,thursday,,,25.4153,89.3167,,,,,,,,6
2,,monday,,,25.4153,89.3167,,,,,,,,0
11,,tuesday,,,25.4153,89.3167,,,,,,,,1
12,,sunday,,,22.5778,89.99,,,,,,,,0
7,,monday,,,22.5778,89.99,,,,,,,,27.2
7,,tuesday,,,22.5778,89.99,,,,,,,,30.9
3,,thursday,,,22.5778,89.99,,,,,,,,0.1
12,,thursday,,,22.5778,89.99,,,,,,,,0
1,,saturday,,,22.5778,89.99,,,,,,,,0
7,,friday,,,22.5778,89.99,,,,,,,,15.8
7,,sunday,,,25.025,88.4833,,,,,,,,0.6
1,,saturday,,,25.025,88.4833,,,,,,,,0
7,,tuesday,,,24.375,88.85,,,,,,,,15.4
1,,monday,,,22.5667,90.1417,,,,,,,,0
8,,saturday,,,22.5667,90.1417,,,,,,,,58.6
4,,sunday,,,22.5667,90.1417,,,,,,,,4.9
4,,sunday,,,22.5667,90.1417,,,,,,,,3.1
12,,friday,,,23.755,89.65,,,,,,,,0
8,,thursday,,,23.755,89.65,,,,,,,,20.4
1,,wednesday,,,23.2083,90.0333,,,,,,,,0
1,,friday,,,23.105,90.875,,,,,,,,0
10,,friday,,,21.429087,92.089241,,,,,,,,20.9
10,,friday,,,22.65,92.1833,,,,,,,,0
1,,thursday,,,22.65,92.1833,,,,,,,,0
6,,saturday,,,22.65,92.1833,,,,,,,,4.7
6,,saturday,,,22.65,92.1833,,,,,,,,4.7
6,,saturday,,,22.65,92.1833,,,,,,,,4.7
6,,saturday,,,22.65,92.1833,,,,,,,,4.7
1,,monday,,,25.7583,89.2333,,,,,,,,0
12,,wednesday,,,25.7583,89.2333,,,,,,,,0
3,,tuesday,,,25.7583,89.2333,,,,,,,,0
9,,saturday,,,25.7583,89.2333,,,,,,,,41.5
1,,wednesday,,,25.7583,89.2333,,,,,,,,0
7,,tuesday,,,25.7583,89.2333,,,,,,,,0.5
10,,sunday,,,25.7583,89.2333,,,,,,,,0
11,,thursday,,,25.7583,89.2333,,,,,,,,0
7,,thursday,,,25.7583,89.2333,,,,,,,,0
5,,sunday,,,25.88833,88.25167,,,,,,,,14.7
9,,tuesday,,,25.88833,88.25167,,,,,,,,9.4
12,,monday,,,25.88833,88.25167,,,,,,,,0
7,,sunday,,,25.88833,88.25167,,,,,,,,38
9,,sunday,,,25.88833,88.25167,,,,,,,,0.2
9,,monday,,,22.04999,92.40998,,,,,,,,11.4
4,,monday,,,22.04999,92.40998,,,,,,,,0
9,,saturday,,,22.04999,92.40998,,,,,,,,10.7
10,,saturday,,,23.7931,90.5167,,,,,,,,3
10,,thursday,,,23.7931,90.5167,,,,,,,,0.1
9,,thursday,,,23.7931,90.5167,,,,,,,,4.5
4,,thursday,,,23.7931,90.5167,,,,,,,,0.3
9,,wednesday,,,22.8333,89.5833,,,,,,,,0
11,,saturday,,,22.8333,89.5833,,,,,,,,0
2,,sunday,,,22.8333,89.5833,,,,,,,,0
11,,tuesday,,,22.8333,89.5833,,,,,,,,0
11,,saturday,,,22.8333,89.5833,,,,,,,,0
10,,saturday,,,23.4764,90.0333,,,,,,,,0
10,,saturday,,,23.4764,90.0333,,,,,,,,0
10,,saturday,,,23.4764,90.0333,,,,,,,,0
10,,friday,,,25.3833,89.4667,,,,,,,,0
1,,saturday,,,25.3833,89.4667,,,,,,,,0
1,,saturday,,,25.3833,89.4667,,,,,,,,0
8,,tuesday,,,25.3833,89.4667,,,,,,,,5.2
1,,saturday,,,25.3833,89.4667,,,,,,,,0
1,,saturday,,,25.3833,89.4667,,,,,,,,0
8,,wednesday,,,25.1056,89.5861,,,,,,,,25.2
5,,sunday,,,24.31667,90.16806,,,,,,,,2.4
5,,wednesday,,,24.31667,90.16806,,,,,,,,0
7,,monday,,,23.410295,89.80207,,,,,,,,12.2
9,,monday,,,23.410295,89.80207,,,,,,,,0.4
9,,tuesday,,,23.410295,89.80207,,,,,,,,0
9,,wednesday,,,24.0583,89.5333,,,,,,,,16.6
7,,sunday,,,24.0583,89.5333,,,,,,,,8.9
3,,friday,,,24.0583,89.5333,,,,,,,,0
3,,wednesday,,,24.0583,89.5333,,,,,,,,0
3,,sunday,,,24.0583,89.5333,,,,,,,,0
6,,wednesday,,,25.125,88.58167,,,,,,,,23.3
3,,monday,,,24.09247,91.11978,,,,,,,,0
11,,wednesday,,,22.2917,89.7917,,,,,,,,7
9,,monday,,,24.7417,89.8333,,,,,,,,12.6
5,,saturday,,,24.7417,89.8333,,,,,,,,6.2
11,,monday,,,24.7417,89.8333,,,,,,,,0
1,,sunday,,,22.7167,89.075,,,,,,,,0
7,,wednesday,,,22.7167,89.075,,,,,,,,2
11,,wednesday,,,22.7167,89.075,,,,,,,,0
1,,monday,,,22.7167,89.075,,,,,,,,0
6,,wednesday,,,23.961012,89.998051,,,,,,,,1
6,,wednesday,,,23.961012,89.998051,,,,,,,,1
7,,saturday,,,24.17,89.58833,,,,,,,,29.6
2,,tuesday,,,24.17,89.58833,,,,,,,,0
12,,friday,,,23.2222,90.95,,,,,,,,1.9
1,,thursday,,,23.2222,90.95,,,,,,,,0
7,,tuesday,,,23.6917,89.25,,,,,,,,18.6
3,,saturday,,,24.762147,89.382832,,,,,,,,0
7,,wednesday,,,24.762147,89.382832,,,,,,,,1.4
8,,saturday,,,24.8833,89.5667,,,,,,,,8.9
7,,sunday,,,24.8833,89.5667,,,,,,,,1.6
9,,saturday,,,23.0744,88.8667,,,,,,,,2
9,,saturday,,,23.0744,88.8667,,,,,,,,2
6,,thursday,,,23.0744,88.8667,,,,,,,,0
12,,thursday,,,24.66667,89.41667,,,,,,,,0
6,,wednesday,,,24.66667,89.41667,,,,,,,,5.8
1,,friday,,,25,90.0167,,,,,,,,0
7,,monday,,,23.85,90.01,,,,,,,,3.5
5,,monday,,,23.85,90.01,,,,,,,,17.5
6,,sunday,,,23.35,90.1667,,,,,,,,12.3
10,,wednesday,,,23.35,90.1667,,,,,,,,0.3
2,,wednesday,,,25.0167,89.3167,,,,,,,,0
7,,wednesday,,,25.0167,89.3167,,,,,,,,12.1
12,,sunday,,,25.0167,89.3167,,,,,,,,0
12,,wednesday,,,25.0167,89.3167,,,,,,,,0
3,,tuesday,,,25.0167,89.3167,,,,,,,,15.7
4,,wednesday,,,25.0167,89.3167,,,,,,,,2.4
7,,wednesday,,,25.0167,89.3167,,,,,,,,12.1
9,,friday,,,25.0167,89.3167,,,,,,,,6.7
7,,wednesday,,,25.0167,89.3167,,,,,,,,5.3
6,,tuesday,,,25.0167,89.3167,,,,,,,,11.7
8,,friday,,,25.0167,89.3167,,,,,,,,0.8
1,,saturday,,,24.020189,90.74723,,,,,,,,0
1,,saturday,,,24.020189,90.74723,,,,,,,,0
1,,saturday,,,24.020189,90.74723,,,,,,,,0
8,,wednesday,,,24.020189,90.74723,,,,,,,,3.6
1,,saturday,,,24.020189,90.74723,,,,,,,,0
9,,saturday,,,23.8167,90.15,,,,,,,,0.2
5,,thursday,,,23.8167,90.15,,,,,,,,19.5
9,,thursday,,,23.8167,90.15,,,,,,,,1.3
12,,monday,,,23.8167,90.15,,,,,,,,0
5,,monday,,,24.5,89.13333,,,,,,,,4.5
5,,sunday,,,24.5,89.13333,,,,,,,,0
1,,wednesday,,,23.5667,90.3833,,,,,,,,0
3,,monday,,,23.5667,90.3833,,,,,,,,0
4,,tuesday,,,24.4583,89.7,,,,,,,,5.9
2,,friday,,,24.4583,89.7,,,,,,,,0
10,,thursday,,,24.4583,89.7,,,,,,,,9.4
8,,friday,,,23.03833,91.10833,,,,,,,,15.7
5,,thursday,,,23.03833,91.10833,,,,,,,,0.2
4,,saturday,,,23.6583,90.6083,,,,,,,,1
3,,friday,,,23.6583,90.6083,,,,,,,,0
1,,thursday,,,23.6583,90.6083,,,,,,,,0
10,,saturday,,,23.6583,90.6083,,,,,,,,0.8
2,,saturday,,,25.15,89.90056,,,,,,,,0
6,,friday,,,24.3083,91.7333,,,,,,,,56.5
6,,friday,,,24.3083,91.7333,,,,,,,,56.5
1,,wednesday,,,23.5361,90.2917,,,,,,,,0
8,,tuesday,,,24.2,90.4667,,,,,,,,0.2
4,,wednesday,,,24.2,90.4667,,,,,,,,5.1
6,,wednesday,,,24.2,90.4667,,,,,,,,3.5
12,,wednesday,,,24.2,90.4667,,,,,,,,0
6,,wednesday,,,24.2,90.4667,,,,,,,,0.8
10,,saturday,,,24.2,90.4667,,,,,,,,5.2
1,,monday,,,24.2,90.4667,,,,,,,,0
6,,thursday,,,24.2,90.4667,,,,,,,,0.5
6,,saturday,,,24.2,90.4667,,,,,,,,15.8
4,,thursday,,,22.6833,91.11,,,,,,,,0.6
3,,friday,,,22.6833,91.11,,,,,,,,0
7,,thursday,,,23.9167,89.4333,,,,,,,,112.5
8,,wednesday,,,23.9167,89.4333,,,,,,,,7.3
5,,sunday,,,25.06667,91.4,,,,,,,,24.2
11,,monday,,,25.56436,89.51909,,,,,,,,0
6,,friday,,,24.888242,91.868519,,,,,,,,13.8
4,,sunday,,,24.888242,91.868519,,,,,,,,17.9
12,,friday,,,24.888242,91.868519,,,,,,,,0
1,,wednesday,,,24.888242,91.868519,,,,,,,,1.4
9,,tuesday,,,24.888242,91.868519,,,,,,,,8.6
11,,monday,,,24.888242,91.868519,,,,,,,,0
4,,tuesday,,,24.888242,91.868519,,,,,,,,7.3
5,,sunday,,,24.888242,91.868519,,,,,,,,10.2
5,,friday,,,24.888242,91.868519,,,,,,,,7.1
9,,tuesday,,,24.888242,91.868519,,,,,,,,8.6
10,,monday,,,24.888242,91.868519,,,,,,,,0
6,,thursday,,,24.888242,91.868519,,,,,,,,12.1
2,,saturday,,,24.888242,91.868519,,,,,,,,0
10,,tuesday,,,24.888242,91.868519,,,,,,,,0
2,,sunday,,,24.888242,91.868519,,,,,,,,0
4,,sunday,,,24.888242,91.868519,,,,,,,,0
2,,friday,,,22.75,89.25,,,,,,,,0
1,,tuesday,,,22.75,89.25,,,,,,,,0
2,,friday,,,22.75,89.25,,,,,,,,0
5,,tuesday,,,24.25,89.9167,,,,,,,,9.8
10,,sunday,,,24.25,89.9167,,,,,,,,0.9
7,,wednesday,,,24.25,89.9167,,,,,,,,4.2
9,,monday,,,24.25,89.9167,,,,,,,,0
7,,wednesday,,,24.25,89.9167,,,,,,,,20.9
3,,friday,,,24.25,89.9167,,,,,,,,0
11,,wednesday,,,24.25,89.9167,,,,,,,,0
5,,saturday,,,24.25,89.9167,,,,,,,,6.7
11,,thursday,,,24.6028,88.5806,,,,,,,,0
1,,thursday,,,24.6028,88.5806,,,,,,,,0
11,,wednesday,,,25.8111,89.0167,,,,,,,,0
10,,thursday,,,24.5375,90.875,,,,,,,,6.8
5,,wednesday,,,20.8667,92.3,,,,,,,,11.7
5,,thursday,,,20.8667,92.3,,,,,,,,14.8
6,,sunday,,,20.8667,92.3,,,,,,,,0
10,,tuesday,,,20.8667,92.3,,,,,,,,0
10,,wednesday,,,20.8667,92.3,,,,,,,,0
4,,tuesday,,,26.48274,88.35069,,,,,,,,14
8,,sunday,,,26.0208,88.4667,,,,,,,,1.1
2,,friday,,,26.0208,88.4667,,,,,,,,0
10,,wednesday,,,26.0208,88.4667,,,,,,,,0
10,,sunday,,,26.0208,88.4667,,,,,,,,0.1
10,,thursday,,,26.0208,88.4667,,,,,,,,0.4
8,,monday,,,26.0208,88.4667,,,,,,,,0.7
10,,tuesday,,,26.0208,88.4667,,,,,,,,0
5,,saturday,,,26.0208,88.4667,,,,,,,,0
6,,wednesday,,,26.0208,88.4667,,,,,,,,18.8
10,,monday,,,26.0208,88.4667,,,,,,,,0
8,,tuesday,,,26.0208,88.4667,,,,,,,,12
8,,tuesday,,,26.0208,88.4667,,,,,,,,12
2,,wednesday,,,23.5,90.4583,,,,,,,,0.1
4,,thursday,,,24.575,90.39167,,,,,,,,1.6
2,,monday,,,24.575,90.39167,,,,,,,,0
4,,friday,,,24.575,90.39167,,,,,,,,1.3
7,,tuesday,,,24.575,90.39167,,,,,,,,59
2,,friday,,,24.3194,89.5667,,,,,,,,0
7,,monday,,,24.3194,89.5667,,,,,,,,22
12,,monday,,,24.3194,89.5667,,,,,,,,0
8,,tuesday,,,22.8111,90.2444,,,,,,,,2.2
2,,friday,,,22.8111,90.2444,,,,,,,,0
5,,wednesday,,,25.925,89.35,,,,,,,,20
6,,monday,,,25.925,89.35,,,,,,,,5.5
2,,monday,,,24.5472,91.25,,,,,,,,0
10,,saturday,,,24.975,89.02,,,,,,,,0.8
3,,tuesday,,,24.975,89.02,,,,,,,,0
10,,wednesday,,,23.7583,88.95,,,,,,,,18.9
10,,saturday,,,23.7583,88.95,,,,,,,,2.7
10,,saturday,,,23.7583,88.95,,,,,,,,2.7
10,,tuesday,,,23.7583,88.95,,,,,,,,2.9
10,,sunday,,,21.6667,92.3056,,,,,,,,11.9
1,,saturday,,,21.6667,92.3056,,,,,,,,9.1
12,,wednesday,,,21.6667,92.3056,,,,,,,,0
2,,thursday,,,22.1294,90.2289,,,,,,,,0
4,,wednesday,,,22.1294,90.2289,,,,,,,,2.5
7,,friday,,,23.7917,90.65,,,,,,,,0.8
11,,thursday,,,23.7917,90.65,,,,,,,,0
11,,friday,,,23.7917,90.65,,,,,,,,0.2
9,,saturday,,,24.0366,91.005,,,,,,,,7.3
5,,friday,,,22.8319,90.3222,,,,,,,,13
12,,wednesday,,,22.63996,92.191949,,,,,,,,0
10,,sunday,,,24.5639,88.8083,,,,,,,,0
10,,sunday,,,24.5639,88.8083,,,,,,,,0
1,,friday,,,23.6167,90.525,,,,,,,,0
11,,monday,,,24.3083,89.1708,,,,,,,,0
11,,monday,,,24.3083,89.1708,,,,,,,,0
12,,sunday,,,24.2167,90.05,,,,,,,,0
12,,thursday,,,24.2167,90.05,,,,,,,,0
10,,wednesday,,,22.95,91.1,,,,,,,,1.3
10,,saturday,,,22.95,91.1,,,,,,,,24.2
10,,saturday,,,22.4667,92.375,,,,,,,,9.3
10,,saturday,,,22.4667,92.375,,,,,,,,9.3
10,,saturday,,,22.4667,92.375,,,,,,,,9.3
5,,thursday,,,24.05,90.98333,,,,,,,,9.1
5,,thursday,,,24.05,90.98333,,,,,,,,9.1
3,,thursday,,,24.375,90.37833,,,,,,,,0
4,,thursday,,,24.375,90.37833,,,,,,,,0.7
1,,tuesday,,,24.375,90.37833,,,,,,,,0
12,,saturday,,,24.375,90.37833,,,,,,,,0
1,,saturday,,,24.375,90.37833,,,,,,,,0
10,,monday,,,22.4889,90.0733,,,,,,,,0
1,,thursday,,,23.2083,90.4417,,,,,,,,0
11,,friday,,,24.4583,89.8667,,,,,,,,0
5,,wednesday,,,26.125,89.6833,,,,,,,,0.6
6,,saturday,,,25.3783,88.9833,,,,,,,,9.3
10,,thursday,,,25.3783,88.9833,,,,,,,,1.6
3,,saturday,,,24.2833,88.775,,,,,,,,0.3
3,,wednesday,,,24.225,89.2917,,,,,,,,10.3
5,,monday,,,24.225,89.2917,,,,,,,,4.2
9,,tuesday,,,24.225,89.2917,,,,,,,,23.2
3,,friday,,,25.0417,91.675,,,,,,,,0.3
3,,saturday,,,25.0417,91.675,,,,,,,,1
9,,saturday,,,22.2833,90.5903,,,,,,,,0.3
10,,wednesday,,,24.0014,88.875,,,,,,,,1.2
6,,thursday,,,26.158752,88.718945,,,,,,,,4.3
8,,monday,,,26.158752,88.718945,,,,,,,,13.3
4,,saturday,,,24.1417,89.9667,,,,,,,,5.8
7,,saturday,,,25.1417,89.7833,,,,,,,,7.8
7,,sunday,,,25.6333,88.65,,,,,,,,0
7,,saturday,,,24.9,91.0167,,,,,,,,64
11,,sunday,,,24.6833,89.5375,,,,,,,,0
3,,friday,,,24.6833,89.5375,,,,,,,,6
3,,saturday,,,24.6833,89.5375,,,,,,,,2.3
10,,wednesday,,,24.6833,89.5375,,,,,,,,0
2,,monday,,,24.6833,89.5375,,,,,,,,0
12,,monday,,,24.6833,89.5375,,,,,,,,0
4,,thursday,,,24.6833,89.5375,,,,,,,,11.2
5,,tuesday,,,24.6833,89.5375,,,,,,,,0
5,,wednesday,,,24.6833,89.5375,,,,,,,,0
10,,wednesday,,,26.1278,88.925,,,,,,,,0
4,,friday,,,26.1278,88.925,,,,,,,,42.3
3,,thursday,,,26.1,88.8361,,,,,,,,0
8,,friday,,,26.1,88.8361,,,,,,,,0
5,,thursday,,,24.875,89.45,,,,,,,,0.8
4,,tuesday,,,24.4167,90.55,,,,,,,,0
4,,tuesday,,,24.4167,90.55,,,,,,,,0
2,,sunday,,,24.4167,90.55,,,,,,,,0
3,,thursday,,,22.1639,90.4306,,,,,,,,0
7,,monday,,,25.85,89.2167,,,,,,,,7.3
8,,tuesday,,,25.85,89.2167,,,,,,,,26.2
4,,thursday,,,23.81667,88.755,,,,,,,,0
6,,wednesday,,,23.81667,88.755,,,,,,,,8.6
6,,wednesday,,,23.81667,88.755,,,,,,,,8.6
9,,friday,,,24.46667,89.96667,,,,,,,,0
5,,thursday,,,24.46667,89.96667,,,,,,,,1.5
3,,saturday,,,25.2458,89.2167,,,,,,,,0
11,,tuesday,,,25.2458,89.2167,,,,,,,,0
4,,monday,,,25.2458,89.2167,,,,,,,,0
12,,saturday,,,25.2458,89.2167,,,,,,,,0
12,,tuesday,,,25.2458,89.2167,,,,,,,,0
2,,friday,,,25.1333,89.3917,,,,,,,,0
1,,friday,,,25.1333,89.3917,,,,,,,,0
7,,wednesday,,,25.1333,89.3917,,,,,,,,22.9
6,,friday,,,24.8583,92.0208,,,,,,,,3.3
2,,sunday,,,24.5583,89.9167,,,,,,,,0
10,,monday,,,24.5583,89.9167,,,,,,,,5.8
5,,friday,,,24.75833,90.575,,,,,,,,3.5
3,,friday,,,24.75833,90.575,,,,,,,,0
1,,monday,,,22.9736,90.2306,,,,,,,,0
1,,monday,,,22.9736,90.2306,,,,,,,,0
4,,tuesday,,,25.1028,91.8917,,,,,,,,9.3
7,,saturday,,,25.1028,91.8917,,,,,,,,16.7
1,,tuesday,,,25.1028,91.8917,,,,,,,,0
12,,wednesday,,,24.3667,89.25,,,,,,,,0
10,,tuesday,,,23.0667,90.6375,,,,,,,,0
6,,monday,,,25.2833,89.0167,,,,,,,,7.3
12,,saturday,,,25.2833,89.0167,,,,,,,,0
3,,saturday,,,25.2833,89.0167,,,,,,,,0
9,,wednesday,,,25.2833,89.0167,,,,,,,,2.3
4,,monday,,,25.2833,89.0167,,,,,,,,0
4,,monday,,,25.2833,89.0167,,,,,,,,0
2,,tuesday,,,23.6417,89.05,,,,,,,,0
7,,monday,,,23.6417,89.05,,,,,,,,3.9
1,,thursday,,,23.6417,89.05,,,,,,,,0
7,,sunday,,,23.6417,89.05,,,,,,,,1.5
1,,saturday,,,23.6417,89.05,,,,,,,,0
5,,saturday,,,23.7333,89.9667,,,,,,,,1.9
1,,thursday,,,22.3667,91.125,,,,,,,,0
5,,wednesday,,,22.3667,91.125,,,,,,,,0.8
7,,wednesday,,,22.3667,91.125,,,,,,,,14.7
3,,sunday,,,26.1125,89.1333,,,,,,,,0.2
7,,saturday,,,26.1125,89.1333,,,,,,,,58.8
1,,monday,,,26.1125,89.1333,,,,,,,,0
10,,saturday,,,26.1125,89.1333,,,,,,,,6.3
7,,wednesday,,,26.1125,89.1333,,,,,,,,33.4
3,,wednesday,,,26.1125,89.1333,,,,,,,,0.1
9,,thursday,,,24.6833,90.625,,,,,,,,0
5,,friday,,,25.125,92.1167,,,,,,,,1.3
8,,thursday,,,24.9833,91.2333,,,,,,,,52.5
10,,sunday,,,23.1,89.1333,,,,,,,,1.2
4,,tuesday,,,23.1,89.1333,,,,,,,,2.6
3,,friday,,,25.0583,89.1833,,,,,,,,0
7,,thursday,,,25.0583,89.1833,,,,,,,,19.9
5,,monday,,,25.0583,89.1833,,,,,,,,1.4
11,,tuesday,,,21.9861,90.2422,,,,,,,,0
5,,wednesday,,,21.9861,90.2422,,,,,,,,0
9,,wednesday,,,21.9861,90.2422,,,,,,,,1.9
2,,wednesday,,,24.075,90.2167,,,,,,,,0
11,,tuesday,,,23.4139,89.1333,,,,,,,,0
6,,wednesday,,,23.925,90.5667,,,,,,,,2.6
6,,wednesday,,,23.925,90.5667,,,,,,,,2.6
4,,monday,,,23.925,90.5667,,,,,,,,36.6
4,,saturday,,,25.974953,89.228404,,,,,,,,25.1
4,,friday,,,23.4139,89.1333,,,,,,,,4.2
12,,wednesday,,,23.4139,89.1333,,,,,,,,0
12,,sunday,,,23.4139,89.1333,,,,,,,,0
12,,sunday,,,24.3833,90.0083,,,,,,,,0
4,,saturday,,,22.73,90.88,,,,,,,,0
7,,saturday,,,24.373646,89.659628,,,,,,,,8.9
6,,monday,,,24.373646,89.659628,,,,,,,,1.8
9,,tuesday,,,24.3667,91.8667,,,,,,,,2.7
11,,monday,,,22.5,92.2167,,,,,,,,16.1
11,,friday,,,23.759377,91.143823,,,,,,,,0
6,,thursday,,,25.7708,89.4167,,,,,,,,6.4
12,,tuesday,,,25.7708,89.4167,,,,,,,,0
11,,wednesday,,,22.62,90.07,,,,,,,,0
7,,wednesday,,,22.62,90.07,,,,,,,,25.2
7,,tuesday,,,24.65,90.8417,,,,,,,,16.2
11,,monday,,,22.870267,89.237263,,,,,,,,0
7,,thursday,,,25.9278,88.7333,,,,,,,,0
4,,monday,,,25.9278,88.7333,,,,,,,,0
3,,saturday,,,25.9278,88.7333,,,,,,,,0
12,,saturday,,,25.9278,88.7333,,,,,,,,0
4,,sunday,,,25.9278,88.7333,,,,,,,,0.8
4,,tuesday,,,25.9278,88.7333,,,,,,,,1.9
2,,thursday,,,25.025,89.13333,,,,,,,,0
2,,saturday,,,25.025,89.13333,,,,,,,,0
8,,saturday,,,25.9111,89.025,,,,,,,,52.8
3,,saturday,,,23.4,89.0167,,,,,,,,0
1,,saturday,,,24.489182,92.024555,,,,,,,,0
7,,friday,,,24.489182,92.024555,,,,,,,,40
1,,thursday,,,24.489182,92.024555,,,,,,,,0
1,,saturday,,,24.489182,92.024555,,,,,,,,0
1,,tuesday,,,24.489182,92.024555,,,,,,,,0
9,,tuesday,,,24.489182,92.024555,,,,,,,,9.2
6,,thursday,,,23.8542,89.2417,,,,,,,,0.3
8,,friday,,,23.8542,89.2417,,,,,,,,0.3
3,,wednesday,,,23.8542,89.2417,,,,,,,,10.3
4,,thursday,,,23.8542,89.2417,,,,,,,,1.2
1,,wednesday,,,26.1125,89.1333,,,,,,,,0
11,,tuesday,,,21.775,92.2,,,,,,,,0.1
5,,saturday,,,21.775,92.2,,,,,,,,0
11,,tuesday,,,21.775,92.2,,,,,,,,0.1
7,,thursday,,,21.775,92.2,,,,,,,,20.7
11,,tuesday,,,21.775,92.2,,,,,,,,0
11,,tuesday,,,21.775,92.2,,,,,,,,0
5,,saturday,,,21.775,92.2,,,,,,,,0
7,,friday,,,21.775,92.2,,,,,,,,0.8
12,,sunday,,,21.775,92.2,,,,,,,,0
2,,friday,,,21.775,92.2,,,,,,,,0
5,,tuesday,,,21.775,92.2,,,,,,,,4.7
4,,sunday,,,24.8917,89.75,,,,,,,,2.1
11,,saturday,,,24.1028,91.2917,,,,,,,,72
12,,friday,,,23.5417,89.6306,,,,,,,,0
1,,friday,,,23.0167,89.2333,,,,,,,,0
12,,thursday,,,23.0167,89.2333,,,,,,,,0
9,,saturday,,,22.2869,89.9667,,,,,,,,12.5
6,,saturday,,,23.9333,89,,,,,,,,17.7
6,,saturday,,,23.9333,89,,,,,,,,17.7
6,,sunday,,,23.9333,89,,,,,,,,23.7
8,,sunday,,,24.1083,90.0917,,,,,,,,10.5
4,,thursday,,,21.55,91.95,,,,,,,,0
8,,sunday,,,23.35,88.9125,,,,,,,,11.5
9,,friday,,,23.35,88.9125,,,,,,,,3.3
11,,friday,,,22.4833,89.6083,,,,,,,,13.8
5,,friday,,,22.4833,89.6083,,,,,,,,0
8,,monday,,,22.4833,89.6083,,,,,,,,2.9
5,,saturday,,,22.4833,89.6083,,,,,,,,0.2
9,,sunday,,,22.2986,90.9792,,,,,,,,12.9
8,,tuesday,,,22.45,89.8583,,,,,,,,8.2
6,,sunday,,,24.7583,90.2667,,,,,,,,1.9
7,,thursday,,,24.7583,90.2667,,,,,,,,22.8
1,,sunday,,,24.7583,90.2667,,,,,,,,0
4,,monday,,,24.7583,90.2667,,,,,,,,3.1
8,,wednesday,,,23.6385,90.9325,,,,,,,,1.3
12,,wednesday,,,23.6385,90.9325,,,,,,,,0.2
5,,saturday,,,23.0417,91.9944,,,,,,,,9
5,,tuesday,,,23.996158,90.419726,,,,,,,,0
12,,tuesday,,,24.888242,91.868519,,,,,,,,0
12,,saturday,,,23.6,90.5,,,,,,,,0
11,,wednesday,,,23.4583,90.5417,,,,,,,,0
11,,friday,,,23.6,90.5,,,,,,,,0
11,,monday,,,23.228401,90.645015,,,,,,,,0
12,,saturday,,,24.005,89.25,,,,,,,,0
12,,sunday,,,23.4583,90.5417,,,,,,,,0
2,,tuesday,,,24.8417,89.375,,,,,,,,0
8,,friday,,,25.333317,89.520761,,,,,,,,14.5
7,,tuesday,,,23.20833,90.35,,,,,,,,14
7,,thursday,,,21.454718,92.010452,,,,,,,,5.8
7,,monday,,,24.8417,89.375,,,,,,,,10.1
6,,sunday,,,21.454718,92.010452,,,,,,,,20.4
8,,tuesday,,,23.9167,90.725,,,,,,,,11.5
8,,monday,,,22.1847,90.7625,,,,,,,,11.6
9,,wednesday,,,25.9417,88.8444,,,,,,,,19.9
6,,monday,,,25.06667,91.4,,,,,,,,14.2
7,,saturday,,,25.06667,91.4,,,,,,,,20.6
8,,thursday,,,23.9333,89,,,,,,,,3.3
8,,thursday,,,23.9333,89,,,,,,,,3.3
8,,monday,,,23.9333,89,,,,,,,,3.9
8,,monday,,,23.9333,89,,,,,,,,3.9
7,,sunday,,,22.3667,91.125,,,,,,,,4.6
7,,sunday,,,23.996158,90.419726,,,,,,,,5.8
8,,saturday,,,25.1,89.03333,,,,,,,,2.4
8,,sunday,,,25,90.0167,,,,,,,,10.3
6,,wednesday,,,23.85,90.01,,,,,,,,64.3
6,,wednesday,,,23.85,90.01,,,,,,,,64.3
9,,saturday,,,23.996158,90.419726,,,,,,,,2.2
6,,monday,,,24.6333,90.2667,,,,,,,,17.5
10,,wednesday,,,25.06667,91.4,,,,,,,,0
10,,saturday,,,25.4153,89.3167,,,,,,,,0.2
10,,friday,,,23.0167,89.8333,,,,,,,,2
10,,wednesday,,,23.4875,89.4208,,,,,,,,12.8
3,,saturday,,,24.8417,89.375,,,,,,,,2.3
9,,wednesday,,,23.9167,90.725,,,,,,,,0.2
6,,wednesday,,,21.454718,92.010452,,,,,,,,2.1
9,,friday,,,23.996158,90.419726,,,,,,,,0.6
9,,saturday,,,24.4139,88.93,,,,,,,,13.1
9,,monday,,,23.5417,89.1833,,,,,,,,9.2
9,,friday,,,24.4139,88.93,,,,,,,,11.2
3,,wednesday,,,24.8583,92.0208,,,,,,,,1.2
9,,wednesday,,,24.8417,89.375,,,,,,,,21.9
5,,monday,,,22.63996,92.191949,,,,,,,,9.3
10,,saturday,,,23.6,90.5,,,,,,,,0.1
10,,monday,,,24.75,90.4167,,,,,,,,18
11,,monday,,,23.9528,91.1167,,,,,,,,0
11,,sunday,,,24.25,89.9167,,,,,,,,0
7,,tuesday,,,23.180315,89.1608575,,,,,,,,2.3
7,,thursday,,,23.180315,89.1608575,,,,,,,,4.4
7,,sunday,,,23.6167,88.7833,,,,,,,,1.1
8,,friday,,,24.075,90.2167,,,,,,,,0.3
10,,friday,,,22.3542,90.3181,,,,,,,,7.6
11,,tuesday,,,23.6,90.5,,,,,,,,1
4,,monday,,,25.915,89.45,,,,,,,,0
1,,tuesday,,,24.586659,88.275275,,,,,,,,0
12,,wednesday,,,24.586659,88.275275,,,,,,,,0
12,,tuesday,,,22.7167,89.075,,,,,,,,0
11,,sunday,,,22.8256,91.1014,,,,,,,,0
11,,thursday,,,22.7,90.3667,,,,,,,,0
11,,thursday,,,24.15,89.0667,,,,,,,,0
11,,monday,,,24.005,89.25,,,,,,,,0
12,,monday,,,24.9167,89.9583,,,,,,,,5.2
2,,sunday,,,24.4139,88.93,,,,,,,,0
7,,monday,,,24.8417,89.375,,,,,,,,66.9
7,,saturday,,,24.8417,89.375,,,,,,,,11.5
12,,sunday,,,25.6333,88.65,,,,,,,,0
1,,friday,,,25.7583,89.2333,,,,,,,,0
12,,tuesday,,,25.7583,89.2333,,,,,,,,0
1,,friday,,,24.8083,91.7639,,,,,,,,0
12,,thursday,,,24.8083,91.7639,,,,,,,,0
10,,wednesday,,,26.3347,88.5583,,,,,,,,0
10,,sunday,,,24.586659,88.275275,,,,,,,,0.1
1,,sunday,,,24.75,90.4167,,,,,,,,0
2,,thursday,,,22.3667,91.125,,,,,,,,0
8,,wednesday,,,21.454718,92.010452,,,,,,,,18.9
9,,friday,,,23.605717,89.841728,,,,,,,,4
9,,friday,,,23.605717,89.841728,,,,,,,,24.4
9,,tuesday,,,21.454718,92.010452,,,,,,,,6.9
1,,tuesday,,,24.005,89.25,,,,,,,,0
3,,thursday,,,26.0208,88.4667,,,,,,,,0
3,,friday,,,24.888242,91.868519,,,,,,,,1
4,,tuesday,,,23.996158,90.419726,,,,,,,,0.1
5,,sunday,,,23.0417,91.9944,,,,,,,,2.6
10,,sunday,,,24.586659,88.275275,,,,,,,,0.1
3,,wednesday,,,21.9861,90.2422,,,,,,,,0
5,,sunday,,,25.915,89.45,,,,,,,,0.1
1,,thursday,,,24.4167,90.55,,,,,,,,0
2,,wednesday,,,24.375,91.4167,,,,,,,,0
3,,sunday,,,23.0167,91.3917,,,,,,,,0
3,,friday,,,24.75,90.4167,,,,,,,,0
3,,monday,,,22.95,90.825,,,,,,,,23.9
4,,friday,,,22.95,90.825,,,,,,,,12
9,,wednesday,,,25.4153,89.3167,,,,,,,,1.2
9,,tuesday,,,25.1028,91.8917,,,,,,,,6.4
9,,monday,,,25.1028,91.8917,,,,,,,,20
8,,wednesday,,,23.996158,90.419726,,,,,,,,2
4,,saturday,,,23.180315,89.1608575,,,,,,,,1.8
4,,friday,,,23.180315,89.1608575,,,,,,,,0.7
4,,thursday,,,23.180315,89.1608575,,,,,,,,3.8
4,,thursday,,,24.8583,92.0208,,,,,,,,22.3
4,,monday,,,23.4153,89.8917,,,,,,,,1.3
2,,wednesday,,,24.375,91.4167,,,,,,,,0
2,,tuesday,,,24.375,91.4167,,,,,,,,0
2,,tuesday,,,24.375,91.4167,,,,,,,,0
3,,friday,,,25.1,89.03333,,,,,,,,0
1,,thursday,,,25.6333,88.65,,,,,,,,0
1,,saturday,,,23.180315,89.1608575,,,,,,,,0
1,,thursday,,,23.6417,88.8583,,,,,,,,0
1,,tuesday,,,25.8167,89.65,,,,,,,,0
1,,sunday,,,23.6,90.5,,,,,,,,0
1,,sunday,,,25.915,89.45,,,,,,,,0
2,,wednesday,,,23.180315,89.1608575,,,,,,,,0
2,,sunday,,,23.29,91.9,,,,,,,,0
8,,tuesday,,,24.6333,90.2667,,,,,,,,15.6
8,,thursday,,,25.9417,88.8444,,,,,,,,3.8
8,,friday,,,23.9,89.1333,,,,,,,,1.4
2,,saturday,,,24.8417,89.375,,,,,,,,0
1,,sunday,,,23.6,90.5,,,,,,,,0
6,,tuesday,,,23.6,90.5,,,,,,,,5.5
8,,tuesday,,,23.0417,91.9944,,,,,,,,16.4
5,,wednesday,,,24.6333,90.2667,,,,,,,,7.1
5,,wednesday,,,22.2333,92.1917,,,,,,,,0.2
5,,wednesday,,,22.2333,92.1917,,,,,,,,0.2
7,,monday,,,25.915,89.45,,,,,,,,6.3
7,,tuesday,,,26.3347,88.5583,,,,,,,,25.3
8,,wednesday,,,22.3542,90.3181,,,,,,,,11.1
8,,wednesday,,,22.3542,90.3181,,,,,,,,11.1
8,,tuesday,,,26.0208,88.4667,,,,,,,,20.9
8,,tuesday,,,26.0208,88.4667,,,,,,,,20.9
12,,monday,,,24.8417,89.375,,,,,,,,0
8,,friday,,,24.2,90.4667,,,,,,,,0
8,,saturday,,,23.180315,89.1608575,,,,,,,,6.5
3,,friday,,,24.4583,89.7,,,,,,,,0
3,,sunday,,,22.4889,90.0733,,,,,,,,0
2,,monday,,,24.875,90.7333,,,,,,,,0.6
2,,friday,,,24.875,90.7333,,,,,,,,0
2,,tuesday,,,23.0744,88.8667,,,,,,,,0
2,,monday,,,23.996158,90.419726,,,,,,,,0
10,,tuesday,,,24.75,90.4167,,,,,,,,0
10,,tuesday,,,24.75,90.4167,,,,,,,,0
11,,saturday,,,24.9167,89.9583,,,,,,,,0
9,,tuesday,,,23.180315,89.1608575,,,,,,,,10.4
8,,tuesday,,,22.3542,90.3181,,,,,,,,0.7
12,,sunday,,,26.0208,88.4667,,,,,,,,0
8,,monday,,,24.5583,89.9167,,,,,,,,6.2
4,,wednesday,,,23.9,89.1333,,,,,,,,15.6
4,,thursday,,,24.9167,89.9583,,,,,,,,8.8
7,,monday,,,23.9528,91.1167,,,,,,,,23.2
5,,monday,,,25.915,89.45,,,,,,,,12
3,,wednesday,,,25.915,89.45,,,,,,,,3.9
5,,wednesday,,,22.5778,89.99,,,,,,,,0.2
5,,saturday,,,21.82174,92.43776,,,,,,,,8.1
7,,wednesday,,,25.4153,89.3167,,,,,,,,7.3
1,,friday,,,23.4875,89.4208,,,,,,,,0
3,,saturday,,,22.4833,89.6083,,,,,,,,0
9,,saturday,,,22.7167,89.075,,,,,,,,18.6
9,,sunday,,,22.04999,92.40998,,,,,,,,0.4
8,,friday,,,24.25,89.9167,,,,,,,,4.4
10,,monday,,,25.9417,88.8444,,,,,,,,0
10,,tuesday,,,22.3833,92.2417,,,,,,,,5.7
3,,tuesday,,,25.6333,88.65,,,,,,,,0.7
10,,saturday,,,24.9167,89.9583,,,,,,,,12.3
8,,friday,,,23.85,90.0111,,,,,,,,8.7
9,,wednesday,,,25.9417,88.8444,,,,,,,,34.2
6,,thursday,,,22.8111,90.2444,,,,,,,,10.4
10,,thursday,,,23.996158,90.419726,,,,,,,,0
11,,sunday,,,22.6903,90.6525,,,,,,,,64.3
6,,monday,,,22.2333,92.1917,,,,,,,,4.2
6,,wednesday,,,22.3306,89.1028,,,,,,,,16.7
2,,wednesday,,,23.9528,91.1167,,,,,,,,0
4,,saturday,,,23.85,90.01,,,,,,,,2.9
3,,wednesday,,,24.888242,91.868519,,,,,,,,0.2
3,,saturday,,,23.459349,91.18264,,,,,,,,0
5,,friday,,,23.7917,90.65,,,,,,,,0.8
5,,saturday,,,23.0417,91.9944,,,,,,,,9
5,,saturday,,,24.25,89.9167,,,,,,,,6.7
4,,monday,,,23.228401,90.645015,,,,,,,,7.1
5,,monday,,,24.8417,89.375,,,,,,,,4.2
3,,tuesday,,,24.8417,89.375,,,,,,,,0
3,,tuesday,,,24.8417,89.375,,,,,,,,0
3,,tuesday,,,24.8417,89.375,,,,,,,,0
3,,tuesday,,,24.8417,89.375,,,,,,,,0
3,,wednesday,,,23.0361,91.5194,,,,,,,,0.4
3,,sunday,,,24.888242,91.868519,,,,,,,,0
3,,thursday,,,23.0361,91.5194,,,,,,,,0.3
3,,tuesday,,,23.7931,90.5167,,,,,,,,0
1,,sunday,,,25.4153,89.3167,,,,,,,,0
7,,sunday,,,24.888242,91.868519,,,,,,,,8.1
10,,wednesday,,,24.56667,91.515,,,,,,,,0.7
2,,friday,,,24.73092,88.41722,,,,,,,,0
10,,friday,,,21.4167,92.1833,,,,,,,,0
4,,wednesday,,,21.4167,92.1833,,,,,,,,0
10,,sunday,,,21.4167,92.1833,,,,,,,,0
1,,saturday,,,21.4167,92.1833,,,,,,,,0
8,,sunday,,,22.6222,90.2708,,,,,,,,18
8,,monday,,,24.5667,90.6833,,,,,,,,4.8
12,,wednesday,,,24.4417,88.6278,,,,,,,,0
10,,monday,,,23.29,91.9,,,,,,,,0.1
4,,sunday,,,25.6533,88.9155,,,,,,,,0.8
8,,sunday,,,25.6533,88.9155,,,,,,,,5.5
4,,tuesday,,,25.6533,88.9155,,,,,,,,1.9
2,,sunday,,,26.35,89.01667,,,,,,,,0
12,,thursday,,,22.0458,89.9689,,,,,,,,0
6,,wednesday,,,22.0458,89.9689,,,,,,,,0.3
8,,saturday,,,22.0458,89.9689,,,,,,,,7.2
8,,tuesday,,,25.1917,89.6167,,,,,,,,20.3
4,,wednesday,,,25.58,89.4,,,,,,,,6
2,,thursday,,,24.5194,91.8667,,,,,,,,0
2,,saturday,,,24.5194,91.8667,,,,,,,,0
8,,thursday,,,22.6056,90.9972,,,,,,,,12.8
7,,sunday,,,24.7333,88.975,,,,,,,,15.4
1,,friday,,,22.1667,92.3333,,,,,,,,0
9,,tuesday,,,22.04999,92.40998,,,,,,,,3
9,,monday,,,22.04999,92.40998,,,,,,,,11.4
8,,monday,,,22.04999,92.40998,,,,,,,,5.2
10,,wednesday,,,23.7931,90.5167,,,,,,,,0
11,,saturday,,,23.7931,90.5167,,,,,,,,0.1
4,,tuesday,,,23.7931,90.5167,,,,,,,,0.1
10,,thursday,,,23.7931,90.5167,,,,,,,,0
2,,saturday,,,23.7931,90.5167,,,,,,,,0
10,,tuesday,,,23.7931,90.5167,,,,,,,,0
3,,monday,,,25.1056,89.5861,,,,,,,,17.4
4,,friday,,,25.1056,89.5861,,,,,,,,6.4
7,,thursday,,,24.31667,90.16806,,,,,,,,16.3
9,,saturday,,,24.31667,90.16806,,,,,,,,13.8
10,,monday,,,24.0583,89.5333,,,,,,,,0
9,,monday,,,24.0583,89.5333,,,,,,,,0.1
6,,thursday,,,24.0583,89.5333,,,,,,,,2.6
9,,wednesday,,,24.0583,89.5333,,,,,,,,16.6
11,,saturday,,,22.2917,89.7917,,,,,,,,0
1,,saturday,,,22.2917,89.7917,,,,,,,,0
1,,saturday,,,22.2917,89.7917,,,,,,,,0
2,,friday,,,22.2917,89.7917,,,,,,,,0
1,,saturday,,,22.2917,89.7917,,,,,,,,0
4,,sunday,,,24.7417,89.8333,,,,,,,,4
2,,wednesday,,,23.6917,89.25,,,,,,,,0
10,,tuesday,,,23.6917,89.25,,,,,,,,1.8
10,,saturday,,,23.6917,89.25,,,,,,,,4.5
2,,wednesday,,,23.6917,89.25,,,,,,,,0
2,,tuesday,,,23.6917,89.25,,,,,,,,0
2,,tuesday,,,23.6917,89.25,,,,,,,,0
7,,sunday,,,24.762147,89.382832,,,,,,,,4.8
9,,saturday,,,23.0744,88.8667,,,,,,,,2
10,,saturday,,,23.0744,88.8667,,,,,,,,0.1
6,,tuesday,,,23.0744,88.8667,,,,,,,,41
3,,monday,,,25.0167,89.3167,,,,,,,,0
4,,saturday,,,25.0167,89.3167,,,,,,,,18.5
4,,wednesday,,,22.3306,89.1028,,,,,,,,0.4
5,,wednesday,,,22.3306,89.1028,,,,,,,,27.7
5,,wednesday,,,22.3306,89.1028,,,,,,,,4.8
11,,sunday,,,23.8167,90.15,,,,,,,,0
6,,wednesday,,,23.8167,90.15,,,,,,,,1.7
4,,thursday,,,23.8167,90.15,,,,,,,,0
7,,wednesday,,,23.5667,90.3833,,,,,,,,0.9
4,,sunday,,,23.03833,91.10833,,,,,,,,6.3
11,,thursday,,,23.6583,90.6083,,,,,,,,0
4,,monday,,,25.0333,89.4917,,,,,,,,4.1
3,,thursday,,,24.3083,91.7333,,,,,,,,0.9
5,,friday,,,24.3083,91.7333,,,,,,,,24.1
9,,saturday,,,23.5361,90.2917,,,,,,,,2.8
5,,tuesday,,,24.2,90.4667,,,,,,,,0
12,,wednesday,,,24.2,90.4667,,,,,,,,0
5,,wednesday,,,24.2,90.4667,,,,,,,,0
12,,saturday,,,22.6833,91.11,,,,,,,,0
12,,saturday,,,22.6833,91.11,,,,,,,,0
7,,sunday,,,25.56436,89.51909,,,,,,,,52.7
1,,wednesday,,,25.56436,89.51909,,,,,,,,0
8,,monday,,,25.8111,89.0167,,,,,,,,73.7
10,,wednesday,,,20.8667,92.3,,,,,,,,0
4,,friday,,,21.82174,92.43776,,,,,,,,0.1
10,,wednesday,,,21.82174,92.43776,,,,,,,,0
5,,saturday,,,21.82174,92.43776,,,,,,,,8.1
4,,saturday,,,21.82174,92.43776,,,,,,,,1.6
4,,friday,,,21.82174,92.43776,,,,,,,,0.1
4,,tuesday,,,24.575,90.39167,,,,,,,,21.6
10,,sunday,,,24.575,90.39167,,,,,,,,0.2
9,,thursday,,,24.575,90.39167,,,,,,,,0
1,,tuesday,,,24.575,90.39167,,,,,,,,0
3,,thursday,,,23.356122,90.334248,,,,,,,,0
3,,wednesday,,,23.356122,90.334248,,,,,,,,0.1
9,,friday,,,24.8778,92.3722,,,,,,,,0
9,,friday,,,24.8778,92.3722,,,,,,,,0.7
7,,monday,,,24.81667,89,,,,,,,,7.9
8,,saturday,,,24.975,89.02,,,,,,,,17.5
8,,friday,,,24.975,89.02,,,,,,,,12.9
10,,monday,,,23.7583,88.95,,,,,,,,0
1,,friday,,,23.7583,88.95,,,,,,,,0
4,,saturday,,,23.7917,90.65,,,,,,,,6.3
11,,wednesday,,,24.0366,91.005,,,,,,,,0
5,,thursday,,,24.0366,91.005,,,,,,,,9.1
5,,thursday,,,24.0366,91.005,,,,,,,,9.1
10,,friday,,,26.3083,88.4583,,,,,,,,0
9,,sunday,,,25.66667,89.05,,,,,,,,13
8,,monday,,,22.55,90.3389,,,,,,,,5.4
12,,sunday,,,23.635,89.55,,,,,,,,0
7,,saturday,,,23.6167,90.525,,,,,,,,5.4
1,,wednesday,,,23.6167,90.525,,,,,,,,0
1,,wednesday,,,23.6167,90.525,,,,,,,,0
7,,monday,,,24.3083,89.1708,,,,,,,,12.4
1,,friday,,,22.1508,90.1264,,,,,,,,0
9,,monday,,,24.825,92.1625,,,,,,,,5.5
1,,monday,,,24.2917,89.7,,,,,,,,0
1,,monday,,,24.2917,89.7,,,,,,,,0
1,,monday,,,24.2917,89.7,,,,,,,,0
1,,monday,,,24.2917,89.7,,,,,,,,0
3,,monday,,,24.0667,89.625,,,,,,,,0
1,,monday,,,24.0667,89.625,,,,,,,,0
3,,monday,,,24.05,90.98333,,,,,,,,0
1,,saturday,,,24.375,90.37833,,,,,,,,0
1,,friday,,,24.375,90.37833,,,,,,,,0
1,,monday,,,23.3833,89.9833,,,,,,,,0
1,,monday,,,23.3833,89.9833,,,,,,,,0
1,,monday,,,23.3833,89.9833,,,,,,,,0
1,,monday,,,23.3833,89.9833,,,,,,,,0
9,,wednesday,,,24.4583,89.8667,,,,,,,,2.3
2,,monday,,,25.3783,88.9833,,,,,,,,0
10,,wednesday,,,25.6333,88.5333,,,,,,,,7.1
6,,thursday,,,25.6333,88.5333,,,,,,,,1.1
11,,thursday,,,25.6333,88.5333,,,,,,,,0
3,,tuesday,,,24.8083,91.7639,,,,,,,,0
2,,monday,,,23.3917,89.6833,,,,,,,,0
6,,sunday,,,23.55,91.1264,,,,,,,,18.1
12,,tuesday,,,23.55,91.1264,,,,,,,,0
8,,friday,,,21.7861,92.0778,,,,,,,,2.7
5,,saturday,,,23.228401,90.645015,,,,,,,,18.4
11,,thursday,,,23.591766,89.976222,,,,,,,,0
11,,thursday,,,23.591766,89.976222,,,,,,,,0
7,,wednesday,,,22.1847,90.7625,,,,,,,,14.7
5,,sunday,,,22.1847,90.7625,,,,,,,,20.1
4,,saturday,,,22.1847,90.7625,,,,,,,,42.7
1,,saturday,,,22.1847,90.7625,,,,,,,,0
4,,friday,,,23.05,90.9583,,,,,,,,10.1
1,,wednesday,,,24.225,89.2917,,,,,,,,0
11,,sunday,,,24.225,89.2917,,,,,,,,0
8,,saturday,,,24.225,89.2917,,,,,,,,5.3
7,,tuesday,,,24.225,89.2917,,,,,,,,11.2
2,,sunday,,,23.2167,91.3167,,,,,,,,0
11,,saturday,,,25.6625,88.7833,,,,,,,,0
5,,wednesday,,,22.78472,89.86861,,,,,,,,24.6
1,,monday,,,23.180315,89.1608575,,,,,,,,0
8,,sunday,,,23.459349,91.18264,,,,,,,,2.2
11,,saturday,,,23.459349,91.18264,,,,,,,,0
12,,wednesday,,,25.0791,91.7542,,,,,,,,0.9
8,,thursday,,,25.0791,91.7542,,,,,,,,13.2
8,,friday,,,24.9,91.86667,,,,,,,,6.8
9,,sunday,,,24.9,91.86667,,,,,,,,35.1
8,,monday,,,24.9,91.86667,,,,,,,,7.8
7,,saturday,,,23.6167,88.7833,,,,,,,,12.7
10,,friday,,,23.6167,88.7833,,,,,,,,53.2
5,,wednesday,,,23.5333,90.7167,,,,,,,,4.6
6,,tuesday,,,24.0014,88.875,,,,,,,,0.9
10,,wednesday,,,24.1417,89.9667,,,,,,,,7.9
11,,tuesday,,,24.1417,89.9667,,,,,,,,0
3,,saturday,,,25.1417,89.7833,,,,,,,,0.1
3,,saturday,,,25.1417,89.7833,,,,,,,,0.1
12,,sunday,,,26.1278,88.925,,,,,,,,0
9,,friday,,,22.6069,90.7358,,,,,,,,4.5
3,,saturday,,,22.8083,89.425,,,,,,,,0
10,,thursday,,,24.875,89.17,,,,,,,,0
2,,wednesday,,,24.875,89.45,,,,,,,,0
8,,friday,,,23.5417,90.6083,,,,,,,,53.9
1,,friday,,,23.5417,90.6083,,,,,,,,0
6,,friday,,,22.1639,90.4306,,,,,,,,0
5,,wednesday,,,22.1639,90.4306,,,,,,,,3.8
10,,monday,,,23.81667,88.755,,,,,,,,12
6,,friday,,,25.1333,89.3917,,,,,,,,28.7
7,,thursday,,,22.3667,91.125,,,,,,,,16.1
1,,tuesday,,,22.9,90.5083,,,,,,,,0
7,,saturday,,,24.6833,90.625,,,,,,,,9.8
3,,monday,,,24.7667,91.5431,,,,,,,,0.9
3,,monday,,,24.7667,91.5431,,,,,,,,0.9
12,,sunday,,,23.1,89.1333,,,,,,,,0
12,,thursday,,,25.1,89.03333,,,,,,,,0
3,,friday,,,24.58006,92.16467,,,,,,,,0
6,,friday,,,22.8333,91.2,,,,,,,,1
2,,saturday,,,22.8333,91.2,,,,,,,,0
1,,thursday,,,25.0583,89.1833,,,,,,,,0
10,,tuesday,,,21.9861,90.2422,,,,,,,,0
7,,tuesday,,,22.875,89.0417,,,,,,,,12.6
3,,friday,,,23.0333,89.6167,,,,,,,,1.3
3,,thursday,,,24.075,90.2167,,,,,,,,0
10,,saturday,,,23.4139,89.1333,,,,,,,,92
8,,thursday,,,23.925,90.5667,,,,,,,,7.1
2,,sunday,,,23.925,90.5667,,,,,,,,0
6,,thursday,,,22.45,89.0417,,,,,,,,2.4
8,,sunday,,,24.3833,90.0083,,,,,,,,5.9
1,,sunday,,,23.0667,90.2417,,,,,,,,0
4,,tuesday,,,22.73,90.88,,,,,,,,1.2
10,,tuesday,,,24.373646,89.659628,,,,,,,,0.1
12,,thursday,,,24.3667,91.8667,,,,,,,,0
11,,monday,,,23.759377,91.143823,,,,,,,,0
11,,saturday,,,22.4,90.125,,,,,,,,0
1,,sunday,,,22.870267,89.237263,,,,,,,,0
3,,monday,,,24.489182,92.024555,,,,,,,,1.4
10,,monday,,,23.8542,89.2417,,,,,,,,0
2,,sunday,,,24.1028,91.2917,,,,,,,,0
2,,sunday,,,24.1028,91.2917,,,,,,,,0
2,,sunday,,,24.1028,91.2917,,,,,,,,0
2,,sunday,,,24.1028,91.2917,,,,,,,,0
6,,monday,,,24.1083,90.0917,,,,,,,,0.8
3,,sunday,,,24.1083,90.0917,,,,,,,,7.2
5,,friday,,,25.5417,89.2833,,,,,,,,10.5
2,,saturday,,,21.55,91.95,,,,,,,,0
8,,saturday,,,21.55,91.95,,,,,,,,4.8
1,,thursday,,,21.55,91.95,,,,,,,,0
7,,tuesday,,,22.2986,90.9792,,,,,,,,8.1
6,,tuesday,,,22.2986,90.9792,,,,,,,,1.7
11,,thursday,,,23.65,88.6,,,,,,,,4.6
4,,saturday,,,24.7583,90.2667,,,,,,,,18.6
11,,saturday,,,24.7583,90.2667,,,,,,,,0
6,,wednesday,,,22.3542,90.3181,,,,,,,,7.7
7,,tuesday,,,22.7167,89.075,,,,,,,,1.4
8,,thursday,,,23.9528,91.1167,,,,,,,,3.1
9,,wednesday,,,25.7583,89.2333,,,,,,,,34.8
9,,tuesday,,,24.075,90.2167,,,,,,,,7.4
10,,thursday,,,24.888242,91.868519,,,,,,,,4.4
10,,saturday,,,23.996158,90.419726,,,,,,,,0
11,,monday,,,23.4875,89.4208,,,,,,,,0
5,,thursday,,,24.8417,89.375,,,,,,,,0.3
2,,wednesday,,,24.3556,91.5417,,,,,,,,0
9,,wednesday,,,24.888242,91.868519,,,,,,,,40.5
2,,friday,,,23.996158,90.419726,,,,,,,,0
11,,monday,,,24.005,89.25,,,,,,,,0
2,,monday,,,22.7,90.3667,,,,,,,,0
3,,thursday,,,23.175,89.505,,,,,,,,0.1
4,,thursday,,,24.888242,91.868519,,,,,,,,1.2
5,,monday,,,24.56667,91.515,,,,,,,,18.4
5,,tuesday,,,23.996158,90.419726,,,,,,,,0
5,,sunday,,,23.1667,90.2083,,,,,,,,4.4
5,,monday,,,22.7167,89.075,,,,,,,,0.1
5,,wednesday,,,23.9167,90.725,,,,,,,,11.2
3,,sunday,,,23.6,90.5,,,,,,,,4.4
12,,saturday,,,25.1,89.03333,,,,,,,,0
11,,wednesday,,,24.9167,89.9583,,,,,,,,0
1,,saturday,,,23.6417,88.8583,,,,,,,,0
2,,saturday,,,23.6,90.5,,,,,,,,0
2,,monday,,,24.75,90.4167,,,,,,,,0
2,,tuesday,,,23.0167,91.3917,,,,,,,,0
2,,wednesday,,,23.6417,88.8583,,,,,,,,0
3,,thursday,,,23.5417,89.1833,,,,,,,,0
3,,monday,,,23.180315,89.1608575,,,,,,,,0
3,,monday,,,25.915,89.45,,,,,,,,0
3,,saturday,,,22.95,90.825,,,,,,,,1.4
1,,monday,,,24.8417,89.375,,,,,,,,0
1,,monday,,,23.5417,89.6306,,,,,,,,0
11,,sunday,,,26.0208,88.4667,,,,,,,,0.1
12,,saturday,,,23.996158,90.419726,,,,,,,,0
12,,tuesday,,,23.743031,89.510226,,,,,,,,0
12,,thursday,,,22.7167,89.075,,,,,,,,0
12,,sunday,,,24.888242,91.868519,,,,,,,,0
1,,monday,,,24.2917,89.7,,,,,,,,0
1,,monday,,,24.8417,89.375,,,,,,,,0
1,,monday,,,23.3833,89.9833,,,,,,,,0
1,,monday,,,24.8417,89.375,,,,,,,,0
1,,monday,,,24.8417,89.375,,,,,,,,0
1,,monday,,,24.8417,89.375,,,,,,,,0
1,,tuesday,,,22.7167,89.075,,,,,,,,0
1,,sunday,,,23.996158,90.419726,,,,,,,,0.1
11,,wednesday,,,23.85,90.01,,,,,,,,0
10,,sunday,,,23.85,90.0111,,,,,,,,0.1
10,,friday,,,25.1,89.03333,,,,,,,,0.6
11,,wednesday,,,23.85,90.0111,,,,,,,,1.9
1,,monday,,,24.66667,89.41667,,,,,,,,0
1,,thursday,,,22.7,90.3667,,,,,,,,0
1,,saturday,,,23.0167,91.3917,,,,,,,,0
11,,monday,,,25.7583,89.2333,,,,,,,,0
10,,monday,,,23.605717,89.841728,,,,,,,,0.3
10,,sunday,,,24.75,90.4167,,,,,,,,14.2
10,,saturday,,,23.6,90.5,,,,,,,,5.1
1,,friday,,,23.0167,91.3917,,,,,,,,0
11,,saturday,,,23.775,88.6417,,,,,,,,0
1,,tuesday,,,23.9167,90.725,,,,,,,,0
1,,wednesday,,,25.7583,89.2333,,,,,,,,0
11,,tuesday,,,25.51667,88.88333,,,,,,,,0
11,,thursday,,,23.4875,89.4208,,,,,,,,0
11,,thursday,,,25.6333,88.65,,,,,,,,0
11,,friday,,,22.7,90.3667,,,,,,,,0
5,,sunday,,,23.996158,90.419726,,,,,,,,1.6
12,,saturday,,,24.586659,88.275275,,,,,,,,0
12,,wednesday,,,23.9528,91.1167,,,,,,,,0
12,,saturday,,,24.9167,89.9583,,,,,,,,0
3,,saturday,,,22.95,90.825,,,,,,,,1.4
5,,thursday,,,23.6,90.5,,,,,,,,0
4,,monday,,,22.7167,89.075,,,,,,,,1.2
2,,wednesday,,,24.888242,91.868519,,,,,,,,0
2,,tuesday,,,23.0167,91.3917,,,,,,,,0
2,,sunday,,,22.1294,90.2289,,,,,,,,2.2
2,,tuesday,,,22.7167,89.075,,,,,,,,0
3,,tuesday,,,23.5417,89.1833,,,,,,,,0
3,,sunday,,,23.180315,89.1608575,,,,,,,,0
3,,wednesday,,,24.4139,88.93,,,,,,,,0.4
4,,sunday,,,23.9611,89.8417,,,,,,,,5.2
4,,thursday,,,25.9417,88.8444,,,,,,,,0.6
4,,thursday,,,24.4778,91.7667,,,,,,,,0.8
4,,friday,,,22.7,90.3667,,,,,,,,6.4
4,,sunday,,,23.6,90.5,,,,,,,,5.8
5,,monday,,,24.888242,91.868519,,,,,,,,17.3
7,,friday,,,22.7,90.3667,,,,,,,,1.9
7,,thursday,,,23.996158,90.419726,,,,,,,,2.4
7,,friday,,,23.0167,91.3917,,,,,,,,9.2
8,,thursday,,,24.8417,89.375,,,,,,,,4.4
8,,saturday,,,24.9167,89.9583,,,,,,,,2.8
8,,friday,,,24.9167,89.9583,,,,,,,,14.8
8,,monday,,,25.06667,91.4,,,,,,,,43.4
9,,wednesday,,,24.888242,91.868519,,,,,,,,40.5
9,,wednesday,,,24.888242,91.868519,,,,,,,,4.8
9,,sunday,,,24.888242,91.868519,,,,,,,,35.1
5,,wednesday,,,26.0208,88.4667,,,,,,,,0.6
10,,thursday,,,24.1028,91.2917,,,,,,,,0.5
10,,thursday,,,22.7,90.3667,,,,,,,,0.2
3,,saturday,,,24.9167,89.9583,,,,,,,,0.3
3,,friday,,,25.915,89.45,,,,,,,,0
4,,wednesday,,,23.180315,89.1608575,,,,,,,,3
5,,thursday,,,25.05,91.5667,,,,,,,,6
5,,tuesday,,,24.005,89.25,,,,,,,,3.6
5,,sunday,,,23.5417,89.1833,,,,,,,,4.1
1,,saturday,,,23.65,88.6,,,,,,,,0
1,,friday,,,23.6,90.5,,,,,,,,0
1,,wednesday,,,23.605717,89.841728,,,,,,,,0
2,,monday,,,23.228401,90.645015,,,,,,,,0
2,,thursday,,,23.996158,90.419726,,,,,,,,0
2,,wednesday,,,23.9167,90.725,,,,,,,,0
2,,sunday,,,23.85,90.0111,,,,,,,,0
2,,tuesday,,,24.4778,91.7667,,,,,,,,0
2,,friday,,,25.915,89.45,,,,,,,,0
8,,tuesday,,,25.915,89.45,,,,,,,,1.1
3,,thursday,,,24.888242,91.868519,,,,,,,,0
7,,monday,,,25.7583,89.2333,,,,,,,,9.6
8,,friday,,,23.85,90.0111,,,,,,,,10.2
8,,saturday,,,24.8417,89.375,,,,,,,,12.3
8,,thursday,,,23.85,90.0111,,,,,,,,6.9
7,,monday,,,23.996158,90.419726,,,,,,,,26.6
9,,friday,,,23.180315,89.1608575,,,,,,,,5.1
9,,monday,,,22.3542,90.3181,,,,,,,,5
9,,wednesday,,,22.3542,90.3181,,,,,,,,26.2
1,,tuesday,,,24.075,90.2167,,,,,,,,0
7,,thursday,,,21.454718,92.010452,,,,,,,,8.7
7,,tuesday,,,23.228401,90.645015,,,,,,,,28.4
6,,monday,,,22.2917,89.7917,,,,,,,,8.8
6,,sunday,,,22.6903,90.6525,,,,,,,,0.1
6,,friday,,,22.8256,91.1014,,,,,,,,1.8
6,,saturday,,,22.8256,91.1014,,,,,,,,0.5
7,,thursday,,,23.5417,89.1833,,,,,,,,23.9
6,,sunday,,,25.7583,89.2333,,,,,,,,19.3
6,,wednesday,,,24.8417,89.375,,,,,,,,47.3
7,,wednesday,,,24.875,90.7333,,,,,,,,1.8
7,,monday,,,22.8256,91.1014,,,,,,,,0.4
7,,thursday,,,24.9167,89.9583,,,,,,,,24.8
1,,thursday,,,23.180315,89.1608575,,,,,,,,0
1,,tuesday,,,23.996158,90.419726,,,,,,,,0.3
1,,monday,,,23.20833,90.35,,,,,,,,0
1,,monday,,,23.20833,90.35,,,,,,,,0
1,,monday,,,23.20833,90.35,,,,,,,,0
1,,monday,,,23.20833,90.35,,,,,,,,0
7,,saturday,,,23.6,90.5,,,,,,,,5.4
1,,thursday,,,23.7583,88.95,,,,,,,,0
11,,wednesday,,,24.75,90.4167,,,,,,,,0
11,,saturday,,,23.6417,88.8583,,,,,,,,0
6,,wednesday,,,23.6417,88.8583,,,,,,,,8.6
7,,thursday,,,24.4583,89.7,,,,,,,,3
7,,sunday,,,25.7583,89.2333,,,,,,,,3.8
1,,tuesday,,,23.6,90.5,,,,,,,,0
1,,sunday,,,24.8417,89.375,,,,,,,,0
1,,thursday,,,23.6417,88.8583,,,,,,,,0
5,,thursday,,,23.6417,88.8583,,,,,,,,1.1
1,,friday,,,25.51667,88.88333,,,,,,,,0
2,,thursday,,,24.75,90.4167,,,,,,,,0
3,,saturday,,,26.3347,88.5583,,,,,,,,18.5
5,,monday,,,24.1028,91.2917,,,,,,,,1.7
8,,saturday,,,23.6417,88.8583,,,,,,,,21
8,,thursday,,,23.180315,89.1608575,,,,,,,,11.7
8,,sunday,,,22.6431,90.2,,,,,,,,18.7
6,,wednesday,,,23.180315,89.1608575,,,,,,,,0.5
4,,friday,,,23.775,88.6417,,,,,,,,1.1
8,,monday,,,25.333317,89.520761,,,,,,,,5.3
8,,thursday,,,22.65,92.1833,,,,,,,,7.7
2,,monday,,,25.7583,89.2333,,,,,,,,0
5,,saturday,,,24.56667,91.515,,,,,,,,74.5
8,,thursday,,,23.16667,91.2,,,,,,,,0.9
2,,friday,,,23.9167,90.725,,,,,,,,0
11,,tuesday,,,23.95,90.625,,,,,,,,0
10,,tuesday,,,25.195,89.02,,,,,,,,5.1
5,,saturday,,,25.6533,88.9155,,,,,,,,7.5
2,,friday,,,25.6533,88.9155,,,,,,,,0
5,,thursday,,,25.6533,88.9155,,,,,,,,2.2
6,,thursday,,,25.6533,88.9155,,,,,,,,39.3
5,,saturday,,,25.6533,88.9155,,,,,,,,21
11,,thursday,,,26.35,89.01667,,,,,,,,0
11,,sunday,,,21.813624,91.964845,,,,,,,,0
10,,tuesday,,,25.51667,88.88333,,,,,,,,5.4
8,,wednesday,,,25.1917,89.6167,,,,,,,,0.4
6,,sunday,,,25.58,89.4,,,,,,,,10
10,,friday,,,24.375,88.85,,,,,,,,0.3
3,,monday,,,25.8,89.55,,,,,,,,0
5,,thursday,,,24.5194,91.8667,,,,,,,,18.4
7,,monday,,,23.105,90.875,,,,,,,,0.4
8,,friday,,,22.6056,90.9972,,,,,,,,12.7
1,,tuesday,,,21.429087,92.089241,,,,,,,,0
9,,saturday,,,21.429087,92.089241,,,,,,,,3.1
2,,saturday,,,23.7931,90.5167,,,,,,,,0.2
6,,saturday,,,23.7931,90.5167,,,,,,,,3.5
11,,thursday,,,23.4764,90.0333,,,,,,,,0
11,,thursday,,,23.4764,90.0333,,,,,,,,0
11,,tuesday,,,25.3833,89.4667,,,,,,,,0
8,,wednesday,,,24.09247,91.11978,,,,,,,,0.1
3,,wednesday,,,24.09247,91.11978,,,,,,,,5.9
3,,wednesday,,,24.09247,91.11978,,,,,,,,5.9
3,,wednesday,,,24.09247,91.11978,,,,,,,,5.9
3,,wednesday,,,24.09247,91.11978,,,,,,,,5.9
11,,saturday,,,24.09247,91.11978,,,,,,,,0
11,,saturday,,,24.09247,91.11978,,,,,,,,2.4
10,,thursday,,,24.17,89.58833,,,,,,,,1.9
3,,wednesday,,,24.762147,89.382832,,,,,,,,0
7,,tuesday,,,24.762147,89.382832,,,,,,,,33.6
8,,tuesday,,,24.762147,89.382832,,,,,,,,10
5,,saturday,,,24.8833,89.5667,,,,,,,,0.6
4,,wednesday,,,23.0744,88.8667,,,,,,,,4
9,,wednesday,,,24.66667,89.41667,,,,,,,,20.5
6,,tuesday,,,23.35,90.1667,,,,,,,,6.9
8,,monday,,,23.8167,90.15,,,,,,,,0
1,,friday,,,23.8167,90.15,,,,,,,,0
2,,tuesday,,,23.5667,90.3833,,,,,,,,1.7
6,,monday,,,23.5667,90.3833,,,,,,,,2.8
8,,friday,,,24.3083,91.7333,,,,,,,,20.6
11,,thursday,,,23.5361,90.2917,,,,,,,,0
3,,monday,,,23.5361,90.2917,,,,,,,,0
4,,sunday,,,24.2,90.4667,,,,,,,,0.9
5,,monday,,,24.2,90.4667,,,,,,,,18.4
2,,wednesday,,,24.2,90.4667,,,,,,,,0
2,,sunday,,,24.2,90.4667,,,,,,,,0
1,,friday,,,24.2,90.4667,,,,,,,,0
12,,monday,,,23.9167,89.4333,,,,,,,,0
5,,monday,,,25.56436,89.51909,,,,,,,,6.2
3,,thursday,,,22.75,89.25,,,,,,,,0.1
10,,wednesday,,,22.75,89.25,,,,,,,,0
7,,tuesday,,,22.75,89.25,,,,,,,,14.6
3,,tuesday,,,23.5,90.4583,,,,,,,,8.5
10,,saturday,,,23.5,90.4583,,,,,,,,2.6
3,,tuesday,,,23.5,90.4583,,,,,,,,8.5
1,,wednesday,,,24.8778,92.3722,,,,,,,,0
1,,tuesday,,,22.50439,89.97897,,,,,,,,0
